Timestamp,Datetime,HopHostnames
1749857892,2025-06-13 20:38:12,core-popma-10g.pop-ma.rnp.br;No-Hostname;cma1-bma1.bkb.rnp.br;cpi1-cma1-tlb.bkb.rnp.br;cce1-cpi1-chesf.bkb.rnp.br;cce2-cce1.bkb.rnp.br;crn1-cce2-chesf.bkb.rnp.br;No-Hostname;No-Hostname;monipe-rn-atraso.rnp.br
1749858879,2025-06-13 20:54:39,core-popma-10g.pop-ma.rnp.br;No-Hostname;cma1-bma1.bkb.rnp.br;cpi1-cma1-tlb.bkb.rnp.br;cce1-cpi1-chesf.bkb.rnp.br;cce2-cce1.bkb.rnp.br;crn1-cce2-chesf.bkb.rnp.br;No-Hostname;No-Hostname;monipe-rn-atraso.rnp.br
1749859434,2025-06-13 21:03:54,core-popma-10g.pop-ma.rnp.br;No-Hostname;cma1-bma1.bkb.rnp.br;cpi1-cma1-tlb.bkb.rnp.br;cce1-cpi1-chesf.bkb.rnp.br;cce2-cce1.bkb.rnp.br;crn1-cce2-chesf.bkb.rnp.br;No-Hostname;No-Hostname;monipe-rn-atraso.rnp.br
1749859919,2025-06-13 21:11:59,core-popma-10g.pop-ma.rnp.br;No-Hostname;cma1-bma1.bkb.rnp.br;cpi1-cma1-tlb.bkb.rnp.br;cce1-cpi1-chesf.bkb.rnp.br;cce2-cce1.bkb.rnp.br;crn1-cce2-chesf.bkb.rnp.br;No-Hostname;No-Hostname;monipe-rn-atraso.rnp.br
1749860373,2025-06-13 21:19:33,core-popma-10g.pop-ma.rnp.br;No-Hostname;cma1-bma1.bkb.rnp.br;cpi1-cma1-tlb.bkb.rnp.br;cce1-cpi1-chesf.bkb.rnp.br;cce2-cce1.bkb.rnp.br;crn1-cce2-chesf.bkb.rnp.br;No-Hostname;No-Hostname;monipe-rn-atraso.rnp.br
1749861025,2025-06-13 21:30:25,core-popma-10g.pop-ma.rnp.br;No-Hostname;cma1-bma1.bkb.rnp.br;cpi1-cma1-tlb.bkb.rnp.br;cce1-cpi1-chesf.bkb.rnp.br;cce2-cce1.bkb.rnp.br;crn1-cce2-chesf.bkb.rnp.br;No-Hostname;No-Hostname;monipe-rn-atraso.rnp.br
1749861591,2025-06-13 21:39:51,core-popma-10g.pop-ma.rnp.br;No-Hostname;cma1-bma1.bkb.rnp.br;cpi1-cma1-tlb.bkb.rnp.br;cce1-cpi1-chesf.bkb.rnp.br;cce2-cce1.bkb.rnp.br;crn1-cce2-chesf.bkb.rnp.br;No-Hostname;No-Hostname;monipe-rn-atraso.rnp.br
1749863173,2025-06-13 22:06:13,core-popma-10g.pop-ma.rnp.br;No-Hostname;cma1-bma1.bkb.rnp.br;cpi1-cma1-tlb.bkb.rnp.br;cce1-cpi1-chesf.bkb.rnp.br;cce2-cce1.bkb.rnp.br;crn1-cce2-chesf.bkb.rnp.br;No-Hostname;No-Hostname;monipe-rn-atraso.rnp.br
1749863692,2025-06-13 22:14:52,core-popma-10g.pop-ma.rnp.br;No-Hostname;cma1-bma1.bkb.rnp.br;cpi1-cma1-tlb.bkb.rnp.br;cce1-cpi1-chesf.bkb.rnp.br;cce2-cce1.bkb.rnp.br;crn1-cce2-chesf.bkb.rnp.br;No-Hostname;No-Hostname;monipe-rn-atraso.rnp.br
1749863986,2025-06-13 22:19:46,core-popma-10g.pop-ma.rnp.br;No-Hostname;cma1-bma1.bkb.rnp.br;cdf1-cma1-tlb.bkb.rnp.br;cdf2-cdf1.bkb.rnp.br;cce2-cdf2-tlbrs.bkb.rnp.br;crn1-cce2-chesf.bkb.rnp.br;No-Hostname;No-Hostname;monipe-rn-atraso.rnp.br
1749864966,2025-06-13 22:36:06,core-popma-10g.pop-ma.rnp.br;No-Hostname;cma1-bma1.bkb.rnp.br;cpi1-cma1-tlb.bkb.rnp.br;cba1-cpi1-chesf.bkb.rnp.br;cpb1-cba1-chesf.bkb.rnp.br;crn1-cpb1-chesf.bkb.rnp.br;No-Hostname;No-Hostname;monipe-rn-atraso.rnp.br
1749865201,2025-06-13 22:40:01,core-popma-10g.pop-ma.rnp.br;No-Hostname;cma1-bma1.bkb.rnp.br;cpi1-cma1-tlb.bkb.rnp.br;cba1-cpi1-chesf.bkb.rnp.br;cpb1-cba1-chesf.bkb.rnp.br;crn1-cpb1-chesf.bkb.rnp.br;No-Hostname;No-Hostname;monipe-rn-atraso.rnp.br
1749865923,2025-06-13 22:52:03,core-popma-10g.pop-ma.rnp.br;No-Hostname;cma1-bma1.bkb.rnp.br;cpi1-cma1-tlb.bkb.rnp.br;cce1-cpi1-chesf.bkb.rnp.br;cce2-cce1.bkb.rnp.br;crn1-cce2-chesf.bkb.rnp.br;No-Hostname;No-Hostname;monipe-rn-atraso.rnp.br
1749866629,2025-06-13 23:03:49,core-popma-10g.pop-ma.rnp.br;No-Hostname;cma1-bma1.bkb.rnp.br;cpi1-cma1-tlb.bkb.rnp.br;cce1-cpi1-chesf.bkb.rnp.br;cce2-cce1.bkb.rnp.br;crn1-cce2-chesf.bkb.rnp.br;No-Hostname;No-Hostname;monipe-rn-atraso.rnp.br
1749867316,2025-06-13 23:15:16,core-popma-10g.pop-ma.rnp.br;No-Hostname;cma1-bma1.bkb.rnp.br;cpi1-cma1-tlb.bkb.rnp.br;cce1-cpi1-chesf.bkb.rnp.br;cce2-cce1.bkb.rnp.br;crn1-cce2-chesf.bkb.rnp.br;No-Hostname;No-Hostname;monipe-rn-atraso.rnp.br
1749867834,2025-06-13 23:23:54,core-popma-10g.pop-ma.rnp.br;No-Hostname;cma1-bma1.bkb.rnp.br;cpi1-cma1-tlb.bkb.rnp.br;cce1-cpi1-chesf.bkb.rnp.br;cce2-cce1.bkb.rnp.br;crn1-cce2-chesf.bkb.rnp.br;No-Hostname;No-Hostname;monipe-rn-atraso.rnp.br
1749868092,2025-06-13 23:28:12,core-popma-10g.pop-ma.rnp.br;No-Hostname;cma1-bma1.bkb.rnp.br;cpi1-cma1-tlb.bkb.rnp.br;cce1-cpi1-chesf.bkb.rnp.br;cce2-cce1.bkb.rnp.br;crn1-cce2-chesf.bkb.rnp.br;No-Hostname;No-Hostname;monipe-rn-atraso.rnp.br
1749869091,2025-06-13 23:44:51,core-popma-10g.pop-ma.rnp.br;No-Hostname;cma1-bma1.bkb.rnp.br;cpi1-cma1-tlb.bkb.rnp.br;cce1-cpi1-chesf.bkb.rnp.br;cce2-cce1.bkb.rnp.br;crn1-cce2-chesf.bkb.rnp.br;No-Hostname;No-Hostname;monipe-rn-atraso.rnp.br
1749869394,2025-06-13 23:49:54,core-popma-10g.pop-ma.rnp.br;No-Hostname;cma1-bma1.bkb.rnp.br;cpi1-cma1-tlb.bkb.rnp.br;cce1-cpi1-chesf.bkb.rnp.br;cce2-cce1.bkb.rnp.br;crn1-cce2-chesf.bkb.rnp.br;No-Hostname;No-Hostname;monipe-rn-atraso.rnp.br
1749870134,2025-06-14 00:02:14,core-popma-10g.pop-ma.rnp.br;No-Hostname;cma1-bma1.bkb.rnp.br;cpi1-cma1-tlb.bkb.rnp.br;cce1-cpi1-chesf.bkb.rnp.br;cce2-cce1.bkb.rnp.br;crn1-cce2-chesf.bkb.rnp.br;No-Hostname;No-Hostname;monipe-rn-atraso.rnp.br
1749870612,2025-06-14 00:10:12,core-popma-10g.pop-ma.rnp.br;No-Hostname;cma1-bma1.bkb.rnp.br;cpi1-cma1-tlb.bkb.rnp.br;cce1-cpi1-chesf.bkb.rnp.br;cce2-cce1.bkb.rnp.br;crn1-cce2-chesf.bkb.rnp.br;No-Hostname;No-Hostname;monipe-rn-atraso.rnp.br
1749871466,2025-06-14 00:24:26,core-popma-10g.pop-ma.rnp.br;No-Hostname;cma1-bma1.bkb.rnp.br;cpi1-cma1-tlb.bkb.rnp.br;cce1-cpi1-chesf.bkb.rnp.br;cce2-cce1.bkb.rnp.br;crn1-cce2-chesf.bkb.rnp.br;No-Hostname;No-Hostname;monipe-rn-atraso.rnp.br
1749871812,2025-06-14 00:30:12,core-popma-10g.pop-ma.rnp.br;No-Hostname;cma1-bma1.bkb.rnp.br;cpi1-cma1-tlb.bkb.rnp.br;cce1-cpi1-chesf.bkb.rnp.br;cce2-cce1.bkb.rnp.br;crn1-cce2-chesf.bkb.rnp.br;No-Hostname;No-Hostname;monipe-rn-atraso.rnp.br
1749872626,2025-06-14 00:43:46,core-popma-10g.pop-ma.rnp.br;No-Hostname;cma1-bma1.bkb.rnp.br;cpi1-cma1-tlb.bkb.rnp.br;cce1-cpi1-chesf.bkb.rnp.br;cce2-cce1.bkb.rnp.br;crn1-cce2-chesf.bkb.rnp.br;No-Hostname;No-Hostname;monipe-rn-atraso.rnp.br
1749873118,2025-06-14 00:51:58,core-popma-10g.pop-ma.rnp.br;No-Hostname;cma1-bma1.bkb.rnp.br;cpi1-cma1-tlb.bkb.rnp.br;cce1-cpi1-chesf.bkb.rnp.br;cce2-cce1.bkb.rnp.br;crn1-cce2-chesf.bkb.rnp.br;No-Hostname;No-Hostname;monipe-rn-atraso.rnp.br
1749873499,2025-06-14 00:58:19,core-popma-10g.pop-ma.rnp.br;No-Hostname;cma1-bma1.bkb.rnp.br;cpi1-cma1-tlb.bkb.rnp.br;cce1-cpi1-chesf.bkb.rnp.br;cce2-cce1.bkb.rnp.br;crn1-cce2-chesf.bkb.rnp.br;No-Hostname;No-Hostname;monipe-rn-atraso.rnp.br
1749874299,2025-06-14 01:11:39,core-popma-10g.pop-ma.rnp.br;No-Hostname;cma1-bma1.bkb.rnp.br;cpi1-cma1-tlb.bkb.rnp.br;cce1-cpi1-chesf.bkb.rnp.br;cce2-cce1.bkb.rnp.br;crn1-cce2-chesf.bkb.rnp.br;No-Hostname;No-Hostname;monipe-rn-atraso.rnp.br
1749874960,2025-06-14 01:22:40,core-popma-10g.pop-ma.rnp.br;No-Hostname;cma1-bma1.bkb.rnp.br;cpi1-cma1-tlb.bkb.rnp.br;cce1-cpi1-chesf.bkb.rnp.br;cce2-cce1.bkb.rnp.br;crn1-cce2-chesf.bkb.rnp.br;No-Hostname;No-Hostname;monipe-rn-atraso.rnp.br
1749875434,2025-06-14 01:30:34,core-popma-10g.pop-ma.rnp.br;No-Hostname;cma1-bma1.bkb.rnp.br;cpi1-cma1-tlb.bkb.rnp.br;cce1-cpi1-chesf.bkb.rnp.br;cce2-cce1.bkb.rnp.br;crn1-cce2-chesf.bkb.rnp.br;No-Hostname;No-Hostname;monipe-rn-atraso.rnp.br
1749876226,2025-06-14 01:43:46,core-popma-10g.pop-ma.rnp.br;No-Hostname;cma1-bma1.bkb.rnp.br;cpi1-cma1-tlb.bkb.rnp.br;cce1-cpi1-chesf.bkb.rnp.br;cce2-cce1.bkb.rnp.br;crn1-cce2-chesf.bkb.rnp.br;No-Hostname;No-Hostname;monipe-rn-atraso.rnp.br
1749876719,2025-06-14 01:51:59,core-popma-10g.pop-ma.rnp.br;No-Hostname;cma1-bma1.bkb.rnp.br;cpi1-cma1-tlb.bkb.rnp.br;cce1-cpi1-chesf.bkb.rnp.br;cce2-cce1.bkb.rnp.br;crn1-cce2-chesf.bkb.rnp.br;No-Hostname;No-Hostname;monipe-rn-atraso.rnp.br
1749877621,2025-06-14 02:07:01,core-popma-10g.pop-ma.rnp.br;No-Hostname;cma1-bma1.bkb.rnp.br;cpi1-cma1-tlb.bkb.rnp.br;cce1-cpi1-chesf.bkb.rnp.br;cce2-cce1.bkb.rnp.br;crn1-cce2-chesf.bkb.rnp.br;No-Hostname;No-Hostname;monipe-rn-atraso.rnp.br
1749877742,2025-06-14 02:09:02,core-popma-10g.pop-ma.rnp.br;No-Hostname;cma1-bma1.bkb.rnp.br;cpi1-cma1-tlb.bkb.rnp.br;cce1-cpi1-chesf.bkb.rnp.br;cce2-cce1.bkb.rnp.br;crn1-cce2-chesf.bkb.rnp.br;No-Hostname;No-Hostname;monipe-rn-atraso.rnp.br
1749878407,2025-06-14 02:20:07,core-popma-10g.pop-ma.rnp.br;No-Hostname;cma1-bma1.bkb.rnp.br;cpi1-cma1-tlb.bkb.rnp.br;cce1-cpi1-chesf.bkb.rnp.br;cce2-cce1.bkb.rnp.br;crn1-cce2-chesf.bkb.rnp.br;No-Hostname;No-Hostname;monipe-rn-atraso.rnp.br
1749879154,2025-06-14 02:32:34,core-popma-10g.pop-ma.rnp.br;No-Hostname;cma1-bma1.bkb.rnp.br;cpi1-cma1-tlb.bkb.rnp.br;cce1-cpi1-chesf.bkb.rnp.br;cce2-cce1.bkb.rnp.br;crn1-cce2-chesf.bkb.rnp.br;No-Hostname;No-Hostname;monipe-rn-atraso.rnp.br
1749879871,2025-06-14 02:44:31,core-popma-10g.pop-ma.rnp.br;No-Hostname;cma1-bma1.bkb.rnp.br;cpi1-cma1-tlb.bkb.rnp.br;cce1-cpi1-chesf.bkb.rnp.br;cce2-cce1.bkb.rnp.br;crn1-cce2-chesf.bkb.rnp.br;No-Hostname;No-Hostname;monipe-rn-atraso.rnp.br
1749880360,2025-06-14 02:52:40,core-popma-10g.pop-ma.rnp.br;No-Hostname;cma1-bma1.bkb.rnp.br;cpi1-cma1-tlb.bkb.rnp.br;cce1-cpi1-chesf.bkb.rnp.br;cce2-cce1.bkb.rnp.br;crn1-cce2-chesf.bkb.rnp.br;No-Hostname;No-Hostname;monipe-rn-atraso.rnp.br
1749880866,2025-06-14 03:01:06,core-popma-10g.pop-ma.rnp.br;No-Hostname;cma1-bma1.bkb.rnp.br;cpi1-cma1-tlb.bkb.rnp.br;cce1-cpi1-chesf.bkb.rnp.br;cce2-cce1.bkb.rnp.br;crn1-cce2-chesf.bkb.rnp.br;No-Hostname;No-Hostname;monipe-rn-atraso.rnp.br
1749881818,2025-06-14 03:16:58,core-popma-10g.pop-ma.rnp.br;No-Hostname;cma1-bma1.bkb.rnp.br;cpi1-cma1-tlb.bkb.rnp.br;cce1-cpi1-chesf.bkb.rnp.br;cce2-cce1.bkb.rnp.br;crn1-cce2-chesf.bkb.rnp.br;No-Hostname;No-Hostname;monipe-rn-atraso.rnp.br
1749882184,2025-06-14 03:23:04,core-popma-10g.pop-ma.rnp.br;No-Hostname;cma1-bma1.bkb.rnp.br;cpi1-cma1-tlb.bkb.rnp.br;cce1-cpi1-chesf.bkb.rnp.br;cce2-cce1.bkb.rnp.br;crn1-cce2-chesf.bkb.rnp.br;No-Hostname;No-Hostname;monipe-rn-atraso.rnp.br
1749882941,2025-06-14 03:35:41,core-popma-10g.pop-ma.rnp.br;No-Hostname;cma1-bma1.bkb.rnp.br;cpi1-cma1-tlb.bkb.rnp.br;cce1-cpi1-chesf.bkb.rnp.br;cce2-cce1.bkb.rnp.br;crn1-cce2-chesf.bkb.rnp.br;No-Hostname;No-Hostname;monipe-rn-atraso.rnp.br
1749883444,2025-06-14 03:44:04,core-popma-10g.pop-ma.rnp.br;No-Hostname;cma1-bma1.bkb.rnp.br;cpi1-cma1-tlb.bkb.rnp.br;cce1-cpi1-chesf.bkb.rnp.br;cce2-cce1.bkb.rnp.br;crn1-cce2-chesf.bkb.rnp.br;No-Hostname;No-Hostname;monipe-rn-atraso.rnp.br
1749884211,2025-06-14 03:56:51,core-popma-10g.pop-ma.rnp.br;No-Hostname;cma1-bma1.bkb.rnp.br;cpi1-cma1-tlb.bkb.rnp.br;cce1-cpi1-chesf.bkb.rnp.br;cce2-cce1.bkb.rnp.br;crn1-cce2-chesf.bkb.rnp.br;No-Hostname;No-Hostname;monipe-rn-atraso.rnp.br
1749884400,2025-06-14 04:00:00,core-popma-10g.pop-ma.rnp.br;No-Hostname;cma1-bma1.bkb.rnp.br;cpi1-cma1-tlb.bkb.rnp.br;cce1-cpi1-chesf.bkb.rnp.br;cce2-cce1.bkb.rnp.br;crn1-cce2-chesf.bkb.rnp.br;No-Hostname;No-Hostname;monipe-rn-atraso.rnp.br
1749885029,2025-06-14 04:10:29,core-popma-10g.pop-ma.rnp.br;No-Hostname;cma1-bma1.bkb.rnp.br;cpi1-cma1-tlb.bkb.rnp.br;cce1-cpi1-chesf.bkb.rnp.br;cce2-cce1.bkb.rnp.br;crn1-cce2-chesf.bkb.rnp.br;No-Hostname;No-Hostname;monipe-rn-atraso.rnp.br
1749886006,2025-06-14 04:26:46,core-popma-10g.pop-ma.rnp.br;No-Hostname;cma1-bma1.bkb.rnp.br;cpi1-cma1-tlb.bkb.rnp.br;cce1-cpi1-chesf.bkb.rnp.br;cce2-cce1.bkb.rnp.br;crn1-cce2-chesf.bkb.rnp.br;No-Hostname;No-Hostname;monipe-rn-atraso.rnp.br
1749886158,2025-06-14 04:29:18,core-popma-10g.pop-ma.rnp.br;No-Hostname;cma1-bma1.bkb.rnp.br;cpi1-cma1-tlb.bkb.rnp.br;cce1-cpi1-chesf.bkb.rnp.br;cce2-cce1.bkb.rnp.br;crn1-cce2-chesf.bkb.rnp.br;No-Hostname;No-Hostname;monipe-rn-atraso.rnp.br
1749887072,2025-06-14 04:44:32,core-popma-10g.pop-ma.rnp.br;No-Hostname;cma1-bma1.bkb.rnp.br;cpi1-cma1-tlb.bkb.rnp.br;cce1-cpi1-chesf.bkb.rnp.br;cce2-cce1.bkb.rnp.br;crn1-cce2-chesf.bkb.rnp.br;No-Hostname;No-Hostname;monipe-rn-atraso.rnp.br
1749887345,2025-06-14 04:49:05,core-popma-10g.pop-ma.rnp.br;No-Hostname;cma1-bma1.bkb.rnp.br;cpi1-cma1-tlb.bkb.rnp.br;cce1-cpi1-chesf.bkb.rnp.br;cce2-cce1.bkb.rnp.br;crn1-cce2-chesf.bkb.rnp.br;No-Hostname;No-Hostname;monipe-rn-atraso.rnp.br
1749888162,2025-06-14 05:02:42,core-popma-10g.pop-ma.rnp.br;No-Hostname;cma1-bma1.bkb.rnp.br;cpi1-cma1-tlb.bkb.rnp.br;cce1-cpi1-chesf.bkb.rnp.br;cce2-cce1.bkb.rnp.br;crn1-cce2-chesf.bkb.rnp.br;No-Hostname;No-Hostname;monipe-rn-atraso.rnp.br
1749888777,2025-06-14 05:12:57,core-popma-10g.pop-ma.rnp.br;No-Hostname;cma1-bma1.bkb.rnp.br;cpi1-cma1-tlb.bkb.rnp.br;cce1-cpi1-chesf.bkb.rnp.br;cce2-cce1.bkb.rnp.br;crn1-cce2-chesf.bkb.rnp.br;No-Hostname;No-Hostname;monipe-rn-atraso.rnp.br
1749889466,2025-06-14 05:24:26,core-popma-10g.pop-ma.rnp.br;No-Hostname;cma1-bma1.bkb.rnp.br;cpi1-cma1-tlb.bkb.rnp.br;cce1-cpi1-chesf.bkb.rnp.br;cce2-cce1.bkb.rnp.br;crn1-cce2-chesf.bkb.rnp.br;No-Hostname;No-Hostname;monipe-rn-atraso.rnp.br
1749889926,2025-06-14 05:32:06,core-popma-10g.pop-ma.rnp.br;No-Hostname;cma1-bma1.bkb.rnp.br;cpi1-cma1-tlb.bkb.rnp.br;cce1-cpi1-chesf.bkb.rnp.br;cce2-cce1.bkb.rnp.br;crn1-cce2-chesf.bkb.rnp.br;No-Hostname;No-Hostname;monipe-rn-atraso.rnp.br
1749890373,2025-06-14 05:39:33,core-popma-10g.pop-ma.rnp.br;No-Hostname;cma1-bma1.bkb.rnp.br;cpi1-cma1-tlb.bkb.rnp.br;cce1-cpi1-chesf.bkb.rnp.br;cce2-cce1.bkb.rnp.br;crn1-cce2-chesf.bkb.rnp.br;No-Hostname;No-Hostname;monipe-rn-atraso.rnp.br
1749891340,2025-06-14 05:55:40,core-popma-10g.pop-ma.rnp.br;No-Hostname;cma1-bma1.bkb.rnp.br;cpi1-cma1-tlb.bkb.rnp.br;cce1-cpi1-chesf.bkb.rnp.br;cce2-cce1.bkb.rnp.br;crn1-cce2-chesf.bkb.rnp.br;No-Hostname;No-Hostname;monipe-rn-atraso.rnp.br
1749891951,2025-06-14 06:05:51,core-popma-10g.pop-ma.rnp.br;No-Hostname;cma1-bma1.bkb.rnp.br;cpi1-cma1-tlb.bkb.rnp.br;cce1-cpi1-chesf.bkb.rnp.br;cce2-cce1.bkb.rnp.br;crn1-cce2-chesf.bkb.rnp.br;No-Hostname;No-Hostname;monipe-rn-atraso.rnp.br
1749892462,2025-06-14 06:14:22,core-popma-10g.pop-ma.rnp.br;No-Hostname;cma1-bma1.bkb.rnp.br;cpi1-cma1-tlb.bkb.rnp.br;cce1-cpi1-chesf.bkb.rnp.br;cce2-cce1.bkb.rnp.br;crn1-cce2-chesf.bkb.rnp.br;No-Hostname;No-Hostname;monipe-rn-atraso.rnp.br
1749893078,2025-06-14 06:24:38,core-popma-10g.pop-ma.rnp.br;No-Hostname;cma1-bma1.bkb.rnp.br;cpi1-cma1-tlb.bkb.rnp.br;cce1-cpi1-chesf.bkb.rnp.br;cce2-cce1.bkb.rnp.br;crn1-cce2-chesf.bkb.rnp.br;No-Hostname;No-Hostname;monipe-rn-atraso.rnp.br
1749893501,2025-06-14 06:31:41,core-popma-10g.pop-ma.rnp.br;No-Hostname;cma1-bma1.bkb.rnp.br;cpi1-cma1-tlb.bkb.rnp.br;cce1-cpi1-chesf.bkb.rnp.br;cce2-cce1.bkb.rnp.br;crn1-cce2-chesf.bkb.rnp.br;No-Hostname;No-Hostname;monipe-rn-atraso.rnp.br
1749893962,2025-06-14 06:39:22,core-popma-10g.pop-ma.rnp.br;No-Hostname;cma1-bma1.bkb.rnp.br;cpi1-cma1-tlb.bkb.rnp.br;cce1-cpi1-chesf.bkb.rnp.br;cce2-cce1.bkb.rnp.br;crn1-cce2-chesf.bkb.rnp.br;No-Hostname;No-Hostname;monipe-rn-atraso.rnp.br
1749894687,2025-06-14 06:51:27,core-popma-10g.pop-ma.rnp.br;No-Hostname;cma1-bma1.bkb.rnp.br;cpi1-cma1-tlb.bkb.rnp.br;cce1-cpi1-chesf.bkb.rnp.br;cce2-cce1.bkb.rnp.br;crn1-cce2-chesf.bkb.rnp.br;No-Hostname;No-Hostname;monipe-rn-atraso.rnp.br
1749895614,2025-06-14 07:06:54,core-popma-10g.pop-ma.rnp.br;No-Hostname;cma1-bma1.bkb.rnp.br;cpi1-cma1-tlb.bkb.rnp.br;cce1-cpi1-chesf.bkb.rnp.br;cce2-cce1.bkb.rnp.br;crn1-cce2-chesf.bkb.rnp.br;No-Hostname;No-Hostname;monipe-rn-atraso.rnp.br
1749895783,2025-06-14 07:09:43,core-popma-10g.pop-ma.rnp.br;No-Hostname;cma1-bma1.bkb.rnp.br;cpi1-cma1-tlb.bkb.rnp.br;cce1-cpi1-chesf.bkb.rnp.br;cce2-cce1.bkb.rnp.br;crn1-cce2-chesf.bkb.rnp.br;No-Hostname;No-Hostname;monipe-rn-atraso.rnp.br
1749896769,2025-06-14 07:26:09,core-popma-10g.pop-ma.rnp.br;No-Hostname;cma1-bma1.bkb.rnp.br;cpi1-cma1-tlb.bkb.rnp.br;cce1-cpi1-chesf.bkb.rnp.br;cce2-cce1.bkb.rnp.br;crn1-cce2-chesf.bkb.rnp.br;No-Hostname;No-Hostname;monipe-rn-atraso.rnp.br
1749897171,2025-06-14 07:32:51,core-popma-10g.pop-ma.rnp.br;No-Hostname;cma1-bma1.bkb.rnp.br;cpi1-cma1-tlb.bkb.rnp.br;cce1-cpi1-chesf.bkb.rnp.br;cce2-cce1.bkb.rnp.br;crn1-cce2-chesf.bkb.rnp.br;No-Hostname;No-Hostname;monipe-rn-atraso.rnp.br
1749897845,2025-06-14 07:44:05,core-popma-10g.pop-ma.rnp.br;No-Hostname;cma1-bma1.bkb.rnp.br;cpi1-cma1-tlb.bkb.rnp.br;cce1-cpi1-chesf.bkb.rnp.br;cce2-cce1.bkb.rnp.br;crn1-cce2-chesf.bkb.rnp.br;No-Hostname;No-Hostname;monipe-rn-atraso.rnp.br
1749898331,2025-06-14 07:52:11,core-popma-10g.pop-ma.rnp.br;No-Hostname;cma1-bma1.bkb.rnp.br;cpi1-cma1-tlb.bkb.rnp.br;cce1-cpi1-chesf.bkb.rnp.br;cce2-cce1.bkb.rnp.br;crn1-cce2-chesf.bkb.rnp.br;No-Hostname;No-Hostname;monipe-rn-atraso.rnp.br
1749898932,2025-06-14 08:02:12,core-popma-10g.pop-ma.rnp.br;No-Hostname;cma1-bma1.bkb.rnp.br;cpi1-cma1-tlb.bkb.rnp.br;cce1-cpi1-chesf.bkb.rnp.br;cce2-cce1.bkb.rnp.br;crn1-cce2-chesf.bkb.rnp.br;No-Hostname;No-Hostname;monipe-rn-atraso.rnp.br
1749899608,2025-06-14 08:13:28,core-popma-10g.pop-ma.rnp.br;No-Hostname;cma1-bma1.bkb.rnp.br;cpi1-cma1-tlb.bkb.rnp.br;cce1-cpi1-chesf.bkb.rnp.br;cce2-cce1.bkb.rnp.br;crn1-cce2-chesf.bkb.rnp.br;No-Hostname;No-Hostname;monipe-rn-atraso.rnp.br
1749900271,2025-06-14 08:24:31,core-popma-10g.pop-ma.rnp.br;No-Hostname;cma1-bma1.bkb.rnp.br;cpi1-cma1-tlb.bkb.rnp.br;cce1-cpi1-chesf.bkb.rnp.br;cce2-cce1.bkb.rnp.br;crn1-cce2-chesf.bkb.rnp.br;No-Hostname;No-Hostname;monipe-rn-atraso.rnp.br
1749900565,2025-06-14 08:29:25,core-popma-10g.pop-ma.rnp.br;No-Hostname;cma1-bma1.bkb.rnp.br;cpi1-cma1-tlb.bkb.rnp.br;cce1-cpi1-chesf.bkb.rnp.br;cce2-cce1.bkb.rnp.br;crn1-cce2-chesf.bkb.rnp.br;No-Hostname;No-Hostname;monipe-rn-atraso.rnp.br
1749901562,2025-06-14 08:46:02,core-popma-10g.pop-ma.rnp.br;No-Hostname;cma1-bma1.bkb.rnp.br;cpi1-cma1-tlb.bkb.rnp.br;cce1-cpi1-chesf.bkb.rnp.br;cce2-cce1.bkb.rnp.br;crn1-cce2-chesf.bkb.rnp.br;No-Hostname;No-Hostname;monipe-rn-atraso.rnp.br
1749901928,2025-06-14 08:52:08,core-popma-10g.pop-ma.rnp.br;No-Hostname;cma1-bma1.bkb.rnp.br;cpi1-cma1-tlb.bkb.rnp.br;cce1-cpi1-chesf.bkb.rnp.br;cce2-cce1.bkb.rnp.br;crn1-cce2-chesf.bkb.rnp.br;No-Hostname;No-Hostname;monipe-rn-atraso.rnp.br
1749902680,2025-06-14 09:04:40,core-popma-10g.pop-ma.rnp.br;No-Hostname;cma1-bma1.bkb.rnp.br;cpi1-cma1-tlb.bkb.rnp.br;cce1-cpi1-chesf.bkb.rnp.br;cce2-cce1.bkb.rnp.br;crn1-cce2-chesf.bkb.rnp.br;No-Hostname;No-Hostname;monipe-rn-atraso.rnp.br
1749903363,2025-06-14 09:16:03,core-popma-10g.pop-ma.rnp.br;No-Hostname;cma1-bma1.bkb.rnp.br;cpi1-cma1-tlb.bkb.rnp.br;cce1-cpi1-chesf.bkb.rnp.br;cce2-cce1.bkb.rnp.br;crn1-cce2-chesf.bkb.rnp.br;No-Hostname;No-Hostname;monipe-rn-atraso.rnp.br
1749903683,2025-06-14 09:21:23,core-popma-10g.pop-ma.rnp.br;No-Hostname;cma1-bma1.bkb.rnp.br;cpi1-cma1-tlb.bkb.rnp.br;cce1-cpi1-chesf.bkb.rnp.br;cce2-cce1.bkb.rnp.br;crn1-cce2-chesf.bkb.rnp.br;No-Hostname;No-Hostname;monipe-rn-atraso.rnp.br
1749904426,2025-06-14 09:33:46,core-popma-10g.pop-ma.rnp.br;No-Hostname;cma1-bma1.bkb.rnp.br;cpi1-cma1-tlb.bkb.rnp.br;cce1-cpi1-chesf.bkb.rnp.br;cce2-cce1.bkb.rnp.br;crn1-cce2-chesf.bkb.rnp.br;No-Hostname;No-Hostname;monipe-rn-atraso.rnp.br
1749905216,2025-06-14 09:46:56,core-popma-10g.pop-ma.rnp.br;No-Hostname;cma1-bma1.bkb.rnp.br;cpi1-cma1-tlb.bkb.rnp.br;cce1-cpi1-chesf.bkb.rnp.br;cce2-cce1.bkb.rnp.br;crn1-cce2-chesf.bkb.rnp.br;No-Hostname;No-Hostname;monipe-rn-atraso.rnp.br
1749905659,2025-06-14 09:54:19,core-popma-10g.pop-ma.rnp.br;No-Hostname;cma1-bma1.bkb.rnp.br;cpi1-cma1-tlb.bkb.rnp.br;cce1-cpi1-chesf.bkb.rnp.br;cce2-cce1.bkb.rnp.br;crn1-cce2-chesf.bkb.rnp.br;No-Hostname;No-Hostname;monipe-rn-atraso.rnp.br
1749905995,2025-06-14 09:59:55,core-popma-10g.pop-ma.rnp.br;No-Hostname;cma1-bma1.bkb.rnp.br;cpi1-cma1-tlb.bkb.rnp.br;cce1-cpi1-chesf.bkb.rnp.br;cce2-cce1.bkb.rnp.br;crn1-cce2-chesf.bkb.rnp.br;No-Hostname;No-Hostname;monipe-rn-atraso.rnp.br
1749906923,2025-06-14 10:15:23,core-popma-10g.pop-ma.rnp.br;No-Hostname;cma1-bma1.bkb.rnp.br;cpi1-cma1-tlb.bkb.rnp.br;cce1-cpi1-chesf.bkb.rnp.br;cce2-cce1.bkb.rnp.br;crn1-cce2-chesf.bkb.rnp.br;No-Hostname;No-Hostname;monipe-rn-atraso.rnp.br
1749907310,2025-06-14 10:21:50,core-popma-10g.pop-ma.rnp.br;No-Hostname;cma1-bma1.bkb.rnp.br;cpi1-cma1-tlb.bkb.rnp.br;cce1-cpi1-chesf.bkb.rnp.br;cce2-cce1.bkb.rnp.br;crn1-cce2-chesf.bkb.rnp.br;No-Hostname;No-Hostname;monipe-rn-atraso.rnp.br
1749907971,2025-06-14 10:32:51,core-popma-10g.pop-ma.rnp.br;No-Hostname;cma1-bma1.bkb.rnp.br;cpi1-cma1-tlb.bkb.rnp.br;cce1-cpi1-chesf.bkb.rnp.br;cce2-cce1.bkb.rnp.br;crn1-cce2-chesf.bkb.rnp.br;No-Hostname;No-Hostname;monipe-rn-atraso.rnp.br
1749908355,2025-06-14 10:39:15,core-popma-10g.pop-ma.rnp.br;No-Hostname;cma1-bma1.bkb.rnp.br;cpi1-cma1-tlb.bkb.rnp.br;cce1-cpi1-chesf.bkb.rnp.br;cce2-cce1.bkb.rnp.br;crn1-cce2-chesf.bkb.rnp.br;No-Hostname;No-Hostname;monipe-rn-atraso.rnp.br
1749909256,2025-06-14 10:54:16,core-popma-10g.pop-ma.rnp.br;No-Hostname;cma1-bma1.bkb.rnp.br;cpi1-cma1-tlb.bkb.rnp.br;cce1-cpi1-chesf.bkb.rnp.br;cce2-cce1.bkb.rnp.br;crn1-cce2-chesf.bkb.rnp.br;No-Hostname;No-Hostname;monipe-rn-atraso.rnp.br
1749909836,2025-06-14 11:03:56,core-popma-10g.pop-ma.rnp.br;No-Hostname;cma1-bma1.bkb.rnp.br;cpi1-cma1-tlb.bkb.rnp.br;cce1-cpi1-chesf.bkb.rnp.br;cce2-cce1.bkb.rnp.br;crn1-cce2-chesf.bkb.rnp.br;No-Hostname;No-Hostname;monipe-rn-atraso.rnp.br
1749910135,2025-06-14 11:08:55,core-popma-10g.pop-ma.rnp.br;No-Hostname;cma1-bma1.bkb.rnp.br;cpi1-cma1-tlb.bkb.rnp.br;cce1-cpi1-chesf.bkb.rnp.br;cce2-cce1.bkb.rnp.br;crn1-cce2-chesf.bkb.rnp.br;No-Hostname;No-Hostname;monipe-rn-atraso.rnp.br
1749911078,2025-06-14 11:24:38,core-popma-10g.pop-ma.rnp.br;No-Hostname;cma1-bma1.bkb.rnp.br;cpi1-cma1-tlb.bkb.rnp.br;cce1-cpi1-chesf.bkb.rnp.br;cce2-cce1.bkb.rnp.br;crn1-cce2-chesf.bkb.rnp.br;No-Hostname;No-Hostname;monipe-rn-atraso.rnp.br
1749911746,2025-06-14 11:35:46,core-popma-10g.pop-ma.rnp.br;No-Hostname;cma1-bma1.bkb.rnp.br;cpi1-cma1-tlb.bkb.rnp.br;cce1-cpi1-chesf.bkb.rnp.br;cce2-cce1.bkb.rnp.br;crn1-cce2-chesf.bkb.rnp.br;No-Hostname;No-Hostname;monipe-rn-atraso.rnp.br
1749912102,2025-06-14 11:41:42,core-popma-10g.pop-ma.rnp.br;No-Hostname;cma1-bma1.bkb.rnp.br;cpi1-cma1-tlb.bkb.rnp.br;cce1-cpi1-chesf.bkb.rnp.br;cce2-cce1.bkb.rnp.br;crn1-cce2-chesf.bkb.rnp.br;No-Hostname;No-Hostname;monipe-rn-atraso.rnp.br
1749912621,2025-06-14 11:50:21,core-popma-10g.pop-ma.rnp.br;No-Hostname;cma1-bma1.bkb.rnp.br;cpi1-cma1-tlb.bkb.rnp.br;cce1-cpi1-chesf.bkb.rnp.br;cce2-cce1.bkb.rnp.br;crn1-cce2-chesf.bkb.rnp.br;No-Hostname;No-Hostname;monipe-rn-atraso.rnp.br
1749913353,2025-06-14 12:02:33,core-popma-10g.pop-ma.rnp.br;No-Hostname;cma1-bma1.bkb.rnp.br;cpi1-cma1-tlb.bkb.rnp.br;cce1-cpi1-chesf.bkb.rnp.br;cce2-cce1.bkb.rnp.br;crn1-cce2-chesf.bkb.rnp.br;No-Hostname;No-Hostname;monipe-rn-atraso.rnp.br
1749914064,2025-06-14 12:14:24,core-popma-10g.pop-ma.rnp.br;No-Hostname;cma1-bma1.bkb.rnp.br;cpi1-cma1-tlb.bkb.rnp.br;cce1-cpi1-chesf.bkb.rnp.br;cce2-cce1.bkb.rnp.br;crn1-cce2-chesf.bkb.rnp.br;No-Hostname;No-Hostname;monipe-rn-atraso.rnp.br
1749914518,2025-06-14 12:21:58,core-popma-10g.pop-ma.rnp.br;No-Hostname;cma1-bma1.bkb.rnp.br;cpi1-cma1-tlb.bkb.rnp.br;cce1-cpi1-chesf.bkb.rnp.br;cce2-cce1.bkb.rnp.br;crn1-cce2-chesf.bkb.rnp.br;No-Hostname;No-Hostname;monipe-rn-atraso.rnp.br
1749914952,2025-06-14 12:29:12,core-popma-10g.pop-ma.rnp.br;No-Hostname;cma1-bma1.bkb.rnp.br;cpi1-cma1-tlb.bkb.rnp.br;cce1-cpi1-chesf.bkb.rnp.br;cce2-cce1.bkb.rnp.br;crn1-cce2-chesf.bkb.rnp.br;No-Hostname;No-Hostname;monipe-rn-atraso.rnp.br
1749915732,2025-06-14 12:42:12,core-popma-10g.pop-ma.rnp.br;No-Hostname;cma1-bma1.bkb.rnp.br;cpi1-cma1-tlb.bkb.rnp.br;cce1-cpi1-chesf.bkb.rnp.br;cce2-cce1.bkb.rnp.br;crn1-cce2-chesf.bkb.rnp.br;No-Hostname;No-Hostname;monipe-rn-atraso.rnp.br
1749916502,2025-06-14 12:55:02,core-popma-10g.pop-ma.rnp.br;No-Hostname;cma1-bma1.bkb.rnp.br;cpi1-cma1-tlb.bkb.rnp.br;cce1-cpi1-chesf.bkb.rnp.br;cce2-cce1.bkb.rnp.br;crn1-cce2-chesf.bkb.rnp.br;No-Hostname;No-Hostname;monipe-rn-atraso.rnp.br
1749917088,2025-06-14 13:04:48,core-popma-10g.pop-ma.rnp.br;No-Hostname;cma1-bma1.bkb.rnp.br;cpi1-cma1-tlb.bkb.rnp.br;cce1-cpi1-chesf.bkb.rnp.br;cce2-cce1.bkb.rnp.br;crn1-cce2-chesf.bkb.rnp.br;No-Hostname;No-Hostname;monipe-rn-atraso.rnp.br
1749917576,2025-06-14 13:12:56,core-popma-10g.pop-ma.rnp.br;No-Hostname;cma1-bma1.bkb.rnp.br;cpi1-cma1-tlb.bkb.rnp.br;cce1-cpi1-chesf.bkb.rnp.br;cce2-cce1.bkb.rnp.br;crn1-cce2-chesf.bkb.rnp.br;No-Hostname;No-Hostname;monipe-rn-atraso.rnp.br
1749917960,2025-06-14 13:19:20,core-popma-10g.pop-ma.rnp.br;No-Hostname;cma1-bma1.bkb.rnp.br;cpi1-cma1-tlb.bkb.rnp.br;cce1-cpi1-chesf.bkb.rnp.br;cce2-cce1.bkb.rnp.br;crn1-cce2-chesf.bkb.rnp.br;No-Hostname;No-Hostname;monipe-rn-atraso.rnp.br
1749918986,2025-06-14 13:36:26,core-popma-10g.pop-ma.rnp.br;No-Hostname;cma1-bma1.bkb.rnp.br;cpi1-cma1-tlb.bkb.rnp.br;cce1-cpi1-chesf.bkb.rnp.br;cce2-cce1.bkb.rnp.br;crn1-cce2-chesf.bkb.rnp.br;No-Hostname;No-Hostname;monipe-rn-atraso.rnp.br
1749919568,2025-06-14 13:46:08,core-popma-10g.pop-ma.rnp.br;No-Hostname;cma1-bma1.bkb.rnp.br;cpi1-cma1-tlb.bkb.rnp.br;cce1-cpi1-chesf.bkb.rnp.br;cce2-cce1.bkb.rnp.br;crn1-cce2-chesf.bkb.rnp.br;No-Hostname;No-Hostname;monipe-rn-atraso.rnp.br
1749920145,2025-06-14 13:55:45,core-popma-10g.pop-ma.rnp.br;No-Hostname;cma1-bma1.bkb.rnp.br;cpi1-cma1-tlb.bkb.rnp.br;cce1-cpi1-chesf.bkb.rnp.br;cce2-cce1.bkb.rnp.br;crn1-cce2-chesf.bkb.rnp.br;No-Hostname;No-Hostname;monipe-rn-atraso.rnp.br
1749920396,2025-06-14 13:59:56,core-popma-10g.pop-ma.rnp.br;No-Hostname;cma1-bma1.bkb.rnp.br;cpi1-cma1-tlb.bkb.rnp.br;cce1-cpi1-chesf.bkb.rnp.br;cce2-cce1.bkb.rnp.br;crn1-cce2-chesf.bkb.rnp.br;No-Hostname;No-Hostname;monipe-rn-atraso.rnp.br
1749921392,2025-06-14 14:16:32,core-popma-10g.pop-ma.rnp.br;No-Hostname;cma1-bma1.bkb.rnp.br;cpi1-cma1-tlb.bkb.rnp.br;cce1-cpi1-chesf.bkb.rnp.br;cce2-cce1.bkb.rnp.br;crn1-cce2-chesf.bkb.rnp.br;No-Hostname;No-Hostname;monipe-rn-atraso.rnp.br
1749921667,2025-06-14 14:21:07,core-popma-10g.pop-ma.rnp.br;No-Hostname;cma1-bma1.bkb.rnp.br;cpi1-cma1-tlb.bkb.rnp.br;cce1-cpi1-chesf.bkb.rnp.br;cce2-cce1.bkb.rnp.br;crn1-cce2-chesf.bkb.rnp.br;No-Hostname;No-Hostname;monipe-rn-atraso.rnp.br
1749922250,2025-06-14 14:30:50,core-popma-10g.pop-ma.rnp.br;No-Hostname;cma1-bma1.bkb.rnp.br;cpi1-cma1-tlb.bkb.rnp.br;cce1-cpi1-chesf.bkb.rnp.br;cce2-cce1.bkb.rnp.br;crn1-cce2-chesf.bkb.rnp.br;No-Hostname;No-Hostname;monipe-rn-atraso.rnp.br
1749923208,2025-06-14 14:46:48,core-popma-10g.pop-ma.rnp.br;No-Hostname;cma1-bma1.bkb.rnp.br;cpi1-cma1-tlb.bkb.rnp.br;cce1-cpi1-chesf.bkb.rnp.br;cce2-cce1.bkb.rnp.br;crn1-cce2-chesf.bkb.rnp.br;No-Hostname;No-Hostname;monipe-rn-atraso.rnp.br
1749923688,2025-06-14 14:54:48,core-popma-10g.pop-ma.rnp.br;No-Hostname;cma1-bma1.bkb.rnp.br;cpi1-cma1-tlb.bkb.rnp.br;cce1-cpi1-chesf.bkb.rnp.br;cce2-cce1.bkb.rnp.br;crn1-cce2-chesf.bkb.rnp.br;No-Hostname;No-Hostname;monipe-rn-atraso.rnp.br
1749924116,2025-06-14 15:01:56,core-popma-10g.pop-ma.rnp.br;No-Hostname;cma1-bma1.bkb.rnp.br;cpi1-cma1-tlb.bkb.rnp.br;cce1-cpi1-chesf.bkb.rnp.br;cce2-cce1.bkb.rnp.br;crn1-cce2-chesf.bkb.rnp.br;No-Hostname;No-Hostname;monipe-rn-atraso.rnp.br
1749925013,2025-06-14 15:16:53,core-popma-10g.pop-ma.rnp.br;No-Hostname;cma1-bma1.bkb.rnp.br;cpi1-cma1-tlb.bkb.rnp.br;cce1-cpi1-chesf.bkb.rnp.br;cce2-cce1.bkb.rnp.br;crn1-cce2-chesf.bkb.rnp.br;No-Hostname;No-Hostname;monipe-rn-atraso.rnp.br
1749925338,2025-06-14 15:22:18,core-popma-10g.pop-ma.rnp.br;No-Hostname;cma1-bma1.bkb.rnp.br;cpi1-cma1-tlb.bkb.rnp.br;cce1-cpi1-chesf.bkb.rnp.br;cce2-cce1.bkb.rnp.br;crn1-cce2-chesf.bkb.rnp.br;No-Hostname;No-Hostname;monipe-rn-atraso.rnp.br
1749925985,2025-06-14 15:33:05,core-popma-10g.pop-ma.rnp.br;No-Hostname;cma1-bma1.bkb.rnp.br;cpi1-cma1-tlb.bkb.rnp.br;cce1-cpi1-chesf.bkb.rnp.br;cce2-cce1.bkb.rnp.br;crn1-cce2-chesf.bkb.rnp.br;No-Hostname;No-Hostname;monipe-rn-atraso.rnp.br
1749926416,2025-06-14 15:40:16,core-popma-10g.pop-ma.rnp.br;No-Hostname;cma1-bma1.bkb.rnp.br;cpi1-cma1-tlb.bkb.rnp.br;cce1-cpi1-chesf.bkb.rnp.br;cce2-cce1.bkb.rnp.br;crn1-cce2-chesf.bkb.rnp.br;No-Hostname;No-Hostname;monipe-rn-atraso.rnp.br
1749927292,2025-06-14 15:54:52,core-popma-10g.pop-ma.rnp.br;No-Hostname;cma1-bma1.bkb.rnp.br;cpi1-cma1-tlb.bkb.rnp.br;cce1-cpi1-chesf.bkb.rnp.br;cce2-cce1.bkb.rnp.br;crn1-cce2-chesf.bkb.rnp.br;No-Hostname;No-Hostname;monipe-rn-atraso.rnp.br
1749927883,2025-06-14 16:04:43,core-popma-10g.pop-ma.rnp.br;No-Hostname;cma1-bma1.bkb.rnp.br;cpi1-cma1-tlb.bkb.rnp.br;cce1-cpi1-chesf.bkb.rnp.br;cce2-cce1.bkb.rnp.br;crn1-cce2-chesf.bkb.rnp.br;No-Hostname;No-Hostname;monipe-rn-atraso.rnp.br
1749928226,2025-06-14 16:10:26,core-popma-10g.pop-ma.rnp.br;No-Hostname;cma1-bma1.bkb.rnp.br;cpi1-cma1-tlb.bkb.rnp.br;cce1-cpi1-chesf.bkb.rnp.br;cce2-cce1.bkb.rnp.br;crn1-cce2-chesf.bkb.rnp.br;No-Hostname;No-Hostname;monipe-rn-atraso.rnp.br
1749929102,2025-06-14 16:25:02,core-popma-10g.pop-ma.rnp.br;No-Hostname;cma1-bma1.bkb.rnp.br;cpi1-cma1-tlb.bkb.rnp.br;cce1-cpi1-chesf.bkb.rnp.br;cce2-cce1.bkb.rnp.br;crn1-cce2-chesf.bkb.rnp.br;No-Hostname;No-Hostname;monipe-rn-atraso.rnp.br
1749929319,2025-06-14 16:28:39,core-popma-10g.pop-ma.rnp.br;No-Hostname;cma1-bma1.bkb.rnp.br;cpi1-cma1-tlb.bkb.rnp.br;cce1-cpi1-chesf.bkb.rnp.br;cce2-cce1.bkb.rnp.br;crn1-cce2-chesf.bkb.rnp.br;No-Hostname;No-Hostname;monipe-rn-atraso.rnp.br
1749930422,2025-06-14 16:47:02,core-popma-10g.pop-ma.rnp.br;No-Hostname;cma1-bma1.bkb.rnp.br;cpi1-cma1-tlb.bkb.rnp.br;cce1-cpi1-chesf.bkb.rnp.br;cce2-cce1.bkb.rnp.br;crn1-cce2-chesf.bkb.rnp.br;No-Hostname;No-Hostname;monipe-rn-atraso.rnp.br
1749930646,2025-06-14 16:50:46,core-popma-10g.pop-ma.rnp.br;No-Hostname;cma1-bma1.bkb.rnp.br;cpi1-cma1-tlb.bkb.rnp.br;cce1-cpi1-chesf.bkb.rnp.br;cce2-cce1.bkb.rnp.br;crn1-cce2-chesf.bkb.rnp.br;No-Hostname;No-Hostname;monipe-rn-atraso.rnp.br
1749931391,2025-06-14 17:03:11,core-popma-10g.pop-ma.rnp.br;No-Hostname;cma1-bma1.bkb.rnp.br;cpi1-cma1-tlb.bkb.rnp.br;cce1-cpi1-chesf.bkb.rnp.br;cce2-cce1.bkb.rnp.br;crn1-cce2-chesf.bkb.rnp.br;No-Hostname;No-Hostname;monipe-rn-atraso.rnp.br
1749931720,2025-06-14 17:08:40,core-popma-10g.pop-ma.rnp.br;No-Hostname;cma1-bma1.bkb.rnp.br;cpi1-cma1-tlb.bkb.rnp.br;cce1-cpi1-chesf.bkb.rnp.br;cce2-cce1.bkb.rnp.br;crn1-cce2-chesf.bkb.rnp.br;No-Hostname;No-Hostname;monipe-rn-atraso.rnp.br
1749932442,2025-06-14 17:20:42,core-popma-10g.pop-ma.rnp.br;No-Hostname;cma1-bma1.bkb.rnp.br;cpi1-cma1-tlb.bkb.rnp.br;cce1-cpi1-chesf.bkb.rnp.br;cce2-cce1.bkb.rnp.br;crn1-cce2-chesf.bkb.rnp.br;No-Hostname;No-Hostname;monipe-rn-atraso.rnp.br
1749933037,2025-06-14 17:30:37,core-popma-10g.pop-ma.rnp.br;No-Hostname;cma1-bma1.bkb.rnp.br;cpi1-cma1-tlb.bkb.rnp.br;cce1-cpi1-chesf.bkb.rnp.br;cce2-cce1.bkb.rnp.br;crn1-cce2-chesf.bkb.rnp.br;No-Hostname;No-Hostname;monipe-rn-atraso.rnp.br
1749933598,2025-06-14 17:39:58,core-popma-10g.pop-ma.rnp.br;No-Hostname;cma1-bma1.bkb.rnp.br;cpi1-cma1-tlb.bkb.rnp.br;cce1-cpi1-chesf.bkb.rnp.br;cce2-cce1.bkb.rnp.br;crn1-cce2-chesf.bkb.rnp.br;No-Hostname;No-Hostname;monipe-rn-atraso.rnp.br
1749934194,2025-06-14 17:49:54,core-popma-10g.pop-ma.rnp.br;No-Hostname;cma1-bma1.bkb.rnp.br;cpi1-cma1-tlb.bkb.rnp.br;cce1-cpi1-chesf.bkb.rnp.br;cce2-cce1.bkb.rnp.br;crn1-cce2-chesf.bkb.rnp.br;No-Hostname;No-Hostname;monipe-rn-atraso.rnp.br
1749934920,2025-06-14 18:02:00,core-popma-10g.pop-ma.rnp.br;No-Hostname;cma1-bma1.bkb.rnp.br;cpi1-cma1-tlb.bkb.rnp.br;cce1-cpi1-chesf.bkb.rnp.br;cce2-cce1.bkb.rnp.br;crn1-cce2-chesf.bkb.rnp.br;No-Hostname;No-Hostname;monipe-rn-atraso.rnp.br
1749935721,2025-06-14 18:15:21,core-popma-10g.pop-ma.rnp.br;No-Hostname;cma1-bma1.bkb.rnp.br;cpi1-cma1-tlb.bkb.rnp.br;cce1-cpi1-chesf.bkb.rnp.br;cce2-cce1.bkb.rnp.br;crn1-cce2-chesf.bkb.rnp.br;No-Hostname;No-Hostname;monipe-rn-atraso.rnp.br
1749936357,2025-06-14 18:25:57,core-popma-10g.pop-ma.rnp.br;No-Hostname;cma1-bma1.bkb.rnp.br;cpi1-cma1-tlb.bkb.rnp.br;cce1-cpi1-chesf.bkb.rnp.br;cce2-cce1.bkb.rnp.br;crn1-cce2-chesf.bkb.rnp.br;No-Hostname;No-Hostname;monipe-rn-atraso.rnp.br
1749936992,2025-06-14 18:36:32,core-popma-10g.pop-ma.rnp.br;No-Hostname;cma1-bma1.bkb.rnp.br;cpi1-cma1-tlb.bkb.rnp.br;cce1-cpi1-chesf.bkb.rnp.br;cce2-cce1.bkb.rnp.br;crn1-cce2-chesf.bkb.rnp.br;No-Hostname;No-Hostname;monipe-rn-atraso.rnp.br
1749937155,2025-06-14 18:39:15,core-popma-10g.pop-ma.rnp.br;No-Hostname;cma1-bma1.bkb.rnp.br;cpi1-cma1-tlb.bkb.rnp.br;cce1-cpi1-chesf.bkb.rnp.br;cce2-cce1.bkb.rnp.br;crn1-cce2-chesf.bkb.rnp.br;No-Hostname;No-Hostname;monipe-rn-atraso.rnp.br
1749938220,2025-06-14 18:57:00,core-popma-10g.pop-ma.rnp.br;No-Hostname;cma1-bma1.bkb.rnp.br;cpi1-cma1-tlb.bkb.rnp.br;cce1-cpi1-chesf.bkb.rnp.br;cce2-cce1.bkb.rnp.br;crn1-cce2-chesf.bkb.rnp.br;No-Hostname;No-Hostname;monipe-rn-atraso.rnp.br
1749938366,2025-06-14 18:59:26,core-popma-10g.pop-ma.rnp.br;No-Hostname;cma1-bma1.bkb.rnp.br;cpi1-cma1-tlb.bkb.rnp.br;cce1-cpi1-chesf.bkb.rnp.br;cce2-cce1.bkb.rnp.br;crn1-cce2-chesf.bkb.rnp.br;No-Hostname;No-Hostname;monipe-rn-atraso.rnp.br
1749939376,2025-06-14 19:16:16,core-popma-10g.pop-ma.rnp.br;No-Hostname;cma1-bma1.bkb.rnp.br;cpi1-cma1-tlb.bkb.rnp.br;cce1-cpi1-chesf.bkb.rnp.br;cce2-cce1.bkb.rnp.br;crn1-cce2-chesf.bkb.rnp.br;No-Hostname;No-Hostname;monipe-rn-atraso.rnp.br
1749939824,2025-06-14 19:23:44,core-popma-10g.pop-ma.rnp.br;No-Hostname;cma1-bma1.bkb.rnp.br;cpi1-cma1-tlb.bkb.rnp.br;cce1-cpi1-chesf.bkb.rnp.br;cce2-cce1.bkb.rnp.br;crn1-cce2-chesf.bkb.rnp.br;No-Hostname;No-Hostname;monipe-rn-atraso.rnp.br
1749940371,2025-06-14 19:32:51,core-popma-10g.pop-ma.rnp.br;No-Hostname;cma1-bma1.bkb.rnp.br;cpi1-cma1-tlb.bkb.rnp.br;cce1-cpi1-chesf.bkb.rnp.br;cce2-cce1.bkb.rnp.br;crn1-cce2-chesf.bkb.rnp.br;No-Hostname;No-Hostname;monipe-rn-atraso.rnp.br
1749941059,2025-06-14 19:44:19,core-popma-10g.pop-ma.rnp.br;No-Hostname;cma1-bma1.bkb.rnp.br;cpi1-cma1-tlb.bkb.rnp.br;cce1-cpi1-chesf.bkb.rnp.br;cce2-cce1.bkb.rnp.br;crn1-cce2-chesf.bkb.rnp.br;No-Hostname;No-Hostname;monipe-rn-atraso.rnp.br
1749941795,2025-06-14 19:56:35,core-popma-10g.pop-ma.rnp.br;No-Hostname;cma1-bma1.bkb.rnp.br;cpi1-cma1-tlb.bkb.rnp.br;cce1-cpi1-chesf.bkb.rnp.br;cce2-cce1.bkb.rnp.br;crn1-cce2-chesf.bkb.rnp.br;No-Hostname;No-Hostname;monipe-rn-atraso.rnp.br
1749942207,2025-06-14 20:03:27,core-popma-10g.pop-ma.rnp.br;No-Hostname;cma1-bma1.bkb.rnp.br;cpi1-cma1-tlb.bkb.rnp.br;cce1-cpi1-chesf.bkb.rnp.br;cce2-cce1.bkb.rnp.br;crn1-cce2-chesf.bkb.rnp.br;No-Hostname;No-Hostname;monipe-rn-atraso.rnp.br
1749942552,2025-06-14 20:09:12,core-popma-10g.pop-ma.rnp.br;No-Hostname;cma1-bma1.bkb.rnp.br;cpi1-cma1-tlb.bkb.rnp.br;cce1-cpi1-chesf.bkb.rnp.br;cce2-cce1.bkb.rnp.br;crn1-cce2-chesf.bkb.rnp.br;No-Hostname;No-Hostname;monipe-rn-atraso.rnp.br
1749943496,2025-06-14 20:24:56,core-popma-10g.pop-ma.rnp.br;No-Hostname;cma1-bma1.bkb.rnp.br;cpi1-cma1-tlb.bkb.rnp.br;cce1-cpi1-chesf.bkb.rnp.br;cce2-cce1.bkb.rnp.br;crn1-cce2-chesf.bkb.rnp.br;No-Hostname;No-Hostname;monipe-rn-atraso.rnp.br
1749943699,2025-06-14 20:28:19,core-popma-10g.pop-ma.rnp.br;No-Hostname;cma1-bma1.bkb.rnp.br;cpi1-cma1-tlb.bkb.rnp.br;cce1-cpi1-chesf.bkb.rnp.br;cce2-cce1.bkb.rnp.br;crn1-cce2-chesf.bkb.rnp.br;No-Hostname;No-Hostname;monipe-rn-atraso.rnp.br
1749944292,2025-06-14 20:38:12,core-popma-10g.pop-ma.rnp.br;No-Hostname;cma1-bma1.bkb.rnp.br;cpi1-cma1-tlb.bkb.rnp.br;cce1-cpi1-chesf.bkb.rnp.br;cce2-cce1.bkb.rnp.br;crn1-cce2-chesf.bkb.rnp.br;No-Hostname;No-Hostname;monipe-rn-atraso.rnp.br
1749944702,2025-06-14 20:45:02,core-popma-10g.pop-ma.rnp.br;No-Hostname;cma1-bma1.bkb.rnp.br;cpi1-cma1-tlb.bkb.rnp.br;cce1-cpi1-chesf.bkb.rnp.br;cce2-cce1.bkb.rnp.br;crn1-cce2-chesf.bkb.rnp.br;No-Hostname;No-Hostname;monipe-rn-atraso.rnp.br
1749945521,2025-06-14 20:58:41,core-popma-10g.pop-ma.rnp.br;No-Hostname;cma1-bma1.bkb.rnp.br;cpi1-cma1-tlb.bkb.rnp.br;cce1-cpi1-chesf.bkb.rnp.br;cce2-cce1.bkb.rnp.br;crn1-cce2-chesf.bkb.rnp.br;No-Hostname;No-Hostname;monipe-rn-atraso.rnp.br
1749946004,2025-06-14 21:06:44,core-popma-10g.pop-ma.rnp.br;No-Hostname;cma1-bma1.bkb.rnp.br;cpi1-cma1-tlb.bkb.rnp.br;cce1-cpi1-chesf.bkb.rnp.br;cce2-cce1.bkb.rnp.br;crn1-cce2-chesf.bkb.rnp.br;No-Hostname;No-Hostname;monipe-rn-atraso.rnp.br
1749946601,2025-06-14 21:16:41,core-popma-10g.pop-ma.rnp.br;No-Hostname;cma1-bma1.bkb.rnp.br;cpi1-cma1-tlb.bkb.rnp.br;cce1-cpi1-chesf.bkb.rnp.br;cce2-cce1.bkb.rnp.br;crn1-cce2-chesf.bkb.rnp.br;No-Hostname;No-Hostname;monipe-rn-atraso.rnp.br
1749947191,2025-06-14 21:26:31,core-popma-10g.pop-ma.rnp.br;No-Hostname;cma1-bma1.bkb.rnp.br;cpi1-cma1-tlb.bkb.rnp.br;cce1-cpi1-chesf.bkb.rnp.br;cce2-cce1.bkb.rnp.br;crn1-cce2-chesf.bkb.rnp.br;No-Hostname;No-Hostname;monipe-rn-atraso.rnp.br
1749948020,2025-06-14 21:40:20,core-popma-10g.pop-ma.rnp.br;No-Hostname;cma1-bma1.bkb.rnp.br;cpi1-cma1-tlb.bkb.rnp.br;cce1-cpi1-chesf.bkb.rnp.br;cce2-cce1.bkb.rnp.br;crn1-cce2-chesf.bkb.rnp.br;No-Hostname;No-Hostname;monipe-rn-atraso.rnp.br
1749948541,2025-06-14 21:49:01,core-popma-10g.pop-ma.rnp.br;No-Hostname;cma1-bma1.bkb.rnp.br;cpi1-cma1-tlb.bkb.rnp.br;cce1-cpi1-chesf.bkb.rnp.br;cce2-cce1.bkb.rnp.br;crn1-cce2-chesf.bkb.rnp.br;No-Hostname;No-Hostname;monipe-rn-atraso.rnp.br
1749949291,2025-06-14 22:01:31,core-popma-10g.pop-ma.rnp.br;No-Hostname;cma1-bma1.bkb.rnp.br;cpi1-cma1-tlb.bkb.rnp.br;cce1-cpi1-chesf.bkb.rnp.br;cce2-cce1.bkb.rnp.br;crn1-cce2-chesf.bkb.rnp.br;No-Hostname;No-Hostname;monipe-rn-atraso.rnp.br
1749949582,2025-06-14 22:06:22,core-popma-10g.pop-ma.rnp.br;No-Hostname;cma1-bma1.bkb.rnp.br;cpi1-cma1-tlb.bkb.rnp.br;cce1-cpi1-chesf.bkb.rnp.br;cce2-cce1.bkb.rnp.br;crn1-cce2-chesf.bkb.rnp.br;No-Hostname;No-Hostname;monipe-rn-atraso.rnp.br
1749950224,2025-06-14 22:17:04,core-popma-10g.pop-ma.rnp.br;No-Hostname;cma1-bma1.bkb.rnp.br;cpi1-cma1-tlb.bkb.rnp.br;cce1-cpi1-chesf.bkb.rnp.br;cce2-cce1.bkb.rnp.br;crn1-cce2-chesf.bkb.rnp.br;No-Hostname;No-Hostname;monipe-rn-atraso.rnp.br
1749950664,2025-06-14 22:24:24,core-popma-10g.pop-ma.rnp.br;No-Hostname;cma1-bma1.bkb.rnp.br;cpi1-cma1-tlb.bkb.rnp.br;cce1-cpi1-chesf.bkb.rnp.br;cce2-cce1.bkb.rnp.br;crn1-cce2-chesf.bkb.rnp.br;No-Hostname;No-Hostname;monipe-rn-atraso.rnp.br
1749951331,2025-06-14 22:35:31,core-popma-10g.pop-ma.rnp.br;No-Hostname;cma1-bma1.bkb.rnp.br;cpi1-cma1-tlb.bkb.rnp.br;cce1-cpi1-chesf.bkb.rnp.br;cce2-cce1.bkb.rnp.br;crn1-cce2-chesf.bkb.rnp.br;No-Hostname;No-Hostname;monipe-rn-atraso.rnp.br
1749951796,2025-06-14 22:43:16,core-popma-10g.pop-ma.rnp.br;No-Hostname;cma1-bma1.bkb.rnp.br;cpi1-cma1-tlb.bkb.rnp.br;cce1-cpi1-chesf.bkb.rnp.br;cce2-cce1.bkb.rnp.br;crn1-cce2-chesf.bkb.rnp.br;No-Hostname;No-Hostname;monipe-rn-atraso.rnp.br
1749952457,2025-06-14 22:54:17,core-popma-10g.pop-ma.rnp.br;No-Hostname;cma1-bma1.bkb.rnp.br;cpi1-cma1-tlb.bkb.rnp.br;cce1-cpi1-chesf.bkb.rnp.br;cce2-cce1.bkb.rnp.br;crn1-cce2-chesf.bkb.rnp.br;No-Hostname;No-Hostname;monipe-rn-atraso.rnp.br
1749953499,2025-06-14 23:11:39,core-popma-10g.pop-ma.rnp.br;No-Hostname;cma1-bma1.bkb.rnp.br;cpi1-cma1-tlb.bkb.rnp.br;cce1-cpi1-chesf.bkb.rnp.br;cce2-cce1.bkb.rnp.br;crn1-cce2-chesf.bkb.rnp.br;No-Hostname;No-Hostname;monipe-rn-atraso.rnp.br
1749953643,2025-06-14 23:14:03,core-popma-10g.pop-ma.rnp.br;No-Hostname;cma1-bma1.bkb.rnp.br;cpi1-cma1-tlb.bkb.rnp.br;cce1-cpi1-chesf.bkb.rnp.br;cce2-cce1.bkb.rnp.br;crn1-cce2-chesf.bkb.rnp.br;No-Hostname;No-Hostname;monipe-rn-atraso.rnp.br
1749954220,2025-06-14 23:23:40,core-popma-10g.pop-ma.rnp.br;No-Hostname;cma1-bma1.bkb.rnp.br;cpi1-cma1-tlb.bkb.rnp.br;cce1-cpi1-chesf.bkb.rnp.br;cce2-cce1.bkb.rnp.br;crn1-cce2-chesf.bkb.rnp.br;No-Hostname;No-Hostname;monipe-rn-atraso.rnp.br
1749955222,2025-06-14 23:40:22,core-popma-10g.pop-ma.rnp.br;No-Hostname;cma1-bma1.bkb.rnp.br;cpi1-cma1-tlb.bkb.rnp.br;cce1-cpi1-chesf.bkb.rnp.br;cce2-cce1.bkb.rnp.br;crn1-cce2-chesf.bkb.rnp.br;No-Hostname;No-Hostname;monipe-rn-atraso.rnp.br
1749955525,2025-06-14 23:45:25,core-popma-10g.pop-ma.rnp.br;No-Hostname;cma1-bma1.bkb.rnp.br;cpi1-cma1-tlb.bkb.rnp.br;cce1-cpi1-chesf.bkb.rnp.br;cce2-cce1.bkb.rnp.br;crn1-cce2-chesf.bkb.rnp.br;No-Hostname;No-Hostname;monipe-rn-atraso.rnp.br
1749956238,2025-06-14 23:57:18,core-popma-10g.pop-ma.rnp.br;No-Hostname;cma1-bma1.bkb.rnp.br;cpi1-cma1-tlb.bkb.rnp.br;cce1-cpi1-chesf.bkb.rnp.br;cce2-cce1.bkb.rnp.br;crn1-cce2-chesf.bkb.rnp.br;No-Hostname;No-Hostname;monipe-rn-atraso.rnp.br
1749956885,2025-06-15 00:08:05,core-popma-10g.pop-ma.rnp.br;No-Hostname;cma1-bma1.bkb.rnp.br;cpi1-cma1-tlb.bkb.rnp.br;cce1-cpi1-chesf.bkb.rnp.br;cce2-cce1.bkb.rnp.br;crn1-cce2-chesf.bkb.rnp.br;No-Hostname;No-Hostname;monipe-rn-atraso.rnp.br
1749957613,2025-06-15 00:20:13,core-popma-10g.pop-ma.rnp.br;No-Hostname;cma1-bma1.bkb.rnp.br;cpi1-cma1-tlb.bkb.rnp.br;cce1-cpi1-chesf.bkb.rnp.br;cce2-cce1.bkb.rnp.br;crn1-cce2-chesf.bkb.rnp.br;No-Hostname;No-Hostname;monipe-rn-atraso.rnp.br
1749957900,2025-06-15 00:25:00,core-popma-10g.pop-ma.rnp.br;No-Hostname;cma1-bma1.bkb.rnp.br;cpi1-cma1-tlb.bkb.rnp.br;cce1-cpi1-chesf.bkb.rnp.br;cce2-cce1.bkb.rnp.br;crn1-cce2-chesf.bkb.rnp.br;No-Hostname;No-Hostname;monipe-rn-atraso.rnp.br
1749958571,2025-06-15 00:36:11,core-popma-10g.pop-ma.rnp.br;No-Hostname;cma1-bma1.bkb.rnp.br;cpi1-cma1-tlb.bkb.rnp.br;cce1-cpi1-chesf.bkb.rnp.br;cce2-cce1.bkb.rnp.br;crn1-cce2-chesf.bkb.rnp.br;No-Hostname;No-Hostname;monipe-rn-atraso.rnp.br
1749958992,2025-06-15 00:43:12,core-popma-10g.pop-ma.rnp.br;No-Hostname;cma1-bma1.bkb.rnp.br;cpi1-cma1-tlb.bkb.rnp.br;cce1-cpi1-chesf.bkb.rnp.br;cce2-cce1.bkb.rnp.br;crn1-cce2-chesf.bkb.rnp.br;No-Hostname;No-Hostname;monipe-rn-atraso.rnp.br
1749959745,2025-06-15 00:55:45,core-popma-10g.pop-ma.rnp.br;No-Hostname;cma1-bma1.bkb.rnp.br;cpi1-cma1-tlb.bkb.rnp.br;cce1-cpi1-chesf.bkb.rnp.br;cce2-cce1.bkb.rnp.br;crn1-cce2-chesf.bkb.rnp.br;No-Hostname;No-Hostname;monipe-rn-atraso.rnp.br
1749960540,2025-06-15 01:09:00,core-popma-10g.pop-ma.rnp.br;No-Hostname;cma1-bma1.bkb.rnp.br;cpi1-cma1-tlb.bkb.rnp.br;cce1-cpi1-chesf.bkb.rnp.br;cce2-cce1.bkb.rnp.br;crn1-cce2-chesf.bkb.rnp.br;No-Hostname;No-Hostname;monipe-rn-atraso.rnp.br
1749960936,2025-06-15 01:15:36,core-popma-10g.pop-ma.rnp.br;No-Hostname;cma1-bma1.bkb.rnp.br;cpi1-cma1-tlb.bkb.rnp.br;cce1-cpi1-chesf.bkb.rnp.br;cce2-cce1.bkb.rnp.br;crn1-cce2-chesf.bkb.rnp.br;No-Hostname;No-Hostname;monipe-rn-atraso.rnp.br
1749961871,2025-06-15 01:31:11,core-popma-10g.pop-ma.rnp.br;No-Hostname;cma1-bma1.bkb.rnp.br;cpi1-cma1-tlb.bkb.rnp.br;cce1-cpi1-chesf.bkb.rnp.br;cce2-cce1.bkb.rnp.br;crn1-cce2-chesf.bkb.rnp.br;No-Hostname;No-Hostname;monipe-rn-atraso.rnp.br
1749962454,2025-06-15 01:40:54,core-popma-10g.pop-ma.rnp.br;No-Hostname;cma1-bma1.bkb.rnp.br;cpi1-cma1-tlb.bkb.rnp.br;cce1-cpi1-chesf.bkb.rnp.br;cce2-cce1.bkb.rnp.br;crn1-cce2-chesf.bkb.rnp.br;No-Hostname;No-Hostname;monipe-rn-atraso.rnp.br
1749962874,2025-06-15 01:47:54,core-popma-10g.pop-ma.rnp.br;No-Hostname;cma1-bma1.bkb.rnp.br;cpi1-cma1-tlb.bkb.rnp.br;cce1-cpi1-chesf.bkb.rnp.br;cce2-cce1.bkb.rnp.br;crn1-cce2-chesf.bkb.rnp.br;No-Hostname;No-Hostname;monipe-rn-atraso.rnp.br
1749963378,2025-06-15 01:56:18,core-popma-10g.pop-ma.rnp.br;No-Hostname;cma1-bma1.bkb.rnp.br;cpi1-cma1-tlb.bkb.rnp.br;cce1-cpi1-chesf.bkb.rnp.br;cce2-cce1.bkb.rnp.br;crn1-cce2-chesf.bkb.rnp.br;No-Hostname;No-Hostname;monipe-rn-atraso.rnp.br
1749964049,2025-06-15 02:07:29,core-popma-10g.pop-ma.rnp.br;No-Hostname;cma1-bma1.bkb.rnp.br;cpi1-cma1-tlb.bkb.rnp.br;cce1-cpi1-chesf.bkb.rnp.br;cce2-cce1.bkb.rnp.br;crn1-cce2-chesf.bkb.rnp.br;No-Hostname;No-Hostname;monipe-rn-atraso.rnp.br
1749964601,2025-06-15 02:16:41,core-popma-10g.pop-ma.rnp.br;No-Hostname;cma1-bma1.bkb.rnp.br;cpi1-cma1-tlb.bkb.rnp.br;cce1-cpi1-chesf.bkb.rnp.br;cce2-cce1.bkb.rnp.br;crn1-cce2-chesf.bkb.rnp.br;No-Hostname;No-Hostname;monipe-rn-atraso.rnp.br
1749965440,2025-06-15 02:30:40,core-popma-10g.pop-ma.rnp.br;No-Hostname;cma1-bma1.bkb.rnp.br;cpi1-cma1-tlb.bkb.rnp.br;cce1-cpi1-chesf.bkb.rnp.br;cce2-cce1.bkb.rnp.br;crn1-cce2-chesf.bkb.rnp.br;No-Hostname;No-Hostname;monipe-rn-atraso.rnp.br
1749965964,2025-06-15 02:39:24,core-popma-10g.pop-ma.rnp.br;No-Hostname;cma1-bma1.bkb.rnp.br;cpi1-cma1-tlb.bkb.rnp.br;cce1-cpi1-chesf.bkb.rnp.br;cce2-cce1.bkb.rnp.br;crn1-cce2-chesf.bkb.rnp.br;No-Hostname;No-Hostname;monipe-rn-atraso.rnp.br
1749966484,2025-06-15 02:48:04,core-popma-10g.pop-ma.rnp.br;No-Hostname;cma1-bma1.bkb.rnp.br;cpi1-cma1-tlb.bkb.rnp.br;cce1-cpi1-chesf.bkb.rnp.br;cce2-cce1.bkb.rnp.br;crn1-cce2-chesf.bkb.rnp.br;No-Hostname;No-Hostname;monipe-rn-atraso.rnp.br
1749967024,2025-06-15 02:57:04,core-popma-10g.pop-ma.rnp.br;No-Hostname;cma1-bma1.bkb.rnp.br;cpi1-cma1-tlb.bkb.rnp.br;cce1-cpi1-chesf.bkb.rnp.br;cce2-cce1.bkb.rnp.br;crn1-cce2-chesf.bkb.rnp.br;No-Hostname;No-Hostname;monipe-rn-atraso.rnp.br
1749967667,2025-06-15 03:07:47,core-popma-10g.pop-ma.rnp.br;No-Hostname;cma1-bma1.bkb.rnp.br;cpi1-cma1-tlb.bkb.rnp.br;cce1-cpi1-chesf.bkb.rnp.br;cce2-cce1.bkb.rnp.br;crn1-cce2-chesf.bkb.rnp.br;No-Hostname;No-Hostname;monipe-rn-atraso.rnp.br
1749968168,2025-06-15 03:16:08,core-popma-10g.pop-ma.rnp.br;No-Hostname;cma1-bma1.bkb.rnp.br;cpi1-cma1-tlb.bkb.rnp.br;cce1-cpi1-chesf.bkb.rnp.br;cce2-cce1.bkb.rnp.br;crn1-cce2-chesf.bkb.rnp.br;No-Hostname;No-Hostname;monipe-rn-atraso.rnp.br
1749968756,2025-06-15 03:25:56,core-popma-10g.pop-ma.rnp.br;No-Hostname;cma1-bma1.bkb.rnp.br;cpi1-cma1-tlb.bkb.rnp.br;cce1-cpi1-chesf.bkb.rnp.br;cce2-cce1.bkb.rnp.br;crn1-cce2-chesf.bkb.rnp.br;No-Hostname;No-Hostname;monipe-rn-atraso.rnp.br
1749969546,2025-06-15 03:39:06,core-popma-10g.pop-ma.rnp.br;No-Hostname;cma1-bma1.bkb.rnp.br;cpi1-cma1-tlb.bkb.rnp.br;cce1-cpi1-chesf.bkb.rnp.br;cce2-cce1.bkb.rnp.br;crn1-cce2-chesf.bkb.rnp.br;No-Hostname;No-Hostname;monipe-rn-atraso.rnp.br
1749969791,2025-06-15 03:43:11,core-popma-10g.pop-ma.rnp.br;No-Hostname;cma1-bma1.bkb.rnp.br;cpi1-cma1-tlb.bkb.rnp.br;cce1-cpi1-chesf.bkb.rnp.br;cce2-cce1.bkb.rnp.br;crn1-cce2-chesf.bkb.rnp.br;No-Hostname;No-Hostname;monipe-rn-atraso.rnp.br
1749970818,2025-06-15 04:00:18,core-popma-10g.pop-ma.rnp.br;No-Hostname;cma1-bma1.bkb.rnp.br;cpi1-cma1-tlb.bkb.rnp.br;cce1-cpi1-chesf.bkb.rnp.br;cce2-cce1.bkb.rnp.br;crn1-cce2-chesf.bkb.rnp.br;No-Hostname;No-Hostname;monipe-rn-atraso.rnp.br
1749971370,2025-06-15 04:09:30,core-popma-10g.pop-ma.rnp.br;No-Hostname;cma1-bma1.bkb.rnp.br;cpi1-cma1-tlb.bkb.rnp.br;cce1-cpi1-chesf.bkb.rnp.br;cce2-cce1.bkb.rnp.br;crn1-cce2-chesf.bkb.rnp.br;No-Hostname;No-Hostname;monipe-rn-atraso.rnp.br
1749971982,2025-06-15 04:19:42,core-popma-10g.pop-ma.rnp.br;No-Hostname;cma1-bma1.bkb.rnp.br;cpi1-cma1-tlb.bkb.rnp.br;cce1-cpi1-chesf.bkb.rnp.br;cce2-cce1.bkb.rnp.br;crn1-cce2-chesf.bkb.rnp.br;No-Hostname;No-Hostname;monipe-rn-atraso.rnp.br
1749972570,2025-06-15 04:29:30,core-popma-10g.pop-ma.rnp.br;No-Hostname;cma1-bma1.bkb.rnp.br;cpi1-cma1-tlb.bkb.rnp.br;cce1-cpi1-chesf.bkb.rnp.br;cce2-cce1.bkb.rnp.br;crn1-cce2-chesf.bkb.rnp.br;No-Hostname;No-Hostname;monipe-rn-atraso.rnp.br
1749972794,2025-06-15 04:33:14,core-popma-10g.pop-ma.rnp.br;No-Hostname;cma1-bma1.bkb.rnp.br;cpi1-cma1-tlb.bkb.rnp.br;cce1-cpi1-chesf.bkb.rnp.br;cce2-cce1.bkb.rnp.br;crn1-cce2-chesf.bkb.rnp.br;No-Hostname;No-Hostname;monipe-rn-atraso.rnp.br
1749973851,2025-06-15 04:50:51,core-popma-10g.pop-ma.rnp.br;No-Hostname;cma1-bma1.bkb.rnp.br;cpi1-cma1-tlb.bkb.rnp.br;cce1-cpi1-chesf.bkb.rnp.br;cce2-cce1.bkb.rnp.br;crn1-cce2-chesf.bkb.rnp.br;No-Hostname;No-Hostname;monipe-rn-atraso.rnp.br
1749973989,2025-06-15 04:53:09,core-popma-10g.pop-ma.rnp.br;No-Hostname;cma1-bma1.bkb.rnp.br;cpi1-cma1-tlb.bkb.rnp.br;cce1-cpi1-chesf.bkb.rnp.br;cce2-cce1.bkb.rnp.br;crn1-cce2-chesf.bkb.rnp.br;No-Hostname;No-Hostname;monipe-rn-atraso.rnp.br
1749974834,2025-06-15 05:07:14,core-popma-10g.pop-ma.rnp.br;No-Hostname;cma1-bma1.bkb.rnp.br;cpi1-cma1-tlb.bkb.rnp.br;cce1-cpi1-chesf.bkb.rnp.br;cce2-cce1.bkb.rnp.br;crn1-cce2-chesf.bkb.rnp.br;No-Hostname;No-Hostname;monipe-rn-atraso.rnp.br
1749975427,2025-06-15 05:17:07,core-popma-10g.pop-ma.rnp.br;No-Hostname;cma1-bma1.bkb.rnp.br;cpi1-cma1-tlb.bkb.rnp.br;cce1-cpi1-chesf.bkb.rnp.br;cce2-cce1.bkb.rnp.br;crn1-cce2-chesf.bkb.rnp.br;No-Hostname;No-Hostname;monipe-rn-atraso.rnp.br
1749975966,2025-06-15 05:26:06,core-popma-10g.pop-ma.rnp.br;No-Hostname;cma1-bma1.bkb.rnp.br;cpi1-cma1-tlb.bkb.rnp.br;cce1-cpi1-chesf.bkb.rnp.br;cce2-cce1.bkb.rnp.br;crn1-cce2-chesf.bkb.rnp.br;No-Hostname;No-Hostname;monipe-rn-atraso.rnp.br
1749976615,2025-06-15 05:36:55,core-popma-10g.pop-ma.rnp.br;No-Hostname;cma1-bma1.bkb.rnp.br;cpi1-cma1-tlb.bkb.rnp.br;cce1-cpi1-chesf.bkb.rnp.br;cce2-cce1.bkb.rnp.br;crn1-cce2-chesf.bkb.rnp.br;No-Hostname;No-Hostname;monipe-rn-atraso.rnp.br
1749977177,2025-06-15 05:46:17,core-popma-10g.pop-ma.rnp.br;No-Hostname;cma1-bma1.bkb.rnp.br;cpi1-cma1-tlb.bkb.rnp.br;cce1-cpi1-chesf.bkb.rnp.br;cce2-cce1.bkb.rnp.br;crn1-cce2-chesf.bkb.rnp.br;No-Hostname;No-Hostname;monipe-rn-atraso.rnp.br
1749977761,2025-06-15 05:56:01,core-popma-10g.pop-ma.rnp.br;No-Hostname;cma1-bma1.bkb.rnp.br;cpi1-cma1-tlb.bkb.rnp.br;cce1-cpi1-chesf.bkb.rnp.br;cce2-cce1.bkb.rnp.br;crn1-cce2-chesf.bkb.rnp.br;No-Hostname;No-Hostname;monipe-rn-atraso.rnp.br
1749978618,2025-06-15 06:10:18,core-popma-10g.pop-ma.rnp.br;No-Hostname;cma1-bma1.bkb.rnp.br;cpi1-cma1-tlb.bkb.rnp.br;cce1-cpi1-chesf.bkb.rnp.br;cce2-cce1.bkb.rnp.br;crn1-cce2-chesf.bkb.rnp.br;No-Hostname;No-Hostname;monipe-rn-atraso.rnp.br
1749979241,2025-06-15 06:20:41,core-popma-10g.pop-ma.rnp.br;No-Hostname;cma1-bma1.bkb.rnp.br;cpi1-cma1-tlb.bkb.rnp.br;cce1-cpi1-chesf.bkb.rnp.br;cce2-cce1.bkb.rnp.br;crn1-cce2-chesf.bkb.rnp.br;No-Hostname;No-Hostname;monipe-rn-atraso.rnp.br
1749979908,2025-06-15 06:31:48,core-popma-10g.pop-ma.rnp.br;No-Hostname;cma1-bma1.bkb.rnp.br;cpi1-cma1-tlb.bkb.rnp.br;cce1-cpi1-chesf.bkb.rnp.br;cce2-cce1.bkb.rnp.br;crn1-cce2-chesf.bkb.rnp.br;No-Hostname;No-Hostname;monipe-rn-atraso.rnp.br
1749980376,2025-06-15 06:39:36,core-popma-10g.pop-ma.rnp.br;No-Hostname;cma1-bma1.bkb.rnp.br;cpi1-cma1-tlb.bkb.rnp.br;cce1-cpi1-chesf.bkb.rnp.br;cce2-cce1.bkb.rnp.br;crn1-cce2-chesf.bkb.rnp.br;No-Hostname;No-Hostname;monipe-rn-atraso.rnp.br
1749981026,2025-06-15 06:50:26,core-popma-10g.pop-ma.rnp.br;No-Hostname;cma1-bma1.bkb.rnp.br;cpi1-cma1-tlb.bkb.rnp.br;cce1-cpi1-chesf.bkb.rnp.br;cce2-cce1.bkb.rnp.br;crn1-cce2-chesf.bkb.rnp.br;No-Hostname;No-Hostname;monipe-rn-atraso.rnp.br
1749981485,2025-06-15 06:58:05,core-popma-10g.pop-ma.rnp.br;No-Hostname;cma1-bma1.bkb.rnp.br;cpi1-cma1-tlb.bkb.rnp.br;cce1-cpi1-chesf.bkb.rnp.br;cce2-cce1.bkb.rnp.br;crn1-cce2-chesf.bkb.rnp.br;No-Hostname;No-Hostname;monipe-rn-atraso.rnp.br
1749982266,2025-06-15 07:11:06,core-popma-10g.pop-ma.rnp.br;No-Hostname;cma1-bma1.bkb.rnp.br;cpi1-cma1-tlb.bkb.rnp.br;cce1-cpi1-chesf.bkb.rnp.br;cce2-cce1.bkb.rnp.br;crn1-cce2-chesf.bkb.rnp.br;No-Hostname;No-Hostname;monipe-rn-atraso.rnp.br
1749982477,2025-06-15 07:14:37,core-popma-10g.pop-ma.rnp.br;No-Hostname;cma1-bma1.bkb.rnp.br;cpi1-cma1-tlb.bkb.rnp.br;cce1-cpi1-chesf.bkb.rnp.br;cce2-cce1.bkb.rnp.br;crn1-cce2-chesf.bkb.rnp.br;No-Hostname;No-Hostname;monipe-rn-atraso.rnp.br
1749983341,2025-06-15 07:29:01,core-popma-10g.pop-ma.rnp.br;No-Hostname;cma1-bma1.bkb.rnp.br;cpi1-cma1-tlb.bkb.rnp.br;cce1-cpi1-chesf.bkb.rnp.br;cce2-cce1.bkb.rnp.br;crn1-cce2-chesf.bkb.rnp.br;No-Hostname;No-Hostname;monipe-rn-atraso.rnp.br
1749983918,2025-06-15 07:38:38,core-popma-10g.pop-ma.rnp.br;No-Hostname;cma1-bma1.bkb.rnp.br;cpi1-cma1-tlb.bkb.rnp.br;cce1-cpi1-chesf.bkb.rnp.br;cce2-cce1.bkb.rnp.br;crn1-cce2-chesf.bkb.rnp.br;No-Hostname;No-Hostname;monipe-rn-atraso.rnp.br
1749984711,2025-06-15 07:51:51,core-popma-10g.pop-ma.rnp.br;No-Hostname;cma1-bma1.bkb.rnp.br;cpi1-cma1-tlb.bkb.rnp.br;cce1-cpi1-chesf.bkb.rnp.br;cce2-cce1.bkb.rnp.br;crn1-cce2-chesf.bkb.rnp.br;No-Hostname;No-Hostname;monipe-rn-atraso.rnp.br
1749985151,2025-06-15 07:59:11,core-popma-10g.pop-ma.rnp.br;No-Hostname;cma1-bma1.bkb.rnp.br;cpi1-cma1-tlb.bkb.rnp.br;cce1-cpi1-chesf.bkb.rnp.br;cce2-cce1.bkb.rnp.br;crn1-cce2-chesf.bkb.rnp.br;No-Hostname;No-Hostname;monipe-rn-atraso.rnp.br
1749985617,2025-06-15 08:06:57,core-popma-10g.pop-ma.rnp.br;No-Hostname;cma1-bma1.bkb.rnp.br;cpi1-cma1-tlb.bkb.rnp.br;cce1-cpi1-chesf.bkb.rnp.br;cce2-cce1.bkb.rnp.br;crn1-cce2-chesf.bkb.rnp.br;No-Hostname;No-Hostname;monipe-rn-atraso.rnp.br
1749986226,2025-06-15 08:17:06,core-popma-10g.pop-ma.rnp.br;No-Hostname;cma1-bma1.bkb.rnp.br;cpi1-cma1-tlb.bkb.rnp.br;cce1-cpi1-chesf.bkb.rnp.br;cce2-cce1.bkb.rnp.br;crn1-cce2-chesf.bkb.rnp.br;No-Hostname;No-Hostname;monipe-rn-atraso.rnp.br
1749986800,2025-06-15 08:26:40,core-popma-10g.pop-ma.rnp.br;No-Hostname;cma1-bma1.bkb.rnp.br;cpi1-cma1-tlb.bkb.rnp.br;cce1-cpi1-chesf.bkb.rnp.br;cce2-cce1.bkb.rnp.br;crn1-cce2-chesf.bkb.rnp.br;No-Hostname;No-Hostname;monipe-rn-atraso.rnp.br
1749987379,2025-06-15 08:36:19,core-popma-10g.pop-ma.rnp.br;No-Hostname;cma1-bma1.bkb.rnp.br;cpi1-cma1-tlb.bkb.rnp.br;cce1-cpi1-chesf.bkb.rnp.br;cce2-cce1.bkb.rnp.br;crn1-cce2-chesf.bkb.rnp.br;No-Hostname;No-Hostname;monipe-rn-atraso.rnp.br
1749988137,2025-06-15 08:48:57,core-popma-10g.pop-ma.rnp.br;No-Hostname;cma1-bma1.bkb.rnp.br;cpi1-cma1-tlb.bkb.rnp.br;cce1-cpi1-chesf.bkb.rnp.br;cce2-cce1.bkb.rnp.br;crn1-cce2-chesf.bkb.rnp.br;No-Hostname;No-Hostname;monipe-rn-atraso.rnp.br
1749988837,2025-06-15 09:00:37,core-popma-10g.pop-ma.rnp.br;No-Hostname;cma1-bma1.bkb.rnp.br;cpi1-cma1-tlb.bkb.rnp.br;cce1-cpi1-chesf.bkb.rnp.br;cce2-cce1.bkb.rnp.br;crn1-cce2-chesf.bkb.rnp.br;No-Hostname;No-Hostname;monipe-rn-atraso.rnp.br
1749989651,2025-06-15 09:14:11,core-popma-10g.pop-ma.rnp.br;No-Hostname;cma1-bma1.bkb.rnp.br;cpi1-cma1-tlb.bkb.rnp.br;cce1-cpi1-chesf.bkb.rnp.br;cce2-cce1.bkb.rnp.br;crn1-cce2-chesf.bkb.rnp.br;No-Hostname;No-Hostname;monipe-rn-atraso.rnp.br
1749990419,2025-06-15 09:26:59,core-popma-10g.pop-ma.rnp.br;No-Hostname;cma1-bma1.bkb.rnp.br;cpi1-cma1-tlb.bkb.rnp.br;cce1-cpi1-chesf.bkb.rnp.br;cce2-cce1.bkb.rnp.br;crn1-cce2-chesf.bkb.rnp.br;No-Hostname;No-Hostname;monipe-rn-atraso.rnp.br
1749990798,2025-06-15 09:33:18,core-popma-10g.pop-ma.rnp.br;No-Hostname;cma1-bma1.bkb.rnp.br;cpi1-cma1-tlb.bkb.rnp.br;cce1-cpi1-chesf.bkb.rnp.br;cce2-cce1.bkb.rnp.br;crn1-cce2-chesf.bkb.rnp.br;No-Hostname;No-Hostname;monipe-rn-atraso.rnp.br
1749991623,2025-06-15 09:47:03,core-popma-10g.pop-ma.rnp.br;No-Hostname;cma1-bma1.bkb.rnp.br;cpi1-cma1-tlb.bkb.rnp.br;cce1-cpi1-chesf.bkb.rnp.br;cce2-cce1.bkb.rnp.br;crn1-cce2-chesf.bkb.rnp.br;No-Hostname;No-Hostname;monipe-rn-atraso.rnp.br
1749992037,2025-06-15 09:53:57,core-popma-10g.pop-ma.rnp.br;No-Hostname;cma1-bma1.bkb.rnp.br;cpi1-cma1-tlb.bkb.rnp.br;cce1-cpi1-chesf.bkb.rnp.br;cce2-cce1.bkb.rnp.br;crn1-cce2-chesf.bkb.rnp.br;No-Hostname;No-Hostname;monipe-rn-atraso.rnp.br
1749992840,2025-06-15 10:07:20,core-popma-10g.pop-ma.rnp.br;No-Hostname;cma1-bma1.bkb.rnp.br;cpi1-cma1-tlb.bkb.rnp.br;cce1-cpi1-chesf.bkb.rnp.br;cce2-cce1.bkb.rnp.br;crn1-cce2-chesf.bkb.rnp.br;No-Hostname;No-Hostname;monipe-rn-atraso.rnp.br
1749993208,2025-06-15 10:13:28,core-popma-10g.pop-ma.rnp.br;No-Hostname;cma1-bma1.bkb.rnp.br;cpi1-cma1-tlb.bkb.rnp.br;cce1-cpi1-chesf.bkb.rnp.br;cce2-cce1.bkb.rnp.br;crn1-cce2-chesf.bkb.rnp.br;No-Hostname;No-Hostname;monipe-rn-atraso.rnp.br
1749994275,2025-06-15 10:31:15,core-popma-10g.pop-ma.rnp.br;No-Hostname;cma1-bma1.bkb.rnp.br;cpi1-cma1-tlb.bkb.rnp.br;cce1-cpi1-chesf.bkb.rnp.br;cce2-cce1.bkb.rnp.br;crn1-cce2-chesf.bkb.rnp.br;No-Hostname;No-Hostname;monipe-rn-atraso.rnp.br
1749994451,2025-06-15 10:34:11,core-popma-10g.pop-ma.rnp.br;No-Hostname;cma1-bma1.bkb.rnp.br;cpi1-cma1-tlb.bkb.rnp.br;cce1-cpi1-chesf.bkb.rnp.br;cce2-cce1.bkb.rnp.br;crn1-cce2-chesf.bkb.rnp.br;No-Hostname;No-Hostname;monipe-rn-atraso.rnp.br
1749995133,2025-06-15 10:45:33,core-popma-10g.pop-ma.rnp.br;No-Hostname;cma1-bma1.bkb.rnp.br;cpi1-cma1-tlb.bkb.rnp.br;cce1-cpi1-chesf.bkb.rnp.br;cce2-cce1.bkb.rnp.br;crn1-cce2-chesf.bkb.rnp.br;No-Hostname;No-Hostname;monipe-rn-atraso.rnp.br
1749995799,2025-06-15 10:56:39,core-popma-10g.pop-ma.rnp.br;No-Hostname;cma1-bma1.bkb.rnp.br;cpi1-cma1-tlb.bkb.rnp.br;cce1-cpi1-chesf.bkb.rnp.br;cce2-cce1.bkb.rnp.br;crn1-cce2-chesf.bkb.rnp.br;No-Hostname;No-Hostname;monipe-rn-atraso.rnp.br
1749996228,2025-06-15 11:03:48,core-popma-10g.pop-ma.rnp.br;No-Hostname;cma1-bma1.bkb.rnp.br;cpi1-cma1-tlb.bkb.rnp.br;cce1-cpi1-chesf.bkb.rnp.br;cce2-cce1.bkb.rnp.br;crn1-cce2-chesf.bkb.rnp.br;No-Hostname;No-Hostname;monipe-rn-atraso.rnp.br
1749997007,2025-06-15 11:16:47,core-popma-10g.pop-ma.rnp.br;No-Hostname;cma1-bma1.bkb.rnp.br;cpi1-cma1-tlb.bkb.rnp.br;cce1-cpi1-chesf.bkb.rnp.br;cce2-cce1.bkb.rnp.br;crn1-cce2-chesf.bkb.rnp.br;No-Hostname;No-Hostname;monipe-rn-atraso.rnp.br
1749997574,2025-06-15 11:26:14,core-popma-10g.pop-ma.rnp.br;No-Hostname;cma1-bma1.bkb.rnp.br;cpi1-cma1-tlb.bkb.rnp.br;cce1-cpi1-chesf.bkb.rnp.br;cce2-cce1.bkb.rnp.br;crn1-cce2-chesf.bkb.rnp.br;No-Hostname;No-Hostname;monipe-rn-atraso.rnp.br
1749998427,2025-06-15 11:40:27,core-popma-10g.pop-ma.rnp.br;No-Hostname;cma1-bma1.bkb.rnp.br;cpi1-cma1-tlb.bkb.rnp.br;cce1-cpi1-chesf.bkb.rnp.br;cce2-cce1.bkb.rnp.br;crn1-cce2-chesf.bkb.rnp.br;No-Hostname;No-Hostname;monipe-rn-atraso.rnp.br
1749998760,2025-06-15 11:46:00,core-popma-10g.pop-ma.rnp.br;No-Hostname;cma1-bma1.bkb.rnp.br;cpi1-cma1-tlb.bkb.rnp.br;cce1-cpi1-chesf.bkb.rnp.br;cce2-cce1.bkb.rnp.br;crn1-cce2-chesf.bkb.rnp.br;No-Hostname;No-Hostname;monipe-rn-atraso.rnp.br
1749999273,2025-06-15 11:54:33,core-popma-10g.pop-ma.rnp.br;No-Hostname;cma1-bma1.bkb.rnp.br;cpi1-cma1-tlb.bkb.rnp.br;cce1-cpi1-chesf.bkb.rnp.br;cce2-cce1.bkb.rnp.br;crn1-cce2-chesf.bkb.rnp.br;No-Hostname;No-Hostname;monipe-rn-atraso.rnp.br
1750000065,2025-06-15 12:07:45,core-popma-10g.pop-ma.rnp.br;No-Hostname;cma1-bma1.bkb.rnp.br;cpi1-cma1-tlb.bkb.rnp.br;cce1-cpi1-chesf.bkb.rnp.br;cce2-cce1.bkb.rnp.br;crn1-cce2-chesf.bkb.rnp.br;No-Hostname;No-Hostname;monipe-rn-atraso.rnp.br
1750000882,2025-06-15 12:21:22,core-popma-10g.pop-ma.rnp.br;No-Hostname;cma1-bma1.bkb.rnp.br;cpi1-cma1-tlb.bkb.rnp.br;cce1-cpi1-chesf.bkb.rnp.br;cce2-cce1.bkb.rnp.br;crn1-cce2-chesf.bkb.rnp.br;No-Hostname;No-Hostname;monipe-rn-atraso.rnp.br
1750001245,2025-06-15 12:27:25,core-popma-10g.pop-ma.rnp.br;No-Hostname;cma1-bma1.bkb.rnp.br;cpi1-cma1-tlb.bkb.rnp.br;cce1-cpi1-chesf.bkb.rnp.br;cce2-cce1.bkb.rnp.br;crn1-cce2-chesf.bkb.rnp.br;No-Hostname;No-Hostname;monipe-rn-atraso.rnp.br
1750001944,2025-06-15 12:39:04,core-popma-10g.pop-ma.rnp.br;No-Hostname;cma1-bma1.bkb.rnp.br;cpi1-cma1-tlb.bkb.rnp.br;cce1-cpi1-chesf.bkb.rnp.br;cce2-cce1.bkb.rnp.br;crn1-cce2-chesf.bkb.rnp.br;No-Hostname;No-Hostname;monipe-rn-atraso.rnp.br
1750002677,2025-06-15 12:51:17,core-popma-10g.pop-ma.rnp.br;No-Hostname;cma1-bma1.bkb.rnp.br;cpi1-cma1-tlb.bkb.rnp.br;cce1-cpi1-chesf.bkb.rnp.br;cce2-cce1.bkb.rnp.br;crn1-cce2-chesf.bkb.rnp.br;No-Hostname;No-Hostname;monipe-rn-atraso.rnp.br
1750002966,2025-06-15 12:56:06,core-popma-10g.pop-ma.rnp.br;No-Hostname;cma1-bma1.bkb.rnp.br;cpi1-cma1-tlb.bkb.rnp.br;cce1-cpi1-chesf.bkb.rnp.br;cce2-cce1.bkb.rnp.br;crn1-cce2-chesf.bkb.rnp.br;No-Hostname;No-Hostname;monipe-rn-atraso.rnp.br
1750003438,2025-06-15 13:03:58,core-popma-10g.pop-ma.rnp.br;No-Hostname;cma1-bma1.bkb.rnp.br;cpi1-cma1-tlb.bkb.rnp.br;cce1-cpi1-chesf.bkb.rnp.br;cce2-cce1.bkb.rnp.br;crn1-cce2-chesf.bkb.rnp.br;No-Hostname;No-Hostname;monipe-rn-atraso.rnp.br
1750004021,2025-06-15 13:13:41,core-popma-10g.pop-ma.rnp.br;No-Hostname;cma1-bma1.bkb.rnp.br;cpi1-cma1-tlb.bkb.rnp.br;cce1-cpi1-chesf.bkb.rnp.br;cce2-cce1.bkb.rnp.br;crn1-cce2-chesf.bkb.rnp.br;No-Hostname;No-Hostname;monipe-rn-atraso.rnp.br
1750004660,2025-06-15 13:24:20,core-popma-10g.pop-ma.rnp.br;No-Hostname;cma1-bma1.bkb.rnp.br;cpi1-cma1-tlb.bkb.rnp.br;cce1-cpi1-chesf.bkb.rnp.br;cce2-cce1.bkb.rnp.br;crn1-cce2-chesf.bkb.rnp.br;No-Hostname;No-Hostname;monipe-rn-atraso.rnp.br
1750005271,2025-06-15 13:34:31,core-popma-10g.pop-ma.rnp.br;No-Hostname;cma1-bma1.bkb.rnp.br;cpi1-cma1-tlb.bkb.rnp.br;cce1-cpi1-chesf.bkb.rnp.br;cce2-cce1.bkb.rnp.br;crn1-cce2-chesf.bkb.rnp.br;No-Hostname;No-Hostname;monipe-rn-atraso.rnp.br
1750005900,2025-06-15 13:45:00,core-popma-10g.pop-ma.rnp.br;No-Hostname;cma1-bma1.bkb.rnp.br;cpi1-cma1-tlb.bkb.rnp.br;cce1-cpi1-chesf.bkb.rnp.br;cce2-cce1.bkb.rnp.br;crn1-cce2-chesf.bkb.rnp.br;No-Hostname;No-Hostname;monipe-rn-atraso.rnp.br
1750006583,2025-06-15 13:56:23,core-popma-10g.pop-ma.rnp.br;No-Hostname;cma1-bma1.bkb.rnp.br;cpi1-cma1-tlb.bkb.rnp.br;cce1-cpi1-chesf.bkb.rnp.br;cce2-cce1.bkb.rnp.br;crn1-cce2-chesf.bkb.rnp.br;No-Hostname;No-Hostname;monipe-rn-atraso.rnp.br
1750007396,2025-06-15 14:09:56,core-popma-10g.pop-ma.rnp.br;No-Hostname;cma1-bma1.bkb.rnp.br;cpi1-cma1-tlb.bkb.rnp.br;cce1-cpi1-chesf.bkb.rnp.br;cce2-cce1.bkb.rnp.br;crn1-cce2-chesf.bkb.rnp.br;No-Hostname;No-Hostname;monipe-rn-atraso.rnp.br
1750007861,2025-06-15 14:17:41,core-popma-10g.pop-ma.rnp.br;No-Hostname;cma1-bma1.bkb.rnp.br;cpi1-cma1-tlb.bkb.rnp.br;cce1-cpi1-chesf.bkb.rnp.br;cce2-cce1.bkb.rnp.br;crn1-cce2-chesf.bkb.rnp.br;No-Hostname;No-Hostname;monipe-rn-atraso.rnp.br
1750008344,2025-06-15 14:25:44,core-popma-10g.pop-ma.rnp.br;No-Hostname;cma1-bma1.bkb.rnp.br;cpi1-cma1-tlb.bkb.rnp.br;cce1-cpi1-chesf.bkb.rnp.br;cce2-cce1.bkb.rnp.br;crn1-cce2-chesf.bkb.rnp.br;No-Hostname;No-Hostname;monipe-rn-atraso.rnp.br
1750008935,2025-06-15 14:35:35,core-popma-10g.pop-ma.rnp.br;No-Hostname;cma1-bma1.bkb.rnp.br;cpi1-cma1-tlb.bkb.rnp.br;cce1-cpi1-chesf.bkb.rnp.br;cce2-cce1.bkb.rnp.br;crn1-cce2-chesf.bkb.rnp.br;No-Hostname;No-Hostname;monipe-rn-atraso.rnp.br
1750009743,2025-06-15 14:49:03,core-popma-10g.pop-ma.rnp.br;No-Hostname;cma1-bma1.bkb.rnp.br;cpi1-cma1-tlb.bkb.rnp.br;cce1-cpi1-chesf.bkb.rnp.br;cce2-cce1.bkb.rnp.br;crn1-cce2-chesf.bkb.rnp.br;No-Hostname;No-Hostname;monipe-rn-atraso.rnp.br
1750009984,2025-06-15 14:53:04,core-popma-10g.pop-ma.rnp.br;No-Hostname;cma1-bma1.bkb.rnp.br;cpi1-cma1-tlb.bkb.rnp.br;cce1-cpi1-chesf.bkb.rnp.br;cce2-cce1.bkb.rnp.br;crn1-cce2-chesf.bkb.rnp.br;No-Hostname;No-Hostname;monipe-rn-atraso.rnp.br
1750011099,2025-06-15 15:11:39,core-popma-10g.pop-ma.rnp.br;No-Hostname;cma1-bma1.bkb.rnp.br;cpi1-cma1-tlb.bkb.rnp.br;cce1-cpi1-chesf.bkb.rnp.br;cce2-cce1.bkb.rnp.br;crn1-cce2-chesf.bkb.rnp.br;No-Hostname;No-Hostname;monipe-rn-atraso.rnp.br
1750012098,2025-06-15 15:28:18,core-popma-10g.pop-ma.rnp.br;No-Hostname;cma1-bma1.bkb.rnp.br;cpi1-cma1-tlb.bkb.rnp.br;cce1-cpi1-chesf.bkb.rnp.br;cce2-cce1.bkb.rnp.br;crn1-cce2-chesf.bkb.rnp.br;No-Hostname;No-Hostname;monipe-rn-atraso.rnp.br
1750012708,2025-06-15 15:38:28,core-popma-10g.pop-ma.rnp.br;No-Hostname;cma1-bma1.bkb.rnp.br;cpi1-cma1-tlb.bkb.rnp.br;cce1-cpi1-chesf.bkb.rnp.br;cce2-cce1.bkb.rnp.br;crn1-cce2-chesf.bkb.rnp.br;No-Hostname;No-Hostname;monipe-rn-atraso.rnp.br
1750013973,2025-06-15 15:59:33,core-popma-10g.pop-ma.rnp.br;No-Hostname;cma1-bma1.bkb.rnp.br;cpi1-cma1-tlb.bkb.rnp.br;cce1-cpi1-chesf.bkb.rnp.br;cce2-cce1.bkb.rnp.br;crn1-cce2-chesf.bkb.rnp.br;No-Hostname;No-Hostname;monipe-rn-atraso.rnp.br
1750014250,2025-06-15 16:04:10,core-popma-10g.pop-ma.rnp.br;No-Hostname;cma1-bma1.bkb.rnp.br;cpi1-cma1-tlb.bkb.rnp.br;cce1-cpi1-chesf.bkb.rnp.br;cce2-cce1.bkb.rnp.br;crn1-cce2-chesf.bkb.rnp.br;No-Hostname;No-Hostname;monipe-rn-atraso.rnp.br
1750015162,2025-06-15 16:19:22,core-popma-10g.pop-ma.rnp.br;No-Hostname;cma1-bma1.bkb.rnp.br;cpi1-cma1-tlb.bkb.rnp.br;cce1-cpi1-chesf.bkb.rnp.br;cce2-cce1.bkb.rnp.br;crn1-cce2-chesf.bkb.rnp.br;No-Hostname;No-Hostname;monipe-rn-atraso.rnp.br
1750015895,2025-06-15 16:31:35,core-popma-10g.pop-ma.rnp.br;No-Hostname;cma1-bma1.bkb.rnp.br;cpi1-cma1-tlb.bkb.rnp.br;cce1-cpi1-chesf.bkb.rnp.br;cce2-cce1.bkb.rnp.br;crn1-cce2-chesf.bkb.rnp.br;No-Hostname;No-Hostname;monipe-rn-atraso.rnp.br
1750016318,2025-06-15 16:38:38,core-popma-10g.pop-ma.rnp.br;No-Hostname;cma1-bma1.bkb.rnp.br;cpi1-cma1-tlb.bkb.rnp.br;cce1-cpi1-chesf.bkb.rnp.br;cce2-cce1.bkb.rnp.br;crn1-cce2-chesf.bkb.rnp.br;No-Hostname;No-Hostname;monipe-rn-atraso.rnp.br
1750017022,2025-06-15 16:50:22,core-popma-10g.pop-ma.rnp.br;No-Hostname;cma1-bma1.bkb.rnp.br;cpi1-cma1-tlb.bkb.rnp.br;cce1-cpi1-chesf.bkb.rnp.br;cce2-cce1.bkb.rnp.br;crn1-cce2-chesf.bkb.rnp.br;No-Hostname;No-Hostname;monipe-rn-atraso.rnp.br
1750017298,2025-06-15 16:54:58,core-popma-10g.pop-ma.rnp.br;No-Hostname;cma1-bma1.bkb.rnp.br;cpi1-cma1-tlb.bkb.rnp.br;cce1-cpi1-chesf.bkb.rnp.br;cce2-cce1.bkb.rnp.br;crn1-cce2-chesf.bkb.rnp.br;No-Hostname;No-Hostname;monipe-rn-atraso.rnp.br
1750017823,2025-06-15 17:03:43,core-popma-10g.pop-ma.rnp.br;No-Hostname;cma1-bma1.bkb.rnp.br;cpi1-cma1-tlb.bkb.rnp.br;cce1-cpi1-chesf.bkb.rnp.br;cce2-cce1.bkb.rnp.br;crn1-cce2-chesf.bkb.rnp.br;No-Hostname;No-Hostname;monipe-rn-atraso.rnp.br
1750018784,2025-06-15 17:19:44,core-popma-10g.pop-ma.rnp.br;No-Hostname;cma1-bma1.bkb.rnp.br;cpi1-cma1-tlb.bkb.rnp.br;cce1-cpi1-chesf.bkb.rnp.br;cce2-cce1.bkb.rnp.br;crn1-cce2-chesf.bkb.rnp.br;No-Hostname;No-Hostname;monipe-rn-atraso.rnp.br
1750019137,2025-06-15 17:25:37,core-popma-10g.pop-ma.rnp.br;No-Hostname;cma1-bma1.bkb.rnp.br;cpi1-cma1-tlb.bkb.rnp.br;cce1-cpi1-chesf.bkb.rnp.br;cce2-cce1.bkb.rnp.br;crn1-cce2-chesf.bkb.rnp.br;No-Hostname;No-Hostname;monipe-rn-atraso.rnp.br
1750019760,2025-06-15 17:36:00,core-popma-10g.pop-ma.rnp.br;No-Hostname;cma1-bma1.bkb.rnp.br;cpi1-cma1-tlb.bkb.rnp.br;cce1-cpi1-chesf.bkb.rnp.br;cce2-cce1.bkb.rnp.br;crn1-cce2-chesf.bkb.rnp.br;No-Hostname;No-Hostname;monipe-rn-atraso.rnp.br
1750020307,2025-06-15 17:45:07,core-popma-10g.pop-ma.rnp.br;No-Hostname;cma1-bma1.bkb.rnp.br;cpi1-cma1-tlb.bkb.rnp.br;cce1-cpi1-chesf.bkb.rnp.br;cce2-cce1.bkb.rnp.br;crn1-cce2-chesf.bkb.rnp.br;No-Hostname;No-Hostname;monipe-rn-atraso.rnp.br
1750021293,2025-06-15 18:01:33,core-popma-10g.pop-ma.rnp.br;No-Hostname;cma1-bma1.bkb.rnp.br;cpi1-cma1-tlb.bkb.rnp.br;cce1-cpi1-chesf.bkb.rnp.br;cce2-cce1.bkb.rnp.br;crn1-cce2-chesf.bkb.rnp.br;No-Hostname;No-Hostname;monipe-rn-atraso.rnp.br
1750021675,2025-06-15 18:07:55,core-popma-10g.pop-ma.rnp.br;No-Hostname;cma1-bma1.bkb.rnp.br;cpi1-cma1-tlb.bkb.rnp.br;cce1-cpi1-chesf.bkb.rnp.br;cce2-cce1.bkb.rnp.br;crn1-cce2-chesf.bkb.rnp.br;No-Hostname;No-Hostname;monipe-rn-atraso.rnp.br
1750022495,2025-06-15 18:21:35,core-popma-10g.pop-ma.rnp.br;No-Hostname;cma1-bma1.bkb.rnp.br;cpi1-cma1-tlb.bkb.rnp.br;cce1-cpi1-chesf.bkb.rnp.br;cce2-cce1.bkb.rnp.br;crn1-cce2-chesf.bkb.rnp.br;No-Hostname;No-Hostname;monipe-rn-atraso.rnp.br
1750022889,2025-06-15 18:28:09,core-popma-10g.pop-ma.rnp.br;No-Hostname;cma1-bma1.bkb.rnp.br;cpi1-cma1-tlb.bkb.rnp.br;cce1-cpi1-chesf.bkb.rnp.br;cce2-cce1.bkb.rnp.br;crn1-cce2-chesf.bkb.rnp.br;No-Hostname;No-Hostname;monipe-rn-atraso.rnp.br
1750023267,2025-06-15 18:34:27,core-popma-10g.pop-ma.rnp.br;No-Hostname;cma1-bma1.bkb.rnp.br;cpi1-cma1-tlb.bkb.rnp.br;cce1-cpi1-chesf.bkb.rnp.br;cce2-cce1.bkb.rnp.br;crn1-cce2-chesf.bkb.rnp.br;No-Hostname;No-Hostname;monipe-rn-atraso.rnp.br
1750023894,2025-06-15 18:44:54,core-popma-10g.pop-ma.rnp.br;No-Hostname;cma1-bma1.bkb.rnp.br;cpi1-cma1-tlb.bkb.rnp.br;cce1-cpi1-chesf.bkb.rnp.br;cce2-cce1.bkb.rnp.br;crn1-cce2-chesf.bkb.rnp.br;No-Hostname;No-Hostname;monipe-rn-atraso.rnp.br
1750024526,2025-06-15 18:55:26,core-popma-10g.pop-ma.rnp.br;No-Hostname;cma1-bma1.bkb.rnp.br;cpi1-cma1-tlb.bkb.rnp.br;cce1-cpi1-chesf.bkb.rnp.br;cce2-cce1.bkb.rnp.br;crn1-cce2-chesf.bkb.rnp.br;No-Hostname;No-Hostname;monipe-rn-atraso.rnp.br
1750025061,2025-06-15 19:04:21,core-popma-10g.pop-ma.rnp.br;No-Hostname;cma1-bma1.bkb.rnp.br;cpi1-cma1-tlb.bkb.rnp.br;cce1-cpi1-chesf.bkb.rnp.br;cce2-cce1.bkb.rnp.br;crn1-cce2-chesf.bkb.rnp.br;No-Hostname;No-Hostname;monipe-rn-atraso.rnp.br
1750025980,2025-06-15 19:19:40,core-popma-10g.pop-ma.rnp.br;No-Hostname;cma1-bma1.bkb.rnp.br;cpi1-cma1-tlb.bkb.rnp.br;cce1-cpi1-chesf.bkb.rnp.br;cce2-cce1.bkb.rnp.br;crn1-cce2-chesf.bkb.rnp.br;No-Hostname;No-Hostname;monipe-rn-atraso.rnp.br
1750026181,2025-06-15 19:23:01,core-popma-10g.pop-ma.rnp.br;No-Hostname;cma1-bma1.bkb.rnp.br;cpi1-cma1-tlb.bkb.rnp.br;cce1-cpi1-chesf.bkb.rnp.br;cce2-cce1.bkb.rnp.br;crn1-cce2-chesf.bkb.rnp.br;No-Hostname;No-Hostname;monipe-rn-atraso.rnp.br
1750026899,2025-06-15 19:34:59,core-popma-10g.pop-ma.rnp.br;No-Hostname;cma1-bma1.bkb.rnp.br;cpi1-cma1-tlb.bkb.rnp.br;cce1-cpi1-chesf.bkb.rnp.br;cce2-cce1.bkb.rnp.br;crn1-cce2-chesf.bkb.rnp.br;No-Hostname;No-Hostname;monipe-rn-atraso.rnp.br
1750027453,2025-06-15 19:44:13,core-popma-10g.pop-ma.rnp.br;No-Hostname;cma1-bma1.bkb.rnp.br;cpi1-cma1-tlb.bkb.rnp.br;cce1-cpi1-chesf.bkb.rnp.br;cce2-cce1.bkb.rnp.br;crn1-cce2-chesf.bkb.rnp.br;No-Hostname;No-Hostname;monipe-rn-atraso.rnp.br
1750028166,2025-06-15 19:56:06,core-popma-10g.pop-ma.rnp.br;No-Hostname;cma1-bma1.bkb.rnp.br;cpi1-cma1-tlb.bkb.rnp.br;cce1-cpi1-chesf.bkb.rnp.br;cce2-cce1.bkb.rnp.br;crn1-cce2-chesf.bkb.rnp.br;No-Hostname;No-Hostname;monipe-rn-atraso.rnp.br
1750028616,2025-06-15 20:03:36,core-popma-10g.pop-ma.rnp.br;No-Hostname;cma1-bma1.bkb.rnp.br;cpi1-cma1-tlb.bkb.rnp.br;cce1-cpi1-chesf.bkb.rnp.br;cce2-cce1.bkb.rnp.br;crn1-cce2-chesf.bkb.rnp.br;No-Hostname;No-Hostname;monipe-rn-atraso.rnp.br
1750029266,2025-06-15 20:14:26,core-popma-10g.pop-ma.rnp.br;No-Hostname;cma1-bma1.bkb.rnp.br;cpi1-cma1-tlb.bkb.rnp.br;cce1-cpi1-chesf.bkb.rnp.br;cce2-cce1.bkb.rnp.br;crn1-cce2-chesf.bkb.rnp.br;No-Hostname;No-Hostname;monipe-rn-atraso.rnp.br
1750030155,2025-06-15 20:29:15,core-popma-10g.pop-ma.rnp.br;No-Hostname;cma1-bma1.bkb.rnp.br;cpi1-cma1-tlb.bkb.rnp.br;cce1-cpi1-chesf.bkb.rnp.br;cce2-cce1.bkb.rnp.br;crn1-cce2-chesf.bkb.rnp.br;No-Hostname;No-Hostname;monipe-rn-atraso.rnp.br
1750030461,2025-06-15 20:34:21,core-popma-10g.pop-ma.rnp.br;No-Hostname;cma1-bma1.bkb.rnp.br;cpi1-cma1-tlb.bkb.rnp.br;cce1-cpi1-chesf.bkb.rnp.br;cce2-cce1.bkb.rnp.br;crn1-cce2-chesf.bkb.rnp.br;No-Hostname;No-Hostname;monipe-rn-atraso.rnp.br
1750030981,2025-06-15 20:43:01,core-popma-10g.pop-ma.rnp.br;No-Hostname;cma1-bma1.bkb.rnp.br;cpi1-cma1-tlb.bkb.rnp.br;cce1-cpi1-chesf.bkb.rnp.br;cce2-cce1.bkb.rnp.br;crn1-cce2-chesf.bkb.rnp.br;No-Hostname;No-Hostname;monipe-rn-atraso.rnp.br
1750032009,2025-06-15 21:00:09,core-popma-10g.pop-ma.rnp.br;No-Hostname;cma1-bma1.bkb.rnp.br;cpi1-cma1-tlb.bkb.rnp.br;cce1-cpi1-chesf.bkb.rnp.br;cce2-cce1.bkb.rnp.br;crn1-cce2-chesf.bkb.rnp.br;No-Hostname;No-Hostname;monipe-rn-atraso.rnp.br
1750032254,2025-06-15 21:04:14,core-popma-10g.pop-ma.rnp.br;No-Hostname;cma1-bma1.bkb.rnp.br;cpi1-cma1-tlb.bkb.rnp.br;cce1-cpi1-chesf.bkb.rnp.br;cce2-cce1.bkb.rnp.br;crn1-cce2-chesf.bkb.rnp.br;No-Hostname;No-Hostname;monipe-rn-atraso.rnp.br
1750032831,2025-06-15 21:13:51,core-popma-10g.pop-ma.rnp.br;No-Hostname;cma1-bma1.bkb.rnp.br;cpi1-cma1-tlb.bkb.rnp.br;cce1-cpi1-chesf.bkb.rnp.br;cce2-cce1.bkb.rnp.br;crn1-cce2-chesf.bkb.rnp.br;No-Hostname;No-Hostname;monipe-rn-atraso.rnp.br
1750033431,2025-06-15 21:23:51,core-popma-10g.pop-ma.rnp.br;No-Hostname;cma1-bma1.bkb.rnp.br;cpi1-cma1-tlb.bkb.rnp.br;cce1-cpi1-chesf.bkb.rnp.br;cce2-cce1.bkb.rnp.br;crn1-cce2-chesf.bkb.rnp.br;No-Hostname;No-Hostname;monipe-rn-atraso.rnp.br
1750034118,2025-06-15 21:35:18,core-popma-10g.pop-ma.rnp.br;No-Hostname;cma1-bma1.bkb.rnp.br;cpi1-cma1-tlb.bkb.rnp.br;cce1-cpi1-chesf.bkb.rnp.br;cce2-cce1.bkb.rnp.br;crn1-cce2-chesf.bkb.rnp.br;No-Hostname;No-Hostname;monipe-rn-atraso.rnp.br
1750034658,2025-06-15 21:44:18,core-popma-10g.pop-ma.rnp.br;No-Hostname;cma1-bma1.bkb.rnp.br;cpi1-cma1-tlb.bkb.rnp.br;cce1-cpi1-chesf.bkb.rnp.br;cce2-cce1.bkb.rnp.br;crn1-cce2-chesf.bkb.rnp.br;No-Hostname;No-Hostname;monipe-rn-atraso.rnp.br
1750035568,2025-06-15 21:59:28,core-popma-10g.pop-ma.rnp.br;No-Hostname;cma1-bma1.bkb.rnp.br;cpi1-cma1-tlb.bkb.rnp.br;cce1-cpi1-chesf.bkb.rnp.br;cce2-cce1.bkb.rnp.br;crn1-cce2-chesf.bkb.rnp.br;No-Hostname;No-Hostname;monipe-rn-atraso.rnp.br
1750036181,2025-06-15 22:09:41,core-popma-10g.pop-ma.rnp.br;No-Hostname;cma1-bma1.bkb.rnp.br;cpi1-cma1-tlb.bkb.rnp.br;cce1-cpi1-chesf.bkb.rnp.br;cce2-cce1.bkb.rnp.br;crn1-cce2-chesf.bkb.rnp.br;No-Hostname;No-Hostname;monipe-rn-atraso.rnp.br
1750036417,2025-06-15 22:13:37,core-popma-10g.pop-ma.rnp.br;No-Hostname;cma1-bma1.bkb.rnp.br;cpi1-cma1-tlb.bkb.rnp.br;cce1-cpi1-chesf.bkb.rnp.br;cce2-cce1.bkb.rnp.br;crn1-cce2-chesf.bkb.rnp.br;No-Hostname;No-Hostname;monipe-rn-atraso.rnp.br
1750037023,2025-06-15 22:23:43,core-popma-10g.pop-ma.rnp.br;No-Hostname;cma1-bma1.bkb.rnp.br;cpi1-cma1-tlb.bkb.rnp.br;cce1-cpi1-chesf.bkb.rnp.br;cce2-cce1.bkb.rnp.br;crn1-cce2-chesf.bkb.rnp.br;No-Hostname;No-Hostname;monipe-rn-atraso.rnp.br
1750037731,2025-06-15 22:35:31,core-popma-10g.pop-ma.rnp.br;No-Hostname;cma1-bma1.bkb.rnp.br;cpi1-cma1-tlb.bkb.rnp.br;cce1-cpi1-chesf.bkb.rnp.br;cce2-cce1.bkb.rnp.br;crn1-cce2-chesf.bkb.rnp.br;No-Hostname;No-Hostname;monipe-rn-atraso.rnp.br
1750038560,2025-06-15 22:49:20,core-popma-10g.pop-ma.rnp.br;No-Hostname;cma1-bma1.bkb.rnp.br;cpi1-cma1-tlb.bkb.rnp.br;cce1-cpi1-chesf.bkb.rnp.br;cce2-cce1.bkb.rnp.br;crn1-cce2-chesf.bkb.rnp.br;No-Hostname;No-Hostname;monipe-rn-atraso.rnp.br
1750039290,2025-06-15 23:01:30,core-popma-10g.pop-ma.rnp.br;No-Hostname;cma1-bma1.bkb.rnp.br;cpi1-cma1-tlb.bkb.rnp.br;cce1-cpi1-chesf.bkb.rnp.br;cce2-cce1.bkb.rnp.br;crn1-cce2-chesf.bkb.rnp.br;No-Hostname;No-Hostname;monipe-rn-atraso.rnp.br
1750039558,2025-06-15 23:05:58,core-popma-10g.pop-ma.rnp.br;No-Hostname;cma1-bma1.bkb.rnp.br;cpi1-cma1-tlb.bkb.rnp.br;cce1-cpi1-chesf.bkb.rnp.br;cce2-cce1.bkb.rnp.br;crn1-cce2-chesf.bkb.rnp.br;No-Hostname;No-Hostname;monipe-rn-atraso.rnp.br
1750040248,2025-06-15 23:17:28,core-popma-10g.pop-ma.rnp.br;No-Hostname;cma1-bma1.bkb.rnp.br;cpi1-cma1-tlb.bkb.rnp.br;cce1-cpi1-chesf.bkb.rnp.br;cce2-cce1.bkb.rnp.br;crn1-cce2-chesf.bkb.rnp.br;No-Hostname;No-Hostname;monipe-rn-atraso.rnp.br
1750041084,2025-06-15 23:31:24,core-popma-10g.pop-ma.rnp.br;No-Hostname;cma1-bma1.bkb.rnp.br;cpi1-cma1-tlb.bkb.rnp.br;cce1-cpi1-chesf.bkb.rnp.br;cce2-cce1.bkb.rnp.br;crn1-cce2-chesf.bkb.rnp.br;No-Hostname;No-Hostname;monipe-rn-atraso.rnp.br
1750041670,2025-06-15 23:41:10,core-popma-10g.pop-ma.rnp.br;No-Hostname;cma1-bma1.bkb.rnp.br;cpi1-cma1-tlb.bkb.rnp.br;cce1-cpi1-chesf.bkb.rnp.br;cce2-cce1.bkb.rnp.br;crn1-cce2-chesf.bkb.rnp.br;No-Hostname;No-Hostname;monipe-rn-atraso.rnp.br
1750042114,2025-06-15 23:48:34,core-popma-10g.pop-ma.rnp.br;No-Hostname;cma1-bma1.bkb.rnp.br;cpi1-cma1-tlb.bkb.rnp.br;cce1-cpi1-chesf.bkb.rnp.br;cce2-cce1.bkb.rnp.br;crn1-cce2-chesf.bkb.rnp.br;No-Hostname;No-Hostname;monipe-rn-atraso.rnp.br
1750042890,2025-06-16 00:01:30,core-popma-10g.pop-ma.rnp.br;No-Hostname;cma1-bma1.bkb.rnp.br;cpi1-cma1-tlb.bkb.rnp.br;cce1-cpi1-chesf.bkb.rnp.br;cce2-cce1.bkb.rnp.br;crn1-cce2-chesf.bkb.rnp.br;No-Hostname;No-Hostname;monipe-rn-atraso.rnp.br
1750042984,2025-06-16 00:03:04,core-popma-10g.pop-ma.rnp.br;No-Hostname;cma1-bma1.bkb.rnp.br;cpi1-cma1-tlb.bkb.rnp.br;cce1-cpi1-chesf.bkb.rnp.br;cce2-cce1.bkb.rnp.br;crn1-cce2-chesf.bkb.rnp.br;No-Hostname;No-Hostname;monipe-rn-atraso.rnp.br
1750044002,2025-06-16 00:20:02,core-popma-10g.pop-ma.rnp.br;No-Hostname;cma1-bma1.bkb.rnp.br;cpi1-cma1-tlb.bkb.rnp.br;cce1-cpi1-chesf.bkb.rnp.br;cce2-cce1.bkb.rnp.br;crn1-cce2-chesf.bkb.rnp.br;No-Hostname;No-Hostname;monipe-rn-atraso.rnp.br
1750044283,2025-06-16 00:24:43,core-popma-10g.pop-ma.rnp.br;No-Hostname;cma1-bma1.bkb.rnp.br;cpi1-cma1-tlb.bkb.rnp.br;cce1-cpi1-chesf.bkb.rnp.br;cce2-cce1.bkb.rnp.br;crn1-cce2-chesf.bkb.rnp.br;No-Hostname;No-Hostname;monipe-rn-atraso.rnp.br
1750045303,2025-06-16 00:41:43,core-popma-10g.pop-ma.rnp.br;No-Hostname;cma1-bma1.bkb.rnp.br;cpi1-cma1-tlb.bkb.rnp.br;cce1-cpi1-chesf.bkb.rnp.br;cce2-cce1.bkb.rnp.br;crn1-cce2-chesf.bkb.rnp.br;No-Hostname;No-Hostname;monipe-rn-atraso.rnp.br
1750045733,2025-06-16 00:48:53,core-popma-10g.pop-ma.rnp.br;No-Hostname;cma1-bma1.bkb.rnp.br;cpi1-cma1-tlb.bkb.rnp.br;cce1-cpi1-chesf.bkb.rnp.br;cce2-cce1.bkb.rnp.br;crn1-cce2-chesf.bkb.rnp.br;No-Hostname;No-Hostname;monipe-rn-atraso.rnp.br
1750046076,2025-06-16 00:54:36,core-popma-10g.pop-ma.rnp.br;No-Hostname;cma1-bma1.bkb.rnp.br;cpi1-cma1-tlb.bkb.rnp.br;cce1-cpi1-chesf.bkb.rnp.br;cce2-cce1.bkb.rnp.br;crn1-cce2-chesf.bkb.rnp.br;No-Hostname;No-Hostname;monipe-rn-atraso.rnp.br
1750047066,2025-06-16 01:11:06,core-popma-10g.pop-ma.rnp.br;No-Hostname;cma1-bma1.bkb.rnp.br;cpi1-cma1-tlb.bkb.rnp.br;cce1-cpi1-chesf.bkb.rnp.br;cce2-cce1.bkb.rnp.br;crn1-cce2-chesf.bkb.rnp.br;No-Hostname;No-Hostname;monipe-rn-atraso.rnp.br
1750047254,2025-06-16 01:14:14,core-popma-10g.pop-ma.rnp.br;No-Hostname;cma1-bma1.bkb.rnp.br;cpi1-cma1-tlb.bkb.rnp.br;cce1-cpi1-chesf.bkb.rnp.br;cce2-cce1.bkb.rnp.br;crn1-cce2-chesf.bkb.rnp.br;No-Hostname;No-Hostname;monipe-rn-atraso.rnp.br
1750047800,2025-06-16 01:23:20,core-popma-10g.pop-ma.rnp.br;No-Hostname;cma1-bma1.bkb.rnp.br;cpi1-cma1-tlb.bkb.rnp.br;cce1-cpi1-chesf.bkb.rnp.br;cce2-cce1.bkb.rnp.br;crn1-cce2-chesf.bkb.rnp.br;No-Hostname;No-Hostname;monipe-rn-atraso.rnp.br
1750048638,2025-06-16 01:37:18,core-popma-10g.pop-ma.rnp.br;No-Hostname;cma1-bma1.bkb.rnp.br;cpi1-cma1-tlb.bkb.rnp.br;cce1-cpi1-chesf.bkb.rnp.br;cce2-cce1.bkb.rnp.br;crn1-cce2-chesf.bkb.rnp.br;No-Hostname;No-Hostname;monipe-rn-atraso.rnp.br
1750049406,2025-06-16 01:50:06,core-popma-10g.pop-ma.rnp.br;No-Hostname;cma1-bma1.bkb.rnp.br;cpi1-cma1-tlb.bkb.rnp.br;cce1-cpi1-chesf.bkb.rnp.br;cce2-cce1.bkb.rnp.br;crn1-cce2-chesf.bkb.rnp.br;No-Hostname;No-Hostname;monipe-rn-atraso.rnp.br
1750049854,2025-06-16 01:57:34,core-popma-10g.pop-ma.rnp.br;No-Hostname;cma1-bma1.bkb.rnp.br;cpi1-cma1-tlb.bkb.rnp.br;cce1-cpi1-chesf.bkb.rnp.br;cce2-cce1.bkb.rnp.br;crn1-cce2-chesf.bkb.rnp.br;No-Hostname;No-Hostname;monipe-rn-atraso.rnp.br
1750050210,2025-06-16 02:03:30,core-popma-10g.pop-ma.rnp.br;No-Hostname;cma1-bma1.bkb.rnp.br;cpi1-cma1-tlb.bkb.rnp.br;cce1-cpi1-chesf.bkb.rnp.br;cce2-cce1.bkb.rnp.br;crn1-cce2-chesf.bkb.rnp.br;No-Hostname;No-Hostname;monipe-rn-atraso.rnp.br
1750051257,2025-06-16 02:20:57,core-popma-10g.pop-ma.rnp.br;No-Hostname;cma1-bma1.bkb.rnp.br;cpi1-cma1-tlb.bkb.rnp.br;cce1-cpi1-chesf.bkb.rnp.br;cce2-cce1.bkb.rnp.br;crn1-cce2-chesf.bkb.rnp.br;No-Hostname;No-Hostname;monipe-rn-atraso.rnp.br
1750051536,2025-06-16 02:25:36,core-popma-10g.pop-ma.rnp.br;No-Hostname;cma1-bma1.bkb.rnp.br;cpi1-cma1-tlb.bkb.rnp.br;cce1-cpi1-chesf.bkb.rnp.br;cce2-cce1.bkb.rnp.br;crn1-cce2-chesf.bkb.rnp.br;No-Hostname;No-Hostname;monipe-rn-atraso.rnp.br
1750052292,2025-06-16 02:38:12,core-popma-10g.pop-ma.rnp.br;No-Hostname;cma1-bma1.bkb.rnp.br;cpi1-cma1-tlb.bkb.rnp.br;cce1-cpi1-chesf.bkb.rnp.br;cce2-cce1.bkb.rnp.br;crn1-cce2-chesf.bkb.rnp.br;No-Hostname;No-Hostname;monipe-rn-atraso.rnp.br
1750052876,2025-06-16 02:47:56,core-popma-10g.pop-ma.rnp.br;No-Hostname;cma1-bma1.bkb.rnp.br;cpi1-cma1-tlb.bkb.rnp.br;cce1-cpi1-chesf.bkb.rnp.br;cce2-cce1.bkb.rnp.br;crn1-cce2-chesf.bkb.rnp.br;No-Hostname;No-Hostname;monipe-rn-atraso.rnp.br
1750053183,2025-06-16 02:53:03,core-popma-10g.pop-ma.rnp.br;No-Hostname;cma1-bma1.bkb.rnp.br;cpi1-cma1-tlb.bkb.rnp.br;cce1-cpi1-chesf.bkb.rnp.br;cce2-cce1.bkb.rnp.br;crn1-cce2-chesf.bkb.rnp.br;No-Hostname;No-Hostname;monipe-rn-atraso.rnp.br
1750054063,2025-06-16 03:07:43,core-popma-10g.pop-ma.rnp.br;No-Hostname;cma1-bma1.bkb.rnp.br;cpi1-cma1-tlb.bkb.rnp.br;cce1-cpi1-chesf.bkb.rnp.br;cce2-cce1.bkb.rnp.br;crn1-cce2-chesf.bkb.rnp.br;No-Hostname;No-Hostname;monipe-rn-atraso.rnp.br
1750054406,2025-06-16 03:13:26,core-popma-10g.pop-ma.rnp.br;No-Hostname;cma1-bma1.bkb.rnp.br;cpi1-cma1-tlb.bkb.rnp.br;cce1-cpi1-chesf.bkb.rnp.br;cce2-cce1.bkb.rnp.br;crn1-cce2-chesf.bkb.rnp.br;No-Hostname;No-Hostname;monipe-rn-atraso.rnp.br
1750055207,2025-06-16 03:26:47,core-popma-10g.pop-ma.rnp.br;No-Hostname;cma1-bma1.bkb.rnp.br;cpi1-cma1-tlb.bkb.rnp.br;cce1-cpi1-chesf.bkb.rnp.br;cce2-cce1.bkb.rnp.br;crn1-cce2-chesf.bkb.rnp.br;No-Hostname;No-Hostname;monipe-rn-atraso.rnp.br
1750055861,2025-06-16 03:37:41,core-popma-10g.pop-ma.rnp.br;No-Hostname;cma1-bma1.bkb.rnp.br;cpi1-cma1-tlb.bkb.rnp.br;cce1-cpi1-chesf.bkb.rnp.br;cce2-cce1.bkb.rnp.br;crn1-cce2-chesf.bkb.rnp.br;No-Hostname;No-Hostname;monipe-rn-atraso.rnp.br
1750056503,2025-06-16 03:48:23,core-popma-10g.pop-ma.rnp.br;No-Hostname;cma1-bma1.bkb.rnp.br;cpi1-cma1-tlb.bkb.rnp.br;cce1-cpi1-chesf.bkb.rnp.br;cce2-cce1.bkb.rnp.br;crn1-cce2-chesf.bkb.rnp.br;No-Hostname;No-Hostname;monipe-rn-atraso.rnp.br
1750057288,2025-06-16 04:01:28,core-popma-10g.pop-ma.rnp.br;No-Hostname;cma1-bma1.bkb.rnp.br;cpi1-cma1-tlb.bkb.rnp.br;cce1-cpi1-chesf.bkb.rnp.br;cce2-cce1.bkb.rnp.br;crn1-cce2-chesf.bkb.rnp.br;No-Hostname;No-Hostname;monipe-rn-atraso.rnp.br
1750057899,2025-06-16 04:11:39,core-popma-10g.pop-ma.rnp.br;No-Hostname;cma1-bma1.bkb.rnp.br;cpi1-cma1-tlb.bkb.rnp.br;cce1-cpi1-chesf.bkb.rnp.br;cce2-cce1.bkb.rnp.br;crn1-cce2-chesf.bkb.rnp.br;No-Hostname;No-Hostname;monipe-rn-atraso.rnp.br
1750058482,2025-06-16 04:21:22,core-popma-10g.pop-ma.rnp.br;No-Hostname;cma1-bma1.bkb.rnp.br;cpi1-cma1-tlb.bkb.rnp.br;cce1-cpi1-chesf.bkb.rnp.br;cce2-cce1.bkb.rnp.br;crn1-cce2-chesf.bkb.rnp.br;No-Hostname;No-Hostname;monipe-rn-atraso.rnp.br
1750058820,2025-06-16 04:27:00,core-popma-10g.pop-ma.rnp.br;No-Hostname;cma1-bma1.bkb.rnp.br;cpi1-cma1-tlb.bkb.rnp.br;cce1-cpi1-chesf.bkb.rnp.br;cce2-cce1.bkb.rnp.br;crn1-cce2-chesf.bkb.rnp.br;No-Hostname;No-Hostname;monipe-rn-atraso.rnp.br
1750059511,2025-06-16 04:38:31,core-popma-10g.pop-ma.rnp.br;No-Hostname;cma1-bma1.bkb.rnp.br;cpi1-cma1-tlb.bkb.rnp.br;cce1-cpi1-chesf.bkb.rnp.br;cce2-cce1.bkb.rnp.br;crn1-cce2-chesf.bkb.rnp.br;No-Hostname;No-Hostname;monipe-rn-atraso.rnp.br
1750060020,2025-06-16 04:47:00,core-popma-10g.pop-ma.rnp.br;No-Hostname;cma1-bma1.bkb.rnp.br;cpi1-cma1-tlb.bkb.rnp.br;cce1-cpi1-chesf.bkb.rnp.br;cce2-cce1.bkb.rnp.br;crn1-cce2-chesf.bkb.rnp.br;No-Hostname;No-Hostname;monipe-rn-atraso.rnp.br
1750060694,2025-06-16 04:58:14,core-popma-10g.pop-ma.rnp.br;No-Hostname;cma1-bma1.bkb.rnp.br;cpi1-cma1-tlb.bkb.rnp.br;cce1-cpi1-chesf.bkb.rnp.br;cce2-cce1.bkb.rnp.br;crn1-cce2-chesf.bkb.rnp.br;No-Hostname;No-Hostname;monipe-rn-atraso.rnp.br
1750061016,2025-06-16 05:03:36,core-popma-10g.pop-ma.rnp.br;No-Hostname;cma1-bma1.bkb.rnp.br;cpi1-cma1-tlb.bkb.rnp.br;cce1-cpi1-chesf.bkb.rnp.br;cce2-cce1.bkb.rnp.br;crn1-cce2-chesf.bkb.rnp.br;No-Hostname;No-Hostname;monipe-rn-atraso.rnp.br
1750061997,2025-06-16 05:19:57,core-popma-10g.pop-ma.rnp.br;No-Hostname;cma1-bma1.bkb.rnp.br;cpi1-cma1-tlb.bkb.rnp.br;cce1-cpi1-chesf.bkb.rnp.br;cce2-cce1.bkb.rnp.br;crn1-cce2-chesf.bkb.rnp.br;No-Hostname;No-Hostname;monipe-rn-atraso.rnp.br
1750062370,2025-06-16 05:26:10,core-popma-10g.pop-ma.rnp.br;No-Hostname;cma1-bma1.bkb.rnp.br;cpi1-cma1-tlb.bkb.rnp.br;cce1-cpi1-chesf.bkb.rnp.br;cce2-cce1.bkb.rnp.br;crn1-cce2-chesf.bkb.rnp.br;No-Hostname;No-Hostname;monipe-rn-atraso.rnp.br
1750062846,2025-06-16 05:34:06,core-popma-10g.pop-ma.rnp.br;No-Hostname;cma1-bma1.bkb.rnp.br;cpi1-cma1-tlb.bkb.rnp.br;cce1-cpi1-chesf.bkb.rnp.br;cce2-cce1.bkb.rnp.br;crn1-cce2-chesf.bkb.rnp.br;No-Hostname;No-Hostname;monipe-rn-atraso.rnp.br
1750063410,2025-06-16 05:43:30,core-popma-10g.pop-ma.rnp.br;No-Hostname;cma1-bma1.bkb.rnp.br;cpi1-cma1-tlb.bkb.rnp.br;cce1-cpi1-chesf.bkb.rnp.br;cce2-cce1.bkb.rnp.br;crn1-cce2-chesf.bkb.rnp.br;No-Hostname;No-Hostname;monipe-rn-atraso.rnp.br
1750064120,2025-06-16 05:55:20,core-popma-10g.pop-ma.rnp.br;No-Hostname;cma1-bma1.bkb.rnp.br;cpi1-cma1-tlb.bkb.rnp.br;cce1-cpi1-chesf.bkb.rnp.br;cce2-cce1.bkb.rnp.br;crn1-cce2-chesf.bkb.rnp.br;No-Hostname;No-Hostname;monipe-rn-atraso.rnp.br
1750064779,2025-06-16 06:06:19,core-popma-10g.pop-ma.rnp.br;No-Hostname;cma1-bma1.bkb.rnp.br;cpi1-cma1-tlb.bkb.rnp.br;cce1-cpi1-chesf.bkb.rnp.br;cce2-cce1.bkb.rnp.br;crn1-cce2-chesf.bkb.rnp.br;No-Hostname;No-Hostname;monipe-rn-atraso.rnp.br
1750065253,2025-06-16 06:14:13,core-popma-10g.pop-ma.rnp.br;No-Hostname;cma1-bma1.bkb.rnp.br;cpi1-cma1-tlb.bkb.rnp.br;cce1-cpi1-chesf.bkb.rnp.br;cce2-cce1.bkb.rnp.br;crn1-cce2-chesf.bkb.rnp.br;No-Hostname;No-Hostname;monipe-rn-atraso.rnp.br
1750065888,2025-06-16 06:24:48,core-popma-10g.pop-ma.rnp.br;No-Hostname;cma1-bma1.bkb.rnp.br;cpi1-cma1-tlb.bkb.rnp.br;cce1-cpi1-chesf.bkb.rnp.br;cce2-cce1.bkb.rnp.br;crn1-cce2-chesf.bkb.rnp.br;No-Hostname;No-Hostname;monipe-rn-atraso.rnp.br
1750066854,2025-06-16 06:40:54,core-popma-10g.pop-ma.rnp.br;No-Hostname;cma1-bma1.bkb.rnp.br;cpi1-cma1-tlb.bkb.rnp.br;cce1-cpi1-chesf.bkb.rnp.br;cce2-cce1.bkb.rnp.br;crn1-cce2-chesf.bkb.rnp.br;No-Hostname;No-Hostname;monipe-rn-atraso.rnp.br
1750067250,2025-06-16 06:47:30,core-popma-10g.pop-ma.rnp.br;No-Hostname;cma1-bma1.bkb.rnp.br;cpi1-cma1-tlb.bkb.rnp.br;cce1-cpi1-chesf.bkb.rnp.br;cce2-cce1.bkb.rnp.br;crn1-cce2-chesf.bkb.rnp.br;No-Hostname;No-Hostname;monipe-rn-atraso.rnp.br
1750068007,2025-06-16 07:00:07,core-popma-10g.pop-ma.rnp.br;No-Hostname;cma1-bma1.bkb.rnp.br;cpi1-cma1-tlb.bkb.rnp.br;cce1-cpi1-chesf.bkb.rnp.br;cce2-cce1.bkb.rnp.br;crn1-cce2-chesf.bkb.rnp.br;No-Hostname;No-Hostname;monipe-rn-atraso.rnp.br
1750068557,2025-06-16 07:09:17,core-popma-10g.pop-ma.rnp.br;No-Hostname;cma1-bma1.bkb.rnp.br;cpi1-cma1-tlb.bkb.rnp.br;cce1-cpi1-chesf.bkb.rnp.br;cce2-cce1.bkb.rnp.br;crn1-cce2-chesf.bkb.rnp.br;No-Hostname;No-Hostname;monipe-rn-atraso.rnp.br
1750069038,2025-06-16 07:17:18,core-popma-10g.pop-ma.rnp.br;No-Hostname;cma1-bma1.bkb.rnp.br;cpi1-cma1-tlb.bkb.rnp.br;cce1-cpi1-chesf.bkb.rnp.br;cce2-cce1.bkb.rnp.br;crn1-cce2-chesf.bkb.rnp.br;No-Hostname;No-Hostname;monipe-rn-atraso.rnp.br
1750069693,2025-06-16 07:28:13,core-popma-10g.pop-ma.rnp.br;No-Hostname;cma1-bma1.bkb.rnp.br;cpi1-cma1-tlb.bkb.rnp.br;cce1-cpi1-chesf.bkb.rnp.br;cce2-cce1.bkb.rnp.br;crn1-cce2-chesf.bkb.rnp.br;No-Hostname;No-Hostname;monipe-rn-atraso.rnp.br
1750070061,2025-06-16 07:34:21,core-popma-10g.pop-ma.rnp.br;No-Hostname;cma1-bma1.bkb.rnp.br;cpi1-cma1-tlb.bkb.rnp.br;cce1-cpi1-chesf.bkb.rnp.br;cce2-cce1.bkb.rnp.br;crn1-cce2-chesf.bkb.rnp.br;No-Hostname;No-Hostname;monipe-rn-atraso.rnp.br
1750071099,2025-06-16 07:51:39,core-popma-10g.pop-ma.rnp.br;No-Hostname;cma1-bma1.bkb.rnp.br;cpi1-cma1-tlb.bkb.rnp.br;cce1-cpi1-chesf.bkb.rnp.br;cce2-cce1.bkb.rnp.br;crn1-cce2-chesf.bkb.rnp.br;No-Hostname;No-Hostname;monipe-rn-atraso.rnp.br
1750071363,2025-06-16 07:56:03,core-popma-10g.pop-ma.rnp.br;No-Hostname;cma1-bma1.bkb.rnp.br;cpi1-cma1-tlb.bkb.rnp.br;cce1-cpi1-chesf.bkb.rnp.br;cce2-cce1.bkb.rnp.br;crn1-cce2-chesf.bkb.rnp.br;No-Hostname;No-Hostname;monipe-rn-atraso.rnp.br
1750072175,2025-06-16 08:09:35,core-popma-10g.pop-ma.rnp.br;No-Hostname;cma1-bma1.bkb.rnp.br;cpi1-cma1-tlb.bkb.rnp.br;cce1-cpi1-chesf.bkb.rnp.br;cce2-cce1.bkb.rnp.br;crn1-cce2-chesf.bkb.rnp.br;No-Hostname;No-Hostname;monipe-rn-atraso.rnp.br
1750072782,2025-06-16 08:19:42,core-popma-10g.pop-ma.rnp.br;No-Hostname;cma1-bma1.bkb.rnp.br;cpi1-cma1-tlb.bkb.rnp.br;cce1-cpi1-chesf.bkb.rnp.br;cce2-cce1.bkb.rnp.br;crn1-cce2-chesf.bkb.rnp.br;No-Hostname;No-Hostname;monipe-rn-atraso.rnp.br
1750073193,2025-06-16 08:26:33,core-popma-10g.pop-ma.rnp.br;No-Hostname;cma1-bma1.bkb.rnp.br;cpi1-cma1-tlb.bkb.rnp.br;cce1-cpi1-chesf.bkb.rnp.br;cce2-cce1.bkb.rnp.br;crn1-cce2-chesf.bkb.rnp.br;No-Hostname;No-Hostname;monipe-rn-atraso.rnp.br
1750074018,2025-06-16 08:40:18,core-popma-10g.pop-ma.rnp.br;No-Hostname;cma1-bma1.bkb.rnp.br;cpi1-cma1-tlb.bkb.rnp.br;cce1-cpi1-chesf.bkb.rnp.br;cce2-cce1.bkb.rnp.br;crn1-cce2-chesf.bkb.rnp.br;No-Hostname;No-Hostname;monipe-rn-atraso.rnp.br
1750074479,2025-06-16 08:47:59,core-popma-10g.pop-ma.rnp.br;No-Hostname;cma1-bma1.bkb.rnp.br;cpi1-cma1-tlb.bkb.rnp.br;cce1-cpi1-chesf.bkb.rnp.br;cce2-cce1.bkb.rnp.br;crn1-cce2-chesf.bkb.rnp.br;No-Hostname;No-Hostname;monipe-rn-atraso.rnp.br
1750075001,2025-06-16 08:56:41,core-popma-10g.pop-ma.rnp.br;No-Hostname;cma1-bma1.bkb.rnp.br;cpi1-cma1-tlb.bkb.rnp.br;cce1-cpi1-chesf.bkb.rnp.br;cce2-cce1.bkb.rnp.br;crn1-cce2-chesf.bkb.rnp.br;No-Hostname;No-Hostname;monipe-rn-atraso.rnp.br
1750075837,2025-06-16 09:10:37,core-popma-10g.pop-ma.rnp.br;No-Hostname;cma1-bma1.bkb.rnp.br;cpi1-cma1-tlb.bkb.rnp.br;cce1-cpi1-chesf.bkb.rnp.br;cce2-cce1.bkb.rnp.br;crn1-cce2-chesf.bkb.rnp.br;No-Hostname;No-Hostname;monipe-rn-atraso.rnp.br
1750076189,2025-06-16 09:16:29,core-popma-10g.pop-ma.rnp.br;No-Hostname;cma1-bma1.bkb.rnp.br;cpi1-cma1-tlb.bkb.rnp.br;cce1-cpi1-chesf.bkb.rnp.br;cce2-cce1.bkb.rnp.br;crn1-cce2-chesf.bkb.rnp.br;No-Hostname;No-Hostname;monipe-rn-atraso.rnp.br
1750076940,2025-06-16 09:29:00,core-popma-10g.pop-ma.rnp.br;No-Hostname;cma1-bma1.bkb.rnp.br;cpi1-cma1-tlb.bkb.rnp.br;cce1-cpi1-chesf.bkb.rnp.br;cce2-cce1.bkb.rnp.br;crn1-cce2-chesf.bkb.rnp.br;No-Hostname;No-Hostname;monipe-rn-atraso.rnp.br
1750077642,2025-06-16 09:40:42,core-popma-10g.pop-ma.rnp.br;No-Hostname;cma1-bma1.bkb.rnp.br;cpi1-cma1-tlb.bkb.rnp.br;cce1-cpi1-chesf.bkb.rnp.br;cce2-cce1.bkb.rnp.br;crn1-cce2-chesf.bkb.rnp.br;No-Hostname;No-Hostname;monipe-rn-atraso.rnp.br
1750078267,2025-06-16 09:51:07,core-popma-10g.pop-ma.rnp.br;No-Hostname;cma1-bma1.bkb.rnp.br;cpi1-cma1-tlb.bkb.rnp.br;cce1-cpi1-chesf.bkb.rnp.br;cce2-cce1.bkb.rnp.br;crn1-cce2-chesf.bkb.rnp.br;No-Hostname;No-Hostname;monipe-rn-atraso.rnp.br
1750078874,2025-06-16 10:01:14,core-popma-10g.pop-ma.rnp.br;No-Hostname;cma1-bma1.bkb.rnp.br;cpi1-cma1-tlb.bkb.rnp.br;cce1-cpi1-chesf.bkb.rnp.br;cce2-cce1.bkb.rnp.br;crn1-cce2-chesf.bkb.rnp.br;No-Hostname;No-Hostname;monipe-rn-atraso.rnp.br
1750079098,2025-06-16 10:04:58,core-popma-10g.pop-ma.rnp.br;No-Hostname;cma1-bma1.bkb.rnp.br;cpi1-cma1-tlb.bkb.rnp.br;cce1-cpi1-chesf.bkb.rnp.br;cce2-cce1.bkb.rnp.br;crn1-cce2-chesf.bkb.rnp.br;No-Hostname;No-Hostname;monipe-rn-atraso.rnp.br
1750080042,2025-06-16 10:20:42,core-popma-10g.pop-ma.rnp.br;No-Hostname;cma1-bma1.bkb.rnp.br;cpi1-cma1-tlb.bkb.rnp.br;cce1-cpi1-chesf.bkb.rnp.br;cce2-cce1.bkb.rnp.br;crn1-cce2-chesf.bkb.rnp.br;No-Hostname;No-Hostname;monipe-rn-atraso.rnp.br
1750080629,2025-06-16 10:30:29,core-popma-10g.pop-ma.rnp.br;No-Hostname;cma1-bma1.bkb.rnp.br;cpi1-cma1-tlb.bkb.rnp.br;cce1-cpi1-chesf.bkb.rnp.br;cce2-cce1.bkb.rnp.br;crn1-cce2-chesf.bkb.rnp.br;No-Hostname;No-Hostname;monipe-rn-atraso.rnp.br
1750081243,2025-06-16 10:40:43,core-popma-10g.pop-ma.rnp.br;No-Hostname;cma1-bma1.bkb.rnp.br;cpi1-cma1-tlb.bkb.rnp.br;cce1-cpi1-chesf.bkb.rnp.br;cce2-cce1.bkb.rnp.br;crn1-cce2-chesf.bkb.rnp.br;No-Hostname;No-Hostname;monipe-rn-atraso.rnp.br
1750081812,2025-06-16 10:50:12,core-popma-10g.pop-ma.rnp.br;No-Hostname;cma1-bma1.bkb.rnp.br;cpi1-cma1-tlb.bkb.rnp.br;cce1-cpi1-chesf.bkb.rnp.br;cce2-cce1.bkb.rnp.br;crn1-cce2-chesf.bkb.rnp.br;No-Hostname;No-Hostname;monipe-rn-atraso.rnp.br
1750082412,2025-06-16 11:00:12,core-popma-10g.pop-ma.rnp.br;No-Hostname;cma1-bma1.bkb.rnp.br;cpi1-cma1-tlb.bkb.rnp.br;cce1-cpi1-chesf.bkb.rnp.br;cce2-cce1.bkb.rnp.br;crn1-cce2-chesf.bkb.rnp.br;No-Hostname;No-Hostname;monipe-rn-atraso.rnp.br
1750082668,2025-06-16 11:04:28,core-popma-10g.pop-ma.rnp.br;No-Hostname;cma1-bma1.bkb.rnp.br;cpi1-cma1-tlb.bkb.rnp.br;cce1-cpi1-chesf.bkb.rnp.br;cce2-cce1.bkb.rnp.br;crn1-cce2-chesf.bkb.rnp.br;No-Hostname;No-Hostname;monipe-rn-atraso.rnp.br
1750083544,2025-06-16 11:19:04,core-popma-10g.pop-ma.rnp.br;No-Hostname;cma1-bma1.bkb.rnp.br;cpi1-cma1-tlb.bkb.rnp.br;cce1-cpi1-chesf.bkb.rnp.br;cce2-cce1.bkb.rnp.br;crn1-cce2-chesf.bkb.rnp.br;No-Hostname;No-Hostname;monipe-rn-atraso.rnp.br
1750084264,2025-06-16 11:31:04,core-popma-10g.pop-ma.rnp.br;No-Hostname;cma1-bma1.bkb.rnp.br;cpi1-cma1-tlb.bkb.rnp.br;cce1-cpi1-chesf.bkb.rnp.br;cce2-cce1.bkb.rnp.br;crn1-cce2-chesf.bkb.rnp.br;No-Hostname;No-Hostname;monipe-rn-atraso.rnp.br
1750084750,2025-06-16 11:39:10,core-popma-10g.pop-ma.rnp.br;No-Hostname;cma1-bma1.bkb.rnp.br;cpi1-cma1-tlb.bkb.rnp.br;cce1-cpi1-chesf.bkb.rnp.br;cce2-cce1.bkb.rnp.br;crn1-cce2-chesf.bkb.rnp.br;No-Hostname;No-Hostname;monipe-rn-atraso.rnp.br
1750084997,2025-06-16 11:43:17,core-popma-10g.pop-ma.rnp.br;No-Hostname;cma1-bma1.bkb.rnp.br;cpi1-cma1-tlb.bkb.rnp.br;cce1-cpi1-chesf.bkb.rnp.br;cce2-cce1.bkb.rnp.br;crn1-cce2-chesf.bkb.rnp.br;No-Hostname;No-Hostname;monipe-rn-atraso.rnp.br
1750085788,2025-06-16 11:56:28,core-popma-10g.pop-ma.rnp.br;No-Hostname;cma1-bma1.bkb.rnp.br;cpi1-cma1-tlb.bkb.rnp.br;cce1-cpi1-chesf.bkb.rnp.br;cce2-cce1.bkb.rnp.br;crn1-cce2-chesf.bkb.rnp.br;No-Hostname;No-Hostname;monipe-rn-atraso.rnp.br
1750086579,2025-06-16 12:09:39,core-popma-10g.pop-ma.rnp.br;No-Hostname;cma1-bma1.bkb.rnp.br;cpi1-cma1-tlb.bkb.rnp.br;cce1-cpi1-chesf.bkb.rnp.br;cce2-cce1.bkb.rnp.br;crn1-cce2-chesf.bkb.rnp.br;No-Hostname;No-Hostname;monipe-rn-atraso.rnp.br
1750086798,2025-06-16 12:13:18,core-popma-10g.pop-ma.rnp.br;No-Hostname;cma1-bma1.bkb.rnp.br;cpi1-cma1-tlb.bkb.rnp.br;cce1-cpi1-chesf.bkb.rnp.br;cce2-cce1.bkb.rnp.br;crn1-cce2-chesf.bkb.rnp.br;No-Hostname;No-Hostname;monipe-rn-atraso.rnp.br
1750087704,2025-06-16 12:28:24,core-popma-10g.pop-ma.rnp.br;No-Hostname;cma1-bma1.bkb.rnp.br;cpi1-cma1-tlb.bkb.rnp.br;cce1-cpi1-chesf.bkb.rnp.br;cce2-cce1.bkb.rnp.br;crn1-cce2-chesf.bkb.rnp.br;No-Hostname;No-Hostname;monipe-rn-atraso.rnp.br
1750088276,2025-06-16 12:37:56,core-popma-10g.pop-ma.rnp.br;No-Hostname;cma1-bma1.bkb.rnp.br;cpi1-cma1-tlb.bkb.rnp.br;cce1-cpi1-chesf.bkb.rnp.br;cce2-cce1.bkb.rnp.br;crn1-cce2-chesf.bkb.rnp.br;No-Hostname;No-Hostname;monipe-rn-atraso.rnp.br
1750089028,2025-06-16 12:50:28,core-popma-10g.pop-ma.rnp.br;No-Hostname;cma1-bma1.bkb.rnp.br;cpi1-cma1-tlb.bkb.rnp.br;cce1-cpi1-chesf.bkb.rnp.br;cce2-cce1.bkb.rnp.br;crn1-cce2-chesf.bkb.rnp.br;No-Hostname;No-Hostname;monipe-rn-atraso.rnp.br
1750089211,2025-06-16 12:53:31,core-popma-10g.pop-ma.rnp.br;No-Hostname;cma1-bma1.bkb.rnp.br;cpi1-cma1-tlb.bkb.rnp.br;cce1-cpi1-chesf.bkb.rnp.br;cce2-cce1.bkb.rnp.br;crn1-cce2-chesf.bkb.rnp.br;No-Hostname;No-Hostname;monipe-rn-atraso.rnp.br
1750089910,2025-06-16 13:05:10,core-popma-10g.pop-ma.rnp.br;No-Hostname;cma1-bma1.bkb.rnp.br;cpi1-cma1-tlb.bkb.rnp.br;cce1-cpi1-chesf.bkb.rnp.br;cce2-cce1.bkb.rnp.br;crn1-cce2-chesf.bkb.rnp.br;No-Hostname;No-Hostname;monipe-rn-atraso.rnp.br
1750090701,2025-06-16 13:18:21,core-popma-10g.pop-ma.rnp.br;No-Hostname;cma1-bma1.bkb.rnp.br;cpi1-cma1-tlb.bkb.rnp.br;cce1-cpi1-chesf.bkb.rnp.br;cce2-cce1.bkb.rnp.br;crn1-cce2-chesf.bkb.rnp.br;No-Hostname;No-Hostname;monipe-rn-atraso.rnp.br
1750091485,2025-06-16 13:31:25,core-popma-10g.pop-ma.rnp.br;No-Hostname;cma1-bma1.bkb.rnp.br;cpi1-cma1-tlb.bkb.rnp.br;cce1-cpi1-chesf.bkb.rnp.br;cce2-cce1.bkb.rnp.br;crn1-cce2-chesf.bkb.rnp.br;No-Hostname;No-Hostname;monipe-rn-atraso.rnp.br
1750092084,2025-06-16 13:41:24,core-popma-10g.pop-ma.rnp.br;No-Hostname;cma1-bma1.bkb.rnp.br;cpi1-cma1-tlb.bkb.rnp.br;cce1-cpi1-chesf.bkb.rnp.br;cce2-cce1.bkb.rnp.br;crn1-cce2-chesf.bkb.rnp.br;No-Hostname;No-Hostname;monipe-rn-atraso.rnp.br
1750092249,2025-06-16 13:44:09,core-popma-10g.pop-ma.rnp.br;No-Hostname;cma1-bma1.bkb.rnp.br;cpi1-cma1-tlb.bkb.rnp.br;cce1-cpi1-chesf.bkb.rnp.br;cce2-cce1.bkb.rnp.br;crn1-cce2-chesf.bkb.rnp.br;No-Hostname;No-Hostname;monipe-rn-atraso.rnp.br
1750093111,2025-06-16 13:58:31,core-popma-10g.pop-ma.rnp.br;No-Hostname;cma1-bma1.bkb.rnp.br;cpi1-cma1-tlb.bkb.rnp.br;cce1-cpi1-chesf.bkb.rnp.br;cce2-cce1.bkb.rnp.br;crn1-cce2-chesf.bkb.rnp.br;No-Hostname;No-Hostname;monipe-rn-atraso.rnp.br
1750094023,2025-06-16 14:13:43,core-popma-10g.pop-ma.rnp.br;No-Hostname;cma1-bma1.bkb.rnp.br;cpi1-cma1-tlb.bkb.rnp.br;cce1-cpi1-chesf.bkb.rnp.br;cce2-cce1.bkb.rnp.br;crn1-cce2-chesf.bkb.rnp.br;No-Hostname;No-Hostname;monipe-rn-atraso.rnp.br
1750094987,2025-06-16 14:29:47,core-popma-10g.pop-ma.rnp.br;No-Hostname;cma1-bma1.bkb.rnp.br;cpi1-cma1-tlb.bkb.rnp.br;cce1-cpi1-chesf.bkb.rnp.br;cce2-cce1.bkb.rnp.br;crn1-cce2-chesf.bkb.rnp.br;No-Hostname;No-Hostname;monipe-rn-atraso.rnp.br
1750095328,2025-06-16 14:35:28,core-popma-10g.pop-ma.rnp.br;No-Hostname;cma1-bma1.bkb.rnp.br;cpi1-cma1-tlb.bkb.rnp.br;cce1-cpi1-chesf.bkb.rnp.br;cce2-cce1.bkb.rnp.br;crn1-cce2-chesf.bkb.rnp.br;No-Hostname;No-Hostname;monipe-rn-atraso.rnp.br
1750095985,2025-06-16 14:46:25,core-popma-10g.pop-ma.rnp.br;No-Hostname;cma1-bma1.bkb.rnp.br;cpi1-cma1-tlb.bkb.rnp.br;cce1-cpi1-chesf.bkb.rnp.br;cce2-cce1.bkb.rnp.br;crn1-cce2-chesf.bkb.rnp.br;No-Hostname;No-Hostname;monipe-rn-atraso.rnp.br
1750096603,2025-06-16 14:56:43,core-popma-10g.pop-ma.rnp.br;No-Hostname;cma1-bma1.bkb.rnp.br;cpi1-cma1-tlb.bkb.rnp.br;cce1-cpi1-chesf.bkb.rnp.br;cce2-cce1.bkb.rnp.br;crn1-cce2-chesf.bkb.rnp.br;No-Hostname;No-Hostname;monipe-rn-atraso.rnp.br
1750098261,2025-06-16 15:24:21,core-popma-10g.pop-ma.rnp.br;No-Hostname;cma1-bma1.bkb.rnp.br;cpi1-cma1-tlb.bkb.rnp.br;cce1-cpi1-chesf.bkb.rnp.br;cce2-cce1.bkb.rnp.br;crn1-cce2-chesf.bkb.rnp.br;No-Hostname;No-Hostname;monipe-rn-atraso.rnp.br
1750099276,2025-06-16 15:41:16,core-popma-10g.pop-ma.rnp.br;No-Hostname;cma1-bma1.bkb.rnp.br;cpi1-cma1-tlb.bkb.rnp.br;cce1-cpi1-chesf.bkb.rnp.br;cce2-cce1.bkb.rnp.br;crn1-cce2-chesf.bkb.rnp.br;No-Hostname;No-Hostname;monipe-rn-atraso.rnp.br
1750099429,2025-06-16 15:43:49,core-popma-10g.pop-ma.rnp.br;No-Hostname;cma1-bma1.bkb.rnp.br;cpi1-cma1-tlb.bkb.rnp.br;cce1-cpi1-chesf.bkb.rnp.br;cce2-cce1.bkb.rnp.br;crn1-cce2-chesf.bkb.rnp.br;No-Hostname;No-Hostname;monipe-rn-atraso.rnp.br
1750100150,2025-06-16 15:55:50,core-popma-10g.pop-ma.rnp.br;No-Hostname;cma1-bma1.bkb.rnp.br;cpi1-cma1-tlb.bkb.rnp.br;cce1-cpi1-chesf.bkb.rnp.br;cce2-cce1.bkb.rnp.br;crn1-cce2-chesf.bkb.rnp.br;No-Hostname;No-Hostname;monipe-rn-atraso.rnp.br
1750100779,2025-06-16 16:06:19,core-popma-10g.pop-ma.rnp.br;No-Hostname;cma1-bma1.bkb.rnp.br;cpi1-cma1-tlb.bkb.rnp.br;cce1-cpi1-chesf.bkb.rnp.br;cce2-cce1.bkb.rnp.br;crn1-cce2-chesf.bkb.rnp.br;No-Hostname;No-Hostname;monipe-rn-atraso.rnp.br
1750102301,2025-06-16 16:31:41,core-popma-10g.pop-ma.rnp.br;No-Hostname;cma1-bma1.bkb.rnp.br;cpi1-cma1-tlb.bkb.rnp.br;cce1-cpi1-chesf.bkb.rnp.br;cce2-cce1.bkb.rnp.br;crn1-cce2-chesf.bkb.rnp.br;No-Hostname;No-Hostname;monipe-rn-atraso.rnp.br
1750102590,2025-06-16 16:36:30,core-popma-10g.pop-ma.rnp.br;No-Hostname;cma1-bma1.bkb.rnp.br;cpi1-cma1-tlb.bkb.rnp.br;cce1-cpi1-chesf.bkb.rnp.br;cce2-cce1.bkb.rnp.br;crn1-cce2-chesf.bkb.rnp.br;No-Hostname;No-Hostname;monipe-rn-atraso.rnp.br
1750103270,2025-06-16 16:47:50,core-popma-10g.pop-ma.rnp.br;No-Hostname;cma1-bma1.bkb.rnp.br;cpi1-cma1-tlb.bkb.rnp.br;cce1-cpi1-chesf.bkb.rnp.br;cce2-cce1.bkb.rnp.br;crn1-cce2-chesf.bkb.rnp.br;No-Hostname;No-Hostname;monipe-rn-atraso.rnp.br
1750104105,2025-06-16 17:01:45,core-popma-10g.pop-ma.rnp.br;No-Hostname;cma1-bma1.bkb.rnp.br;cpi1-cma1-tlb.bkb.rnp.br;cce1-cpi1-chesf.bkb.rnp.br;cce2-cce1.bkb.rnp.br;crn1-cce2-chesf.bkb.rnp.br;No-Hostname;No-Hostname;monipe-rn-atraso.rnp.br
1750104489,2025-06-16 17:08:09,core-popma-10g.pop-ma.rnp.br;No-Hostname;cma1-bma1.bkb.rnp.br;cpi1-cma1-tlb.bkb.rnp.br;cce1-cpi1-chesf.bkb.rnp.br;cce2-cce1.bkb.rnp.br;crn1-cce2-chesf.bkb.rnp.br;No-Hostname;No-Hostname;monipe-rn-atraso.rnp.br
1750105089,2025-06-16 17:18:09,core-popma-10g.pop-ma.rnp.br;No-Hostname;cma1-bma1.bkb.rnp.br;cpi1-cma1-tlb.bkb.rnp.br;cce1-cpi1-chesf.bkb.rnp.br;cce2-cce1.bkb.rnp.br;crn1-cce2-chesf.bkb.rnp.br;No-Hostname;No-Hostname;monipe-rn-atraso.rnp.br
1750105789,2025-06-16 17:29:49,core-popma-10g.pop-ma.rnp.br;No-Hostname;cma1-bma1.bkb.rnp.br;cpi1-cma1-tlb.bkb.rnp.br;cce1-cpi1-chesf.bkb.rnp.br;cce2-cce1.bkb.rnp.br;crn1-cce2-chesf.bkb.rnp.br;No-Hostname;No-Hostname;monipe-rn-atraso.rnp.br
1750106367,2025-06-16 17:39:27,core-popma-10g.pop-ma.rnp.br;No-Hostname;cma1-bma1.bkb.rnp.br;cpi1-cma1-tlb.bkb.rnp.br;cce1-cpi1-chesf.bkb.rnp.br;cce2-cce1.bkb.rnp.br;crn1-cce2-chesf.bkb.rnp.br;No-Hostname;No-Hostname;monipe-rn-atraso.rnp.br
1750106983,2025-06-16 17:49:43,core-popma-10g.pop-ma.rnp.br;No-Hostname;cma1-bma1.bkb.rnp.br;cpi1-cma1-tlb.bkb.rnp.br;cce1-cpi1-chesf.bkb.rnp.br;cce2-cce1.bkb.rnp.br;crn1-cce2-chesf.bkb.rnp.br;No-Hostname;No-Hostname;monipe-rn-atraso.rnp.br
1750108256,2025-06-16 18:10:56,core-popma-10g.pop-ma.rnp.br;No-Hostname;cma1-bma1.bkb.rnp.br;cpi1-cma1-tlb.bkb.rnp.br;cce1-cpi1-chesf.bkb.rnp.br;cce2-cce1.bkb.rnp.br;crn1-cce2-chesf.bkb.rnp.br;No-Hostname;No-Hostname;monipe-rn-atraso.rnp.br
1750108757,2025-06-16 18:19:17,core-popma-10g.pop-ma.rnp.br;No-Hostname;cma1-bma1.bkb.rnp.br;cpi1-cma1-tlb.bkb.rnp.br;cce1-cpi1-chesf.bkb.rnp.br;cce2-cce1.bkb.rnp.br;crn1-cce2-chesf.bkb.rnp.br;No-Hostname;No-Hostname;monipe-rn-atraso.rnp.br
1750109172,2025-06-16 18:26:12,core-popma-10g.pop-ma.rnp.br;No-Hostname;cma1-bma1.bkb.rnp.br;cpi1-cma1-tlb.bkb.rnp.br;cce1-cpi1-chesf.bkb.rnp.br;cce2-cce1.bkb.rnp.br;crn1-cce2-chesf.bkb.rnp.br;No-Hostname;No-Hostname;monipe-rn-atraso.rnp.br
1750109903,2025-06-16 18:38:23,core-popma-10g.pop-ma.rnp.br;No-Hostname;cma1-bma1.bkb.rnp.br;cpi1-cma1-tlb.bkb.rnp.br;cce1-cpi1-chesf.bkb.rnp.br;cce2-cce1.bkb.rnp.br;crn1-cce2-chesf.bkb.rnp.br;No-Hostname;No-Hostname;monipe-rn-atraso.rnp.br
1750110290,2025-06-16 18:44:50,core-popma-10g.pop-ma.rnp.br;No-Hostname;cma1-bma1.bkb.rnp.br;cpi1-cma1-tlb.bkb.rnp.br;cce1-cpi1-chesf.bkb.rnp.br;cce2-cce1.bkb.rnp.br;crn1-cce2-chesf.bkb.rnp.br;No-Hostname;No-Hostname;monipe-rn-atraso.rnp.br
1750110781,2025-06-16 18:53:01,core-popma-10g.pop-ma.rnp.br;No-Hostname;cma1-bma1.bkb.rnp.br;cpi1-cma1-tlb.bkb.rnp.br;cce1-cpi1-chesf.bkb.rnp.br;cce2-cce1.bkb.rnp.br;crn1-cce2-chesf.bkb.rnp.br;No-Hostname;No-Hostname;monipe-rn-atraso.rnp.br
1750111793,2025-06-16 19:09:53,core-popma-10g.pop-ma.rnp.br;No-Hostname;cma1-bma1.bkb.rnp.br;cpi1-cma1-tlb.bkb.rnp.br;cce1-cpi1-chesf.bkb.rnp.br;cce2-cce1.bkb.rnp.br;crn1-cce2-chesf.bkb.rnp.br;No-Hostname;No-Hostname;monipe-rn-atraso.rnp.br
1750112212,2025-06-16 19:16:52,core-popma-10g.pop-ma.rnp.br;No-Hostname;cma1-bma1.bkb.rnp.br;cpi1-cma1-tlb.bkb.rnp.br;cce1-cpi1-chesf.bkb.rnp.br;cce2-cce1.bkb.rnp.br;crn1-cce2-chesf.bkb.rnp.br;No-Hostname;No-Hostname;monipe-rn-atraso.rnp.br
1750113028,2025-06-16 19:30:28,core-popma-10g.pop-ma.rnp.br;No-Hostname;cma1-bma1.bkb.rnp.br;cpi1-cma1-tlb.bkb.rnp.br;cce1-cpi1-chesf.bkb.rnp.br;cce2-cce1.bkb.rnp.br;crn1-cce2-chesf.bkb.rnp.br;No-Hostname;No-Hostname;monipe-rn-atraso.rnp.br
1750113408,2025-06-16 19:36:48,core-popma-10g.pop-ma.rnp.br;No-Hostname;cma1-bma1.bkb.rnp.br;cpi1-cma1-tlb.bkb.rnp.br;cce1-cpi1-chesf.bkb.rnp.br;cce2-cce1.bkb.rnp.br;crn1-cce2-chesf.bkb.rnp.br;No-Hostname;No-Hostname;monipe-rn-atraso.rnp.br
1750114239,2025-06-16 19:50:39,core-popma-10g.pop-ma.rnp.br;No-Hostname;cma1-bma1.bkb.rnp.br;cpi1-cma1-tlb.bkb.rnp.br;cce1-cpi1-chesf.bkb.rnp.br;cce2-cce1.bkb.rnp.br;crn1-cce2-chesf.bkb.rnp.br;No-Hostname;No-Hostname;monipe-rn-atraso.rnp.br
1750114525,2025-06-16 19:55:25,core-popma-10g.pop-ma.rnp.br;No-Hostname;cma1-bma1.bkb.rnp.br;cpi1-cma1-tlb.bkb.rnp.br;cce1-cpi1-chesf.bkb.rnp.br;cce2-cce1.bkb.rnp.br;crn1-cce2-chesf.bkb.rnp.br;No-Hostname;No-Hostname;monipe-rn-atraso.rnp.br
1750115171,2025-06-16 20:06:11,core-popma-10g.pop-ma.rnp.br;No-Hostname;cma1-bma1.bkb.rnp.br;cpi1-cma1-tlb.bkb.rnp.br;cce1-cpi1-chesf.bkb.rnp.br;cce2-cce1.bkb.rnp.br;crn1-cce2-chesf.bkb.rnp.br;No-Hostname;No-Hostname;monipe-rn-atraso.rnp.br
1750115877,2025-06-16 20:17:57,core-popma-10g.pop-ma.rnp.br;No-Hostname;cma1-bma1.bkb.rnp.br;cpi1-cma1-tlb.bkb.rnp.br;cce1-cpi1-chesf.bkb.rnp.br;cce2-cce1.bkb.rnp.br;crn1-cce2-chesf.bkb.rnp.br;No-Hostname;No-Hostname;monipe-rn-atraso.rnp.br
1750116614,2025-06-16 20:30:14,core-popma-10g.pop-ma.rnp.br;No-Hostname;cma1-bma1.bkb.rnp.br;cpi1-cma1-tlb.bkb.rnp.br;cce1-cpi1-chesf.bkb.rnp.br;cce2-cce1.bkb.rnp.br;crn1-cce2-chesf.bkb.rnp.br;No-Hostname;No-Hostname;monipe-rn-atraso.rnp.br
1750117142,2025-06-16 20:39:02,core-popma-10g.pop-ma.rnp.br;No-Hostname;cma1-bma1.bkb.rnp.br;cpi1-cma1-tlb.bkb.rnp.br;cce1-cpi1-chesf.bkb.rnp.br;cce2-cce1.bkb.rnp.br;crn1-cce2-chesf.bkb.rnp.br;No-Hostname;No-Hostname;monipe-rn-atraso.rnp.br
1750117707,2025-06-16 20:48:27,core-popma-10g.pop-ma.rnp.br;No-Hostname;cma1-bma1.bkb.rnp.br;cpi1-cma1-tlb.bkb.rnp.br;cce1-cpi1-chesf.bkb.rnp.br;cce2-cce1.bkb.rnp.br;crn1-cce2-chesf.bkb.rnp.br;No-Hostname;No-Hostname;monipe-rn-atraso.rnp.br
1750118246,2025-06-16 20:57:26,core-popma-10g.pop-ma.rnp.br;No-Hostname;cma1-bma1.bkb.rnp.br;cpi1-cma1-tlb.bkb.rnp.br;cce1-cpi1-chesf.bkb.rnp.br;cce2-cce1.bkb.rnp.br;crn1-cce2-chesf.bkb.rnp.br;No-Hostname;No-Hostname;monipe-rn-atraso.rnp.br
1750118863,2025-06-16 21:07:43,core-popma-10g.pop-ma.rnp.br;No-Hostname;cma1-bma1.bkb.rnp.br;cpi1-cma1-tlb.bkb.rnp.br;cce1-cpi1-chesf.bkb.rnp.br;cce2-cce1.bkb.rnp.br;crn1-cce2-chesf.bkb.rnp.br;No-Hostname;No-Hostname;monipe-rn-atraso.rnp.br
1750119399,2025-06-16 21:16:39,core-popma-10g.pop-ma.rnp.br;No-Hostname;cma1-bma1.bkb.rnp.br;cpi1-cma1-tlb.bkb.rnp.br;cce1-cpi1-chesf.bkb.rnp.br;cce2-cce1.bkb.rnp.br;crn1-cce2-chesf.bkb.rnp.br;No-Hostname;No-Hostname;monipe-rn-atraso.rnp.br
1750119792,2025-06-16 21:23:12,core-popma-10g.pop-ma.rnp.br;No-Hostname;cma1-bma1.bkb.rnp.br;cpi1-cma1-tlb.bkb.rnp.br;cce1-cpi1-chesf.bkb.rnp.br;cce2-cce1.bkb.rnp.br;crn1-cce2-chesf.bkb.rnp.br;No-Hostname;No-Hostname;monipe-rn-atraso.rnp.br
1750120545,2025-06-16 21:35:45,core-popma-10g.pop-ma.rnp.br;No-Hostname;cma1-bma1.bkb.rnp.br;cpi1-cma1-tlb.bkb.rnp.br;cce1-cpi1-chesf.bkb.rnp.br;cce2-cce1.bkb.rnp.br;crn1-cce2-chesf.bkb.rnp.br;No-Hostname;No-Hostname;monipe-rn-atraso.rnp.br
1750121404,2025-06-16 21:50:04,core-popma-10g.pop-ma.rnp.br;No-Hostname;cma1-bma1.bkb.rnp.br;cpi1-cma1-tlb.bkb.rnp.br;cce1-cpi1-chesf.bkb.rnp.br;cce2-cce1.bkb.rnp.br;crn1-cce2-chesf.bkb.rnp.br;No-Hostname;No-Hostname;monipe-rn-atraso.rnp.br
1750121710,2025-06-16 21:55:10,core-popma-10g.pop-ma.rnp.br;No-Hostname;cma1-bma1.bkb.rnp.br;cpi1-cma1-tlb.bkb.rnp.br;cce1-cpi1-chesf.bkb.rnp.br;cce2-cce1.bkb.rnp.br;crn1-cce2-chesf.bkb.rnp.br;No-Hostname;No-Hostname;monipe-rn-atraso.rnp.br
1750122639,2025-06-16 22:10:39,core-popma-10g.pop-ma.rnp.br;No-Hostname;cma1-bma1.bkb.rnp.br;cpi1-cma1-tlb.bkb.rnp.br;cce1-cpi1-chesf.bkb.rnp.br;cce2-cce1.bkb.rnp.br;crn1-cce2-chesf.bkb.rnp.br;No-Hostname;No-Hostname;monipe-rn-atraso.rnp.br
1750123033,2025-06-16 22:17:13,core-popma-10g.pop-ma.rnp.br;No-Hostname;cma1-bma1.bkb.rnp.br;cpi1-cma1-tlb.bkb.rnp.br;cce1-cpi1-chesf.bkb.rnp.br;cce2-cce1.bkb.rnp.br;crn1-cce2-chesf.bkb.rnp.br;No-Hostname;No-Hostname;monipe-rn-atraso.rnp.br
1750123897,2025-06-16 22:31:37,core-popma-10g.pop-ma.rnp.br;No-Hostname;cma1-bma1.bkb.rnp.br;cpi1-cma1-tlb.bkb.rnp.br;cce1-cpi1-chesf.bkb.rnp.br;cce2-cce1.bkb.rnp.br;crn1-cce2-chesf.bkb.rnp.br;No-Hostname;No-Hostname;monipe-rn-atraso.rnp.br
1750124104,2025-06-16 22:35:04,core-popma-10g.pop-ma.rnp.br;No-Hostname;cma1-bma1.bkb.rnp.br;cpi1-cma1-tlb.bkb.rnp.br;cce1-cpi1-chesf.bkb.rnp.br;cce2-cce1.bkb.rnp.br;crn1-cce2-chesf.bkb.rnp.br;No-Hostname;No-Hostname;monipe-rn-atraso.rnp.br
1750124974,2025-06-16 22:49:34,core-popma-10g.pop-ma.rnp.br;No-Hostname;cma1-bma1.bkb.rnp.br;cpi1-cma1-tlb.bkb.rnp.br;cce1-cpi1-chesf.bkb.rnp.br;cce2-cce1.bkb.rnp.br;crn1-cce2-chesf.bkb.rnp.br;No-Hostname;No-Hostname;monipe-rn-atraso.rnp.br
1750125478,2025-06-16 22:57:58,core-popma-10g.pop-ma.rnp.br;No-Hostname;cma1-bma1.bkb.rnp.br;cpi1-cma1-tlb.bkb.rnp.br;cce1-cpi1-chesf.bkb.rnp.br;cce2-cce1.bkb.rnp.br;crn1-cce2-chesf.bkb.rnp.br;No-Hostname;No-Hostname;monipe-rn-atraso.rnp.br
1750126270,2025-06-16 23:11:10,core-popma-10g.pop-ma.rnp.br;No-Hostname;cma1-bma1.bkb.rnp.br;cpi1-cma1-tlb.bkb.rnp.br;cce1-cpi1-chesf.bkb.rnp.br;cce2-cce1.bkb.rnp.br;crn1-cce2-chesf.bkb.rnp.br;No-Hostname;No-Hostname;monipe-rn-atraso.rnp.br
1750126730,2025-06-16 23:18:50,core-popma-10g.pop-ma.rnp.br;No-Hostname;cma1-bma1.bkb.rnp.br;cpi1-cma1-tlb.bkb.rnp.br;cce1-cpi1-chesf.bkb.rnp.br;cce2-cce1.bkb.rnp.br;crn1-cce2-chesf.bkb.rnp.br;No-Hostname;No-Hostname;monipe-rn-atraso.rnp.br
1750127107,2025-06-16 23:25:07,core-popma-10g.pop-ma.rnp.br;No-Hostname;cma1-bma1.bkb.rnp.br;cpi1-cma1-tlb.bkb.rnp.br;cce1-cpi1-chesf.bkb.rnp.br;cce2-cce1.bkb.rnp.br;crn1-cce2-chesf.bkb.rnp.br;No-Hostname;No-Hostname;monipe-rn-atraso.rnp.br
1750128006,2025-06-16 23:40:06,core-popma-10g.pop-ma.rnp.br;No-Hostname;cma1-bma1.bkb.rnp.br;cpi1-cma1-tlb.bkb.rnp.br;cce1-cpi1-chesf.bkb.rnp.br;cce2-cce1.bkb.rnp.br;crn1-cce2-chesf.bkb.rnp.br;No-Hostname;No-Hostname;monipe-rn-atraso.rnp.br
1750128189,2025-06-16 23:43:09,core-popma-10g.pop-ma.rnp.br;No-Hostname;cma1-bma1.bkb.rnp.br;cpi1-cma1-tlb.bkb.rnp.br;cce1-cpi1-chesf.bkb.rnp.br;cce2-cce1.bkb.rnp.br;crn1-cce2-chesf.bkb.rnp.br;No-Hostname;No-Hostname;monipe-rn-atraso.rnp.br
1750129150,2025-06-16 23:59:10,core-popma-10g.pop-ma.rnp.br;No-Hostname;cma1-bma1.bkb.rnp.br;cpi1-cma1-tlb.bkb.rnp.br;cce1-cpi1-chesf.bkb.rnp.br;cce2-cce1.bkb.rnp.br;crn1-cce2-chesf.bkb.rnp.br;No-Hostname;No-Hostname;monipe-rn-atraso.rnp.br
1750129584,2025-06-17 00:06:24,core-popma-10g.pop-ma.rnp.br;No-Hostname;cma1-bma1.bkb.rnp.br;cpi1-cma1-tlb.bkb.rnp.br;cce1-cpi1-chesf.bkb.rnp.br;cce2-cce1.bkb.rnp.br;crn1-cce2-chesf.bkb.rnp.br;No-Hostname;No-Hostname;monipe-rn-atraso.rnp.br
1750130101,2025-06-17 00:15:01,core-popma-10g.pop-ma.rnp.br;No-Hostname;cma1-bma1.bkb.rnp.br;cpi1-cma1-tlb.bkb.rnp.br;cce1-cpi1-chesf.bkb.rnp.br;cce2-cce1.bkb.rnp.br;crn1-cce2-chesf.bkb.rnp.br;No-Hostname;No-Hostname;monipe-rn-atraso.rnp.br
1750130619,2025-06-17 00:23:39,core-popma-10g.pop-ma.rnp.br;No-Hostname;cma1-bma1.bkb.rnp.br;cpi1-cma1-tlb.bkb.rnp.br;cce1-cpi1-chesf.bkb.rnp.br;cce2-cce1.bkb.rnp.br;crn1-cce2-chesf.bkb.rnp.br;No-Hostname;No-Hostname;monipe-rn-atraso.rnp.br
1750131488,2025-06-17 00:38:08,core-popma-10g.pop-ma.rnp.br;No-Hostname;cma1-bma1.bkb.rnp.br;cpi1-cma1-tlb.bkb.rnp.br;cce1-cpi1-chesf.bkb.rnp.br;cce2-cce1.bkb.rnp.br;crn1-cce2-chesf.bkb.rnp.br;No-Hostname;No-Hostname;monipe-rn-atraso.rnp.br
1750131928,2025-06-17 00:45:28,core-popma-10g.pop-ma.rnp.br;No-Hostname;cma1-bma1.bkb.rnp.br;cpi1-cma1-tlb.bkb.rnp.br;cce1-cpi1-chesf.bkb.rnp.br;cce2-cce1.bkb.rnp.br;crn1-cce2-chesf.bkb.rnp.br;No-Hostname;No-Hostname;monipe-rn-atraso.rnp.br
1750132896,2025-06-17 01:01:36,core-popma-10g.pop-ma.rnp.br;No-Hostname;cma1-bma1.bkb.rnp.br;cpi1-cma1-tlb.bkb.rnp.br;cce1-cpi1-chesf.bkb.rnp.br;cce2-cce1.bkb.rnp.br;crn1-cce2-chesf.bkb.rnp.br;No-Hostname;No-Hostname;monipe-rn-atraso.rnp.br
1750133074,2025-06-17 01:04:34,core-popma-10g.pop-ma.rnp.br;No-Hostname;cma1-bma1.bkb.rnp.br;cpi1-cma1-tlb.bkb.rnp.br;cce1-cpi1-chesf.bkb.rnp.br;cce2-cce1.bkb.rnp.br;crn1-cce2-chesf.bkb.rnp.br;No-Hostname;No-Hostname;monipe-rn-atraso.rnp.br
1750133821,2025-06-17 01:17:01,core-popma-10g.pop-ma.rnp.br;No-Hostname;cma1-bma1.bkb.rnp.br;cpi1-cma1-tlb.bkb.rnp.br;cce1-cpi1-chesf.bkb.rnp.br;cce2-cce1.bkb.rnp.br;crn1-cce2-chesf.bkb.rnp.br;No-Hostname;No-Hostname;monipe-rn-atraso.rnp.br
1750134523,2025-06-17 01:28:43,core-popma-10g.pop-ma.rnp.br;No-Hostname;cma1-bma1.bkb.rnp.br;cpi1-cma1-tlb.bkb.rnp.br;cce1-cpi1-chesf.bkb.rnp.br;cce2-cce1.bkb.rnp.br;crn1-cce2-chesf.bkb.rnp.br;No-Hostname;No-Hostname;monipe-rn-atraso.rnp.br
1750134888,2025-06-17 01:34:48,core-popma-10g.pop-ma.rnp.br;No-Hostname;cma1-bma1.bkb.rnp.br;cpi1-cma1-tlb.bkb.rnp.br;cce1-cpi1-chesf.bkb.rnp.br;cce2-cce1.bkb.rnp.br;crn1-cce2-chesf.bkb.rnp.br;No-Hostname;No-Hostname;monipe-rn-atraso.rnp.br
1750135475,2025-06-17 01:44:35,core-popma-10g.pop-ma.rnp.br;No-Hostname;cma1-bma1.bkb.rnp.br;cpi1-cma1-tlb.bkb.rnp.br;cce1-cpi1-chesf.bkb.rnp.br;cce2-cce1.bkb.rnp.br;crn1-cce2-chesf.bkb.rnp.br;No-Hostname;No-Hostname;monipe-rn-atraso.rnp.br
1750136327,2025-06-17 01:58:47,core-popma-10g.pop-ma.rnp.br;No-Hostname;cma1-bma1.bkb.rnp.br;cpi1-cma1-tlb.bkb.rnp.br;cce1-cpi1-chesf.bkb.rnp.br;cce2-cce1.bkb.rnp.br;crn1-cce2-chesf.bkb.rnp.br;No-Hostname;No-Hostname;monipe-rn-atraso.rnp.br
1750136596,2025-06-17 02:03:16,core-popma-10g.pop-ma.rnp.br;No-Hostname;cma1-bma1.bkb.rnp.br;cpi1-cma1-tlb.bkb.rnp.br;cce1-cpi1-chesf.bkb.rnp.br;cce2-cce1.bkb.rnp.br;crn1-cce2-chesf.bkb.rnp.br;No-Hostname;No-Hostname;monipe-rn-atraso.rnp.br
1750137685,2025-06-17 02:21:25,core-popma-10g.pop-ma.rnp.br;No-Hostname;cma1-bma1.bkb.rnp.br;cpi1-cma1-tlb.bkb.rnp.br;cce1-cpi1-chesf.bkb.rnp.br;cce2-cce1.bkb.rnp.br;crn1-cce2-chesf.bkb.rnp.br;No-Hostname;No-Hostname;monipe-rn-atraso.rnp.br
1750138102,2025-06-17 02:28:22,core-popma-10g.pop-ma.rnp.br;No-Hostname;cma1-bma1.bkb.rnp.br;cpi1-cma1-tlb.bkb.rnp.br;cce1-cpi1-chesf.bkb.rnp.br;cce2-cce1.bkb.rnp.br;crn1-cce2-chesf.bkb.rnp.br;No-Hostname;No-Hostname;monipe-rn-atraso.rnp.br
1750138587,2025-06-17 02:36:27,core-popma-10g.pop-ma.rnp.br;No-Hostname;cma1-bma1.bkb.rnp.br;cpi1-cma1-tlb.bkb.rnp.br;cce1-cpi1-chesf.bkb.rnp.br;cce2-cce1.bkb.rnp.br;crn1-cce2-chesf.bkb.rnp.br;No-Hostname;No-Hostname;monipe-rn-atraso.rnp.br
1750139505,2025-06-17 02:51:45,core-popma-10g.pop-ma.rnp.br;No-Hostname;cma1-bma1.bkb.rnp.br;cpi1-cma1-tlb.bkb.rnp.br;cce1-cpi1-chesf.bkb.rnp.br;cce2-cce1.bkb.rnp.br;crn1-cce2-chesf.bkb.rnp.br;No-Hostname;No-Hostname;monipe-rn-atraso.rnp.br
1750139659,2025-06-17 02:54:19,core-popma-10g.pop-ma.rnp.br;No-Hostname;cma1-bma1.bkb.rnp.br;cpi1-cma1-tlb.bkb.rnp.br;cce1-cpi1-chesf.bkb.rnp.br;cce2-cce1.bkb.rnp.br;crn1-cce2-chesf.bkb.rnp.br;No-Hostname;No-Hostname;monipe-rn-atraso.rnp.br
1750140482,2025-06-17 03:08:02,core-popma-10g.pop-ma.rnp.br;No-Hostname;cma1-bma1.bkb.rnp.br;cpi1-cma1-tlb.bkb.rnp.br;cce1-cpi1-chesf.bkb.rnp.br;cce2-cce1.bkb.rnp.br;crn1-cce2-chesf.bkb.rnp.br;No-Hostname;No-Hostname;monipe-rn-atraso.rnp.br
1750140898,2025-06-17 03:14:58,core-popma-10g.pop-ma.rnp.br;No-Hostname;cma1-bma1.bkb.rnp.br;cpi1-cma1-tlb.bkb.rnp.br;cce1-cpi1-chesf.bkb.rnp.br;cce2-cce1.bkb.rnp.br;crn1-cce2-chesf.bkb.rnp.br;No-Hostname;No-Hostname;monipe-rn-atraso.rnp.br
1750141614,2025-06-17 03:26:54,core-popma-10g.pop-ma.rnp.br;No-Hostname;cma1-bma1.bkb.rnp.br;cpi1-cma1-tlb.bkb.rnp.br;cce1-cpi1-chesf.bkb.rnp.br;cce2-cce1.bkb.rnp.br;crn1-cce2-chesf.bkb.rnp.br;No-Hostname;No-Hostname;monipe-rn-atraso.rnp.br
1750142358,2025-06-17 03:39:18,core-popma-10g.pop-ma.rnp.br;No-Hostname;cma1-bma1.bkb.rnp.br;cpi1-cma1-tlb.bkb.rnp.br;cce1-cpi1-chesf.bkb.rnp.br;cce2-cce1.bkb.rnp.br;crn1-cce2-chesf.bkb.rnp.br;No-Hostname;No-Hostname;monipe-rn-atraso.rnp.br
1750142653,2025-06-17 03:44:13,core-popma-10g.pop-ma.rnp.br;No-Hostname;cma1-bma1.bkb.rnp.br;cpi1-cma1-tlb.bkb.rnp.br;cce1-cpi1-chesf.bkb.rnp.br;cce2-cce1.bkb.rnp.br;crn1-cce2-chesf.bkb.rnp.br;No-Hostname;No-Hostname;monipe-rn-atraso.rnp.br
1750143526,2025-06-17 03:58:46,core-popma-10g.pop-ma.rnp.br;No-Hostname;cma1-bma1.bkb.rnp.br;cpi1-cma1-tlb.bkb.rnp.br;cce1-cpi1-chesf.bkb.rnp.br;cce2-cce1.bkb.rnp.br;crn1-cce2-chesf.bkb.rnp.br;No-Hostname;No-Hostname;monipe-rn-atraso.rnp.br
1750143966,2025-06-17 04:06:06,core-popma-10g.pop-ma.rnp.br;No-Hostname;cma1-bma1.bkb.rnp.br;cpi1-cma1-tlb.bkb.rnp.br;cce1-cpi1-chesf.bkb.rnp.br;cce2-cce1.bkb.rnp.br;crn1-cce2-chesf.bkb.rnp.br;No-Hostname;No-Hostname;monipe-rn-atraso.rnp.br
1750144563,2025-06-17 04:16:03,core-popma-10g.pop-ma.rnp.br;No-Hostname;cma1-bma1.bkb.rnp.br;cpi1-cma1-tlb.bkb.rnp.br;cce1-cpi1-chesf.bkb.rnp.br;cce2-cce1.bkb.rnp.br;crn1-cce2-chesf.bkb.rnp.br;No-Hostname;No-Hostname;monipe-rn-atraso.rnp.br
1750145086,2025-06-17 04:24:46,core-popma-10g.pop-ma.rnp.br;No-Hostname;cma1-bma1.bkb.rnp.br;cpi1-cma1-tlb.bkb.rnp.br;cce1-cpi1-chesf.bkb.rnp.br;cce2-cce1.bkb.rnp.br;crn1-cce2-chesf.bkb.rnp.br;No-Hostname;No-Hostname;monipe-rn-atraso.rnp.br
1750146094,2025-06-17 04:41:34,core-popma-10g.pop-ma.rnp.br;No-Hostname;cma1-bma1.bkb.rnp.br;cpi1-cma1-tlb.bkb.rnp.br;cce1-cpi1-chesf.bkb.rnp.br;cce2-cce1.bkb.rnp.br;crn1-cce2-chesf.bkb.rnp.br;No-Hostname;No-Hostname;monipe-rn-atraso.rnp.br
1750146220,2025-06-17 04:43:40,core-popma-10g.pop-ma.rnp.br;No-Hostname;cma1-bma1.bkb.rnp.br;cpi1-cma1-tlb.bkb.rnp.br;cce1-cpi1-chesf.bkb.rnp.br;cce2-cce1.bkb.rnp.br;crn1-cce2-chesf.bkb.rnp.br;No-Hostname;No-Hostname;monipe-rn-atraso.rnp.br
1750146967,2025-06-17 04:56:07,core-popma-10g.pop-ma.rnp.br;No-Hostname;cma1-bma1.bkb.rnp.br;cpi1-cma1-tlb.bkb.rnp.br;cce1-cpi1-chesf.bkb.rnp.br;cce2-cce1.bkb.rnp.br;crn1-cce2-chesf.bkb.rnp.br;No-Hostname;No-Hostname;monipe-rn-atraso.rnp.br
1750147454,2025-06-17 05:04:14,core-popma-10g.pop-ma.rnp.br;No-Hostname;cma1-bma1.bkb.rnp.br;cpi1-cma1-tlb.bkb.rnp.br;cce1-cpi1-chesf.bkb.rnp.br;cce2-cce1.bkb.rnp.br;crn1-cce2-chesf.bkb.rnp.br;No-Hostname;No-Hostname;monipe-rn-atraso.rnp.br
1750148423,2025-06-17 05:20:23,core-popma-10g.pop-ma.rnp.br;No-Hostname;cma1-bma1.bkb.rnp.br;cpi1-cma1-tlb.bkb.rnp.br;cce1-cpi1-chesf.bkb.rnp.br;cce2-cce1.bkb.rnp.br;crn1-cce2-chesf.bkb.rnp.br;No-Hostname;No-Hostname;monipe-rn-atraso.rnp.br
1750148862,2025-06-17 05:27:42,core-popma-10g.pop-ma.rnp.br;No-Hostname;cma1-bma1.bkb.rnp.br;cpi1-cma1-tlb.bkb.rnp.br;cce1-cpi1-chesf.bkb.rnp.br;cce2-cce1.bkb.rnp.br;crn1-cce2-chesf.bkb.rnp.br;No-Hostname;No-Hostname;monipe-rn-atraso.rnp.br
1750149637,2025-06-17 05:40:37,core-popma-10g.pop-ma.rnp.br;No-Hostname;cma1-bma1.bkb.rnp.br;cpi1-cma1-tlb.bkb.rnp.br;cce1-cpi1-chesf.bkb.rnp.br;cce2-cce1.bkb.rnp.br;crn1-cce2-chesf.bkb.rnp.br;No-Hostname;No-Hostname;monipe-rn-atraso.rnp.br
1750150134,2025-06-17 05:48:54,core-popma-10g.pop-ma.rnp.br;No-Hostname;cma1-bma1.bkb.rnp.br;cpi1-cma1-tlb.bkb.rnp.br;cce1-cpi1-chesf.bkb.rnp.br;cce2-cce1.bkb.rnp.br;crn1-cce2-chesf.bkb.rnp.br;No-Hostname;No-Hostname;monipe-rn-atraso.rnp.br
1750150442,2025-06-17 05:54:02,core-popma-10g.pop-ma.rnp.br;No-Hostname;cma1-bma1.bkb.rnp.br;cpi1-cma1-tlb.bkb.rnp.br;cce1-cpi1-chesf.bkb.rnp.br;cce2-cce1.bkb.rnp.br;crn1-cce2-chesf.bkb.rnp.br;No-Hostname;No-Hostname;monipe-rn-atraso.rnp.br
1750151005,2025-06-17 06:03:25,core-popma-10g.pop-ma.rnp.br;No-Hostname;cma1-bma1.bkb.rnp.br;cpi1-cma1-tlb.bkb.rnp.br;cce1-cpi1-chesf.bkb.rnp.br;cce2-cce1.bkb.rnp.br;crn1-cce2-chesf.bkb.rnp.br;No-Hostname;No-Hostname;monipe-rn-atraso.rnp.br
1750152072,2025-06-17 06:21:12,core-popma-10g.pop-ma.rnp.br;No-Hostname;cma1-bma1.bkb.rnp.br;cpi1-cma1-tlb.bkb.rnp.br;cce1-cpi1-chesf.bkb.rnp.br;cce2-cce1.bkb.rnp.br;crn1-cce2-chesf.bkb.rnp.br;No-Hostname;No-Hostname;monipe-rn-atraso.rnp.br
1750152563,2025-06-17 06:29:23,core-popma-10g.pop-ma.rnp.br;No-Hostname;cma1-bma1.bkb.rnp.br;cpi1-cma1-tlb.bkb.rnp.br;cce1-cpi1-chesf.bkb.rnp.br;cce2-cce1.bkb.rnp.br;crn1-cce2-chesf.bkb.rnp.br;No-Hostname;No-Hostname;monipe-rn-atraso.rnp.br
1750153097,2025-06-17 06:38:17,core-popma-10g.pop-ma.rnp.br;No-Hostname;cma1-bma1.bkb.rnp.br;cpi1-cma1-tlb.bkb.rnp.br;cce1-cpi1-chesf.bkb.rnp.br;cce2-cce1.bkb.rnp.br;crn1-cce2-chesf.bkb.rnp.br;No-Hostname;No-Hostname;monipe-rn-atraso.rnp.br
1750153745,2025-06-17 06:49:05,core-popma-10g.pop-ma.rnp.br;No-Hostname;cma1-bma1.bkb.rnp.br;cpi1-cma1-tlb.bkb.rnp.br;cce1-cpi1-chesf.bkb.rnp.br;cce2-cce1.bkb.rnp.br;crn1-cce2-chesf.bkb.rnp.br;No-Hostname;No-Hostname;monipe-rn-atraso.rnp.br
1750154084,2025-06-17 06:54:44,core-popma-10g.pop-ma.rnp.br;No-Hostname;cma1-bma1.bkb.rnp.br;cpi1-cma1-tlb.bkb.rnp.br;cce1-cpi1-chesf.bkb.rnp.br;cce2-cce1.bkb.rnp.br;crn1-cce2-chesf.bkb.rnp.br;No-Hostname;No-Hostname;monipe-rn-atraso.rnp.br
1750155006,2025-06-17 07:10:06,core-popma-10g.pop-ma.rnp.br;No-Hostname;cma1-bma1.bkb.rnp.br;cpi1-cma1-tlb.bkb.rnp.br;cce1-cpi1-chesf.bkb.rnp.br;cce2-cce1.bkb.rnp.br;crn1-cce2-chesf.bkb.rnp.br;No-Hostname;No-Hostname;monipe-rn-atraso.rnp.br
1750155336,2025-06-17 07:15:36,core-popma-10g.pop-ma.rnp.br;No-Hostname;cma1-bma1.bkb.rnp.br;cpi1-cma1-tlb.bkb.rnp.br;cce1-cpi1-chesf.bkb.rnp.br;cce2-cce1.bkb.rnp.br;crn1-cce2-chesf.bkb.rnp.br;No-Hostname;No-Hostname;monipe-rn-atraso.rnp.br
1750155971,2025-06-17 07:26:11,core-popma-10g.pop-ma.rnp.br;No-Hostname;cma1-bma1.bkb.rnp.br;cpi1-cma1-tlb.bkb.rnp.br;cce1-cpi1-chesf.bkb.rnp.br;cce2-cce1.bkb.rnp.br;crn1-cce2-chesf.bkb.rnp.br;No-Hostname;No-Hostname;monipe-rn-atraso.rnp.br
1750156848,2025-06-17 07:40:48,core-popma-10g.pop-ma.rnp.br;No-Hostname;cma1-bma1.bkb.rnp.br;cpi1-cma1-tlb.bkb.rnp.br;cce1-cpi1-chesf.bkb.rnp.br;cce2-cce1.bkb.rnp.br;crn1-cce2-chesf.bkb.rnp.br;No-Hostname;No-Hostname;monipe-rn-atraso.rnp.br
1750157226,2025-06-17 07:47:06,core-popma-10g.pop-ma.rnp.br;No-Hostname;cma1-bma1.bkb.rnp.br;cpi1-cma1-tlb.bkb.rnp.br;cce1-cpi1-chesf.bkb.rnp.br;cce2-cce1.bkb.rnp.br;crn1-cce2-chesf.bkb.rnp.br;No-Hostname;No-Hostname;monipe-rn-atraso.rnp.br
1750157826,2025-06-17 07:57:06,core-popma-10g.pop-ma.rnp.br;No-Hostname;cma1-bma1.bkb.rnp.br;cpi1-cma1-tlb.bkb.rnp.br;cce1-cpi1-chesf.bkb.rnp.br;cce2-cce1.bkb.rnp.br;crn1-cce2-chesf.bkb.rnp.br;No-Hostname;No-Hostname;monipe-rn-atraso.rnp.br
1750158327,2025-06-17 08:05:27,core-popma-10g.pop-ma.rnp.br;No-Hostname;cma1-bma1.bkb.rnp.br;cpi1-cma1-tlb.bkb.rnp.br;cce1-cpi1-chesf.bkb.rnp.br;cce2-cce1.bkb.rnp.br;crn1-cce2-chesf.bkb.rnp.br;No-Hostname;No-Hostname;monipe-rn-atraso.rnp.br
1750158921,2025-06-17 08:15:21,core-popma-10g.pop-ma.rnp.br;No-Hostname;cma1-bma1.bkb.rnp.br;cpi1-cma1-tlb.bkb.rnp.br;cce1-cpi1-chesf.bkb.rnp.br;cce2-cce1.bkb.rnp.br;crn1-cce2-chesf.bkb.rnp.br;No-Hostname;No-Hostname;monipe-rn-atraso.rnp.br
1750159748,2025-06-17 08:29:08,core-popma-10g.pop-ma.rnp.br;No-Hostname;cma1-bma1.bkb.rnp.br;cpi1-cma1-tlb.bkb.rnp.br;cce1-cpi1-chesf.bkb.rnp.br;cce2-cce1.bkb.rnp.br;crn1-cce2-chesf.bkb.rnp.br;No-Hostname;No-Hostname;monipe-rn-atraso.rnp.br
1750160318,2025-06-17 08:38:38,core-popma-10g.pop-ma.rnp.br;No-Hostname;cma1-bma1.bkb.rnp.br;cpi1-cma1-tlb.bkb.rnp.br;cce1-cpi1-chesf.bkb.rnp.br;cce2-cce1.bkb.rnp.br;crn1-cce2-chesf.bkb.rnp.br;No-Hostname;No-Hostname;monipe-rn-atraso.rnp.br
1750160650,2025-06-17 08:44:10,core-popma-10g.pop-ma.rnp.br;No-Hostname;cma1-bma1.bkb.rnp.br;cpi1-cma1-tlb.bkb.rnp.br;cce1-cpi1-chesf.bkb.rnp.br;cce2-cce1.bkb.rnp.br;crn1-cce2-chesf.bkb.rnp.br;No-Hostname;No-Hostname;monipe-rn-atraso.rnp.br
1750161264,2025-06-17 08:54:24,core-popma-10g.pop-ma.rnp.br;No-Hostname;cma1-bma1.bkb.rnp.br;cpi1-cma1-tlb.bkb.rnp.br;cce1-cpi1-chesf.bkb.rnp.br;cce2-cce1.bkb.rnp.br;crn1-cce2-chesf.bkb.rnp.br;No-Hostname;No-Hostname;monipe-rn-atraso.rnp.br
1750162001,2025-06-17 09:06:41,core-popma-10g.pop-ma.rnp.br;No-Hostname;cma1-bma1.bkb.rnp.br;cpi1-cma1-tlb.bkb.rnp.br;cce1-cpi1-chesf.bkb.rnp.br;cce2-cce1.bkb.rnp.br;crn1-cce2-chesf.bkb.rnp.br;No-Hostname;No-Hostname;monipe-rn-atraso.rnp.br
1750162689,2025-06-17 09:18:09,core-popma-10g.pop-ma.rnp.br;No-Hostname;cma1-bma1.bkb.rnp.br;cpi1-cma1-tlb.bkb.rnp.br;cce1-cpi1-chesf.bkb.rnp.br;cce2-cce1.bkb.rnp.br;crn1-cce2-chesf.bkb.rnp.br;No-Hostname;No-Hostname;monipe-rn-atraso.rnp.br
1750163462,2025-06-17 09:31:02,core-popma-10g.pop-ma.rnp.br;No-Hostname;cma1-bma1.bkb.rnp.br;cpi1-cma1-tlb.bkb.rnp.br;cce1-cpi1-chesf.bkb.rnp.br;cce2-cce1.bkb.rnp.br;crn1-cce2-chesf.bkb.rnp.br;No-Hostname;No-Hostname;monipe-rn-atraso.rnp.br
1750164100,2025-06-17 09:41:40,core-popma-10g.pop-ma.rnp.br;No-Hostname;cma1-bma1.bkb.rnp.br;cpi1-cma1-tlb.bkb.rnp.br;cce1-cpi1-chesf.bkb.rnp.br;cce2-cce1.bkb.rnp.br;crn1-cce2-chesf.bkb.rnp.br;No-Hostname;No-Hostname;monipe-rn-atraso.rnp.br
1750164516,2025-06-17 09:48:36,core-popma-10g.pop-ma.rnp.br;No-Hostname;cma1-bma1.bkb.rnp.br;cpi1-cma1-tlb.bkb.rnp.br;cce1-cpi1-chesf.bkb.rnp.br;cce2-cce1.bkb.rnp.br;crn1-cce2-chesf.bkb.rnp.br;No-Hostname;No-Hostname;monipe-rn-atraso.rnp.br
1750164965,2025-06-17 09:56:05,core-popma-10g.pop-ma.rnp.br;No-Hostname;cma1-bma1.bkb.rnp.br;cpi1-cma1-tlb.bkb.rnp.br;cce1-cpi1-chesf.bkb.rnp.br;cce2-cce1.bkb.rnp.br;crn1-cce2-chesf.bkb.rnp.br;No-Hostname;No-Hostname;monipe-rn-atraso.rnp.br
1750165747,2025-06-17 10:09:07,core-popma-10g.pop-ma.rnp.br;No-Hostname;cma1-bma1.bkb.rnp.br;cpi1-cma1-tlb.bkb.rnp.br;cce1-cpi1-chesf.bkb.rnp.br;cce2-cce1.bkb.rnp.br;crn1-cce2-chesf.bkb.rnp.br;No-Hostname;No-Hostname;monipe-rn-atraso.rnp.br
1750166399,2025-06-17 10:19:59,core-popma-10g.pop-ma.rnp.br;No-Hostname;cma1-bma1.bkb.rnp.br;cpi1-cma1-tlb.bkb.rnp.br;cce1-cpi1-chesf.bkb.rnp.br;cce2-cce1.bkb.rnp.br;crn1-cce2-chesf.bkb.rnp.br;No-Hostname;No-Hostname;monipe-rn-atraso.rnp.br
1750166758,2025-06-17 10:25:58,core-popma-10g.pop-ma.rnp.br;No-Hostname;cma1-bma1.bkb.rnp.br;cpi1-cma1-tlb.bkb.rnp.br;cce1-cpi1-chesf.bkb.rnp.br;cce2-cce1.bkb.rnp.br;crn1-cce2-chesf.bkb.rnp.br;No-Hostname;No-Hostname;monipe-rn-atraso.rnp.br
1750167688,2025-06-17 10:41:28,core-popma-10g.pop-ma.rnp.br;No-Hostname;cma1-bma1.bkb.rnp.br;cpi1-cma1-tlb.bkb.rnp.br;cce1-cpi1-chesf.bkb.rnp.br;cce2-cce1.bkb.rnp.br;crn1-cce2-chesf.bkb.rnp.br;No-Hostname;No-Hostname;monipe-rn-atraso.rnp.br
1750168126,2025-06-17 10:48:46,core-popma-10g.pop-ma.rnp.br;No-Hostname;cma1-bma1.bkb.rnp.br;cpi1-cma1-tlb.bkb.rnp.br;cce1-cpi1-chesf.bkb.rnp.br;cce2-cce1.bkb.rnp.br;crn1-cce2-chesf.bkb.rnp.br;No-Hostname;No-Hostname;monipe-rn-atraso.rnp.br
1750168420,2025-06-17 10:53:40,core-popma-10g.pop-ma.rnp.br;No-Hostname;cma1-bma1.bkb.rnp.br;cpi1-cma1-tlb.bkb.rnp.br;cce1-cpi1-chesf.bkb.rnp.br;cce2-cce1.bkb.rnp.br;crn1-cce2-chesf.bkb.rnp.br;No-Hostname;No-Hostname;monipe-rn-atraso.rnp.br
1750169068,2025-06-17 11:04:28,core-popma-10g.pop-ma.rnp.br;No-Hostname;cma1-bma1.bkb.rnp.br;cpi1-cma1-tlb.bkb.rnp.br;cce1-cpi1-chesf.bkb.rnp.br;cce2-cce1.bkb.rnp.br;crn1-cce2-chesf.bkb.rnp.br;No-Hostname;No-Hostname;monipe-rn-atraso.rnp.br
1750169953,2025-06-17 11:19:13,core-popma-10g.pop-ma.rnp.br;No-Hostname;cma1-bma1.bkb.rnp.br;cpi1-cma1-tlb.bkb.rnp.br;cce1-cpi1-chesf.bkb.rnp.br;cce2-cce1.bkb.rnp.br;crn1-cce2-chesf.bkb.rnp.br;No-Hostname;No-Hostname;monipe-rn-atraso.rnp.br
1750170705,2025-06-17 11:31:45,core-popma-10g.pop-ma.rnp.br;No-Hostname;cma1-bma1.bkb.rnp.br;cpi1-cma1-tlb.bkb.rnp.br;cce1-cpi1-chesf.bkb.rnp.br;cce2-cce1.bkb.rnp.br;crn1-cce2-chesf.bkb.rnp.br;No-Hostname;No-Hostname;monipe-rn-atraso.rnp.br
1750170981,2025-06-17 11:36:21,core-popma-10g.pop-ma.rnp.br;No-Hostname;cma1-bma1.bkb.rnp.br;cpi1-cma1-tlb.bkb.rnp.br;cce1-cpi1-chesf.bkb.rnp.br;cce2-cce1.bkb.rnp.br;crn1-cce2-chesf.bkb.rnp.br;No-Hostname;No-Hostname;monipe-rn-atraso.rnp.br
1750171717,2025-06-17 11:48:37,core-popma-10g.pop-ma.rnp.br;No-Hostname;cma1-bma1.bkb.rnp.br;cpi1-cma1-tlb.bkb.rnp.br;cce1-cpi1-chesf.bkb.rnp.br;cce2-cce1.bkb.rnp.br;crn1-cce2-chesf.bkb.rnp.br;No-Hostname;No-Hostname;monipe-rn-atraso.rnp.br
1750172441,2025-06-17 12:00:41,core-popma-10g.pop-ma.rnp.br;No-Hostname;cma1-bma1.bkb.rnp.br;cpi1-cma1-tlb.bkb.rnp.br;cce1-cpi1-chesf.bkb.rnp.br;cce2-cce1.bkb.rnp.br;crn1-cce2-chesf.bkb.rnp.br;No-Hostname;No-Hostname;monipe-rn-atraso.rnp.br
1750172897,2025-06-17 12:08:17,core-popma-10g.pop-ma.rnp.br;No-Hostname;cma1-bma1.bkb.rnp.br;cpi1-cma1-tlb.bkb.rnp.br;cce1-cpi1-chesf.bkb.rnp.br;cce2-cce1.bkb.rnp.br;crn1-cce2-chesf.bkb.rnp.br;No-Hostname;No-Hostname;monipe-rn-atraso.rnp.br
1750173519,2025-06-17 12:18:39,core-popma-10g.pop-ma.rnp.br;No-Hostname;cma1-bma1.bkb.rnp.br;cpi1-cma1-tlb.bkb.rnp.br;cce1-cpi1-chesf.bkb.rnp.br;cce2-cce1.bkb.rnp.br;crn1-cce2-chesf.bkb.rnp.br;No-Hostname;No-Hostname;monipe-rn-atraso.rnp.br
1750174103,2025-06-17 12:28:23,core-popma-10g.pop-ma.rnp.br;No-Hostname;cma1-bma1.bkb.rnp.br;cpi1-cma1-tlb.bkb.rnp.br;cce1-cpi1-chesf.bkb.rnp.br;cce2-cce1.bkb.rnp.br;crn1-cce2-chesf.bkb.rnp.br;No-Hostname;No-Hostname;monipe-rn-atraso.rnp.br
1750174903,2025-06-17 12:41:43,core-popma-10g.pop-ma.rnp.br;No-Hostname;cma1-bma1.bkb.rnp.br;cpi1-cma1-tlb.bkb.rnp.br;cce1-cpi1-chesf.bkb.rnp.br;cce2-cce1.bkb.rnp.br;crn1-cce2-chesf.bkb.rnp.br;No-Hostname;No-Hostname;monipe-rn-atraso.rnp.br
1750175285,2025-06-17 12:48:05,core-popma-10g.pop-ma.rnp.br;No-Hostname;cma1-bma1.bkb.rnp.br;cpi1-cma1-tlb.bkb.rnp.br;cce1-cpi1-chesf.bkb.rnp.br;cce2-cce1.bkb.rnp.br;crn1-cce2-chesf.bkb.rnp.br;No-Hostname;No-Hostname;monipe-rn-atraso.rnp.br
1750175945,2025-06-17 12:59:05,core-popma-10g.pop-ma.rnp.br;No-Hostname;cma1-bma1.bkb.rnp.br;cpi1-cma1-tlb.bkb.rnp.br;cce1-cpi1-chesf.bkb.rnp.br;cce2-cce1.bkb.rnp.br;crn1-cce2-chesf.bkb.rnp.br;No-Hostname;No-Hostname;monipe-rn-atraso.rnp.br
1750176395,2025-06-17 13:06:35,core-popma-10g.pop-ma.rnp.br;No-Hostname;cma1-bma1.bkb.rnp.br;cpi1-cma1-tlb.bkb.rnp.br;cce1-cpi1-chesf.bkb.rnp.br;cce2-cce1.bkb.rnp.br;crn1-cce2-chesf.bkb.rnp.br;No-Hostname;No-Hostname;monipe-rn-atraso.rnp.br
1750177055,2025-06-17 13:17:35,core-popma-10g.pop-ma.rnp.br;No-Hostname;cma1-bma1.bkb.rnp.br;cpi1-cma1-tlb.bkb.rnp.br;cce1-cpi1-chesf.bkb.rnp.br;cce2-cce1.bkb.rnp.br;crn1-cce2-chesf.bkb.rnp.br;No-Hostname;No-Hostname;monipe-rn-atraso.rnp.br
1750177762,2025-06-17 13:29:22,core-popma-10g.pop-ma.rnp.br;No-Hostname;cma1-bma1.bkb.rnp.br;cpi1-cma1-tlb.bkb.rnp.br;cce1-cpi1-chesf.bkb.rnp.br;cce2-cce1.bkb.rnp.br;crn1-cce2-chesf.bkb.rnp.br;No-Hostname;No-Hostname;monipe-rn-atraso.rnp.br
1750178480,2025-06-17 13:41:20,core-popma-10g.pop-ma.rnp.br;No-Hostname;cma1-bma1.bkb.rnp.br;cpi1-cma1-tlb.bkb.rnp.br;cce1-cpi1-chesf.bkb.rnp.br;cce2-cce1.bkb.rnp.br;crn1-cce2-chesf.bkb.rnp.br;No-Hostname;No-Hostname;monipe-rn-atraso.rnp.br
1750179102,2025-06-17 13:51:42,core-popma-10g.pop-ma.rnp.br;No-Hostname;cma1-bma1.bkb.rnp.br;cpi1-cma1-tlb.bkb.rnp.br;cce1-cpi1-chesf.bkb.rnp.br;cce2-cce1.bkb.rnp.br;crn1-cce2-chesf.bkb.rnp.br;No-Hostname;No-Hostname;monipe-rn-atraso.rnp.br
1750179694,2025-06-17 14:01:34,core-popma-10g.pop-ma.rnp.br;No-Hostname;cma1-bma1.bkb.rnp.br;cpi1-cma1-tlb.bkb.rnp.br;cce1-cpi1-chesf.bkb.rnp.br;cce2-cce1.bkb.rnp.br;crn1-cce2-chesf.bkb.rnp.br;No-Hostname;No-Hostname;monipe-rn-atraso.rnp.br
1750180013,2025-06-17 14:06:53,core-popma-10g.pop-ma.rnp.br;No-Hostname;cma1-bma1.bkb.rnp.br;cpi1-cma1-tlb.bkb.rnp.br;cce1-cpi1-chesf.bkb.rnp.br;cce2-cce1.bkb.rnp.br;crn1-cce2-chesf.bkb.rnp.br;No-Hostname;No-Hostname;monipe-rn-atraso.rnp.br
1750180598,2025-06-17 14:16:38,core-popma-10g.pop-ma.rnp.br;No-Hostname;cma1-bma1.bkb.rnp.br;cpi1-cma1-tlb.bkb.rnp.br;cce1-cpi1-chesf.bkb.rnp.br;cce2-cce1.bkb.rnp.br;crn1-cce2-chesf.bkb.rnp.br;No-Hostname;No-Hostname;monipe-rn-atraso.rnp.br
1750181023,2025-06-17 14:23:43,core-popma-10g.pop-ma.rnp.br;No-Hostname;cma1-bma1.bkb.rnp.br;cpi1-cma1-tlb.bkb.rnp.br;cce1-cpi1-chesf.bkb.rnp.br;cce2-cce1.bkb.rnp.br;crn1-cce2-chesf.bkb.rnp.br;No-Hostname;No-Hostname;monipe-rn-atraso.rnp.br
1750181756,2025-06-17 14:35:56,core-popma-10g.pop-ma.rnp.br;No-Hostname;cma1-bma1.bkb.rnp.br;cpi1-cma1-tlb.bkb.rnp.br;cce1-cpi1-chesf.bkb.rnp.br;cce2-cce1.bkb.rnp.br;crn1-cce2-chesf.bkb.rnp.br;No-Hostname;No-Hostname;monipe-rn-atraso.rnp.br
1750182647,2025-06-17 14:50:47,core-popma-10g.pop-ma.rnp.br;No-Hostname;cma1-bma1.bkb.rnp.br;cpi1-cma1-tlb.bkb.rnp.br;cce1-cpi1-chesf.bkb.rnp.br;cce2-cce1.bkb.rnp.br;crn1-cce2-chesf.bkb.rnp.br;No-Hostname;No-Hostname;monipe-rn-atraso.rnp.br
1750183171,2025-06-17 14:59:31,core-popma-10g.pop-ma.rnp.br;No-Hostname;cma1-bma1.bkb.rnp.br;cpi1-cma1-tlb.bkb.rnp.br;cce1-cpi1-chesf.bkb.rnp.br;cce2-cce1.bkb.rnp.br;crn1-cce2-chesf.bkb.rnp.br;No-Hostname;No-Hostname;monipe-rn-atraso.rnp.br
1750183721,2025-06-17 15:08:41,core-popma-10g.pop-ma.rnp.br;No-Hostname;cma1-bma1.bkb.rnp.br;cpi1-cma1-tlb.bkb.rnp.br;cce1-cpi1-chesf.bkb.rnp.br;cce2-cce1.bkb.rnp.br;crn1-cce2-chesf.bkb.rnp.br;No-Hostname;No-Hostname;monipe-rn-atraso.rnp.br
1750184119,2025-06-17 15:15:19,core-popma-10g.pop-ma.rnp.br;No-Hostname;cma1-bma1.bkb.rnp.br;cpi1-cma1-tlb.bkb.rnp.br;cce1-cpi1-chesf.bkb.rnp.br;cce2-cce1.bkb.rnp.br;crn1-cce2-chesf.bkb.rnp.br;No-Hostname;No-Hostname;monipe-rn-atraso.rnp.br
1750184734,2025-06-17 15:25:34,core-popma-10g.pop-ma.rnp.br;No-Hostname;cma1-bma1.bkb.rnp.br;cpi1-cma1-tlb.bkb.rnp.br;cce1-cpi1-chesf.bkb.rnp.br;cce2-cce1.bkb.rnp.br;crn1-cce2-chesf.bkb.rnp.br;No-Hostname;No-Hostname;monipe-rn-atraso.rnp.br
1750185869,2025-06-17 15:44:29,core-popma-10g.pop-ma.rnp.br;No-Hostname;cma1-bma1.bkb.rnp.br;cpi1-cma1-tlb.bkb.rnp.br;cce1-cpi1-chesf.bkb.rnp.br;cce2-cce1.bkb.rnp.br;crn1-cce2-chesf.bkb.rnp.br;No-Hostname;No-Hostname;monipe-rn-atraso.rnp.br
1750188588,2025-06-17 16:29:48,core-popma-10g.pop-ma.rnp.br;No-Hostname;cma1-bma1.bkb.rnp.br;cpi1-cma1-tlb.bkb.rnp.br;cce1-cpi1-chesf.bkb.rnp.br;cce2-cce1.bkb.rnp.br;crn1-cce2-chesf.bkb.rnp.br;No-Hostname;No-Hostname;monipe-rn-atraso.rnp.br
1750189307,2025-06-17 16:41:47,core-popma-10g.pop-ma.rnp.br;No-Hostname;cma1-bma1.bkb.rnp.br;cpi1-cma1-tlb.bkb.rnp.br;cce1-cpi1-chesf.bkb.rnp.br;cce2-cce1.bkb.rnp.br;crn1-cce2-chesf.bkb.rnp.br;No-Hostname;No-Hostname;monipe-rn-atraso.rnp.br
1750189832,2025-06-17 16:50:32,core-popma-10g.pop-ma.rnp.br;No-Hostname;cma1-bma1.bkb.rnp.br;cpi1-cma1-tlb.bkb.rnp.br;cce1-cpi1-chesf.bkb.rnp.br;cce2-cce1.bkb.rnp.br;crn1-cce2-chesf.bkb.rnp.br;No-Hostname;No-Hostname;monipe-rn-atraso.rnp.br
1750190325,2025-06-17 16:58:45,core-popma-10g.pop-ma.rnp.br;No-Hostname;cma1-bma1.bkb.rnp.br;cpi1-cma1-tlb.bkb.rnp.br;cce1-cpi1-chesf.bkb.rnp.br;cce2-cce1.bkb.rnp.br;crn1-cce2-chesf.bkb.rnp.br;No-Hostname;No-Hostname;monipe-rn-atraso.rnp.br
1750191412,2025-06-17 17:16:52,core-popma-10g.pop-ma.rnp.br;No-Hostname;cma1-bma1.bkb.rnp.br;cpi1-cma1-tlb.bkb.rnp.br;cce1-cpi1-chesf.bkb.rnp.br;cce2-cce1.bkb.rnp.br;crn1-cce2-chesf.bkb.rnp.br;No-Hostname;No-Hostname;monipe-rn-atraso.rnp.br
1750192305,2025-06-17 17:31:45,core-popma-10g.pop-ma.rnp.br;No-Hostname;cma1-bma1.bkb.rnp.br;cpi1-cma1-tlb.bkb.rnp.br;cce1-cpi1-chesf.bkb.rnp.br;cce2-cce1.bkb.rnp.br;crn1-cce2-chesf.bkb.rnp.br;No-Hostname;No-Hostname;monipe-rn-atraso.rnp.br
1750192750,2025-06-17 17:39:10,core-popma-10g.pop-ma.rnp.br;No-Hostname;cma1-bma1.bkb.rnp.br;cpi1-cma1-tlb.bkb.rnp.br;cce1-cpi1-chesf.bkb.rnp.br;cce2-cce1.bkb.rnp.br;crn1-cce2-chesf.bkb.rnp.br;No-Hostname;No-Hostname;monipe-rn-atraso.rnp.br
1750193221,2025-06-17 17:47:01,core-popma-10g.pop-ma.rnp.br;No-Hostname;cma1-bma1.bkb.rnp.br;cpi1-cma1-tlb.bkb.rnp.br;cce1-cpi1-chesf.bkb.rnp.br;cce2-cce1.bkb.rnp.br;crn1-cce2-chesf.bkb.rnp.br;No-Hostname;No-Hostname;monipe-rn-atraso.rnp.br
1750195568,2025-06-17 18:26:08,core-popma-10g.pop-ma.rnp.br;No-Hostname;cma1-bma1.bkb.rnp.br;cpi1-cma1-tlb.bkb.rnp.br;cce1-cpi1-chesf.bkb.rnp.br;cce2-cce1.bkb.rnp.br;crn1-cce2-chesf.bkb.rnp.br;No-Hostname;No-Hostname;monipe-rn-atraso.rnp.br
1750196210,2025-06-17 18:36:50,core-popma-10g.pop-ma.rnp.br;No-Hostname;cma1-bma1.bkb.rnp.br;cpi1-cma1-tlb.bkb.rnp.br;cce1-cpi1-chesf.bkb.rnp.br;cce2-cce1.bkb.rnp.br;crn1-cce2-chesf.bkb.rnp.br;No-Hostname;No-Hostname;monipe-rn-atraso.rnp.br
1750196789,2025-06-17 18:46:29,core-popma-10g.pop-ma.rnp.br;No-Hostname;cma1-bma1.bkb.rnp.br;cpi1-cma1-tlb.bkb.rnp.br;cce1-cpi1-chesf.bkb.rnp.br;cce2-cce1.bkb.rnp.br;crn1-cce2-chesf.bkb.rnp.br;No-Hostname;No-Hostname;monipe-rn-atraso.rnp.br
1750197338,2025-06-17 18:55:38,core-popma-10g.pop-ma.rnp.br;No-Hostname;cma1-bma1.bkb.rnp.br;cpi1-cma1-tlb.bkb.rnp.br;cce1-cpi1-chesf.bkb.rnp.br;cce2-cce1.bkb.rnp.br;crn1-cce2-chesf.bkb.rnp.br;No-Hostname;No-Hostname;monipe-rn-atraso.rnp.br
1750197955,2025-06-17 19:05:55,core-popma-10g.pop-ma.rnp.br;No-Hostname;cma1-bma1.bkb.rnp.br;cpi1-cma1-tlb.bkb.rnp.br;cce1-cpi1-chesf.bkb.rnp.br;cce2-cce1.bkb.rnp.br;crn1-cce2-chesf.bkb.rnp.br;No-Hostname;No-Hostname;monipe-rn-atraso.rnp.br
1750198513,2025-06-17 19:15:13,core-popma-10g.pop-ma.rnp.br;No-Hostname;cma1-bma1.bkb.rnp.br;cpi1-cma1-tlb.bkb.rnp.br;cce1-cpi1-chesf.bkb.rnp.br;cce2-cce1.bkb.rnp.br;crn1-cce2-chesf.bkb.rnp.br;No-Hostname;No-Hostname;monipe-rn-atraso.rnp.br
1750200021,2025-06-17 19:40:21,core-popma-10g.pop-ma.rnp.br;No-Hostname;cma1-bma1.bkb.rnp.br;cpi1-cma1-tlb.bkb.rnp.br;cce1-cpi1-chesf.bkb.rnp.br;cce2-cce1.bkb.rnp.br;crn1-cce2-chesf.bkb.rnp.br;No-Hostname;No-Hostname;monipe-rn-atraso.rnp.br
1750200266,2025-06-17 19:44:26,core-popma-10g.pop-ma.rnp.br;No-Hostname;cma1-bma1.bkb.rnp.br;cpi1-cma1-tlb.bkb.rnp.br;cce1-cpi1-chesf.bkb.rnp.br;cce2-cce1.bkb.rnp.br;crn1-cce2-chesf.bkb.rnp.br;No-Hostname;No-Hostname;monipe-rn-atraso.rnp.br
1750201115,2025-06-17 19:58:35,core-popma-10g.pop-ma.rnp.br;No-Hostname;cma1-bma1.bkb.rnp.br;cpi1-cma1-tlb.bkb.rnp.br;cce1-cpi1-chesf.bkb.rnp.br;cce2-cce1.bkb.rnp.br;crn1-cce2-chesf.bkb.rnp.br;No-Hostname;No-Hostname;monipe-rn-atraso.rnp.br
1750201686,2025-06-17 20:08:06,core-popma-10g.pop-ma.rnp.br;No-Hostname;cma1-bma1.bkb.rnp.br;cpi1-cma1-tlb.bkb.rnp.br;cce1-cpi1-chesf.bkb.rnp.br;cce2-cce1.bkb.rnp.br;crn1-cce2-chesf.bkb.rnp.br;No-Hostname;No-Hostname;monipe-rn-atraso.rnp.br
1750202508,2025-06-17 20:21:48,core-popma-10g.pop-ma.rnp.br;No-Hostname;cma1-bma1.bkb.rnp.br;cpi1-cma1-tlb.bkb.rnp.br;cce1-cpi1-chesf.bkb.rnp.br;cce2-cce1.bkb.rnp.br;crn1-cce2-chesf.bkb.rnp.br;No-Hostname;No-Hostname;monipe-rn-atraso.rnp.br
1750202972,2025-06-17 20:29:32,core-popma-10g.pop-ma.rnp.br;No-Hostname;cma1-bma1.bkb.rnp.br;cpi1-cma1-tlb.bkb.rnp.br;cce1-cpi1-chesf.bkb.rnp.br;cce2-cce1.bkb.rnp.br;crn1-cce2-chesf.bkb.rnp.br;No-Hostname;No-Hostname;monipe-rn-atraso.rnp.br
1750203229,2025-06-17 20:33:49,core-popma-10g.pop-ma.rnp.br;No-Hostname;cma1-bma1.bkb.rnp.br;cpi1-cma1-tlb.bkb.rnp.br;cce1-cpi1-chesf.bkb.rnp.br;cce2-cce1.bkb.rnp.br;crn1-cce2-chesf.bkb.rnp.br;No-Hostname;No-Hostname;monipe-rn-atraso.rnp.br
1750204249,2025-06-17 20:50:49,core-popma-10g.pop-ma.rnp.br;No-Hostname;cma1-bma1.bkb.rnp.br;cpi1-cma1-tlb.bkb.rnp.br;cce1-cpi1-chesf.bkb.rnp.br;cce2-cce1.bkb.rnp.br;crn1-cce2-chesf.bkb.rnp.br;No-Hostname;No-Hostname;monipe-rn-atraso.rnp.br
1750204861,2025-06-17 21:01:01,core-popma-10g.pop-ma.rnp.br;No-Hostname;cma1-bma1.bkb.rnp.br;cpi1-cma1-tlb.bkb.rnp.br;cce1-cpi1-chesf.bkb.rnp.br;cce2-cce1.bkb.rnp.br;crn1-cce2-chesf.bkb.rnp.br;No-Hostname;No-Hostname;monipe-rn-atraso.rnp.br
1750205391,2025-06-17 21:09:51,core-popma-10g.pop-ma.rnp.br;No-Hostname;cma1-bma1.bkb.rnp.br;cpi1-cma1-tlb.bkb.rnp.br;cce1-cpi1-chesf.bkb.rnp.br;cce2-cce1.bkb.rnp.br;crn1-cce2-chesf.bkb.rnp.br;No-Hostname;No-Hostname;monipe-rn-atraso.rnp.br
1750205971,2025-06-17 21:19:31,core-popma-10g.pop-ma.rnp.br;No-Hostname;cma1-bma1.bkb.rnp.br;cpi1-cma1-tlb.bkb.rnp.br;cce1-cpi1-chesf.bkb.rnp.br;cce2-cce1.bkb.rnp.br;crn1-cce2-chesf.bkb.rnp.br;No-Hostname;No-Hostname;monipe-rn-atraso.rnp.br
1750206321,2025-06-17 21:25:21,core-popma-10g.pop-ma.rnp.br;No-Hostname;cma1-bma1.bkb.rnp.br;cpi1-cma1-tlb.bkb.rnp.br;cce1-cpi1-chesf.bkb.rnp.br;cce2-cce1.bkb.rnp.br;crn1-cce2-chesf.bkb.rnp.br;No-Hostname;No-Hostname;monipe-rn-atraso.rnp.br
1750207081,2025-06-17 21:38:01,core-popma-10g.pop-ma.rnp.br;No-Hostname;cma1-bma1.bkb.rnp.br;cpi1-cma1-tlb.bkb.rnp.br;cce1-cpi1-chesf.bkb.rnp.br;cce2-cce1.bkb.rnp.br;crn1-cce2-chesf.bkb.rnp.br;No-Hostname;No-Hostname;monipe-rn-atraso.rnp.br
1750207679,2025-06-17 21:47:59,core-popma-10g.pop-ma.rnp.br;No-Hostname;cma1-bma1.bkb.rnp.br;cpi1-cma1-tlb.bkb.rnp.br;cce1-cpi1-chesf.bkb.rnp.br;cce2-cce1.bkb.rnp.br;crn1-cce2-chesf.bkb.rnp.br;No-Hostname;No-Hostname;monipe-rn-atraso.rnp.br
1750208224,2025-06-17 21:57:04,core-popma-10g.pop-ma.rnp.br;No-Hostname;cma1-bma1.bkb.rnp.br;cpi1-cma1-tlb.bkb.rnp.br;cce1-cpi1-chesf.bkb.rnp.br;cce2-cce1.bkb.rnp.br;crn1-cce2-chesf.bkb.rnp.br;No-Hostname;No-Hostname;monipe-rn-atraso.rnp.br
1750208944,2025-06-17 22:09:04,core-popma-10g.pop-ma.rnp.br;No-Hostname;cma1-bma1.bkb.rnp.br;cpi1-cma1-tlb.bkb.rnp.br;cce1-cpi1-chesf.bkb.rnp.br;cce2-cce1.bkb.rnp.br;crn1-cce2-chesf.bkb.rnp.br;No-Hostname;No-Hostname;monipe-rn-atraso.rnp.br
1750209314,2025-06-17 22:15:14,core-popma-10g.pop-ma.rnp.br;No-Hostname;cma1-bma1.bkb.rnp.br;cpi1-cma1-tlb.bkb.rnp.br;cce1-cpi1-chesf.bkb.rnp.br;cce2-cce1.bkb.rnp.br;crn1-cce2-chesf.bkb.rnp.br;No-Hostname;No-Hostname;monipe-rn-atraso.rnp.br
1750209979,2025-06-17 22:26:19,core-popma-10g.pop-ma.rnp.br;No-Hostname;cma1-bma1.bkb.rnp.br;cpi1-cma1-tlb.bkb.rnp.br;cce1-cpi1-chesf.bkb.rnp.br;cce2-cce1.bkb.rnp.br;crn1-cce2-chesf.bkb.rnp.br;No-Hostname;No-Hostname;monipe-rn-atraso.rnp.br
1750210434,2025-06-17 22:33:54,core-popma-10g.pop-ma.rnp.br;No-Hostname;cma1-bma1.bkb.rnp.br;cpi1-cma1-tlb.bkb.rnp.br;cce1-cpi1-chesf.bkb.rnp.br;cce2-cce1.bkb.rnp.br;crn1-cce2-chesf.bkb.rnp.br;No-Hostname;No-Hostname;monipe-rn-atraso.rnp.br
1750211014,2025-06-17 22:43:34,core-popma-10g.pop-ma.rnp.br;No-Hostname;cma1-bma1.bkb.rnp.br;cpi1-cma1-tlb.bkb.rnp.br;cce1-cpi1-chesf.bkb.rnp.br;cce2-cce1.bkb.rnp.br;crn1-cce2-chesf.bkb.rnp.br;No-Hostname;No-Hostname;monipe-rn-atraso.rnp.br
1750211678,2025-06-17 22:54:38,core-popma-10g.pop-ma.rnp.br;No-Hostname;cma1-bma1.bkb.rnp.br;cpi1-cma1-tlb.bkb.rnp.br;cce1-cpi1-chesf.bkb.rnp.br;cce2-cce1.bkb.rnp.br;crn1-cce2-chesf.bkb.rnp.br;No-Hostname;No-Hostname;monipe-rn-atraso.rnp.br
1750212433,2025-06-17 23:07:13,core-popma-10g.pop-ma.rnp.br;No-Hostname;cma1-bma1.bkb.rnp.br;cpi1-cma1-tlb.bkb.rnp.br;cce1-cpi1-chesf.bkb.rnp.br;cce2-cce1.bkb.rnp.br;crn1-cce2-chesf.bkb.rnp.br;No-Hostname;No-Hostname;monipe-rn-atraso.rnp.br
1750213232,2025-06-17 23:20:32,core-popma-10g.pop-ma.rnp.br;No-Hostname;cma1-bma1.bkb.rnp.br;cpi1-cma1-tlb.bkb.rnp.br;cce1-cpi1-chesf.bkb.rnp.br;cce2-cce1.bkb.rnp.br;crn1-cce2-chesf.bkb.rnp.br;No-Hostname;No-Hostname;monipe-rn-atraso.rnp.br
1750213409,2025-06-17 23:23:29,core-popma-10g.pop-ma.rnp.br;No-Hostname;cma1-bma1.bkb.rnp.br;cpi1-cma1-tlb.bkb.rnp.br;cce1-cpi1-chesf.bkb.rnp.br;cce2-cce1.bkb.rnp.br;crn1-cce2-chesf.bkb.rnp.br;No-Hostname;No-Hostname;monipe-rn-atraso.rnp.br
1750214393,2025-06-17 23:39:53,core-popma-10g.pop-ma.rnp.br;No-Hostname;cma1-bma1.bkb.rnp.br;cpi1-cma1-tlb.bkb.rnp.br;cce1-cpi1-chesf.bkb.rnp.br;cce2-cce1.bkb.rnp.br;crn1-cce2-chesf.bkb.rnp.br;No-Hostname;No-Hostname;monipe-rn-atraso.rnp.br
1750215099,2025-06-17 23:51:39,core-popma-10g.pop-ma.rnp.br;No-Hostname;cma1-bma1.bkb.rnp.br;cpi1-cma1-tlb.bkb.rnp.br;cce1-cpi1-chesf.bkb.rnp.br;cce2-cce1.bkb.rnp.br;crn1-cce2-chesf.bkb.rnp.br;No-Hostname;No-Hostname;monipe-rn-atraso.rnp.br
1750215445,2025-06-17 23:57:25,core-popma-10g.pop-ma.rnp.br;No-Hostname;cma1-bma1.bkb.rnp.br;cpi1-cma1-tlb.bkb.rnp.br;cce1-cpi1-chesf.bkb.rnp.br;cce2-cce1.bkb.rnp.br;crn1-cce2-chesf.bkb.rnp.br;No-Hostname;No-Hostname;monipe-rn-atraso.rnp.br
1750216143,2025-06-18 00:09:03,core-popma-10g.pop-ma.rnp.br;No-Hostname;cma1-bma1.bkb.rnp.br;cpi1-cma1-tlb.bkb.rnp.br;cce1-cpi1-chesf.bkb.rnp.br;cce2-cce1.bkb.rnp.br;crn1-cce2-chesf.bkb.rnp.br;No-Hostname;No-Hostname;monipe-rn-atraso.rnp.br
1750216406,2025-06-18 00:13:26,core-popma-10g.pop-ma.rnp.br;No-Hostname;cma1-bma1.bkb.rnp.br;cpi1-cma1-tlb.bkb.rnp.br;cce1-cpi1-chesf.bkb.rnp.br;cce2-cce1.bkb.rnp.br;crn1-cce2-chesf.bkb.rnp.br;No-Hostname;No-Hostname;monipe-rn-atraso.rnp.br
1750217004,2025-06-18 00:23:24,core-popma-10g.pop-ma.rnp.br;No-Hostname;cma1-bma1.bkb.rnp.br;cpi1-cma1-tlb.bkb.rnp.br;cce1-cpi1-chesf.bkb.rnp.br;cce2-cce1.bkb.rnp.br;crn1-cce2-chesf.bkb.rnp.br;No-Hostname;No-Hostname;monipe-rn-atraso.rnp.br
1750218195,2025-06-18 00:43:15,core-popma-10g.pop-ma.rnp.br;No-Hostname;cma1-bma1.bkb.rnp.br;cpi1-cma1-tlb.bkb.rnp.br;cce1-cpi1-chesf.bkb.rnp.br;cce2-cce1.bkb.rnp.br;crn1-cce2-chesf.bkb.rnp.br;No-Hostname;No-Hostname;monipe-rn-atraso.rnp.br
1750219204,2025-06-18 01:00:04,core-popma-10g.pop-ma.rnp.br;No-Hostname;cma1-bma1.bkb.rnp.br;cpi1-cma1-tlb.bkb.rnp.br;cce1-cpi1-chesf.bkb.rnp.br;cce2-cce1.bkb.rnp.br;crn1-cce2-chesf.bkb.rnp.br;No-Hostname;No-Hostname;monipe-rn-atraso.rnp.br
1750219907,2025-06-18 01:11:47,core-popma-10g.pop-ma.rnp.br;No-Hostname;cma1-bma1.bkb.rnp.br;cpi1-cma1-tlb.bkb.rnp.br;cce1-cpi1-chesf.bkb.rnp.br;cce2-cce1.bkb.rnp.br;crn1-cce2-chesf.bkb.rnp.br;No-Hostname;No-Hostname;monipe-rn-atraso.rnp.br
1750220085,2025-06-18 01:14:45,core-popma-10g.pop-ma.rnp.br;No-Hostname;cma1-bma1.bkb.rnp.br;cpi1-cma1-tlb.bkb.rnp.br;cce1-cpi1-chesf.bkb.rnp.br;cce2-cce1.bkb.rnp.br;crn1-cce2-chesf.bkb.rnp.br;No-Hostname;No-Hostname;monipe-rn-atraso.rnp.br
1750220706,2025-06-18 01:25:06,core-popma-10g.pop-ma.rnp.br;No-Hostname;cma1-bma1.bkb.rnp.br;cpi1-cma1-tlb.bkb.rnp.br;cce1-cpi1-chesf.bkb.rnp.br;cce2-cce1.bkb.rnp.br;crn1-cce2-chesf.bkb.rnp.br;No-Hostname;No-Hostname;monipe-rn-atraso.rnp.br
1750221676,2025-06-18 01:41:16,core-popma-10g.pop-ma.rnp.br;No-Hostname;cma1-bma1.bkb.rnp.br;cpi1-cma1-tlb.bkb.rnp.br;cce1-cpi1-chesf.bkb.rnp.br;cce2-cce1.bkb.rnp.br;crn1-cce2-chesf.bkb.rnp.br;No-Hostname;No-Hostname;monipe-rn-atraso.rnp.br
1750221982,2025-06-18 01:46:22,core-popma-10g.pop-ma.rnp.br;No-Hostname;cma1-bma1.bkb.rnp.br;cpi1-cma1-tlb.bkb.rnp.br;cce1-cpi1-chesf.bkb.rnp.br;cce2-cce1.bkb.rnp.br;crn1-cce2-chesf.bkb.rnp.br;No-Hostname;No-Hostname;monipe-rn-atraso.rnp.br
1750222429,2025-06-18 01:53:49,core-popma-10g.pop-ma.rnp.br;No-Hostname;cma1-bma1.bkb.rnp.br;cpi1-cma1-tlb.bkb.rnp.br;cce1-cpi1-chesf.bkb.rnp.br;cce2-cce1.bkb.rnp.br;crn1-cce2-chesf.bkb.rnp.br;No-Hostname;No-Hostname;monipe-rn-atraso.rnp.br
1750223414,2025-06-18 02:10:14,core-popma-10g.pop-ma.rnp.br;No-Hostname;cma1-bma1.bkb.rnp.br;cpi1-cma1-tlb.bkb.rnp.br;cce1-cpi1-chesf.bkb.rnp.br;cce2-cce1.bkb.rnp.br;crn1-cce2-chesf.bkb.rnp.br;No-Hostname;No-Hostname;monipe-rn-atraso.rnp.br
1750223777,2025-06-18 02:16:17,core-popma-10g.pop-ma.rnp.br;No-Hostname;cma1-bma1.bkb.rnp.br;cpi1-cma1-tlb.bkb.rnp.br;cce1-cpi1-chesf.bkb.rnp.br;cce2-cce1.bkb.rnp.br;crn1-cce2-chesf.bkb.rnp.br;No-Hostname;No-Hostname;monipe-rn-atraso.rnp.br
1750224543,2025-06-18 02:29:03,core-popma-10g.pop-ma.rnp.br;No-Hostname;cma1-bma1.bkb.rnp.br;cpi1-cma1-tlb.bkb.rnp.br;cce1-cpi1-chesf.bkb.rnp.br;cce2-cce1.bkb.rnp.br;crn1-cce2-chesf.bkb.rnp.br;No-Hostname;No-Hostname;monipe-rn-atraso.rnp.br
1750225102,2025-06-18 02:38:22,core-popma-10g.pop-ma.rnp.br;No-Hostname;cma1-bma1.bkb.rnp.br;cpi1-cma1-tlb.bkb.rnp.br;cce1-cpi1-chesf.bkb.rnp.br;cce2-cce1.bkb.rnp.br;crn1-cce2-chesf.bkb.rnp.br;No-Hostname;No-Hostname;monipe-rn-atraso.rnp.br
1750225754,2025-06-18 02:49:14,core-popma-10g.pop-ma.rnp.br;No-Hostname;cma1-bma1.bkb.rnp.br;cpi1-cma1-tlb.bkb.rnp.br;cce1-cpi1-chesf.bkb.rnp.br;cce2-cce1.bkb.rnp.br;crn1-cce2-chesf.bkb.rnp.br;No-Hostname;No-Hostname;monipe-rn-atraso.rnp.br
1750226216,2025-06-18 02:56:56,core-popma-10g.pop-ma.rnp.br;No-Hostname;cma1-bma1.bkb.rnp.br;cpi1-cma1-tlb.bkb.rnp.br;cce1-cpi1-chesf.bkb.rnp.br;cce2-cce1.bkb.rnp.br;crn1-cce2-chesf.bkb.rnp.br;No-Hostname;No-Hostname;monipe-rn-atraso.rnp.br
1750226789,2025-06-18 03:06:29,core-popma-10g.pop-ma.rnp.br;No-Hostname;cma1-bma1.bkb.rnp.br;cpi1-cma1-tlb.bkb.rnp.br;cce1-cpi1-chesf.bkb.rnp.br;cce2-cce1.bkb.rnp.br;crn1-cce2-chesf.bkb.rnp.br;No-Hostname;No-Hostname;monipe-rn-atraso.rnp.br
1750227594,2025-06-18 03:19:54,core-popma-10g.pop-ma.rnp.br;No-Hostname;cma1-bma1.bkb.rnp.br;cpi1-cma1-tlb.bkb.rnp.br;cce1-cpi1-chesf.bkb.rnp.br;cce2-cce1.bkb.rnp.br;crn1-cce2-chesf.bkb.rnp.br;No-Hostname;No-Hostname;monipe-rn-atraso.rnp.br
1750228112,2025-06-18 03:28:32,core-popma-10g.pop-ma.rnp.br;No-Hostname;cma1-bma1.bkb.rnp.br;cpi1-cma1-tlb.bkb.rnp.br;cce1-cpi1-chesf.bkb.rnp.br;cce2-cce1.bkb.rnp.br;crn1-cce2-chesf.bkb.rnp.br;No-Hostname;No-Hostname;monipe-rn-atraso.rnp.br
1750228726,2025-06-18 03:38:46,core-popma-10g.pop-ma.rnp.br;No-Hostname;cma1-bma1.bkb.rnp.br;cpi1-cma1-tlb.bkb.rnp.br;cce1-cpi1-chesf.bkb.rnp.br;cce2-cce1.bkb.rnp.br;crn1-cce2-chesf.bkb.rnp.br;No-Hostname;No-Hostname;monipe-rn-atraso.rnp.br
1750229443,2025-06-18 03:50:43,core-popma-10g.pop-ma.rnp.br;No-Hostname;cma1-bma1.bkb.rnp.br;cpi1-cma1-tlb.bkb.rnp.br;cce1-cpi1-chesf.bkb.rnp.br;cce2-cce1.bkb.rnp.br;crn1-cce2-chesf.bkb.rnp.br;No-Hostname;No-Hostname;monipe-rn-atraso.rnp.br
1750229904,2025-06-18 03:58:24,core-popma-10g.pop-ma.rnp.br;No-Hostname;cma1-bma1.bkb.rnp.br;cpi1-cma1-tlb.bkb.rnp.br;cce1-cpi1-chesf.bkb.rnp.br;cce2-cce1.bkb.rnp.br;crn1-cce2-chesf.bkb.rnp.br;No-Hostname;No-Hostname;monipe-rn-atraso.rnp.br
1750230567,2025-06-18 04:09:27,core-popma-10g.pop-ma.rnp.br;No-Hostname;cma1-bma1.bkb.rnp.br;cpi1-cma1-tlb.bkb.rnp.br;cce1-cpi1-chesf.bkb.rnp.br;cce2-cce1.bkb.rnp.br;crn1-cce2-chesf.bkb.rnp.br;No-Hostname;No-Hostname;monipe-rn-atraso.rnp.br
1750231052,2025-06-18 04:17:32,core-popma-10g.pop-ma.rnp.br;No-Hostname;cma1-bma1.bkb.rnp.br;cpi1-cma1-tlb.bkb.rnp.br;cce1-cpi1-chesf.bkb.rnp.br;cce2-cce1.bkb.rnp.br;crn1-cce2-chesf.bkb.rnp.br;No-Hostname;No-Hostname;monipe-rn-atraso.rnp.br
1750231382,2025-06-18 04:23:02,core-popma-10g.pop-ma.rnp.br;No-Hostname;cma1-bma1.bkb.rnp.br;cpi1-cma1-tlb.bkb.rnp.br;cce1-cpi1-chesf.bkb.rnp.br;cce2-cce1.bkb.rnp.br;crn1-cce2-chesf.bkb.rnp.br;No-Hostname;No-Hostname;monipe-rn-atraso.rnp.br
1750232309,2025-06-18 04:38:29,core-popma-10g.pop-ma.rnp.br;No-Hostname;cma1-bma1.bkb.rnp.br;cpi1-cma1-tlb.bkb.rnp.br;cce1-cpi1-chesf.bkb.rnp.br;cce2-cce1.bkb.rnp.br;crn1-cce2-chesf.bkb.rnp.br;No-Hostname;No-Hostname;monipe-rn-atraso.rnp.br
1750232720,2025-06-18 04:45:20,core-popma-10g.pop-ma.rnp.br;No-Hostname;cma1-bma1.bkb.rnp.br;cpi1-cma1-tlb.bkb.rnp.br;cce1-cpi1-chesf.bkb.rnp.br;cce2-cce1.bkb.rnp.br;crn1-cce2-chesf.bkb.rnp.br;No-Hostname;No-Hostname;monipe-rn-atraso.rnp.br
1750233622,2025-06-18 05:00:22,core-popma-10g.pop-ma.rnp.br;No-Hostname;cma1-bma1.bkb.rnp.br;cpi1-cma1-tlb.bkb.rnp.br;cce1-cpi1-chesf.bkb.rnp.br;cce2-cce1.bkb.rnp.br;crn1-cce2-chesf.bkb.rnp.br;No-Hostname;No-Hostname;monipe-rn-atraso.rnp.br
1750234208,2025-06-18 05:10:08,core-popma-10g.pop-ma.rnp.br;No-Hostname;cma1-bma1.bkb.rnp.br;cpi1-cma1-tlb.bkb.rnp.br;cce1-cpi1-chesf.bkb.rnp.br;cce2-cce1.bkb.rnp.br;crn1-cce2-chesf.bkb.rnp.br;No-Hostname;No-Hostname;monipe-rn-atraso.rnp.br
1750234776,2025-06-18 05:19:36,core-popma-10g.pop-ma.rnp.br;No-Hostname;cma1-bma1.bkb.rnp.br;cpi1-cma1-tlb.bkb.rnp.br;cce1-cpi1-chesf.bkb.rnp.br;cce2-cce1.bkb.rnp.br;crn1-cce2-chesf.bkb.rnp.br;No-Hostname;No-Hostname;monipe-rn-atraso.rnp.br
1750235119,2025-06-18 05:25:19,core-popma-10g.pop-ma.rnp.br;No-Hostname;cma1-bma1.bkb.rnp.br;cpi1-cma1-tlb.bkb.rnp.br;cce1-cpi1-chesf.bkb.rnp.br;cce2-cce1.bkb.rnp.br;crn1-cce2-chesf.bkb.rnp.br;No-Hostname;No-Hostname;monipe-rn-atraso.rnp.br
1750235967,2025-06-18 05:39:27,core-popma-10g.pop-ma.rnp.br;No-Hostname;cma1-bma1.bkb.rnp.br;cpi1-cma1-tlb.bkb.rnp.br;cce1-cpi1-chesf.bkb.rnp.br;cce2-cce1.bkb.rnp.br;crn1-cce2-chesf.bkb.rnp.br;No-Hostname;No-Hostname;monipe-rn-atraso.rnp.br
1750236371,2025-06-18 05:46:11,core-popma-10g.pop-ma.rnp.br;No-Hostname;cma1-bma1.bkb.rnp.br;cpi1-cma1-tlb.bkb.rnp.br;cce1-cpi1-chesf.bkb.rnp.br;cce2-cce1.bkb.rnp.br;crn1-cce2-chesf.bkb.rnp.br;No-Hostname;No-Hostname;monipe-rn-atraso.rnp.br
1750236967,2025-06-18 05:56:07,core-popma-10g.pop-ma.rnp.br;No-Hostname;cma1-bma1.bkb.rnp.br;cpi1-cma1-tlb.bkb.rnp.br;cce1-cpi1-chesf.bkb.rnp.br;cce2-cce1.bkb.rnp.br;crn1-cce2-chesf.bkb.rnp.br;No-Hostname;No-Hostname;monipe-rn-atraso.rnp.br
1750237858,2025-06-18 06:10:58,core-popma-10g.pop-ma.rnp.br;No-Hostname;cma1-bma1.bkb.rnp.br;cpi1-cma1-tlb.bkb.rnp.br;cce1-cpi1-chesf.bkb.rnp.br;cce2-cce1.bkb.rnp.br;crn1-cce2-chesf.bkb.rnp.br;No-Hostname;No-Hostname;monipe-rn-atraso.rnp.br
1750238030,2025-06-18 06:13:50,core-popma-10g.pop-ma.rnp.br;No-Hostname;cma1-bma1.bkb.rnp.br;cpi1-cma1-tlb.bkb.rnp.br;cce1-cpi1-chesf.bkb.rnp.br;cce2-cce1.bkb.rnp.br;crn1-cce2-chesf.bkb.rnp.br;No-Hostname;No-Hostname;monipe-rn-atraso.rnp.br
1750238930,2025-06-18 06:28:50,core-popma-10g.pop-ma.rnp.br;No-Hostname;cma1-bma1.bkb.rnp.br;cpi1-cma1-tlb.bkb.rnp.br;cce1-cpi1-chesf.bkb.rnp.br;cce2-cce1.bkb.rnp.br;crn1-cce2-chesf.bkb.rnp.br;No-Hostname;No-Hostname;monipe-rn-atraso.rnp.br
1750239474,2025-06-18 06:37:54,core-popma-10g.pop-ma.rnp.br;No-Hostname;cma1-bma1.bkb.rnp.br;cpi1-cma1-tlb.bkb.rnp.br;cce1-cpi1-chesf.bkb.rnp.br;cce2-cce1.bkb.rnp.br;crn1-cce2-chesf.bkb.rnp.br;No-Hostname;No-Hostname;monipe-rn-atraso.rnp.br
1750239985,2025-06-18 06:46:25,core-popma-10g.pop-ma.rnp.br;No-Hostname;cma1-bma1.bkb.rnp.br;cpi1-cma1-tlb.bkb.rnp.br;cce1-cpi1-chesf.bkb.rnp.br;cce2-cce1.bkb.rnp.br;crn1-cce2-chesf.bkb.rnp.br;No-Hostname;No-Hostname;monipe-rn-atraso.rnp.br
1750240666,2025-06-18 06:57:46,core-popma-10g.pop-ma.rnp.br;No-Hostname;cma1-bma1.bkb.rnp.br;cpi1-cma1-tlb.bkb.rnp.br;cce1-cpi1-chesf.bkb.rnp.br;cce2-cce1.bkb.rnp.br;crn1-cce2-chesf.bkb.rnp.br;No-Hostname;No-Hostname;monipe-rn-atraso.rnp.br
1750241033,2025-06-18 07:03:53,core-popma-10g.pop-ma.rnp.br;No-Hostname;cma1-bma1.bkb.rnp.br;cpi1-cma1-tlb.bkb.rnp.br;cce1-cpi1-chesf.bkb.rnp.br;cce2-cce1.bkb.rnp.br;crn1-cce2-chesf.bkb.rnp.br;No-Hostname;No-Hostname;monipe-rn-atraso.rnp.br
1750241862,2025-06-18 07:17:42,core-popma-10g.pop-ma.rnp.br;No-Hostname;cma1-bma1.bkb.rnp.br;cpi1-cma1-tlb.bkb.rnp.br;cce1-cpi1-chesf.bkb.rnp.br;cce2-cce1.bkb.rnp.br;crn1-cce2-chesf.bkb.rnp.br;No-Hostname;No-Hostname;monipe-rn-atraso.rnp.br
1750242182,2025-06-18 07:23:02,core-popma-10g.pop-ma.rnp.br;No-Hostname;cma1-bma1.bkb.rnp.br;cpi1-cma1-tlb.bkb.rnp.br;cce1-cpi1-chesf.bkb.rnp.br;cce2-cce1.bkb.rnp.br;crn1-cce2-chesf.bkb.rnp.br;No-Hostname;No-Hostname;monipe-rn-atraso.rnp.br
1750243218,2025-06-18 07:40:18,core-popma-10g.pop-ma.rnp.br;No-Hostname;cma1-bma1.bkb.rnp.br;cpi1-cma1-tlb.bkb.rnp.br;cce1-cpi1-chesf.bkb.rnp.br;cce2-cce1.bkb.rnp.br;crn1-cce2-chesf.bkb.rnp.br;No-Hostname;No-Hostname;monipe-rn-atraso.rnp.br
1750243395,2025-06-18 07:43:15,core-popma-10g.pop-ma.rnp.br;No-Hostname;cma1-bma1.bkb.rnp.br;cpi1-cma1-tlb.bkb.rnp.br;cce1-cpi1-chesf.bkb.rnp.br;cce2-cce1.bkb.rnp.br;crn1-cce2-chesf.bkb.rnp.br;No-Hostname;No-Hostname;monipe-rn-atraso.rnp.br
1750244209,2025-06-18 07:56:49,core-popma-10g.pop-ma.rnp.br;No-Hostname;cma1-bma1.bkb.rnp.br;cpi1-cma1-tlb.bkb.rnp.br;cce1-cpi1-chesf.bkb.rnp.br;cce2-cce1.bkb.rnp.br;crn1-cce2-chesf.bkb.rnp.br;No-Hostname;No-Hostname;monipe-rn-atraso.rnp.br
1750245093,2025-06-18 08:11:33,core-popma-10g.pop-ma.rnp.br;No-Hostname;cma1-bma1.bkb.rnp.br;cpi1-cma1-tlb.bkb.rnp.br;cce1-cpi1-chesf.bkb.rnp.br;cce2-cce1.bkb.rnp.br;crn1-cce2-chesf.bkb.rnp.br;No-Hostname;No-Hostname;monipe-rn-atraso.rnp.br
1750245508,2025-06-18 08:18:28,core-popma-10g.pop-ma.rnp.br;No-Hostname;cma1-bma1.bkb.rnp.br;cpi1-cma1-tlb.bkb.rnp.br;cce1-cpi1-chesf.bkb.rnp.br;cce2-cce1.bkb.rnp.br;crn1-cce2-chesf.bkb.rnp.br;No-Hostname;No-Hostname;monipe-rn-atraso.rnp.br
1750245916,2025-06-18 08:25:16,core-popma-10g.pop-ma.rnp.br;No-Hostname;cma1-bma1.bkb.rnp.br;cpi1-cma1-tlb.bkb.rnp.br;cce1-cpi1-chesf.bkb.rnp.br;cce2-cce1.bkb.rnp.br;crn1-cce2-chesf.bkb.rnp.br;No-Hostname;No-Hostname;monipe-rn-atraso.rnp.br
1750246674,2025-06-18 08:37:54,core-popma-10g.pop-ma.rnp.br;No-Hostname;cma1-bma1.bkb.rnp.br;cpi1-cma1-tlb.bkb.rnp.br;cce1-cpi1-chesf.bkb.rnp.br;cce2-cce1.bkb.rnp.br;crn1-cce2-chesf.bkb.rnp.br;No-Hostname;No-Hostname;monipe-rn-atraso.rnp.br
1750247212,2025-06-18 08:46:52,core-popma-10g.pop-ma.rnp.br;No-Hostname;cma1-bma1.bkb.rnp.br;cpi1-cma1-tlb.bkb.rnp.br;cce1-cpi1-chesf.bkb.rnp.br;cce2-cce1.bkb.rnp.br;crn1-cce2-chesf.bkb.rnp.br;No-Hostname;No-Hostname;monipe-rn-atraso.rnp.br
1750247958,2025-06-18 08:59:18,core-popma-10g.pop-ma.rnp.br;No-Hostname;cma1-bma1.bkb.rnp.br;cpi1-cma1-tlb.bkb.rnp.br;cce1-cpi1-chesf.bkb.rnp.br;cce2-cce1.bkb.rnp.br;crn1-cce2-chesf.bkb.rnp.br;No-Hostname;No-Hostname;monipe-rn-atraso.rnp.br
1750248635,2025-06-18 09:10:35,core-popma-10g.pop-ma.rnp.br;No-Hostname;cma1-bma1.bkb.rnp.br;cpi1-cma1-tlb.bkb.rnp.br;cce1-cpi1-chesf.bkb.rnp.br;cce2-cce1.bkb.rnp.br;crn1-cce2-chesf.bkb.rnp.br;No-Hostname;No-Hostname;monipe-rn-atraso.rnp.br
1750248842,2025-06-18 09:14:02,core-popma-10g.pop-ma.rnp.br;No-Hostname;cma1-bma1.bkb.rnp.br;cpi1-cma1-tlb.bkb.rnp.br;cce1-cpi1-chesf.bkb.rnp.br;cce2-cce1.bkb.rnp.br;crn1-cce2-chesf.bkb.rnp.br;No-Hostname;No-Hostname;monipe-rn-atraso.rnp.br
1750249721,2025-06-18 09:28:41,core-popma-10g.pop-ma.rnp.br;No-Hostname;cma1-bma1.bkb.rnp.br;cpi1-cma1-tlb.bkb.rnp.br;cce1-cpi1-chesf.bkb.rnp.br;cce2-cce1.bkb.rnp.br;crn1-cce2-chesf.bkb.rnp.br;No-Hostname;No-Hostname;monipe-rn-atraso.rnp.br
1750250416,2025-06-18 09:40:16,core-popma-10g.pop-ma.rnp.br;No-Hostname;cma1-bma1.bkb.rnp.br;cpi1-cma1-tlb.bkb.rnp.br;cce1-cpi1-chesf.bkb.rnp.br;cce2-cce1.bkb.rnp.br;crn1-cce2-chesf.bkb.rnp.br;No-Hostname;No-Hostname;monipe-rn-atraso.rnp.br
1750250799,2025-06-18 09:46:39,core-popma-10g.pop-ma.rnp.br;No-Hostname;cma1-bma1.bkb.rnp.br;cpi1-cma1-tlb.bkb.rnp.br;cce1-cpi1-chesf.bkb.rnp.br;cce2-cce1.bkb.rnp.br;crn1-cce2-chesf.bkb.rnp.br;No-Hostname;No-Hostname;monipe-rn-atraso.rnp.br
1750251803,2025-06-18 10:03:23,core-popma-10g.pop-ma.rnp.br;No-Hostname;cma1-bma1.bkb.rnp.br;cpi1-cma1-tlb.bkb.rnp.br;cce1-cpi1-chesf.bkb.rnp.br;cce2-cce1.bkb.rnp.br;crn1-cce2-chesf.bkb.rnp.br;No-Hostname;No-Hostname;monipe-rn-atraso.rnp.br
1750252774,2025-06-18 10:19:34,core-popma-10g.pop-ma.rnp.br;No-Hostname;cma1-bma1.bkb.rnp.br;cpi1-cma1-tlb.bkb.rnp.br;cce1-cpi1-chesf.bkb.rnp.br;cce2-cce1.bkb.rnp.br;crn1-cce2-chesf.bkb.rnp.br;No-Hostname;No-Hostname;monipe-rn-atraso.rnp.br
1750252997,2025-06-18 10:23:17,core-popma-10g.pop-ma.rnp.br;No-Hostname;cma1-bma1.bkb.rnp.br;cpi1-cma1-tlb.bkb.rnp.br;cce1-cpi1-chesf.bkb.rnp.br;cce2-cce1.bkb.rnp.br;crn1-cce2-chesf.bkb.rnp.br;No-Hostname;No-Hostname;monipe-rn-atraso.rnp.br
1750253884,2025-06-18 10:38:04,core-popma-10g.pop-ma.rnp.br;No-Hostname;cma1-bma1.bkb.rnp.br;cpi1-cma1-tlb.bkb.rnp.br;cce1-cpi1-chesf.bkb.rnp.br;cce2-cce1.bkb.rnp.br;crn1-cce2-chesf.bkb.rnp.br;No-Hostname;No-Hostname;monipe-rn-atraso.rnp.br
1750254618,2025-06-18 10:50:18,core-popma-10g.pop-ma.rnp.br;No-Hostname;cma1-bma1.bkb.rnp.br;cpi1-cma1-tlb.bkb.rnp.br;cce1-cpi1-chesf.bkb.rnp.br;cce2-cce1.bkb.rnp.br;crn1-cce2-chesf.bkb.rnp.br;No-Hostname;No-Hostname;monipe-rn-atraso.rnp.br
1750255141,2025-06-18 10:59:01,core-popma-10g.pop-ma.rnp.br;No-Hostname;cma1-bma1.bkb.rnp.br;cpi1-cma1-tlb.bkb.rnp.br;cce1-cpi1-chesf.bkb.rnp.br;cce2-cce1.bkb.rnp.br;crn1-cce2-chesf.bkb.rnp.br;No-Hostname;No-Hostname;monipe-rn-atraso.rnp.br
1750255765,2025-06-18 11:09:25,core-popma-10g.pop-ma.rnp.br;No-Hostname;cma1-bma1.bkb.rnp.br;cpi1-cma1-tlb.bkb.rnp.br;cce1-cpi1-chesf.bkb.rnp.br;cce2-cce1.bkb.rnp.br;crn1-cce2-chesf.bkb.rnp.br;No-Hostname;No-Hostname;monipe-rn-atraso.rnp.br
1750256486,2025-06-18 11:21:26,core-popma-10g.pop-ma.rnp.br;No-Hostname;cma1-bma1.bkb.rnp.br;cpi1-cma1-tlb.bkb.rnp.br;cce1-cpi1-chesf.bkb.rnp.br;cce2-cce1.bkb.rnp.br;crn1-cce2-chesf.bkb.rnp.br;No-Hostname;No-Hostname;monipe-rn-atraso.rnp.br
1750256928,2025-06-18 11:28:48,core-popma-10g.pop-ma.rnp.br;No-Hostname;cma1-bma1.bkb.rnp.br;cpi1-cma1-tlb.bkb.rnp.br;cce1-cpi1-chesf.bkb.rnp.br;cce2-cce1.bkb.rnp.br;crn1-cce2-chesf.bkb.rnp.br;No-Hostname;No-Hostname;monipe-rn-atraso.rnp.br
1750257412,2025-06-18 11:36:52,core-popma-10g.pop-ma.rnp.br;No-Hostname;cma1-bma1.bkb.rnp.br;cpi1-cma1-tlb.bkb.rnp.br;cce1-cpi1-chesf.bkb.rnp.br;cce2-cce1.bkb.rnp.br;crn1-cce2-chesf.bkb.rnp.br;No-Hostname;No-Hostname;monipe-rn-atraso.rnp.br
1750258183,2025-06-18 11:49:43,core-popma-10g.pop-ma.rnp.br;No-Hostname;cma1-bma1.bkb.rnp.br;cpi1-cma1-tlb.bkb.rnp.br;cce1-cpi1-chesf.bkb.rnp.br;cce2-cce1.bkb.rnp.br;crn1-cce2-chesf.bkb.rnp.br;No-Hostname;No-Hostname;monipe-rn-atraso.rnp.br
1750258511,2025-06-18 11:55:11,core-popma-10g.pop-ma.rnp.br;No-Hostname;cma1-bma1.bkb.rnp.br;cpi1-cma1-tlb.bkb.rnp.br;cce1-cpi1-chesf.bkb.rnp.br;cce2-cce1.bkb.rnp.br;crn1-cce2-chesf.bkb.rnp.br;No-Hostname;No-Hostname;monipe-rn-atraso.rnp.br
1750259075,2025-06-18 12:04:35,core-popma-10g.pop-ma.rnp.br;No-Hostname;cma1-bma1.bkb.rnp.br;cpi1-cma1-tlb.bkb.rnp.br;cce1-cpi1-chesf.bkb.rnp.br;cce2-cce1.bkb.rnp.br;crn1-cce2-chesf.bkb.rnp.br;No-Hostname;No-Hostname;monipe-rn-atraso.rnp.br
1750260107,2025-06-18 12:21:47,core-popma-10g.pop-ma.rnp.br;No-Hostname;cma1-bma1.bkb.rnp.br;cpi1-cma1-tlb.bkb.rnp.br;cce1-cpi1-chesf.bkb.rnp.br;cce2-cce1.bkb.rnp.br;crn1-cce2-chesf.bkb.rnp.br;No-Hostname;No-Hostname;monipe-rn-atraso.rnp.br
1750260193,2025-06-18 12:23:13,core-popma-10g.pop-ma.rnp.br;No-Hostname;cma1-bma1.bkb.rnp.br;cpi1-cma1-tlb.bkb.rnp.br;cce1-cpi1-chesf.bkb.rnp.br;cce2-cce1.bkb.rnp.br;crn1-cce2-chesf.bkb.rnp.br;No-Hostname;No-Hostname;monipe-rn-atraso.rnp.br
1750261183,2025-06-18 12:39:43,core-popma-10g.pop-ma.rnp.br;No-Hostname;cma1-bma1.bkb.rnp.br;cpi1-cma1-tlb.bkb.rnp.br;cce1-cpi1-chesf.bkb.rnp.br;cce2-cce1.bkb.rnp.br;crn1-cce2-chesf.bkb.rnp.br;No-Hostname;No-Hostname;monipe-rn-atraso.rnp.br
1750261792,2025-06-18 12:49:52,core-popma-10g.pop-ma.rnp.br;No-Hostname;cma1-bma1.bkb.rnp.br;cpi1-cma1-tlb.bkb.rnp.br;cce1-cpi1-chesf.bkb.rnp.br;cce2-cce1.bkb.rnp.br;crn1-cce2-chesf.bkb.rnp.br;No-Hostname;No-Hostname;monipe-rn-atraso.rnp.br
1750262475,2025-06-18 13:01:15,core-popma-10g.pop-ma.rnp.br;No-Hostname;cma1-bma1.bkb.rnp.br;cpi1-cma1-tlb.bkb.rnp.br;cce1-cpi1-chesf.bkb.rnp.br;cce2-cce1.bkb.rnp.br;crn1-cce2-chesf.bkb.rnp.br;No-Hostname;No-Hostname;monipe-rn-atraso.rnp.br
1750262735,2025-06-18 13:05:35,core-popma-10g.pop-ma.rnp.br;No-Hostname;cma1-bma1.bkb.rnp.br;cpi1-cma1-tlb.bkb.rnp.br;cce1-cpi1-chesf.bkb.rnp.br;cce2-cce1.bkb.rnp.br;crn1-cce2-chesf.bkb.rnp.br;No-Hostname;No-Hostname;monipe-rn-atraso.rnp.br
1750263617,2025-06-18 13:20:17,core-popma-10g.pop-ma.rnp.br;No-Hostname;cma1-bma1.bkb.rnp.br;cpi1-cma1-tlb.bkb.rnp.br;cce1-cpi1-chesf.bkb.rnp.br;cce2-cce1.bkb.rnp.br;crn1-cce2-chesf.bkb.rnp.br;No-Hostname;No-Hostname;monipe-rn-atraso.rnp.br
1750264266,2025-06-18 13:31:06,core-popma-10g.pop-ma.rnp.br;No-Hostname;cma1-bma1.bkb.rnp.br;cpi1-cma1-tlb.bkb.rnp.br;cce1-cpi1-chesf.bkb.rnp.br;cce2-cce1.bkb.rnp.br;crn1-cce2-chesf.bkb.rnp.br;No-Hostname;No-Hostname;monipe-rn-atraso.rnp.br
1750264397,2025-06-18 13:33:17,core-popma-10g.pop-ma.rnp.br;No-Hostname;cma1-bma1.bkb.rnp.br;cpi1-cma1-tlb.bkb.rnp.br;cce1-cpi1-chesf.bkb.rnp.br;cce2-cce1.bkb.rnp.br;crn1-cce2-chesf.bkb.rnp.br;No-Hostname;No-Hostname;monipe-rn-atraso.rnp.br
1750265406,2025-06-18 13:50:06,core-popma-10g.pop-ma.rnp.br;No-Hostname;cma1-bma1.bkb.rnp.br;cpi1-cma1-tlb.bkb.rnp.br;cce1-cpi1-chesf.bkb.rnp.br;cce2-cce1.bkb.rnp.br;crn1-cce2-chesf.bkb.rnp.br;No-Hostname;No-Hostname;monipe-rn-atraso.rnp.br
1750265641,2025-06-18 13:54:01,core-popma-10g.pop-ma.rnp.br;No-Hostname;cma1-bma1.bkb.rnp.br;cpi1-cma1-tlb.bkb.rnp.br;cce1-cpi1-chesf.bkb.rnp.br;cce2-cce1.bkb.rnp.br;crn1-cce2-chesf.bkb.rnp.br;No-Hostname;No-Hostname;monipe-rn-atraso.rnp.br
1750266667,2025-06-18 14:11:07,core-popma-10g.pop-ma.rnp.br;No-Hostname;cma1-bma1.bkb.rnp.br;cpi1-cma1-tlb.bkb.rnp.br;cce1-cpi1-chesf.bkb.rnp.br;cce2-cce1.bkb.rnp.br;crn1-cce2-chesf.bkb.rnp.br;No-Hostname;No-Hostname;monipe-rn-atraso.rnp.br
1750266931,2025-06-18 14:15:31,core-popma-10g.pop-ma.rnp.br;No-Hostname;cma1-bma1.bkb.rnp.br;cpi1-cma1-tlb.bkb.rnp.br;cce1-cpi1-chesf.bkb.rnp.br;cce2-cce1.bkb.rnp.br;crn1-cce2-chesf.bkb.rnp.br;No-Hostname;No-Hostname;monipe-rn-atraso.rnp.br
1750267417,2025-06-18 14:23:37,core-popma-10g.pop-ma.rnp.br;No-Hostname;cma1-bma1.bkb.rnp.br;cpi1-cma1-tlb.bkb.rnp.br;cce1-cpi1-chesf.bkb.rnp.br;cce2-cce1.bkb.rnp.br;crn1-cce2-chesf.bkb.rnp.br;No-Hostname;No-Hostname;monipe-rn-atraso.rnp.br
1750268247,2025-06-18 14:37:27,core-popma-10g.pop-ma.rnp.br;No-Hostname;cma1-bma1.bkb.rnp.br;cpi1-cma1-tlb.bkb.rnp.br;cce1-cpi1-chesf.bkb.rnp.br;cce2-cce1.bkb.rnp.br;crn1-cce2-chesf.bkb.rnp.br;No-Hostname;No-Hostname;monipe-rn-atraso.rnp.br
1750268814,2025-06-18 14:46:54,core-popma-10g.pop-ma.rnp.br;No-Hostname;cma1-bma1.bkb.rnp.br;cpi1-cma1-tlb.bkb.rnp.br;cce1-cpi1-chesf.bkb.rnp.br;cce2-cce1.bkb.rnp.br;crn1-cce2-chesf.bkb.rnp.br;No-Hostname;No-Hostname;monipe-rn-atraso.rnp.br
1750270001,2025-06-18 15:06:41,core-popma-10g.pop-ma.rnp.br;No-Hostname;cma1-bma1.bkb.rnp.br;cpi1-cma1-tlb.bkb.rnp.br;cce1-cpi1-chesf.bkb.rnp.br;cce2-cce1.bkb.rnp.br;crn1-cce2-chesf.bkb.rnp.br;No-Hostname;No-Hostname;monipe-rn-atraso.rnp.br
1750270862,2025-06-18 15:21:02,core-popma-10g.pop-ma.rnp.br;No-Hostname;cma1-bma1.bkb.rnp.br;cpi1-cma1-tlb.bkb.rnp.br;cce1-cpi1-chesf.bkb.rnp.br;cce2-cce1.bkb.rnp.br;crn1-cce2-chesf.bkb.rnp.br;No-Hostname;No-Hostname;monipe-rn-atraso.rnp.br
1750271256,2025-06-18 15:27:36,core-popma-10g.pop-ma.rnp.br;No-Hostname;cma1-bma1.bkb.rnp.br;cpi1-cma1-tlb.bkb.rnp.br;cce1-cpi1-chesf.bkb.rnp.br;cce2-cce1.bkb.rnp.br;crn1-cce2-chesf.bkb.rnp.br;No-Hostname;No-Hostname;monipe-rn-atraso.rnp.br
1750271619,2025-06-18 15:33:39,core-popma-10g.pop-ma.rnp.br;No-Hostname;cma1-bma1.bkb.rnp.br;cpi1-cma1-tlb.bkb.rnp.br;cce1-cpi1-chesf.bkb.rnp.br;cce2-cce1.bkb.rnp.br;crn1-cce2-chesf.bkb.rnp.br;No-Hostname;No-Hostname;monipe-rn-atraso.rnp.br
1750272401,2025-06-18 15:46:41,core-popma-10g.pop-ma.rnp.br;No-Hostname;cma1-bma1.bkb.rnp.br;cpi1-cma1-tlb.bkb.rnp.br;cce1-cpi1-chesf.bkb.rnp.br;cce2-cce1.bkb.rnp.br;crn1-cce2-chesf.bkb.rnp.br;No-Hostname;No-Hostname;monipe-rn-atraso.rnp.br
1750272959,2025-06-18 15:55:59,core-popma-10g.pop-ma.rnp.br;No-Hostname;cma1-bma1.bkb.rnp.br;cpi1-cma1-tlb.bkb.rnp.br;cce1-cpi1-chesf.bkb.rnp.br;cce2-cce1.bkb.rnp.br;crn1-cce2-chesf.bkb.rnp.br;No-Hostname;No-Hostname;monipe-rn-atraso.rnp.br
1750273472,2025-06-18 16:04:32,core-popma-10g.pop-ma.rnp.br;No-Hostname;cma1-bma1.bkb.rnp.br;cpi1-cma1-tlb.bkb.rnp.br;cce1-cpi1-chesf.bkb.rnp.br;cce2-cce1.bkb.rnp.br;crn1-cce2-chesf.bkb.rnp.br;No-Hostname;No-Hostname;monipe-rn-atraso.rnp.br
1750274100,2025-06-18 16:15:00,core-popma-10g.pop-ma.rnp.br;No-Hostname;cma1-bma1.bkb.rnp.br;cpi1-cma1-tlb.bkb.rnp.br;cce1-cpi1-chesf.bkb.rnp.br;cce2-cce1.bkb.rnp.br;crn1-cce2-chesf.bkb.rnp.br;No-Hostname;No-Hostname;monipe-rn-atraso.rnp.br
1750274825,2025-06-18 16:27:05,core-popma-10g.pop-ma.rnp.br;No-Hostname;cma1-bma1.bkb.rnp.br;cpi1-cma1-tlb.bkb.rnp.br;cce1-cpi1-chesf.bkb.rnp.br;cce2-cce1.bkb.rnp.br;crn1-cce2-chesf.bkb.rnp.br;No-Hostname;No-Hostname;monipe-rn-atraso.rnp.br
1750275454,2025-06-18 16:37:34,core-popma-10g.pop-ma.rnp.br;No-Hostname;cma1-bma1.bkb.rnp.br;cpi1-cma1-tlb.bkb.rnp.br;cce1-cpi1-chesf.bkb.rnp.br;cce2-cce1.bkb.rnp.br;crn1-cce2-chesf.bkb.rnp.br;No-Hostname;No-Hostname;monipe-rn-atraso.rnp.br
1750276078,2025-06-18 16:47:58,core-popma-10g.pop-ma.rnp.br;No-Hostname;cma1-bma1.bkb.rnp.br;cpi1-cma1-tlb.bkb.rnp.br;cce1-cpi1-chesf.bkb.rnp.br;cce2-cce1.bkb.rnp.br;crn1-cce2-chesf.bkb.rnp.br;No-Hostname;No-Hostname;monipe-rn-atraso.rnp.br
1750276438,2025-06-18 16:53:58,core-popma-10g.pop-ma.rnp.br;No-Hostname;cma1-bma1.bkb.rnp.br;cpi1-cma1-tlb.bkb.rnp.br;cce1-cpi1-chesf.bkb.rnp.br;cce2-cce1.bkb.rnp.br;crn1-cce2-chesf.bkb.rnp.br;No-Hostname;No-Hostname;monipe-rn-atraso.rnp.br
1750277342,2025-06-18 17:09:02,core-popma-10g.pop-ma.rnp.br;No-Hostname;cma1-bma1.bkb.rnp.br;cpi1-cma1-tlb.bkb.rnp.br;cce1-cpi1-chesf.bkb.rnp.br;cce2-cce1.bkb.rnp.br;crn1-cce2-chesf.bkb.rnp.br;No-Hostname;No-Hostname;monipe-rn-atraso.rnp.br
1750277895,2025-06-18 17:18:15,core-popma-10g.pop-ma.rnp.br;No-Hostname;cma1-bma1.bkb.rnp.br;cpi1-cma1-tlb.bkb.rnp.br;cce1-cpi1-chesf.bkb.rnp.br;cce2-cce1.bkb.rnp.br;crn1-cce2-chesf.bkb.rnp.br;No-Hostname;No-Hostname;monipe-rn-atraso.rnp.br
1750278594,2025-06-18 17:29:54,core-popma-10g.pop-ma.rnp.br;No-Hostname;cma1-bma1.bkb.rnp.br;cpi1-cma1-tlb.bkb.rnp.br;cce1-cpi1-chesf.bkb.rnp.br;cce2-cce1.bkb.rnp.br;crn1-cce2-chesf.bkb.rnp.br;No-Hostname;No-Hostname;monipe-rn-atraso.rnp.br
1750279197,2025-06-18 17:39:57,core-popma-10g.pop-ma.rnp.br;No-Hostname;cma1-bma1.bkb.rnp.br;cpi1-cma1-tlb.bkb.rnp.br;cce1-cpi1-chesf.bkb.rnp.br;cce2-cce1.bkb.rnp.br;crn1-cce2-chesf.bkb.rnp.br;No-Hostname;No-Hostname;monipe-rn-atraso.rnp.br
1750279856,2025-06-18 17:50:56,core-popma-10g.pop-ma.rnp.br;No-Hostname;cma1-bma1.bkb.rnp.br;cpi1-cma1-tlb.bkb.rnp.br;cce1-cpi1-chesf.bkb.rnp.br;cce2-cce1.bkb.rnp.br;crn1-cce2-chesf.bkb.rnp.br;No-Hostname;No-Hostname;monipe-rn-atraso.rnp.br
1750280250,2025-06-18 17:57:30,core-popma-10g.pop-ma.rnp.br;No-Hostname;cma1-bma1.bkb.rnp.br;cpi1-cma1-tlb.bkb.rnp.br;cce1-cpi1-chesf.bkb.rnp.br;cce2-cce1.bkb.rnp.br;crn1-cce2-chesf.bkb.rnp.br;No-Hostname;No-Hostname;monipe-rn-atraso.rnp.br
1750280800,2025-06-18 18:06:40,core-popma-10g.pop-ma.rnp.br;No-Hostname;cma1-bma1.bkb.rnp.br;cpi1-cma1-tlb.bkb.rnp.br;cce1-cpi1-chesf.bkb.rnp.br;cce2-cce1.bkb.rnp.br;crn1-cce2-chesf.bkb.rnp.br;No-Hostname;No-Hostname;monipe-rn-atraso.rnp.br
1750281844,2025-06-18 18:24:04,core-popma-10g.pop-ma.rnp.br;No-Hostname;cma1-bma1.bkb.rnp.br;cpi1-cma1-tlb.bkb.rnp.br;cce1-cpi1-chesf.bkb.rnp.br;cce2-cce1.bkb.rnp.br;crn1-cce2-chesf.bkb.rnp.br;No-Hostname;No-Hostname;monipe-rn-atraso.rnp.br
1750282781,2025-06-18 18:39:41,core-popma-10g.pop-ma.rnp.br;No-Hostname;cma1-bma1.bkb.rnp.br;cpi1-cma1-tlb.bkb.rnp.br;cce1-cpi1-chesf.bkb.rnp.br;cce2-cce1.bkb.rnp.br;crn1-cce2-chesf.bkb.rnp.br;No-Hostname;No-Hostname;monipe-rn-atraso.rnp.br
1750283328,2025-06-18 18:48:48,core-popma-10g.pop-ma.rnp.br;No-Hostname;cma1-bma1.bkb.rnp.br;cpi1-cma1-tlb.bkb.rnp.br;cce1-cpi1-chesf.bkb.rnp.br;cce2-cce1.bkb.rnp.br;crn1-cce2-chesf.bkb.rnp.br;No-Hostname;No-Hostname;monipe-rn-atraso.rnp.br
1750284031,2025-06-18 19:00:31,core-popma-10g.pop-ma.rnp.br;No-Hostname;cma1-bma1.bkb.rnp.br;cpi1-cma1-tlb.bkb.rnp.br;cce1-cpi1-chesf.bkb.rnp.br;cce2-cce1.bkb.rnp.br;crn1-cce2-chesf.bkb.rnp.br;No-Hostname;No-Hostname;monipe-rn-atraso.rnp.br
1750284414,2025-06-18 19:06:54,core-popma-10g.pop-ma.rnp.br;No-Hostname;cma1-bma1.bkb.rnp.br;cpi1-cma1-tlb.bkb.rnp.br;cce1-cpi1-chesf.bkb.rnp.br;cce2-cce1.bkb.rnp.br;crn1-cce2-chesf.bkb.rnp.br;No-Hostname;No-Hostname;monipe-rn-atraso.rnp.br
1750285020,2025-06-18 19:17:00,core-popma-10g.pop-ma.rnp.br;No-Hostname;cma1-bma1.bkb.rnp.br;cpi1-cma1-tlb.bkb.rnp.br;cce1-cpi1-chesf.bkb.rnp.br;cce2-cce1.bkb.rnp.br;crn1-cce2-chesf.bkb.rnp.br;No-Hostname;No-Hostname;monipe-rn-atraso.rnp.br
1750285863,2025-06-18 19:31:03,core-popma-10g.pop-ma.rnp.br;No-Hostname;cma1-bma1.bkb.rnp.br;cpi1-cma1-tlb.bkb.rnp.br;cce1-cpi1-chesf.bkb.rnp.br;cce2-cce1.bkb.rnp.br;crn1-cce2-chesf.bkb.rnp.br;No-Hostname;No-Hostname;monipe-rn-atraso.rnp.br
1750286089,2025-06-18 19:34:49,core-popma-10g.pop-ma.rnp.br;No-Hostname;cma1-bma1.bkb.rnp.br;cpi1-cma1-tlb.bkb.rnp.br;cce1-cpi1-chesf.bkb.rnp.br;cce2-cce1.bkb.rnp.br;crn1-cce2-chesf.bkb.rnp.br;No-Hostname;No-Hostname;monipe-rn-atraso.rnp.br
1750287255,2025-06-18 19:54:15,core-popma-10g.pop-ma.rnp.br;No-Hostname;cma1-bma1.bkb.rnp.br;cpi1-cma1-tlb.bkb.rnp.br;cce1-cpi1-chesf.bkb.rnp.br;cce2-cce1.bkb.rnp.br;crn1-cce2-chesf.bkb.rnp.br;No-Hostname;No-Hostname;monipe-rn-atraso.rnp.br
1750287850,2025-06-18 20:04:10,core-popma-10g.pop-ma.rnp.br;No-Hostname;cma1-bma1.bkb.rnp.br;cpi1-cma1-tlb.bkb.rnp.br;cce1-cpi1-chesf.bkb.rnp.br;cce2-cce1.bkb.rnp.br;crn1-cce2-chesf.bkb.rnp.br;No-Hostname;No-Hostname;monipe-rn-atraso.rnp.br
1750288887,2025-06-18 20:21:27,core-popma-10g.pop-ma.rnp.br;No-Hostname;cma1-bma1.bkb.rnp.br;cpi1-cma1-tlb.bkb.rnp.br;cce1-cpi1-chesf.bkb.rnp.br;cce2-cce1.bkb.rnp.br;crn1-cce2-chesf.bkb.rnp.br;No-Hostname;No-Hostname;monipe-rn-atraso.rnp.br
1750289022,2025-06-18 20:23:42,core-popma-10g.pop-ma.rnp.br;No-Hostname;cma1-bma1.bkb.rnp.br;cpi1-cma1-tlb.bkb.rnp.br;cce1-cpi1-chesf.bkb.rnp.br;cce2-cce1.bkb.rnp.br;crn1-cce2-chesf.bkb.rnp.br;No-Hostname;No-Hostname;monipe-rn-atraso.rnp.br
1750290086,2025-06-18 20:41:26,core-popma-10g.pop-ma.rnp.br;No-Hostname;cma1-bma1.bkb.rnp.br;cpi1-cma1-tlb.bkb.rnp.br;cce1-cpi1-chesf.bkb.rnp.br;cce2-cce1.bkb.rnp.br;crn1-cce2-chesf.bkb.rnp.br;No-Hostname;No-Hostname;monipe-rn-atraso.rnp.br
1750290207,2025-06-18 20:43:27,core-popma-10g.pop-ma.rnp.br;No-Hostname;cma1-bma1.bkb.rnp.br;cpi1-cma1-tlb.bkb.rnp.br;cce1-cpi1-chesf.bkb.rnp.br;cce2-cce1.bkb.rnp.br;crn1-cce2-chesf.bkb.rnp.br;No-Hostname;No-Hostname;monipe-rn-atraso.rnp.br
1750291202,2025-06-18 21:00:02,core-popma-10g.pop-ma.rnp.br;No-Hostname;cma1-bma1.bkb.rnp.br;cpi1-cma1-tlb.bkb.rnp.br;cce1-cpi1-chesf.bkb.rnp.br;cce2-cce1.bkb.rnp.br;crn1-cce2-chesf.bkb.rnp.br;No-Hostname;No-Hostname;monipe-rn-atraso.rnp.br
1750291462,2025-06-18 21:04:22,core-popma-10g.pop-ma.rnp.br;No-Hostname;cma1-bma1.bkb.rnp.br;cpi1-cma1-tlb.bkb.rnp.br;cce1-cpi1-chesf.bkb.rnp.br;cce2-cce1.bkb.rnp.br;crn1-cce2-chesf.bkb.rnp.br;No-Hostname;No-Hostname;monipe-rn-atraso.rnp.br
1750292421,2025-06-18 21:20:21,core-popma-10g.pop-ma.rnp.br;No-Hostname;cma1-bma1.bkb.rnp.br;cpi1-cma1-tlb.bkb.rnp.br;cce1-cpi1-chesf.bkb.rnp.br;cce2-cce1.bkb.rnp.br;crn1-cce2-chesf.bkb.rnp.br;No-Hostname;No-Hostname;monipe-rn-atraso.rnp.br
1750292766,2025-06-18 21:26:06,core-popma-10g.pop-ma.rnp.br;No-Hostname;cma1-bma1.bkb.rnp.br;cpi1-cma1-tlb.bkb.rnp.br;cce1-cpi1-chesf.bkb.rnp.br;cce2-cce1.bkb.rnp.br;crn1-cce2-chesf.bkb.rnp.br;No-Hostname;No-Hostname;monipe-rn-atraso.rnp.br
1750293357,2025-06-18 21:35:57,core-popma-10g.pop-ma.rnp.br;No-Hostname;cma1-bma1.bkb.rnp.br;cpi1-cma1-tlb.bkb.rnp.br;cce1-cpi1-chesf.bkb.rnp.br;cce2-cce1.bkb.rnp.br;crn1-cce2-chesf.bkb.rnp.br;No-Hostname;No-Hostname;monipe-rn-atraso.rnp.br
1750294009,2025-06-18 21:46:49,core-popma-10g.pop-ma.rnp.br;No-Hostname;cma1-bma1.bkb.rnp.br;cpi1-cma1-tlb.bkb.rnp.br;cce1-cpi1-chesf.bkb.rnp.br;cce2-cce1.bkb.rnp.br;crn1-cce2-chesf.bkb.rnp.br;No-Hostname;No-Hostname;monipe-rn-atraso.rnp.br
1750294644,2025-06-18 21:57:24,core-popma-10g.pop-ma.rnp.br;No-Hostname;cma1-bma1.bkb.rnp.br;cpi1-cma1-tlb.bkb.rnp.br;cce1-cpi1-chesf.bkb.rnp.br;cce2-cce1.bkb.rnp.br;crn1-cce2-chesf.bkb.rnp.br;No-Hostname;No-Hostname;monipe-rn-atraso.rnp.br
1750295355,2025-06-18 22:09:15,core-popma-10g.pop-ma.rnp.br;No-Hostname;cma1-bma1.bkb.rnp.br;cpi1-cma1-tlb.bkb.rnp.br;cce1-cpi1-chesf.bkb.rnp.br;cce2-cce1.bkb.rnp.br;crn1-cce2-chesf.bkb.rnp.br;No-Hostname;No-Hostname;monipe-rn-atraso.rnp.br
1750295592,2025-06-18 22:13:12,core-popma-10g.pop-ma.rnp.br;No-Hostname;cma1-bma1.bkb.rnp.br;cpi1-cma1-tlb.bkb.rnp.br;cce1-cpi1-chesf.bkb.rnp.br;cce2-cce1.bkb.rnp.br;crn1-cce2-chesf.bkb.rnp.br;No-Hostname;No-Hostname;monipe-rn-atraso.rnp.br
1750296360,2025-06-18 22:26:00,core-popma-10g.pop-ma.rnp.br;No-Hostname;cma1-bma1.bkb.rnp.br;cpi1-cma1-tlb.bkb.rnp.br;cce1-cpi1-chesf.bkb.rnp.br;cce2-cce1.bkb.rnp.br;crn1-cce2-chesf.bkb.rnp.br;No-Hostname;No-Hostname;monipe-rn-atraso.rnp.br
1750297149,2025-06-18 22:39:09,core-popma-10g.pop-ma.rnp.br;No-Hostname;cma1-bma1.bkb.rnp.br;cpi1-cma1-tlb.bkb.rnp.br;cce1-cpi1-chesf.bkb.rnp.br;cce2-cce1.bkb.rnp.br;crn1-cce2-chesf.bkb.rnp.br;No-Hostname;No-Hostname;monipe-rn-atraso.rnp.br
1750297842,2025-06-18 22:50:42,core-popma-10g.pop-ma.rnp.br;No-Hostname;cma1-bma1.bkb.rnp.br;cpi1-cma1-tlb.bkb.rnp.br;cce1-cpi1-chesf.bkb.rnp.br;cce2-cce1.bkb.rnp.br;crn1-cce2-chesf.bkb.rnp.br;No-Hostname;No-Hostname;monipe-rn-atraso.rnp.br
1750298461,2025-06-18 23:01:01,core-popma-10g.pop-ma.rnp.br;No-Hostname;cma1-bma1.bkb.rnp.br;cpi1-cma1-tlb.bkb.rnp.br;cce1-cpi1-chesf.bkb.rnp.br;cce2-cce1.bkb.rnp.br;crn1-cce2-chesf.bkb.rnp.br;No-Hostname;No-Hostname;monipe-rn-atraso.rnp.br
1750298639,2025-06-18 23:03:59,core-popma-10g.pop-ma.rnp.br;No-Hostname;cma1-bma1.bkb.rnp.br;cpi1-cma1-tlb.bkb.rnp.br;cce1-cpi1-chesf.bkb.rnp.br;cce2-cce1.bkb.rnp.br;crn1-cce2-chesf.bkb.rnp.br;No-Hostname;No-Hostname;monipe-rn-atraso.rnp.br
1750299352,2025-06-18 23:15:52,core-popma-10g.pop-ma.rnp.br;No-Hostname;cma1-bma1.bkb.rnp.br;cpi1-cma1-tlb.bkb.rnp.br;cce1-cpi1-chesf.bkb.rnp.br;cce2-cce1.bkb.rnp.br;crn1-cce2-chesf.bkb.rnp.br;No-Hostname;No-Hostname;monipe-rn-atraso.rnp.br
1750299784,2025-06-18 23:23:04,core-popma-10g.pop-ma.rnp.br;No-Hostname;cma1-bma1.bkb.rnp.br;cpi1-cma1-tlb.bkb.rnp.br;cce1-cpi1-chesf.bkb.rnp.br;cce2-cce1.bkb.rnp.br;crn1-cce2-chesf.bkb.rnp.br;No-Hostname;No-Hostname;monipe-rn-atraso.rnp.br
1750300626,2025-06-18 23:37:06,core-popma-10g.pop-ma.rnp.br;No-Hostname;cma1-bma1.bkb.rnp.br;cpi1-cma1-tlb.bkb.rnp.br;cce1-cpi1-chesf.bkb.rnp.br;cce2-cce1.bkb.rnp.br;crn1-cce2-chesf.bkb.rnp.br;No-Hostname;No-Hostname;monipe-rn-atraso.rnp.br
1750301453,2025-06-18 23:50:53,core-popma-10g.pop-ma.rnp.br;No-Hostname;cma1-bma1.bkb.rnp.br;cpi1-cma1-tlb.bkb.rnp.br;cce1-cpi1-chesf.bkb.rnp.br;cce2-cce1.bkb.rnp.br;crn1-cce2-chesf.bkb.rnp.br;No-Hostname;No-Hostname;monipe-rn-atraso.rnp.br
1750301916,2025-06-18 23:58:36,core-popma-10g.pop-ma.rnp.br;No-Hostname;cma1-bma1.bkb.rnp.br;cpi1-cma1-tlb.bkb.rnp.br;cce1-cpi1-chesf.bkb.rnp.br;cce2-cce1.bkb.rnp.br;crn1-cce2-chesf.bkb.rnp.br;No-Hostname;No-Hostname;monipe-rn-atraso.rnp.br
1750302192,2025-06-19 00:03:12,core-popma-10g.pop-ma.rnp.br;No-Hostname;cma1-bma1.bkb.rnp.br;cpi1-cma1-tlb.bkb.rnp.br;cce1-cpi1-chesf.bkb.rnp.br;cce2-cce1.bkb.rnp.br;crn1-cce2-chesf.bkb.rnp.br;No-Hostname;No-Hostname;monipe-rn-atraso.rnp.br
1750302891,2025-06-19 00:14:51,core-popma-10g.pop-ma.rnp.br;No-Hostname;cma1-bma1.bkb.rnp.br;cpi1-cma1-tlb.bkb.rnp.br;cce1-cpi1-chesf.bkb.rnp.br;cce2-cce1.bkb.rnp.br;crn1-cce2-chesf.bkb.rnp.br;No-Hostname;No-Hostname;monipe-rn-atraso.rnp.br
1750303772,2025-06-19 00:29:32,core-popma-10g.pop-ma.rnp.br;No-Hostname;cma1-bma1.bkb.rnp.br;cpi1-cma1-tlb.bkb.rnp.br;cce1-cpi1-chesf.bkb.rnp.br;cce2-cce1.bkb.rnp.br;crn1-cce2-chesf.bkb.rnp.br;No-Hostname;No-Hostname;monipe-rn-atraso.rnp.br
1750304594,2025-06-19 00:43:14,core-popma-10g.pop-ma.rnp.br;No-Hostname;cma1-bma1.bkb.rnp.br;cpi1-cma1-tlb.bkb.rnp.br;cce1-cpi1-chesf.bkb.rnp.br;cce2-cce1.bkb.rnp.br;crn1-cce2-chesf.bkb.rnp.br;No-Hostname;No-Hostname;monipe-rn-atraso.rnp.br
1750305182,2025-06-19 00:53:02,core-popma-10g.pop-ma.rnp.br;No-Hostname;cma1-bma1.bkb.rnp.br;cpi1-cma1-tlb.bkb.rnp.br;cce1-cpi1-chesf.bkb.rnp.br;cce2-cce1.bkb.rnp.br;crn1-cce2-chesf.bkb.rnp.br;No-Hostname;No-Hostname;monipe-rn-atraso.rnp.br
1750305804,2025-06-19 01:03:24,core-popma-10g.pop-ma.rnp.br;No-Hostname;cma1-bma1.bkb.rnp.br;cpi1-cma1-tlb.bkb.rnp.br;cce1-cpi1-chesf.bkb.rnp.br;cce2-cce1.bkb.rnp.br;crn1-cce2-chesf.bkb.rnp.br;No-Hostname;No-Hostname;monipe-rn-atraso.rnp.br
1750306599,2025-06-19 01:16:39,core-popma-10g.pop-ma.rnp.br;No-Hostname;cma1-bma1.bkb.rnp.br;cpi1-cma1-tlb.bkb.rnp.br;cce1-cpi1-chesf.bkb.rnp.br;cce2-cce1.bkb.rnp.br;crn1-cce2-chesf.bkb.rnp.br;No-Hostname;No-Hostname;monipe-rn-atraso.rnp.br
1750307184,2025-06-19 01:26:24,core-popma-10g.pop-ma.rnp.br;No-Hostname;cma1-bma1.bkb.rnp.br;cpi1-cma1-tlb.bkb.rnp.br;cce1-cpi1-chesf.bkb.rnp.br;cce2-cce1.bkb.rnp.br;crn1-cce2-chesf.bkb.rnp.br;No-Hostname;No-Hostname;monipe-rn-atraso.rnp.br
1750307850,2025-06-19 01:37:30,core-popma-10g.pop-ma.rnp.br;No-Hostname;cma1-bma1.bkb.rnp.br;cpi1-cma1-tlb.bkb.rnp.br;cce1-cpi1-chesf.bkb.rnp.br;cce2-cce1.bkb.rnp.br;crn1-cce2-chesf.bkb.rnp.br;No-Hostname;No-Hostname;monipe-rn-atraso.rnp.br
1750308426,2025-06-19 01:47:06,core-popma-10g.pop-ma.rnp.br;No-Hostname;cma1-bma1.bkb.rnp.br;cpi1-cma1-tlb.bkb.rnp.br;cce1-cpi1-chesf.bkb.rnp.br;cce2-cce1.bkb.rnp.br;crn1-cce2-chesf.bkb.rnp.br;No-Hostname;No-Hostname;monipe-rn-atraso.rnp.br
1750308965,2025-06-19 01:56:05,core-popma-10g.pop-ma.rnp.br;No-Hostname;cma1-bma1.bkb.rnp.br;cpi1-cma1-tlb.bkb.rnp.br;cce1-cpi1-chesf.bkb.rnp.br;cce2-cce1.bkb.rnp.br;crn1-cce2-chesf.bkb.rnp.br;No-Hostname;No-Hostname;monipe-rn-atraso.rnp.br
1750309555,2025-06-19 02:05:55,core-popma-10g.pop-ma.rnp.br;No-Hostname;cma1-bma1.bkb.rnp.br;cpi1-cma1-tlb.bkb.rnp.br;cce1-cpi1-chesf.bkb.rnp.br;cce2-cce1.bkb.rnp.br;crn1-cce2-chesf.bkb.rnp.br;No-Hostname;No-Hostname;monipe-rn-atraso.rnp.br
1750310312,2025-06-19 02:18:32,core-popma-10g.pop-ma.rnp.br;No-Hostname;cma1-bma1.bkb.rnp.br;cpi1-cma1-tlb.bkb.rnp.br;cce1-cpi1-chesf.bkb.rnp.br;cce2-cce1.bkb.rnp.br;crn1-cce2-chesf.bkb.rnp.br;No-Hostname;No-Hostname;monipe-rn-atraso.rnp.br
1750311101,2025-06-19 02:31:41,core-popma-10g.pop-ma.rnp.br;No-Hostname;cma1-bma1.bkb.rnp.br;cpi1-cma1-tlb.bkb.rnp.br;cce1-cpi1-chesf.bkb.rnp.br;cce2-cce1.bkb.rnp.br;crn1-cce2-chesf.bkb.rnp.br;No-Hostname;No-Hostname;monipe-rn-atraso.rnp.br
1750311298,2025-06-19 02:34:58,core-popma-10g.pop-ma.rnp.br;No-Hostname;cma1-bma1.bkb.rnp.br;cpi1-cma1-tlb.bkb.rnp.br;cce1-cpi1-chesf.bkb.rnp.br;cce2-cce1.bkb.rnp.br;crn1-cce2-chesf.bkb.rnp.br;No-Hostname;No-Hostname;monipe-rn-atraso.rnp.br
1750312231,2025-06-19 02:50:31,core-popma-10g.pop-ma.rnp.br;No-Hostname;cma1-bma1.bkb.rnp.br;cpi1-cma1-tlb.bkb.rnp.br;cce1-cpi1-chesf.bkb.rnp.br;cce2-cce1.bkb.rnp.br;crn1-cce2-chesf.bkb.rnp.br;No-Hostname;No-Hostname;monipe-rn-atraso.rnp.br
1750312804,2025-06-19 03:00:04,core-popma-10g.pop-ma.rnp.br;No-Hostname;cma1-bma1.bkb.rnp.br;cpi1-cma1-tlb.bkb.rnp.br;cce1-cpi1-chesf.bkb.rnp.br;cce2-cce1.bkb.rnp.br;crn1-cce2-chesf.bkb.rnp.br;No-Hostname;No-Hostname;monipe-rn-atraso.rnp.br
1750313029,2025-06-19 03:03:49,core-popma-10g.pop-ma.rnp.br;No-Hostname;cma1-bma1.bkb.rnp.br;cpi1-cma1-tlb.bkb.rnp.br;cce1-cpi1-chesf.bkb.rnp.br;cce2-cce1.bkb.rnp.br;crn1-cce2-chesf.bkb.rnp.br;No-Hostname;No-Hostname;monipe-rn-atraso.rnp.br
1750313818,2025-06-19 03:16:58,core-popma-10g.pop-ma.rnp.br;No-Hostname;cma1-bma1.bkb.rnp.br;cpi1-cma1-tlb.bkb.rnp.br;cce1-cpi1-chesf.bkb.rnp.br;cce2-cce1.bkb.rnp.br;crn1-cce2-chesf.bkb.rnp.br;No-Hostname;No-Hostname;monipe-rn-atraso.rnp.br
1750314689,2025-06-19 03:31:29,core-popma-10g.pop-ma.rnp.br;No-Hostname;cma1-bma1.bkb.rnp.br;cpi1-cma1-tlb.bkb.rnp.br;cce1-cpi1-chesf.bkb.rnp.br;cce2-cce1.bkb.rnp.br;crn1-cce2-chesf.bkb.rnp.br;No-Hostname;No-Hostname;monipe-rn-atraso.rnp.br
1750314787,2025-06-19 03:33:07,core-popma-10g.pop-ma.rnp.br;No-Hostname;cma1-bma1.bkb.rnp.br;cpi1-cma1-tlb.bkb.rnp.br;cce1-cpi1-chesf.bkb.rnp.br;cce2-cce1.bkb.rnp.br;crn1-cce2-chesf.bkb.rnp.br;No-Hostname;No-Hostname;monipe-rn-atraso.rnp.br
1750315426,2025-06-19 03:43:46,core-popma-10g.pop-ma.rnp.br;No-Hostname;cma1-bma1.bkb.rnp.br;cpi1-cma1-tlb.bkb.rnp.br;cce1-cpi1-chesf.bkb.rnp.br;cce2-cce1.bkb.rnp.br;crn1-cce2-chesf.bkb.rnp.br;No-Hostname;No-Hostname;monipe-rn-atraso.rnp.br
1750316225,2025-06-19 03:57:05,core-popma-10g.pop-ma.rnp.br;No-Hostname;cma1-bma1.bkb.rnp.br;cpi1-cma1-tlb.bkb.rnp.br;cce1-cpi1-chesf.bkb.rnp.br;cce2-cce1.bkb.rnp.br;crn1-cce2-chesf.bkb.rnp.br;No-Hostname;No-Hostname;monipe-rn-atraso.rnp.br
1750317005,2025-06-19 04:10:05,core-popma-10g.pop-ma.rnp.br;No-Hostname;cma1-bma1.bkb.rnp.br;cpi1-cma1-tlb.bkb.rnp.br;cce1-cpi1-chesf.bkb.rnp.br;cce2-cce1.bkb.rnp.br;crn1-cce2-chesf.bkb.rnp.br;No-Hostname;No-Hostname;monipe-rn-atraso.rnp.br
1750317383,2025-06-19 04:16:23,core-popma-10g.pop-ma.rnp.br;No-Hostname;cma1-bma1.bkb.rnp.br;cpi1-cma1-tlb.bkb.rnp.br;cce1-cpi1-chesf.bkb.rnp.br;cce2-cce1.bkb.rnp.br;crn1-cce2-chesf.bkb.rnp.br;No-Hostname;No-Hostname;monipe-rn-atraso.rnp.br
1750317884,2025-06-19 04:24:44,core-popma-10g.pop-ma.rnp.br;No-Hostname;cma1-bma1.bkb.rnp.br;cpi1-cma1-tlb.bkb.rnp.br;cce1-cpi1-chesf.bkb.rnp.br;cce2-cce1.bkb.rnp.br;crn1-cce2-chesf.bkb.rnp.br;No-Hostname;No-Hostname;monipe-rn-atraso.rnp.br
1750319434,2025-06-19 04:50:34,core-popma-10g.pop-ma.rnp.br;No-Hostname;cma1-bma1.bkb.rnp.br;cpi1-cma1-tlb.bkb.rnp.br;cce1-cpi1-chesf.bkb.rnp.br;cce2-cce1.bkb.rnp.br;crn1-cce2-chesf.bkb.rnp.br;No-Hostname;No-Hostname;monipe-rn-atraso.rnp.br
1750320017,2025-06-19 05:00:17,core-popma-10g.pop-ma.rnp.br;No-Hostname;cma1-bma1.bkb.rnp.br;cpi1-cma1-tlb.bkb.rnp.br;cce1-cpi1-chesf.bkb.rnp.br;cce2-cce1.bkb.rnp.br;crn1-cce2-chesf.bkb.rnp.br;No-Hostname;No-Hostname;monipe-rn-atraso.rnp.br
1750320523,2025-06-19 05:08:43,core-popma-10g.pop-ma.rnp.br;No-Hostname;cma1-bma1.bkb.rnp.br;cpi1-cma1-tlb.bkb.rnp.br;cce1-cpi1-chesf.bkb.rnp.br;cce2-cce1.bkb.rnp.br;crn1-cce2-chesf.bkb.rnp.br;No-Hostname;No-Hostname;monipe-rn-atraso.rnp.br
1750321020,2025-06-19 05:17:00,core-popma-10g.pop-ma.rnp.br;No-Hostname;cma1-bma1.bkb.rnp.br;cpi1-cma1-tlb.bkb.rnp.br;cce1-cpi1-chesf.bkb.rnp.br;cce2-cce1.bkb.rnp.br;crn1-cce2-chesf.bkb.rnp.br;No-Hostname;No-Hostname;monipe-rn-atraso.rnp.br
1750321592,2025-06-19 05:26:32,core-popma-10g.pop-ma.rnp.br;No-Hostname;cma1-bma1.bkb.rnp.br;cpi1-cma1-tlb.bkb.rnp.br;cce1-cpi1-chesf.bkb.rnp.br;cce2-cce1.bkb.rnp.br;crn1-cce2-chesf.bkb.rnp.br;No-Hostname;No-Hostname;monipe-rn-atraso.rnp.br
1750322345,2025-06-19 05:39:05,core-popma-10g.pop-ma.rnp.br;No-Hostname;cma1-bma1.bkb.rnp.br;cpi1-cma1-tlb.bkb.rnp.br;cce1-cpi1-chesf.bkb.rnp.br;cce2-cce1.bkb.rnp.br;crn1-cce2-chesf.bkb.rnp.br;No-Hostname;No-Hostname;monipe-rn-atraso.rnp.br
1750322869,2025-06-19 05:47:49,core-popma-10g.pop-ma.rnp.br;No-Hostname;cma1-bma1.bkb.rnp.br;cpi1-cma1-tlb.bkb.rnp.br;cce1-cpi1-chesf.bkb.rnp.br;cce2-cce1.bkb.rnp.br;crn1-cce2-chesf.bkb.rnp.br;No-Hostname;No-Hostname;monipe-rn-atraso.rnp.br
1750323586,2025-06-19 05:59:46,core-popma-10g.pop-ma.rnp.br;No-Hostname;cma1-bma1.bkb.rnp.br;cpi1-cma1-tlb.bkb.rnp.br;cce1-cpi1-chesf.bkb.rnp.br;cce2-cce1.bkb.rnp.br;crn1-cce2-chesf.bkb.rnp.br;No-Hostname;No-Hostname;monipe-rn-atraso.rnp.br
1750324015,2025-06-19 06:06:55,core-popma-10g.pop-ma.rnp.br;No-Hostname;cma1-bma1.bkb.rnp.br;cpi1-cma1-tlb.bkb.rnp.br;cce1-cpi1-chesf.bkb.rnp.br;cce2-cce1.bkb.rnp.br;crn1-cce2-chesf.bkb.rnp.br;No-Hostname;No-Hostname;monipe-rn-atraso.rnp.br
1750324706,2025-06-19 06:18:26,No-Hostname;No-Hostname;cma1-bma1.bkb.rnp.br;cpi1-cma1-tlb.bkb.rnp.br;cce1-cpi1-chesf.bkb.rnp.br;cce2-cce1.bkb.rnp.br;crn1-cce2-chesf.bkb.rnp.br;No-Hostname;No-Hostname;monipe-rn-atraso.rnp.br
1750325017,2025-06-19 06:23:37,core-popma-10g.pop-ma.rnp.br;No-Hostname;cma1-bma1.bkb.rnp.br;cpi1-cma1-tlb.bkb.rnp.br;cce1-cpi1-chesf.bkb.rnp.br;cce2-cce1.bkb.rnp.br;crn1-cce2-chesf.bkb.rnp.br;No-Hostname;No-Hostname;monipe-rn-atraso.rnp.br
1750325743,2025-06-19 06:35:43,core-popma-10g.pop-ma.rnp.br;No-Hostname;cma1-bma1.bkb.rnp.br;cpi1-cma1-tlb.bkb.rnp.br;cce1-cpi1-chesf.bkb.rnp.br;cce2-cce1.bkb.rnp.br;crn1-cce2-chesf.bkb.rnp.br;No-Hostname;No-Hostname;monipe-rn-atraso.rnp.br
1750326367,2025-06-19 06:46:07,core-popma-10g.pop-ma.rnp.br;No-Hostname;cma1-bma1.bkb.rnp.br;cpi1-cma1-tlb.bkb.rnp.br;cce1-cpi1-chesf.bkb.rnp.br;cce2-cce1.bkb.rnp.br;crn1-cce2-chesf.bkb.rnp.br;No-Hostname;No-Hostname;monipe-rn-atraso.rnp.br
1750326884,2025-06-19 06:54:44,core-popma-10g.pop-ma.rnp.br;No-Hostname;cma1-bma1.bkb.rnp.br;cpi1-cma1-tlb.bkb.rnp.br;cce1-cpi1-chesf.bkb.rnp.br;cce2-cce1.bkb.rnp.br;crn1-cce2-chesf.bkb.rnp.br;No-Hostname;No-Hostname;monipe-rn-atraso.rnp.br
1750327685,2025-06-19 07:08:05,core-popma-10g.pop-ma.rnp.br;No-Hostname;cma1-bma1.bkb.rnp.br;cpi1-cma1-tlb.bkb.rnp.br;cce1-cpi1-chesf.bkb.rnp.br;cce2-cce1.bkb.rnp.br;crn1-cce2-chesf.bkb.rnp.br;No-Hostname;No-Hostname;monipe-rn-atraso.rnp.br
1750328138,2025-06-19 07:15:38,core-popma-10g.pop-ma.rnp.br;No-Hostname;cma1-bma1.bkb.rnp.br;cpi1-cma1-tlb.bkb.rnp.br;cce1-cpi1-chesf.bkb.rnp.br;cce2-cce1.bkb.rnp.br;crn1-cce2-chesf.bkb.rnp.br;No-Hostname;No-Hostname;monipe-rn-atraso.rnp.br
1750328944,2025-06-19 07:29:04,core-popma-10g.pop-ma.rnp.br;No-Hostname;cma1-bma1.bkb.rnp.br;cpi1-cma1-tlb.bkb.rnp.br;cce1-cpi1-chesf.bkb.rnp.br;cce2-cce1.bkb.rnp.br;crn1-cce2-chesf.bkb.rnp.br;No-Hostname;No-Hostname;monipe-rn-atraso.rnp.br
1750329555,2025-06-19 07:39:15,core-popma-10g.pop-ma.rnp.br;No-Hostname;cma1-bma1.bkb.rnp.br;cpi1-cma1-tlb.bkb.rnp.br;cce1-cpi1-chesf.bkb.rnp.br;cce2-cce1.bkb.rnp.br;crn1-cce2-chesf.bkb.rnp.br;No-Hostname;No-Hostname;monipe-rn-atraso.rnp.br
1750329857,2025-06-19 07:44:17,core-popma-10g.pop-ma.rnp.br;No-Hostname;cma1-bma1.bkb.rnp.br;cpi1-cma1-tlb.bkb.rnp.br;cce1-cpi1-chesf.bkb.rnp.br;cce2-cce1.bkb.rnp.br;crn1-cce2-chesf.bkb.rnp.br;No-Hostname;No-Hostname;monipe-rn-atraso.rnp.br
1750330782,2025-06-19 07:59:42,core-popma-10g.pop-ma.rnp.br;No-Hostname;cma1-bma1.bkb.rnp.br;cpi1-cma1-tlb.bkb.rnp.br;cce1-cpi1-chesf.bkb.rnp.br;cce2-cce1.bkb.rnp.br;crn1-cce2-chesf.bkb.rnp.br;No-Hostname;No-Hostname;monipe-rn-atraso.rnp.br
1750331298,2025-06-19 08:08:18,core-popma-10g.pop-ma.rnp.br;No-Hostname;cma1-bma1.bkb.rnp.br;cpi1-cma1-tlb.bkb.rnp.br;cce1-cpi1-chesf.bkb.rnp.br;cce2-cce1.bkb.rnp.br;crn1-cce2-chesf.bkb.rnp.br;No-Hostname;No-Hostname;monipe-rn-atraso.rnp.br
1750331903,2025-06-19 08:18:23,core-popma-10g.pop-ma.rnp.br;No-Hostname;cma1-bma1.bkb.rnp.br;cpi1-cma1-tlb.bkb.rnp.br;cce1-cpi1-chesf.bkb.rnp.br;cce2-cce1.bkb.rnp.br;crn1-cce2-chesf.bkb.rnp.br;No-Hostname;No-Hostname;monipe-rn-atraso.rnp.br
1750332599,2025-06-19 08:29:59,core-popma-10g.pop-ma.rnp.br;No-Hostname;cma1-bma1.bkb.rnp.br;cpi1-cma1-tlb.bkb.rnp.br;cce1-cpi1-chesf.bkb.rnp.br;cce2-cce1.bkb.rnp.br;crn1-cce2-chesf.bkb.rnp.br;No-Hostname;No-Hostname;monipe-rn-atraso.rnp.br
1750332918,2025-06-19 08:35:18,core-popma-10g.pop-ma.rnp.br;No-Hostname;cma1-bma1.bkb.rnp.br;cpi1-cma1-tlb.bkb.rnp.br;cce1-cpi1-chesf.bkb.rnp.br;cce2-cce1.bkb.rnp.br;crn1-cce2-chesf.bkb.rnp.br;No-Hostname;No-Hostname;monipe-rn-atraso.rnp.br
1750333723,2025-06-19 08:48:43,core-popma-10g.pop-ma.rnp.br;No-Hostname;cma1-bma1.bkb.rnp.br;cpi1-cma1-tlb.bkb.rnp.br;cce1-cpi1-chesf.bkb.rnp.br;cce2-cce1.bkb.rnp.br;crn1-cce2-chesf.bkb.rnp.br;No-Hostname;No-Hostname;monipe-rn-atraso.rnp.br
1750334011,2025-06-19 08:53:31,core-popma-10g.pop-ma.rnp.br;No-Hostname;cma1-bma1.bkb.rnp.br;cpi1-cma1-tlb.bkb.rnp.br;cce1-cpi1-chesf.bkb.rnp.br;cce2-cce1.bkb.rnp.br;crn1-cce2-chesf.bkb.rnp.br;No-Hostname;No-Hostname;monipe-rn-atraso.rnp.br
1750334886,2025-06-19 09:08:06,core-popma-10g.pop-ma.rnp.br;No-Hostname;cma1-bma1.bkb.rnp.br;cpi1-cma1-tlb.bkb.rnp.br;cce1-cpi1-chesf.bkb.rnp.br;cce2-cce1.bkb.rnp.br;crn1-cce2-chesf.bkb.rnp.br;No-Hostname;No-Hostname;monipe-rn-atraso.rnp.br
1750335225,2025-06-19 09:13:45,core-popma-10g.pop-ma.rnp.br;No-Hostname;cma1-bma1.bkb.rnp.br;cpi1-cma1-tlb.bkb.rnp.br;cce1-cpi1-chesf.bkb.rnp.br;cce2-cce1.bkb.rnp.br;crn1-cce2-chesf.bkb.rnp.br;No-Hostname;No-Hostname;monipe-rn-atraso.rnp.br
1750336014,2025-06-19 09:26:54,core-popma-10g.pop-ma.rnp.br;No-Hostname;cma1-bma1.bkb.rnp.br;cpi1-cma1-tlb.bkb.rnp.br;cce1-cpi1-chesf.bkb.rnp.br;cce2-cce1.bkb.rnp.br;crn1-cce2-chesf.bkb.rnp.br;No-Hostname;No-Hostname;monipe-rn-atraso.rnp.br
1750336781,2025-06-19 09:39:41,core-popma-10g.pop-ma.rnp.br;No-Hostname;cma1-bma1.bkb.rnp.br;cpi1-cma1-tlb.bkb.rnp.br;cce1-cpi1-chesf.bkb.rnp.br;cce2-cce1.bkb.rnp.br;crn1-cce2-chesf.bkb.rnp.br;No-Hostname;No-Hostname;monipe-rn-atraso.rnp.br
1750337414,2025-06-19 09:50:14,core-popma-10g.pop-ma.rnp.br;No-Hostname;cma1-bma1.bkb.rnp.br;cpi1-cma1-tlb.bkb.rnp.br;cce1-cpi1-chesf.bkb.rnp.br;cce2-cce1.bkb.rnp.br;crn1-cce2-chesf.bkb.rnp.br;No-Hostname;No-Hostname;monipe-rn-atraso.rnp.br
1750337736,2025-06-19 09:55:36,core-popma-10g.pop-ma.rnp.br;No-Hostname;cma1-bma1.bkb.rnp.br;cpi1-cma1-tlb.bkb.rnp.br;cce1-cpi1-chesf.bkb.rnp.br;cce2-cce1.bkb.rnp.br;crn1-cce2-chesf.bkb.rnp.br;No-Hostname;No-Hostname;monipe-rn-atraso.rnp.br
1750338657,2025-06-19 10:10:57,core-popma-10g.pop-ma.rnp.br;No-Hostname;cma1-bma1.bkb.rnp.br;cpi1-cma1-tlb.bkb.rnp.br;cce1-cpi1-chesf.bkb.rnp.br;cce2-cce1.bkb.rnp.br;crn1-cce2-chesf.bkb.rnp.br;No-Hostname;No-Hostname;monipe-rn-atraso.rnp.br
1750339087,2025-06-19 10:18:07,core-popma-10g.pop-ma.rnp.br;No-Hostname;cma1-bma1.bkb.rnp.br;cpi1-cma1-tlb.bkb.rnp.br;cce1-cpi1-chesf.bkb.rnp.br;cce2-cce1.bkb.rnp.br;crn1-cce2-chesf.bkb.rnp.br;No-Hostname;No-Hostname;monipe-rn-atraso.rnp.br
1750339747,2025-06-19 10:29:07,core-popma-10g.pop-ma.rnp.br;No-Hostname;cma1-bma1.bkb.rnp.br;cpi1-cma1-tlb.bkb.rnp.br;cce1-cpi1-chesf.bkb.rnp.br;cce2-cce1.bkb.rnp.br;crn1-cce2-chesf.bkb.rnp.br;No-Hostname;No-Hostname;monipe-rn-atraso.rnp.br
1750340047,2025-06-19 10:34:07,core-popma-10g.pop-ma.rnp.br;No-Hostname;cma1-bma1.bkb.rnp.br;cpi1-cma1-tlb.bkb.rnp.br;cce1-cpi1-chesf.bkb.rnp.br;cce2-cce1.bkb.rnp.br;crn1-cce2-chesf.bkb.rnp.br;No-Hostname;No-Hostname;monipe-rn-atraso.rnp.br
1750341094,2025-06-19 10:51:34,core-popma-10g.pop-ma.rnp.br;No-Hostname;cma1-bma1.bkb.rnp.br;cpi1-cma1-tlb.bkb.rnp.br;cce1-cpi1-chesf.bkb.rnp.br;cce2-cce1.bkb.rnp.br;crn1-cce2-chesf.bkb.rnp.br;No-Hostname;No-Hostname;monipe-rn-atraso.rnp.br
1750341414,2025-06-19 10:56:54,core-popma-10g.pop-ma.rnp.br;No-Hostname;cma1-bma1.bkb.rnp.br;cpi1-cma1-tlb.bkb.rnp.br;cce1-cpi1-chesf.bkb.rnp.br;cce2-cce1.bkb.rnp.br;crn1-cce2-chesf.bkb.rnp.br;No-Hostname;No-Hostname;monipe-rn-atraso.rnp.br
1750342120,2025-06-19 11:08:40,core-popma-10g.pop-ma.rnp.br;No-Hostname;cma1-bma1.bkb.rnp.br;cpi1-cma1-tlb.bkb.rnp.br;cce1-cpi1-chesf.bkb.rnp.br;cce2-cce1.bkb.rnp.br;crn1-cce2-chesf.bkb.rnp.br;No-Hostname;No-Hostname;monipe-rn-atraso.rnp.br
1750342574,2025-06-19 11:16:14,core-popma-10g.pop-ma.rnp.br;No-Hostname;cma1-bma1.bkb.rnp.br;cpi1-cma1-tlb.bkb.rnp.br;cce1-cpi1-chesf.bkb.rnp.br;cce2-cce1.bkb.rnp.br;crn1-cce2-chesf.bkb.rnp.br;No-Hostname;No-Hostname;monipe-rn-atraso.rnp.br
1750343158,2025-06-19 11:25:58,core-popma-10g.pop-ma.rnp.br;No-Hostname;cma1-bma1.bkb.rnp.br;cpi1-cma1-tlb.bkb.rnp.br;cce1-cpi1-chesf.bkb.rnp.br;cce2-cce1.bkb.rnp.br;crn1-cce2-chesf.bkb.rnp.br;No-Hostname;No-Hostname;monipe-rn-atraso.rnp.br
1750343752,2025-06-19 11:35:52,core-popma-10g.pop-ma.rnp.br;No-Hostname;cma1-bma1.bkb.rnp.br;cpi1-cma1-tlb.bkb.rnp.br;cce1-cpi1-chesf.bkb.rnp.br;cce2-cce1.bkb.rnp.br;crn1-cce2-chesf.bkb.rnp.br;No-Hostname;No-Hostname;monipe-rn-atraso.rnp.br
1750344706,2025-06-19 11:51:46,core-popma-10g.pop-ma.rnp.br;No-Hostname;cma1-bma1.bkb.rnp.br;cpi1-cma1-tlb.bkb.rnp.br;cce1-cpi1-chesf.bkb.rnp.br;cce2-cce1.bkb.rnp.br;crn1-cce2-chesf.bkb.rnp.br;No-Hostname;No-Hostname;monipe-rn-atraso.rnp.br
1750344999,2025-06-19 11:56:39,core-popma-10g.pop-ma.rnp.br;No-Hostname;cma1-bma1.bkb.rnp.br;cpi1-cma1-tlb.bkb.rnp.br;cce1-cpi1-chesf.bkb.rnp.br;cce2-cce1.bkb.rnp.br;crn1-cce2-chesf.bkb.rnp.br;No-Hostname;No-Hostname;monipe-rn-atraso.rnp.br
1750345450,2025-06-19 12:04:10,core-popma-10g.pop-ma.rnp.br;No-Hostname;cma1-bma1.bkb.rnp.br;cpi1-cma1-tlb.bkb.rnp.br;cce1-cpi1-chesf.bkb.rnp.br;cce2-cce1.bkb.rnp.br;crn1-cce2-chesf.bkb.rnp.br;No-Hostname;No-Hostname;monipe-rn-atraso.rnp.br
1750346275,2025-06-19 12:17:55,core-popma-10g.pop-ma.rnp.br;No-Hostname;cma1-bma1.bkb.rnp.br;cpi1-cma1-tlb.bkb.rnp.br;cce1-cpi1-chesf.bkb.rnp.br;cce2-cce1.bkb.rnp.br;crn1-cce2-chesf.bkb.rnp.br;No-Hostname;No-Hostname;monipe-rn-atraso.rnp.br
1750346872,2025-06-19 12:27:52,core-popma-10g.pop-ma.rnp.br;No-Hostname;cma1-bma1.bkb.rnp.br;cpi1-cma1-tlb.bkb.rnp.br;cce1-cpi1-chesf.bkb.rnp.br;cce2-cce1.bkb.rnp.br;crn1-cce2-chesf.bkb.rnp.br;No-Hostname;No-Hostname;monipe-rn-atraso.rnp.br
1750347182,2025-06-19 12:33:02,core-popma-10g.pop-ma.rnp.br;No-Hostname;cma1-bma1.bkb.rnp.br;cpi1-cma1-tlb.bkb.rnp.br;cce1-cpi1-chesf.bkb.rnp.br;cce2-cce1.bkb.rnp.br;crn1-cce2-chesf.bkb.rnp.br;No-Hostname;No-Hostname;monipe-rn-atraso.rnp.br
1750347892,2025-06-19 12:44:52,core-popma-10g.pop-ma.rnp.br;No-Hostname;cma1-bma1.bkb.rnp.br;cpi1-cma1-tlb.bkb.rnp.br;cce1-cpi1-chesf.bkb.rnp.br;cce2-cce1.bkb.rnp.br;crn1-cce2-chesf.bkb.rnp.br;No-Hostname;No-Hostname;monipe-rn-atraso.rnp.br
1750348489,2025-06-19 12:54:49,core-popma-10g.pop-ma.rnp.br;No-Hostname;cma1-bma1.bkb.rnp.br;cpi1-cma1-tlb.bkb.rnp.br;cce1-cpi1-chesf.bkb.rnp.br;cce2-cce1.bkb.rnp.br;crn1-cce2-chesf.bkb.rnp.br;No-Hostname;No-Hostname;monipe-rn-atraso.rnp.br
1750349014,2025-06-19 13:03:34,core-popma-10g.pop-ma.rnp.br;No-Hostname;cma1-bma1.bkb.rnp.br;cpi1-cma1-tlb.bkb.rnp.br;cce1-cpi1-chesf.bkb.rnp.br;cce2-cce1.bkb.rnp.br;crn1-cce2-chesf.bkb.rnp.br;No-Hostname;No-Hostname;monipe-rn-atraso.rnp.br
1750349752,2025-06-19 13:15:52,core-popma-10g.pop-ma.rnp.br;No-Hostname;cma1-bma1.bkb.rnp.br;cpi1-cma1-tlb.bkb.rnp.br;cce1-cpi1-chesf.bkb.rnp.br;cce2-cce1.bkb.rnp.br;crn1-cce2-chesf.bkb.rnp.br;No-Hostname;No-Hostname;monipe-rn-atraso.rnp.br
1750350270,2025-06-19 13:24:30,core-popma-10g.pop-ma.rnp.br;No-Hostname;cma1-bma1.bkb.rnp.br;cpi1-cma1-tlb.bkb.rnp.br;cce1-cpi1-chesf.bkb.rnp.br;cce2-cce1.bkb.rnp.br;crn1-cce2-chesf.bkb.rnp.br;No-Hostname;No-Hostname;monipe-rn-atraso.rnp.br
1750351024,2025-06-19 13:37:04,core-popma-10g.pop-ma.rnp.br;No-Hostname;cma1-bma1.bkb.rnp.br;cpi1-cma1-tlb.bkb.rnp.br;cce1-cpi1-chesf.bkb.rnp.br;cce2-cce1.bkb.rnp.br;crn1-cce2-chesf.bkb.rnp.br;No-Hostname;No-Hostname;monipe-rn-atraso.rnp.br
1750351441,2025-06-19 13:44:01,core-popma-10g.pop-ma.rnp.br;No-Hostname;cma1-bma1.bkb.rnp.br;cpi1-cma1-tlb.bkb.rnp.br;cce1-cpi1-chesf.bkb.rnp.br;cce2-cce1.bkb.rnp.br;crn1-cce2-chesf.bkb.rnp.br;No-Hostname;No-Hostname;monipe-rn-atraso.rnp.br
1750352322,2025-06-19 13:58:42,core-popma-10g.pop-ma.rnp.br;No-Hostname;cma1-bma1.bkb.rnp.br;cpi1-cma1-tlb.bkb.rnp.br;cce1-cpi1-chesf.bkb.rnp.br;cce2-cce1.bkb.rnp.br;crn1-cce2-chesf.bkb.rnp.br;No-Hostname;No-Hostname;monipe-rn-atraso.rnp.br
1750352920,2025-06-19 14:08:40,core-popma-10g.pop-ma.rnp.br;No-Hostname;cma1-bma1.bkb.rnp.br;cpi1-cma1-tlb.bkb.rnp.br;cce1-cpi1-chesf.bkb.rnp.br;cce2-cce1.bkb.rnp.br;crn1-cce2-chesf.bkb.rnp.br;No-Hostname;No-Hostname;monipe-rn-atraso.rnp.br
1750353319,2025-06-19 14:15:19,core-popma-10g.pop-ma.rnp.br;No-Hostname;cma1-bma1.bkb.rnp.br;cpi1-cma1-tlb.bkb.rnp.br;cce1-cpi1-chesf.bkb.rnp.br;cce2-cce1.bkb.rnp.br;crn1-cce2-chesf.bkb.rnp.br;No-Hostname;No-Hostname;monipe-rn-atraso.rnp.br
1750354072,2025-06-19 14:27:52,core-popma-10g.pop-ma.rnp.br;No-Hostname;cma1-bma1.bkb.rnp.br;cpi1-cma1-tlb.bkb.rnp.br;cce1-cpi1-chesf.bkb.rnp.br;cce2-cce1.bkb.rnp.br;crn1-cce2-chesf.bkb.rnp.br;No-Hostname;No-Hostname;monipe-rn-atraso.rnp.br
1750355374,2025-06-19 14:49:34,core-popma-10g.pop-ma.rnp.br;No-Hostname;cma1-bma1.bkb.rnp.br;cpi1-cma1-tlb.bkb.rnp.br;cce1-cpi1-chesf.bkb.rnp.br;cce2-cce1.bkb.rnp.br;crn1-cce2-chesf.bkb.rnp.br;No-Hostname;No-Hostname;monipe-rn-atraso.rnp.br
1750356226,2025-06-19 15:03:46,core-popma-10g.pop-ma.rnp.br;No-Hostname;cma1-bma1.bkb.rnp.br;cpi1-cma1-tlb.bkb.rnp.br;cce1-cpi1-chesf.bkb.rnp.br;cce2-cce1.bkb.rnp.br;crn1-cce2-chesf.bkb.rnp.br;No-Hostname;No-Hostname;monipe-rn-atraso.rnp.br
1750357221,2025-06-19 15:20:21,core-popma-10g.pop-ma.rnp.br;No-Hostname;cma1-bma1.bkb.rnp.br;cpi1-cma1-tlb.bkb.rnp.br;cce1-cpi1-chesf.bkb.rnp.br;cce2-cce1.bkb.rnp.br;crn1-cce2-chesf.bkb.rnp.br;No-Hostname;No-Hostname;monipe-rn-atraso.rnp.br
1750357837,2025-06-19 15:30:37,core-popma-10g.pop-ma.rnp.br;No-Hostname;cma1-bma1.bkb.rnp.br;cpi1-cma1-tlb.bkb.rnp.br;cce1-cpi1-chesf.bkb.rnp.br;cce2-cce1.bkb.rnp.br;crn1-cce2-chesf.bkb.rnp.br;No-Hostname;No-Hostname;monipe-rn-atraso.rnp.br
1750358003,2025-06-19 15:33:23,core-popma-10g.pop-ma.rnp.br;No-Hostname;cma1-bma1.bkb.rnp.br;cpi1-cma1-tlb.bkb.rnp.br;cce1-cpi1-chesf.bkb.rnp.br;cce2-cce1.bkb.rnp.br;crn1-cce2-chesf.bkb.rnp.br;No-Hostname;No-Hostname;monipe-rn-atraso.rnp.br
1750358623,2025-06-19 15:43:43,core-popma-10g.pop-ma.rnp.br;No-Hostname;cma1-bma1.bkb.rnp.br;cpi1-cma1-tlb.bkb.rnp.br;cce1-cpi1-chesf.bkb.rnp.br;cce2-cce1.bkb.rnp.br;crn1-cce2-chesf.bkb.rnp.br;No-Hostname;No-Hostname;monipe-rn-atraso.rnp.br
1750359707,2025-06-19 16:01:47,core-popma-10g.pop-ma.rnp.br;No-Hostname;cma1-bma1.bkb.rnp.br;cpi1-cma1-tlb.bkb.rnp.br;cce1-cpi1-chesf.bkb.rnp.br;cce2-cce1.bkb.rnp.br;crn1-cce2-chesf.bkb.rnp.br;No-Hostname;No-Hostname;monipe-rn-atraso.rnp.br
1750359908,2025-06-19 16:05:08,core-popma-10g.pop-ma.rnp.br;No-Hostname;cma1-bma1.bkb.rnp.br;cpi1-cma1-tlb.bkb.rnp.br;cce1-cpi1-chesf.bkb.rnp.br;cce2-cce1.bkb.rnp.br;crn1-cce2-chesf.bkb.rnp.br;No-Hostname;No-Hostname;monipe-rn-atraso.rnp.br
1750360553,2025-06-19 16:15:53,core-popma-10g.pop-ma.rnp.br;No-Hostname;cma1-bma1.bkb.rnp.br;cpi1-cma1-tlb.bkb.rnp.br;cce1-cpi1-chesf.bkb.rnp.br;cce2-cce1.bkb.rnp.br;crn1-cce2-chesf.bkb.rnp.br;No-Hostname;No-Hostname;monipe-rn-atraso.rnp.br
1750361338,2025-06-19 16:28:58,core-popma-10g.pop-ma.rnp.br;No-Hostname;cma1-bma1.bkb.rnp.br;cpi1-cma1-tlb.bkb.rnp.br;cce1-cpi1-chesf.bkb.rnp.br;cce2-cce1.bkb.rnp.br;crn1-cce2-chesf.bkb.rnp.br;No-Hostname;No-Hostname;monipe-rn-atraso.rnp.br
1750361930,2025-06-19 16:38:50,core-popma-10g.pop-ma.rnp.br;No-Hostname;cma1-bma1.bkb.rnp.br;cpi1-cma1-tlb.bkb.rnp.br;cce1-cpi1-chesf.bkb.rnp.br;cce2-cce1.bkb.rnp.br;crn1-cce2-chesf.bkb.rnp.br;No-Hostname;No-Hostname;monipe-rn-atraso.rnp.br
1750362369,2025-06-19 16:46:09,core-popma-10g.pop-ma.rnp.br;No-Hostname;cma1-bma1.bkb.rnp.br;cpi1-cma1-tlb.bkb.rnp.br;cce1-cpi1-chesf.bkb.rnp.br;cce2-cce1.bkb.rnp.br;crn1-cce2-chesf.bkb.rnp.br;No-Hostname;No-Hostname;monipe-rn-atraso.rnp.br
1750363173,2025-06-19 16:59:33,core-popma-10g.pop-ma.rnp.br;No-Hostname;cma1-bma1.bkb.rnp.br;cpi1-cma1-tlb.bkb.rnp.br;cce1-cpi1-chesf.bkb.rnp.br;cce2-cce1.bkb.rnp.br;crn1-cce2-chesf.bkb.rnp.br;No-Hostname;No-Hostname;monipe-rn-atraso.rnp.br
1750363618,2025-06-19 17:06:58,core-popma-10g.pop-ma.rnp.br;No-Hostname;cma1-bma1.bkb.rnp.br;cpi1-cma1-tlb.bkb.rnp.br;cce1-cpi1-chesf.bkb.rnp.br;cce2-cce1.bkb.rnp.br;crn1-cce2-chesf.bkb.rnp.br;No-Hostname;No-Hostname;monipe-rn-atraso.rnp.br
1750364149,2025-06-19 17:15:49,core-popma-10g.pop-ma.rnp.br;No-Hostname;cma1-bma1.bkb.rnp.br;cpi1-cma1-tlb.bkb.rnp.br;cce1-cpi1-chesf.bkb.rnp.br;cce2-cce1.bkb.rnp.br;crn1-cce2-chesf.bkb.rnp.br;No-Hostname;No-Hostname;monipe-rn-atraso.rnp.br
1750364861,2025-06-19 17:27:41,core-popma-10g.pop-ma.rnp.br;No-Hostname;cma1-bma1.bkb.rnp.br;cpi1-cma1-tlb.bkb.rnp.br;cce1-cpi1-chesf.bkb.rnp.br;cce2-cce1.bkb.rnp.br;crn1-cce2-chesf.bkb.rnp.br;No-Hostname;No-Hostname;monipe-rn-atraso.rnp.br
1750365193,2025-06-19 17:33:13,core-popma-10g.pop-ma.rnp.br;No-Hostname;cma1-bma1.bkb.rnp.br;cpi1-cma1-tlb.bkb.rnp.br;cce1-cpi1-chesf.bkb.rnp.br;cce2-cce1.bkb.rnp.br;crn1-cce2-chesf.bkb.rnp.br;No-Hostname;No-Hostname;monipe-rn-atraso.rnp.br
1750366203,2025-06-19 17:50:03,core-popma-10g.pop-ma.rnp.br;No-Hostname;cma1-bma1.bkb.rnp.br;cpi1-cma1-tlb.bkb.rnp.br;cce1-cpi1-chesf.bkb.rnp.br;cce2-cce1.bkb.rnp.br;crn1-cce2-chesf.bkb.rnp.br;No-Hostname;No-Hostname;monipe-rn-atraso.rnp.br
1750366860,2025-06-19 18:01:00,core-popma-10g.pop-ma.rnp.br;No-Hostname;cma1-bma1.bkb.rnp.br;cpi1-cma1-tlb.bkb.rnp.br;cce1-cpi1-chesf.bkb.rnp.br;cce2-cce1.bkb.rnp.br;crn1-cce2-chesf.bkb.rnp.br;No-Hostname;No-Hostname;monipe-rn-atraso.rnp.br
1750367502,2025-06-19 18:11:42,core-popma-10g.pop-ma.rnp.br;No-Hostname;cma1-bma1.bkb.rnp.br;cpi1-cma1-tlb.bkb.rnp.br;cce1-cpi1-chesf.bkb.rnp.br;cce2-cce1.bkb.rnp.br;crn1-cce2-chesf.bkb.rnp.br;No-Hostname;No-Hostname;monipe-rn-atraso.rnp.br
1750368061,2025-06-19 18:21:01,core-popma-10g.pop-ma.rnp.br;No-Hostname;cma1-bma1.bkb.rnp.br;cpi1-cma1-tlb.bkb.rnp.br;cce1-cpi1-chesf.bkb.rnp.br;cce2-cce1.bkb.rnp.br;crn1-cce2-chesf.bkb.rnp.br;No-Hostname;No-Hostname;monipe-rn-atraso.rnp.br
1750368654,2025-06-19 18:30:54,core-popma-10g.pop-ma.rnp.br;No-Hostname;cma1-bma1.bkb.rnp.br;cpi1-cma1-tlb.bkb.rnp.br;cce1-cpi1-chesf.bkb.rnp.br;cce2-cce1.bkb.rnp.br;crn1-cce2-chesf.bkb.rnp.br;No-Hostname;No-Hostname;monipe-rn-atraso.rnp.br
1750369050,2025-06-19 18:37:30,core-popma-10g.pop-ma.rnp.br;No-Hostname;cma1-bma1.bkb.rnp.br;cpi1-cma1-tlb.bkb.rnp.br;cce1-cpi1-chesf.bkb.rnp.br;cce2-cce1.bkb.rnp.br;crn1-cce2-chesf.bkb.rnp.br;No-Hostname;No-Hostname;monipe-rn-atraso.rnp.br
1750369819,2025-06-19 18:50:19,core-popma-10g.pop-ma.rnp.br;No-Hostname;cma1-bma1.bkb.rnp.br;cpi1-cma1-tlb.bkb.rnp.br;cce1-cpi1-chesf.bkb.rnp.br;cce2-cce1.bkb.rnp.br;crn1-cce2-chesf.bkb.rnp.br;No-Hostname;No-Hostname;monipe-rn-atraso.rnp.br
1750369985,2025-06-19 18:53:05,core-popma-10g.pop-ma.rnp.br;No-Hostname;cma1-bma1.bkb.rnp.br;cpi1-cma1-tlb.bkb.rnp.br;cce1-cpi1-chesf.bkb.rnp.br;cce2-cce1.bkb.rnp.br;crn1-cce2-chesf.bkb.rnp.br;No-Hostname;No-Hostname;monipe-rn-atraso.rnp.br
1750370635,2025-06-19 19:03:55,core-popma-10g.pop-ma.rnp.br;No-Hostname;cma1-bma1.bkb.rnp.br;cpi1-cma1-tlb.bkb.rnp.br;cce1-cpi1-chesf.bkb.rnp.br;cce2-cce1.bkb.rnp.br;crn1-cce2-chesf.bkb.rnp.br;No-Hostname;No-Hostname;monipe-rn-atraso.rnp.br
1750371265,2025-06-19 19:14:25,core-popma-10g.pop-ma.rnp.br;No-Hostname;cma1-bma1.bkb.rnp.br;cpi1-cma1-tlb.bkb.rnp.br;cce1-cpi1-chesf.bkb.rnp.br;cce2-cce1.bkb.rnp.br;crn1-cce2-chesf.bkb.rnp.br;No-Hostname;No-Hostname;monipe-rn-atraso.rnp.br
1750372140,2025-06-19 19:29:00,core-popma-10g.pop-ma.rnp.br;No-Hostname;cma1-bma1.bkb.rnp.br;cpi1-cma1-tlb.bkb.rnp.br;cce1-cpi1-chesf.bkb.rnp.br;cce2-cce1.bkb.rnp.br;crn1-cce2-chesf.bkb.rnp.br;No-Hostname;No-Hostname;monipe-rn-atraso.rnp.br
1750372816,2025-06-19 19:40:16,core-popma-10g.pop-ma.rnp.br;No-Hostname;cma1-bma1.bkb.rnp.br;cpi1-cma1-tlb.bkb.rnp.br;cce1-cpi1-chesf.bkb.rnp.br;cce2-cce1.bkb.rnp.br;crn1-cce2-chesf.bkb.rnp.br;No-Hostname;No-Hostname;monipe-rn-atraso.rnp.br
1750373481,2025-06-19 19:51:21,core-popma-10g.pop-ma.rnp.br;No-Hostname;cma1-bma1.bkb.rnp.br;cpi1-cma1-tlb.bkb.rnp.br;cce1-cpi1-chesf.bkb.rnp.br;cce2-cce1.bkb.rnp.br;crn1-cce2-chesf.bkb.rnp.br;No-Hostname;No-Hostname;monipe-rn-atraso.rnp.br
1750374004,2025-06-19 20:00:04,core-popma-10g.pop-ma.rnp.br;No-Hostname;cma1-bma1.bkb.rnp.br;cpi1-cma1-tlb.bkb.rnp.br;cce1-cpi1-chesf.bkb.rnp.br;cce2-cce1.bkb.rnp.br;crn1-cce2-chesf.bkb.rnp.br;No-Hostname;No-Hostname;monipe-rn-atraso.rnp.br
1750374245,2025-06-19 20:04:05,core-popma-10g.pop-ma.rnp.br;No-Hostname;cma1-bma1.bkb.rnp.br;cpi1-cma1-tlb.bkb.rnp.br;cce1-cpi1-chesf.bkb.rnp.br;cce2-cce1.bkb.rnp.br;crn1-cce2-chesf.bkb.rnp.br;No-Hostname;No-Hostname;monipe-rn-atraso.rnp.br
1750375194,2025-06-19 20:19:54,core-popma-10g.pop-ma.rnp.br;No-Hostname;cma1-bma1.bkb.rnp.br;cpi1-cma1-tlb.bkb.rnp.br;cce1-cpi1-chesf.bkb.rnp.br;cce2-cce1.bkb.rnp.br;crn1-cce2-chesf.bkb.rnp.br;No-Hostname;No-Hostname;monipe-rn-atraso.rnp.br
1750375851,2025-06-19 20:30:51,core-popma-10g.pop-ma.rnp.br;No-Hostname;cma1-bma1.bkb.rnp.br;cpi1-cma1-tlb.bkb.rnp.br;cce1-cpi1-chesf.bkb.rnp.br;cce2-cce1.bkb.rnp.br;crn1-cce2-chesf.bkb.rnp.br;No-Hostname;No-Hostname;monipe-rn-atraso.rnp.br
1750376406,2025-06-19 20:40:06,core-popma-10g.pop-ma.rnp.br;No-Hostname;cma1-bma1.bkb.rnp.br;cpi1-cma1-tlb.bkb.rnp.br;cce1-cpi1-chesf.bkb.rnp.br;cce2-cce1.bkb.rnp.br;crn1-cce2-chesf.bkb.rnp.br;No-Hostname;No-Hostname;monipe-rn-atraso.rnp.br
1750377083,2025-06-19 20:51:23,core-popma-10g.pop-ma.rnp.br;No-Hostname;cma1-bma1.bkb.rnp.br;cpi1-cma1-tlb.bkb.rnp.br;cce1-cpi1-chesf.bkb.rnp.br;cce2-cce1.bkb.rnp.br;crn1-cce2-chesf.bkb.rnp.br;No-Hostname;No-Hostname;monipe-rn-atraso.rnp.br
1750377635,2025-06-19 21:00:35,core-popma-10g.pop-ma.rnp.br;No-Hostname;cma1-bma1.bkb.rnp.br;cpi1-cma1-tlb.bkb.rnp.br;cce1-cpi1-chesf.bkb.rnp.br;cce2-cce1.bkb.rnp.br;crn1-cce2-chesf.bkb.rnp.br;No-Hostname;No-Hostname;monipe-rn-atraso.rnp.br
1750377790,2025-06-19 21:03:10,core-popma-10g.pop-ma.rnp.br;No-Hostname;cma1-bma1.bkb.rnp.br;cpi1-cma1-tlb.bkb.rnp.br;cce1-cpi1-chesf.bkb.rnp.br;cce2-cce1.bkb.rnp.br;crn1-cce2-chesf.bkb.rnp.br;No-Hostname;No-Hostname;monipe-rn-atraso.rnp.br
1750378524,2025-06-19 21:15:24,core-popma-10g.pop-ma.rnp.br;No-Hostname;cma1-bma1.bkb.rnp.br;cpi1-cma1-tlb.bkb.rnp.br;cce1-cpi1-chesf.bkb.rnp.br;cce2-cce1.bkb.rnp.br;crn1-cce2-chesf.bkb.rnp.br;No-Hostname;No-Hostname;monipe-rn-atraso.rnp.br
1750379283,2025-06-19 21:28:03,core-popma-10g.pop-ma.rnp.br;No-Hostname;cma1-bma1.bkb.rnp.br;cpi1-cma1-tlb.bkb.rnp.br;cce1-cpi1-chesf.bkb.rnp.br;cce2-cce1.bkb.rnp.br;crn1-cce2-chesf.bkb.rnp.br;No-Hostname;No-Hostname;monipe-rn-atraso.rnp.br
1750379955,2025-06-19 21:39:15,core-popma-10g.pop-ma.rnp.br;No-Hostname;cma1-bma1.bkb.rnp.br;cpi1-cma1-tlb.bkb.rnp.br;cce1-cpi1-chesf.bkb.rnp.br;cce2-cce1.bkb.rnp.br;crn1-cce2-chesf.bkb.rnp.br;No-Hostname;No-Hostname;monipe-rn-atraso.rnp.br
1750380594,2025-06-19 21:49:54,core-popma-10g.pop-ma.rnp.br;No-Hostname;cma1-bma1.bkb.rnp.br;cpi1-cma1-tlb.bkb.rnp.br;cce1-cpi1-chesf.bkb.rnp.br;cce2-cce1.bkb.rnp.br;crn1-cce2-chesf.bkb.rnp.br;No-Hostname;No-Hostname;monipe-rn-atraso.rnp.br
1750381252,2025-06-19 22:00:52,core-popma-10g.pop-ma.rnp.br;No-Hostname;cma1-bma1.bkb.rnp.br;cpi1-cma1-tlb.bkb.rnp.br;cce1-cpi1-chesf.bkb.rnp.br;cce2-cce1.bkb.rnp.br;crn1-cce2-chesf.bkb.rnp.br;No-Hostname;No-Hostname;monipe-rn-atraso.rnp.br
1750381622,2025-06-19 22:07:02,core-popma-10g.pop-ma.rnp.br;No-Hostname;cma1-bma1.bkb.rnp.br;cpi1-cma1-tlb.bkb.rnp.br;cce1-cpi1-chesf.bkb.rnp.br;cce2-cce1.bkb.rnp.br;crn1-cce2-chesf.bkb.rnp.br;No-Hostname;No-Hostname;monipe-rn-atraso.rnp.br
1750382025,2025-06-19 22:13:45,core-popma-10g.pop-ma.rnp.br;No-Hostname;cma1-bma1.bkb.rnp.br;cpi1-cma1-tlb.bkb.rnp.br;cce1-cpi1-chesf.bkb.rnp.br;cce2-cce1.bkb.rnp.br;crn1-cce2-chesf.bkb.rnp.br;No-Hostname;No-Hostname;monipe-rn-atraso.rnp.br
1750382775,2025-06-19 22:26:15,core-popma-10g.pop-ma.rnp.br;No-Hostname;cma1-bma1.bkb.rnp.br;cpi1-cma1-tlb.bkb.rnp.br;cce1-cpi1-chesf.bkb.rnp.br;cce2-cce1.bkb.rnp.br;crn1-cce2-chesf.bkb.rnp.br;No-Hostname;No-Hostname;monipe-rn-atraso.rnp.br
1750383388,2025-06-19 22:36:28,core-popma-10g.pop-ma.rnp.br;No-Hostname;cma1-bma1.bkb.rnp.br;cpi1-cma1-tlb.bkb.rnp.br;cce1-cpi1-chesf.bkb.rnp.br;cce2-cce1.bkb.rnp.br;crn1-cce2-chesf.bkb.rnp.br;No-Hostname;No-Hostname;monipe-rn-atraso.rnp.br
1750384200,2025-06-19 22:50:00,core-popma-10g.pop-ma.rnp.br;No-Hostname;cma1-bma1.bkb.rnp.br;cpi1-cma1-tlb.bkb.rnp.br;cce1-cpi1-chesf.bkb.rnp.br;cce2-cce1.bkb.rnp.br;crn1-cce2-chesf.bkb.rnp.br;No-Hostname;No-Hostname;monipe-rn-atraso.rnp.br
1750384895,2025-06-19 23:01:35,core-popma-10g.pop-ma.rnp.br;No-Hostname;cma1-bma1.bkb.rnp.br;cpi1-cma1-tlb.bkb.rnp.br;cce1-cpi1-chesf.bkb.rnp.br;cce2-cce1.bkb.rnp.br;crn1-cce2-chesf.bkb.rnp.br;No-Hostname;No-Hostname;monipe-rn-atraso.rnp.br
1750385274,2025-06-19 23:07:54,core-popma-10g.pop-ma.rnp.br;No-Hostname;cma1-bma1.bkb.rnp.br;cpi1-cma1-tlb.bkb.rnp.br;cce1-cpi1-chesf.bkb.rnp.br;cce2-cce1.bkb.rnp.br;crn1-cce2-chesf.bkb.rnp.br;No-Hostname;No-Hostname;monipe-rn-atraso.rnp.br
1750385799,2025-06-19 23:16:39,core-popma-10g.pop-ma.rnp.br;No-Hostname;cma1-bma1.bkb.rnp.br;cpi1-cma1-tlb.bkb.rnp.br;cce1-cpi1-chesf.bkb.rnp.br;cce2-cce1.bkb.rnp.br;crn1-cce2-chesf.bkb.rnp.br;No-Hostname;No-Hostname;monipe-rn-atraso.rnp.br
1750386265,2025-06-19 23:24:25,core-popma-10g.pop-ma.rnp.br;No-Hostname;cma1-bma1.bkb.rnp.br;cpi1-cma1-tlb.bkb.rnp.br;cce1-cpi1-chesf.bkb.rnp.br;cce2-cce1.bkb.rnp.br;crn1-cce2-chesf.bkb.rnp.br;No-Hostname;No-Hostname;monipe-rn-atraso.rnp.br
1750386978,2025-06-19 23:36:18,core-popma-10g.pop-ma.rnp.br;No-Hostname;cma1-bma1.bkb.rnp.br;cpi1-cma1-tlb.bkb.rnp.br;cce1-cpi1-chesf.bkb.rnp.br;cce2-cce1.bkb.rnp.br;crn1-cce2-chesf.bkb.rnp.br;No-Hostname;No-Hostname;monipe-rn-atraso.rnp.br
1750387881,2025-06-19 23:51:21,core-popma-10g.pop-ma.rnp.br;No-Hostname;cma1-bma1.bkb.rnp.br;cpi1-cma1-tlb.bkb.rnp.br;cce1-cpi1-chesf.bkb.rnp.br;cce2-cce1.bkb.rnp.br;crn1-cce2-chesf.bkb.rnp.br;No-Hostname;No-Hostname;monipe-rn-atraso.rnp.br
1750388106,2025-06-19 23:55:06,core-popma-10g.pop-ma.rnp.br;No-Hostname;cma1-bma1.bkb.rnp.br;cpi1-cma1-tlb.bkb.rnp.br;cce1-cpi1-chesf.bkb.rnp.br;cce2-cce1.bkb.rnp.br;crn1-cce2-chesf.bkb.rnp.br;No-Hostname;No-Hostname;monipe-rn-atraso.rnp.br
1750389066,2025-06-20 00:11:06,core-popma-10g.pop-ma.rnp.br;No-Hostname;cma1-bma1.bkb.rnp.br;cpi1-cma1-tlb.bkb.rnp.br;cce1-cpi1-chesf.bkb.rnp.br;cce2-cce1.bkb.rnp.br;crn1-cce2-chesf.bkb.rnp.br;No-Hostname;No-Hostname;monipe-rn-atraso.rnp.br
1750389346,2025-06-20 00:15:46,core-popma-10g.pop-ma.rnp.br;No-Hostname;cma1-bma1.bkb.rnp.br;cpi1-cma1-tlb.bkb.rnp.br;cce1-cpi1-chesf.bkb.rnp.br;cce2-cce1.bkb.rnp.br;crn1-cce2-chesf.bkb.rnp.br;No-Hostname;No-Hostname;monipe-rn-atraso.rnp.br
1750390215,2025-06-20 00:30:15,core-popma-10g.pop-ma.rnp.br;No-Hostname;cma1-bma1.bkb.rnp.br;cpi1-cma1-tlb.bkb.rnp.br;cce1-cpi1-chesf.bkb.rnp.br;cce2-cce1.bkb.rnp.br;crn1-cce2-chesf.bkb.rnp.br;No-Hostname;No-Hostname;monipe-rn-atraso.rnp.br
1750390827,2025-06-20 00:40:27,core-popma-10g.pop-ma.rnp.br;No-Hostname;cma1-bma1.bkb.rnp.br;cpi1-cma1-tlb.bkb.rnp.br;cce1-cpi1-chesf.bkb.rnp.br;cce2-cce1.bkb.rnp.br;crn1-cce2-chesf.bkb.rnp.br;No-Hostname;No-Hostname;monipe-rn-atraso.rnp.br
1750391109,2025-06-20 00:45:09,core-popma-10g.pop-ma.rnp.br;No-Hostname;cma1-bma1.bkb.rnp.br;cpi1-cma1-tlb.bkb.rnp.br;cce1-cpi1-chesf.bkb.rnp.br;cce2-cce1.bkb.rnp.br;crn1-cce2-chesf.bkb.rnp.br;No-Hostname;No-Hostname;monipe-rn-atraso.rnp.br
1750392041,2025-06-20 01:00:41,core-popma-10g.pop-ma.rnp.br;No-Hostname;cma1-bma1.bkb.rnp.br;cpi1-cma1-tlb.bkb.rnp.br;cce1-cpi1-chesf.bkb.rnp.br;cce2-cce1.bkb.rnp.br;crn1-cce2-chesf.bkb.rnp.br;No-Hostname;No-Hostname;monipe-rn-atraso.rnp.br
1750392692,2025-06-20 01:11:32,core-popma-10g.pop-ma.rnp.br;No-Hostname;cma1-bma1.bkb.rnp.br;cpi1-cma1-tlb.bkb.rnp.br;cce1-cpi1-chesf.bkb.rnp.br;cce2-cce1.bkb.rnp.br;crn1-cce2-chesf.bkb.rnp.br;No-Hostname;No-Hostname;monipe-rn-atraso.rnp.br
1750393291,2025-06-20 01:21:31,core-popma-10g.pop-ma.rnp.br;No-Hostname;cma1-bma1.bkb.rnp.br;cpi1-cma1-tlb.bkb.rnp.br;cce1-cpi1-chesf.bkb.rnp.br;cce2-cce1.bkb.rnp.br;crn1-cce2-chesf.bkb.rnp.br;No-Hostname;No-Hostname;monipe-rn-atraso.rnp.br
1750393614,2025-06-20 01:26:54,core-popma-10g.pop-ma.rnp.br;No-Hostname;cma1-bma1.bkb.rnp.br;cpi1-cma1-tlb.bkb.rnp.br;cce1-cpi1-chesf.bkb.rnp.br;cce2-cce1.bkb.rnp.br;crn1-cce2-chesf.bkb.rnp.br;No-Hostname;No-Hostname;monipe-rn-atraso.rnp.br
1750394467,2025-06-20 01:41:07,core-popma-10g.pop-ma.rnp.br;No-Hostname;cma1-bma1.bkb.rnp.br;cpi1-cma1-tlb.bkb.rnp.br;cce1-cpi1-chesf.bkb.rnp.br;cce2-cce1.bkb.rnp.br;crn1-cce2-chesf.bkb.rnp.br;No-Hostname;No-Hostname;monipe-rn-atraso.rnp.br
1750394967,2025-06-20 01:49:27,core-popma-10g.pop-ma.rnp.br;No-Hostname;cma1-bma1.bkb.rnp.br;cpi1-cma1-tlb.bkb.rnp.br;cce1-cpi1-chesf.bkb.rnp.br;cce2-cce1.bkb.rnp.br;crn1-cce2-chesf.bkb.rnp.br;No-Hostname;No-Hostname;monipe-rn-atraso.rnp.br
1750395284,2025-06-20 01:54:44,core-popma-10g.pop-ma.rnp.br;No-Hostname;cma1-bma1.bkb.rnp.br;cpi1-cma1-tlb.bkb.rnp.br;cce1-cpi1-chesf.bkb.rnp.br;cce2-cce1.bkb.rnp.br;crn1-cce2-chesf.bkb.rnp.br;No-Hostname;No-Hostname;monipe-rn-atraso.rnp.br
1750395827,2025-06-20 02:03:47,core-popma-10g.pop-ma.rnp.br;No-Hostname;cma1-bma1.bkb.rnp.br;cpi1-cma1-tlb.bkb.rnp.br;cce1-cpi1-chesf.bkb.rnp.br;cce2-cce1.bkb.rnp.br;crn1-cce2-chesf.bkb.rnp.br;No-Hostname;No-Hostname;monipe-rn-atraso.rnp.br
1750396520,2025-06-20 02:15:20,core-popma-10g.pop-ma.rnp.br;No-Hostname;cma1-bma1.bkb.rnp.br;cpi1-cma1-tlb.bkb.rnp.br;cce1-cpi1-chesf.bkb.rnp.br;cce2-cce1.bkb.rnp.br;crn1-cce2-chesf.bkb.rnp.br;No-Hostname;No-Hostname;monipe-rn-atraso.rnp.br
1750397394,2025-06-20 02:29:54,core-popma-10g.pop-ma.rnp.br;No-Hostname;cma1-bma1.bkb.rnp.br;cpi1-cma1-tlb.bkb.rnp.br;cce1-cpi1-chesf.bkb.rnp.br;cce2-cce1.bkb.rnp.br;crn1-cce2-chesf.bkb.rnp.br;No-Hostname;No-Hostname;monipe-rn-atraso.rnp.br
1750398014,2025-06-20 02:40:14,core-popma-10g.pop-ma.rnp.br;No-Hostname;cma1-bma1.bkb.rnp.br;cpi1-cma1-tlb.bkb.rnp.br;cce1-cpi1-chesf.bkb.rnp.br;cce2-cce1.bkb.rnp.br;crn1-cce2-chesf.bkb.rnp.br;No-Hostname;No-Hostname;monipe-rn-atraso.rnp.br
1750398685,2025-06-20 02:51:25,core-popma-10g.pop-ma.rnp.br;No-Hostname;cma1-bma1.bkb.rnp.br;cpi1-cma1-tlb.bkb.rnp.br;cce1-cpi1-chesf.bkb.rnp.br;cce2-cce1.bkb.rnp.br;crn1-cce2-chesf.bkb.rnp.br;No-Hostname;No-Hostname;monipe-rn-atraso.rnp.br
1750399257,2025-06-20 03:00:57,core-popma-10g.pop-ma.rnp.br;No-Hostname;cma1-bma1.bkb.rnp.br;cpi1-cma1-tlb.bkb.rnp.br;cce1-cpi1-chesf.bkb.rnp.br;cce2-cce1.bkb.rnp.br;crn1-cce2-chesf.bkb.rnp.br;No-Hostname;No-Hostname;monipe-rn-atraso.rnp.br
1750399850,2025-06-20 03:10:50,core-popma-10g.pop-ma.rnp.br;No-Hostname;cma1-bma1.bkb.rnp.br;cpi1-cma1-tlb.bkb.rnp.br;cce1-cpi1-chesf.bkb.rnp.br;cce2-cce1.bkb.rnp.br;crn1-cce2-chesf.bkb.rnp.br;No-Hostname;No-Hostname;monipe-rn-atraso.rnp.br
1750400243,2025-06-20 03:17:23,core-popma-10g.pop-ma.rnp.br;No-Hostname;cma1-bma1.bkb.rnp.br;cpi1-cma1-tlb.bkb.rnp.br;cce1-cpi1-chesf.bkb.rnp.br;cce2-cce1.bkb.rnp.br;crn1-cce2-chesf.bkb.rnp.br;No-Hostname;No-Hostname;monipe-rn-atraso.rnp.br
1750400693,2025-06-20 03:24:53,core-popma-10g.pop-ma.rnp.br;No-Hostname;cma1-bma1.bkb.rnp.br;cpi1-cma1-tlb.bkb.rnp.br;cce1-cpi1-chesf.bkb.rnp.br;cce2-cce1.bkb.rnp.br;crn1-cce2-chesf.bkb.rnp.br;No-Hostname;No-Hostname;monipe-rn-atraso.rnp.br
1750401204,2025-06-20 03:33:24,core-popma-10g.pop-ma.rnp.br;No-Hostname;cma1-bma1.bkb.rnp.br;cpi1-cma1-tlb.bkb.rnp.br;cce1-cpi1-chesf.bkb.rnp.br;cce2-cce1.bkb.rnp.br;crn1-cce2-chesf.bkb.rnp.br;No-Hostname;No-Hostname;monipe-rn-atraso.rnp.br
1750402116,2025-06-20 03:48:36,core-popma-10g.pop-ma.rnp.br;No-Hostname;cma1-bma1.bkb.rnp.br;cpi1-cma1-tlb.bkb.rnp.br;cce1-cpi1-chesf.bkb.rnp.br;cce2-cce1.bkb.rnp.br;crn1-cce2-chesf.bkb.rnp.br;No-Hostname;No-Hostname;monipe-rn-atraso.rnp.br
1750402839,2025-06-20 04:00:39,core-popma-10g.pop-ma.rnp.br;No-Hostname;cma1-bma1.bkb.rnp.br;cpi1-cma1-tlb.bkb.rnp.br;cce1-cpi1-chesf.bkb.rnp.br;cce2-cce1.bkb.rnp.br;crn1-cce2-chesf.bkb.rnp.br;No-Hostname;No-Hostname;monipe-rn-atraso.rnp.br
1750403253,2025-06-20 04:07:33,core-popma-10g.pop-ma.rnp.br;No-Hostname;cma1-bma1.bkb.rnp.br;cpi1-cma1-tlb.bkb.rnp.br;cce1-cpi1-chesf.bkb.rnp.br;cce2-cce1.bkb.rnp.br;crn1-cce2-chesf.bkb.rnp.br;No-Hostname;No-Hostname;monipe-rn-atraso.rnp.br
1750403900,2025-06-20 04:18:20,core-popma-10g.pop-ma.rnp.br;No-Hostname;cma1-bma1.bkb.rnp.br;cpi1-cma1-tlb.bkb.rnp.br;cce1-cpi1-chesf.bkb.rnp.br;cce2-cce1.bkb.rnp.br;crn1-cce2-chesf.bkb.rnp.br;No-Hostname;No-Hostname;monipe-rn-atraso.rnp.br
1750404266,2025-06-20 04:24:26,core-popma-10g.pop-ma.rnp.br;No-Hostname;cma1-bma1.bkb.rnp.br;cpi1-cma1-tlb.bkb.rnp.br;cce1-cpi1-chesf.bkb.rnp.br;cce2-cce1.bkb.rnp.br;crn1-cce2-chesf.bkb.rnp.br;No-Hostname;No-Hostname;monipe-rn-atraso.rnp.br
1750405007,2025-06-20 04:36:47,core-popma-10g.pop-ma.rnp.br;No-Hostname;cma1-bma1.bkb.rnp.br;cpi1-cma1-tlb.bkb.rnp.br;cce1-cpi1-chesf.bkb.rnp.br;cce2-cce1.bkb.rnp.br;crn1-cce2-chesf.bkb.rnp.br;No-Hostname;No-Hostname;monipe-rn-atraso.rnp.br
1750405639,2025-06-20 04:47:19,core-popma-10g.pop-ma.rnp.br;No-Hostname;cma1-bma1.bkb.rnp.br;cpi1-cma1-tlb.bkb.rnp.br;cce1-cpi1-chesf.bkb.rnp.br;cce2-cce1.bkb.rnp.br;crn1-cce2-chesf.bkb.rnp.br;No-Hostname;No-Hostname;monipe-rn-atraso.rnp.br
1750406504,2025-06-20 05:01:44,core-popma-10g.pop-ma.rnp.br;No-Hostname;cma1-bma1.bkb.rnp.br;cpi1-cma1-tlb.bkb.rnp.br;cce1-cpi1-chesf.bkb.rnp.br;cce2-cce1.bkb.rnp.br;crn1-cce2-chesf.bkb.rnp.br;No-Hostname;No-Hostname;monipe-rn-atraso.rnp.br
1750407007,2025-06-20 05:10:07,core-popma-10g.pop-ma.rnp.br;No-Hostname;cma1-bma1.bkb.rnp.br;cpi1-cma1-tlb.bkb.rnp.br;cce1-cpi1-chesf.bkb.rnp.br;cce2-cce1.bkb.rnp.br;crn1-cce2-chesf.bkb.rnp.br;No-Hostname;No-Hostname;monipe-rn-atraso.rnp.br
1750407312,2025-06-20 05:15:12,core-popma-10g.pop-ma.rnp.br;No-Hostname;cma1-bma1.bkb.rnp.br;cpi1-cma1-tlb.bkb.rnp.br;cce1-cpi1-chesf.bkb.rnp.br;cce2-cce1.bkb.rnp.br;crn1-cce2-chesf.bkb.rnp.br;No-Hostname;No-Hostname;monipe-rn-atraso.rnp.br
1750408098,2025-06-20 05:28:18,core-popma-10g.pop-ma.rnp.br;No-Hostname;cma1-bma1.bkb.rnp.br;cpi1-cma1-tlb.bkb.rnp.br;cce1-cpi1-chesf.bkb.rnp.br;cce2-cce1.bkb.rnp.br;crn1-cce2-chesf.bkb.rnp.br;No-Hostname;No-Hostname;monipe-rn-atraso.rnp.br
1750408567,2025-06-20 05:36:07,core-popma-10g.pop-ma.rnp.br;No-Hostname;cma1-bma1.bkb.rnp.br;cpi1-cma1-tlb.bkb.rnp.br;cce1-cpi1-chesf.bkb.rnp.br;cce2-cce1.bkb.rnp.br;crn1-cce2-chesf.bkb.rnp.br;No-Hostname;No-Hostname;monipe-rn-atraso.rnp.br
1750409489,2025-06-20 05:51:29,core-popma-10g.pop-ma.rnp.br;No-Hostname;cma1-bma1.bkb.rnp.br;cpi1-cma1-tlb.bkb.rnp.br;cce1-cpi1-chesf.bkb.rnp.br;cce2-cce1.bkb.rnp.br;crn1-cce2-chesf.bkb.rnp.br;No-Hostname;No-Hostname;monipe-rn-atraso.rnp.br
1750409752,2025-06-20 05:55:52,core-popma-10g.pop-ma.rnp.br;No-Hostname;cma1-bma1.bkb.rnp.br;cpi1-cma1-tlb.bkb.rnp.br;cce1-cpi1-chesf.bkb.rnp.br;cce2-cce1.bkb.rnp.br;crn1-cce2-chesf.bkb.rnp.br;No-Hostname;No-Hostname;monipe-rn-atraso.rnp.br
1750410388,2025-06-20 06:06:28,core-popma-10g.pop-ma.rnp.br;No-Hostname;cma1-bma1.bkb.rnp.br;cpi1-cma1-tlb.bkb.rnp.br;cce1-cpi1-chesf.bkb.rnp.br;cce2-cce1.bkb.rnp.br;crn1-cce2-chesf.bkb.rnp.br;No-Hostname;No-Hostname;monipe-rn-atraso.rnp.br
1750410922,2025-06-20 06:15:22,core-popma-10g.pop-ma.rnp.br;No-Hostname;cma1-bma1.bkb.rnp.br;cpi1-cma1-tlb.bkb.rnp.br;cce1-cpi1-chesf.bkb.rnp.br;cce2-cce1.bkb.rnp.br;crn1-cce2-chesf.bkb.rnp.br;No-Hostname;No-Hostname;monipe-rn-atraso.rnp.br
1750411761,2025-06-20 06:29:21,core-popma-10g.pop-ma.rnp.br;No-Hostname;cma1-bma1.bkb.rnp.br;cpi1-cma1-tlb.bkb.rnp.br;cce1-cpi1-chesf.bkb.rnp.br;cce2-cce1.bkb.rnp.br;crn1-cce2-chesf.bkb.rnp.br;No-Hostname;No-Hostname;monipe-rn-atraso.rnp.br
1750412037,2025-06-20 06:33:57,core-popma-10g.pop-ma.rnp.br;No-Hostname;cma1-bma1.bkb.rnp.br;cpi1-cma1-tlb.bkb.rnp.br;cce1-cpi1-chesf.bkb.rnp.br;cce2-cce1.bkb.rnp.br;crn1-cce2-chesf.bkb.rnp.br;No-Hostname;No-Hostname;monipe-rn-atraso.rnp.br
1750413065,2025-06-20 06:51:05,core-popma-10g.pop-ma.rnp.br;No-Hostname;cma1-bma1.bkb.rnp.br;cpi1-cma1-tlb.bkb.rnp.br;cce1-cpi1-chesf.bkb.rnp.br;cce2-cce1.bkb.rnp.br;crn1-cce2-chesf.bkb.rnp.br;No-Hostname;No-Hostname;monipe-rn-atraso.rnp.br
1750413481,2025-06-20 06:58:01,core-popma-10g.pop-ma.rnp.br;No-Hostname;cma1-bma1.bkb.rnp.br;cpi1-cma1-tlb.bkb.rnp.br;cce1-cpi1-chesf.bkb.rnp.br;cce2-cce1.bkb.rnp.br;crn1-cce2-chesf.bkb.rnp.br;No-Hostname;No-Hostname;monipe-rn-atraso.rnp.br
1750413963,2025-06-20 07:06:03,core-popma-10g.pop-ma.rnp.br;No-Hostname;cma1-bma1.bkb.rnp.br;cpi1-cma1-tlb.bkb.rnp.br;cce1-cpi1-chesf.bkb.rnp.br;cce2-cce1.bkb.rnp.br;crn1-cce2-chesf.bkb.rnp.br;No-Hostname;No-Hostname;monipe-rn-atraso.rnp.br
1750414659,2025-06-20 07:17:39,core-popma-10g.pop-ma.rnp.br;No-Hostname;cma1-bma1.bkb.rnp.br;cpi1-cma1-tlb.bkb.rnp.br;cce1-cpi1-chesf.bkb.rnp.br;cce2-cce1.bkb.rnp.br;crn1-cce2-chesf.bkb.rnp.br;No-Hostname;No-Hostname;monipe-rn-atraso.rnp.br
1750416011,2025-06-20 07:40:11,core-popma-10g.pop-ma.rnp.br;No-Hostname;cma1-bma1.bkb.rnp.br;cpi1-cma1-tlb.bkb.rnp.br;cce1-cpi1-chesf.bkb.rnp.br;cce2-cce1.bkb.rnp.br;crn1-cce2-chesf.bkb.rnp.br;No-Hostname;No-Hostname;monipe-rn-atraso.rnp.br
1750416359,2025-06-20 07:45:59,core-popma-10g.pop-ma.rnp.br;No-Hostname;cma1-bma1.bkb.rnp.br;cpi1-cma1-tlb.bkb.rnp.br;cce1-cpi1-chesf.bkb.rnp.br;cce2-cce1.bkb.rnp.br;crn1-cce2-chesf.bkb.rnp.br;No-Hostname;No-Hostname;monipe-rn-atraso.rnp.br
1750416924,2025-06-20 07:55:24,core-popma-10g.pop-ma.rnp.br;No-Hostname;cma1-bma1.bkb.rnp.br;cpi1-cma1-tlb.bkb.rnp.br;cce1-cpi1-chesf.bkb.rnp.br;cce2-cce1.bkb.rnp.br;crn1-cce2-chesf.bkb.rnp.br;No-Hostname;No-Hostname;monipe-rn-atraso.rnp.br
1750417483,2025-06-20 08:04:43,core-popma-10g.pop-ma.rnp.br;No-Hostname;cma1-bma1.bkb.rnp.br;cpi1-cma1-tlb.bkb.rnp.br;cce1-cpi1-chesf.bkb.rnp.br;cce2-cce1.bkb.rnp.br;crn1-cce2-chesf.bkb.rnp.br;No-Hostname;No-Hostname;monipe-rn-atraso.rnp.br
1750418211,2025-06-20 08:16:51,core-popma-10g.pop-ma.rnp.br;No-Hostname;cma1-bma1.bkb.rnp.br;cpi1-cma1-tlb.bkb.rnp.br;cce1-cpi1-chesf.bkb.rnp.br;cce2-cce1.bkb.rnp.br;crn1-cce2-chesf.bkb.rnp.br;No-Hostname;No-Hostname;monipe-rn-atraso.rnp.br
1750418733,2025-06-20 08:25:33,core-popma-10g.pop-ma.rnp.br;No-Hostname;cma1-bma1.bkb.rnp.br;cpi1-cma1-tlb.bkb.rnp.br;cce1-cpi1-chesf.bkb.rnp.br;cce2-cce1.bkb.rnp.br;crn1-cce2-chesf.bkb.rnp.br;No-Hostname;No-Hostname;monipe-rn-atraso.rnp.br
1750419492,2025-06-20 08:38:12,core-popma-10g.pop-ma.rnp.br;No-Hostname;cma1-bma1.bkb.rnp.br;cpi1-cma1-tlb.bkb.rnp.br;cce1-cpi1-chesf.bkb.rnp.br;cce2-cce1.bkb.rnp.br;crn1-cce2-chesf.bkb.rnp.br;No-Hostname;No-Hostname;monipe-rn-atraso.rnp.br
1750419975,2025-06-20 08:46:15,core-popma-10g.pop-ma.rnp.br;No-Hostname;cma1-bma1.bkb.rnp.br;cpi1-cma1-tlb.bkb.rnp.br;cce1-cpi1-chesf.bkb.rnp.br;cce2-cce1.bkb.rnp.br;crn1-cce2-chesf.bkb.rnp.br;No-Hostname;No-Hostname;monipe-rn-atraso.rnp.br
1750420838,2025-06-20 09:00:38,core-popma-10g.pop-ma.rnp.br;No-Hostname;cma1-bma1.bkb.rnp.br;cpi1-cma1-tlb.bkb.rnp.br;cce1-cpi1-chesf.bkb.rnp.br;cce2-cce1.bkb.rnp.br;crn1-cce2-chesf.bkb.rnp.br;No-Hostname;No-Hostname;monipe-rn-atraso.rnp.br
1750420983,2025-06-20 09:03:03,core-popma-10g.pop-ma.rnp.br;No-Hostname;cma1-bma1.bkb.rnp.br;cpi1-cma1-tlb.bkb.rnp.br;cce1-cpi1-chesf.bkb.rnp.br;cce2-cce1.bkb.rnp.br;crn1-cce2-chesf.bkb.rnp.br;No-Hostname;No-Hostname;monipe-rn-atraso.rnp.br
1750421679,2025-06-20 09:14:39,core-popma-10g.pop-ma.rnp.br;No-Hostname;cma1-bma1.bkb.rnp.br;cpi1-cma1-tlb.bkb.rnp.br;cce1-cpi1-chesf.bkb.rnp.br;cce2-cce1.bkb.rnp.br;crn1-cce2-chesf.bkb.rnp.br;No-Hostname;No-Hostname;monipe-rn-atraso.rnp.br
1750422694,2025-06-20 09:31:34,core-popma-10g.pop-ma.rnp.br;No-Hostname;cma1-bma1.bkb.rnp.br;cpi1-cma1-tlb.bkb.rnp.br;cce1-cpi1-chesf.bkb.rnp.br;cce2-cce1.bkb.rnp.br;crn1-cce2-chesf.bkb.rnp.br;No-Hostname;No-Hostname;monipe-rn-atraso.rnp.br
1750422867,2025-06-20 09:34:27,core-popma-10g.pop-ma.rnp.br;No-Hostname;cma1-bma1.bkb.rnp.br;cpi1-cma1-tlb.bkb.rnp.br;cce1-cpi1-chesf.bkb.rnp.br;cce2-cce1.bkb.rnp.br;crn1-cce2-chesf.bkb.rnp.br;No-Hostname;No-Hostname;monipe-rn-atraso.rnp.br
1750423499,2025-06-20 09:44:59,core-popma-10g.pop-ma.rnp.br;No-Hostname;cma1-bma1.bkb.rnp.br;cpi1-cma1-tlb.bkb.rnp.br;cce1-cpi1-chesf.bkb.rnp.br;cce2-cce1.bkb.rnp.br;crn1-cce2-chesf.bkb.rnp.br;No-Hostname;No-Hostname;monipe-rn-atraso.rnp.br
1750424183,2025-06-20 09:56:23,core-popma-10g.pop-ma.rnp.br;No-Hostname;cma1-bma1.bkb.rnp.br;cpi1-cma1-tlb.bkb.rnp.br;cce1-cpi1-chesf.bkb.rnp.br;cce2-cce1.bkb.rnp.br;crn1-cce2-chesf.bkb.rnp.br;No-Hostname;No-Hostname;monipe-rn-atraso.rnp.br
1750424993,2025-06-20 10:09:53,core-popma-10g.pop-ma.rnp.br;No-Hostname;cma1-bma1.bkb.rnp.br;cpi1-cma1-tlb.bkb.rnp.br;cce1-cpi1-chesf.bkb.rnp.br;cce2-cce1.bkb.rnp.br;crn1-cce2-chesf.bkb.rnp.br;No-Hostname;No-Hostname;monipe-rn-atraso.rnp.br
1750425683,2025-06-20 10:21:23,core-popma-10g.pop-ma.rnp.br;No-Hostname;cma1-bma1.bkb.rnp.br;cpi1-cma1-tlb.bkb.rnp.br;cce1-cpi1-chesf.bkb.rnp.br;cce2-cce1.bkb.rnp.br;crn1-cce2-chesf.bkb.rnp.br;No-Hostname;No-Hostname;monipe-rn-atraso.rnp.br
1750426048,2025-06-20 10:27:28,core-popma-10g.pop-ma.rnp.br;No-Hostname;cma1-bma1.bkb.rnp.br;cpi1-cma1-tlb.bkb.rnp.br;cce1-cpi1-chesf.bkb.rnp.br;cce2-cce1.bkb.rnp.br;crn1-cce2-chesf.bkb.rnp.br;No-Hostname;No-Hostname;monipe-rn-atraso.rnp.br
1750426867,2025-06-20 10:41:07,core-popma-10g.pop-ma.rnp.br;No-Hostname;cma1-bma1.bkb.rnp.br;cpi1-cma1-tlb.bkb.rnp.br;cce1-cpi1-chesf.bkb.rnp.br;cce2-cce1.bkb.rnp.br;crn1-cce2-chesf.bkb.rnp.br;No-Hostname;No-Hostname;monipe-rn-atraso.rnp.br
1750427453,2025-06-20 10:50:53,core-popma-10g.pop-ma.rnp.br;No-Hostname;cma1-bma1.bkb.rnp.br;cpi1-cma1-tlb.bkb.rnp.br;cce1-cpi1-chesf.bkb.rnp.br;cce2-cce1.bkb.rnp.br;crn1-cce2-chesf.bkb.rnp.br;No-Hostname;No-Hostname;monipe-rn-atraso.rnp.br
1750427778,2025-06-20 10:56:18,core-popma-10g.pop-ma.rnp.br;No-Hostname;cma1-bma1.bkb.rnp.br;cpi1-cma1-tlb.bkb.rnp.br;cce1-cpi1-chesf.bkb.rnp.br;cce2-cce1.bkb.rnp.br;crn1-cce2-chesf.bkb.rnp.br;No-Hostname;No-Hostname;monipe-rn-atraso.rnp.br
1750428281,2025-06-20 11:04:41,core-popma-10g.pop-ma.rnp.br;No-Hostname;cma1-bma1.bkb.rnp.br;cpi1-cma1-tlb.bkb.rnp.br;cce1-cpi1-chesf.bkb.rnp.br;cce2-cce1.bkb.rnp.br;crn1-cce2-chesf.bkb.rnp.br;No-Hostname;No-Hostname;monipe-rn-atraso.rnp.br
1750428966,2025-06-20 11:16:06,core-popma-10g.pop-ma.rnp.br;No-Hostname;cma1-bma1.bkb.rnp.br;cpi1-cma1-tlb.bkb.rnp.br;cce1-cpi1-chesf.bkb.rnp.br;cce2-cce1.bkb.rnp.br;crn1-cce2-chesf.bkb.rnp.br;No-Hostname;No-Hostname;monipe-rn-atraso.rnp.br
1750429453,2025-06-20 11:24:13,core-popma-10g.pop-ma.rnp.br;No-Hostname;cma1-bma1.bkb.rnp.br;cpi1-cma1-tlb.bkb.rnp.br;cce1-cpi1-chesf.bkb.rnp.br;cce2-cce1.bkb.rnp.br;crn1-cce2-chesf.bkb.rnp.br;No-Hostname;No-Hostname;monipe-rn-atraso.rnp.br
1750430016,2025-06-20 11:33:36,core-popma-10g.pop-ma.rnp.br;No-Hostname;cma1-bma1.bkb.rnp.br;cpi1-cma1-tlb.bkb.rnp.br;cce1-cpi1-chesf.bkb.rnp.br;cce2-cce1.bkb.rnp.br;crn1-cce2-chesf.bkb.rnp.br;No-Hostname;No-Hostname;monipe-rn-atraso.rnp.br
1750430911,2025-06-20 11:48:31,core-popma-10g.pop-ma.rnp.br;No-Hostname;cma1-bma1.bkb.rnp.br;cpi1-cma1-tlb.bkb.rnp.br;cce1-cpi1-chesf.bkb.rnp.br;cce2-cce1.bkb.rnp.br;crn1-cce2-chesf.bkb.rnp.br;No-Hostname;No-Hostname;monipe-rn-atraso.rnp.br
1750431389,2025-06-20 11:56:29,core-popma-10g.pop-ma.rnp.br;No-Hostname;cma1-bma1.bkb.rnp.br;cpi1-cma1-tlb.bkb.rnp.br;cce1-cpi1-chesf.bkb.rnp.br;cce2-cce1.bkb.rnp.br;crn1-cce2-chesf.bkb.rnp.br;No-Hostname;No-Hostname;monipe-rn-atraso.rnp.br
1750431826,2025-06-20 12:03:46,core-popma-10g.pop-ma.rnp.br;No-Hostname;cma1-bma1.bkb.rnp.br;cpi1-cma1-tlb.bkb.rnp.br;cce1-cpi1-chesf.bkb.rnp.br;cce2-cce1.bkb.rnp.br;crn1-cce2-chesf.bkb.rnp.br;No-Hostname;No-Hostname;monipe-rn-atraso.rnp.br
1750432871,2025-06-20 12:21:11,core-popma-10g.pop-ma.rnp.br;No-Hostname;cma1-bma1.bkb.rnp.br;cpi1-cma1-tlb.bkb.rnp.br;cce1-cpi1-chesf.bkb.rnp.br;cce2-cce1.bkb.rnp.br;crn1-cce2-chesf.bkb.rnp.br;No-Hostname;No-Hostname;monipe-rn-atraso.rnp.br
1750433494,2025-06-20 12:31:34,core-popma-10g.pop-ma.rnp.br;No-Hostname;cma1-bma1.bkb.rnp.br;cpi1-cma1-tlb.bkb.rnp.br;cce1-cpi1-chesf.bkb.rnp.br;cce2-cce1.bkb.rnp.br;crn1-cce2-chesf.bkb.rnp.br;No-Hostname;No-Hostname;monipe-rn-atraso.rnp.br
1750433803,2025-06-20 12:36:43,core-popma-10g.pop-ma.rnp.br;No-Hostname;cma1-bma1.bkb.rnp.br;cpi1-cma1-tlb.bkb.rnp.br;cce1-cpi1-chesf.bkb.rnp.br;cce2-cce1.bkb.rnp.br;crn1-cce2-chesf.bkb.rnp.br;No-Hostname;No-Hostname;monipe-rn-atraso.rnp.br
1750434553,2025-06-20 12:49:13,core-popma-10g.pop-ma.rnp.br;No-Hostname;cma1-bma1.bkb.rnp.br;cpi1-cma1-tlb.bkb.rnp.br;cce1-cpi1-chesf.bkb.rnp.br;cce2-cce1.bkb.rnp.br;crn1-cce2-chesf.bkb.rnp.br;No-Hostname;No-Hostname;monipe-rn-atraso.rnp.br
1750434963,2025-06-20 12:56:03,core-popma-10g.pop-ma.rnp.br;No-Hostname;cma1-bma1.bkb.rnp.br;cpi1-cma1-tlb.bkb.rnp.br;cce1-cpi1-chesf.bkb.rnp.br;cce2-cce1.bkb.rnp.br;crn1-cce2-chesf.bkb.rnp.br;No-Hostname;No-Hostname;monipe-rn-atraso.rnp.br
1750435905,2025-06-20 13:11:45,core-popma-10g.pop-ma.rnp.br;No-Hostname;cma1-bma1.bkb.rnp.br;cpi1-cma1-tlb.bkb.rnp.br;cce1-cpi1-chesf.bkb.rnp.br;cce2-cce1.bkb.rnp.br;crn1-cce2-chesf.bkb.rnp.br;No-Hostname;No-Hostname;monipe-rn-atraso.rnp.br
1750436467,2025-06-20 13:21:07,core-popma-10g.pop-ma.rnp.br;No-Hostname;cma1-bma1.bkb.rnp.br;cpi1-cma1-tlb.bkb.rnp.br;cce1-cpi1-chesf.bkb.rnp.br;cce2-cce1.bkb.rnp.br;crn1-cce2-chesf.bkb.rnp.br;No-Hostname;No-Hostname;monipe-rn-atraso.rnp.br
1750436639,2025-06-20 13:23:59,core-popma-10g.pop-ma.rnp.br;No-Hostname;cma1-bma1.bkb.rnp.br;cpi1-cma1-tlb.bkb.rnp.br;cce1-cpi1-chesf.bkb.rnp.br;cce2-cce1.bkb.rnp.br;crn1-cce2-chesf.bkb.rnp.br;No-Hostname;No-Hostname;monipe-rn-atraso.rnp.br
1750437181,2025-06-20 13:33:01,core-popma-10g.pop-ma.rnp.br;No-Hostname;cma1-bma1.bkb.rnp.br;cpi1-cma1-tlb.bkb.rnp.br;cce1-cpi1-chesf.bkb.rnp.br;cce2-cce1.bkb.rnp.br;crn1-cce2-chesf.bkb.rnp.br;No-Hostname;No-Hostname;monipe-rn-atraso.rnp.br
1750438156,2025-06-20 13:49:16,core-popma-10g.pop-ma.rnp.br;No-Hostname;cma1-bma1.bkb.rnp.br;cpi1-cma1-tlb.bkb.rnp.br;cce1-cpi1-chesf.bkb.rnp.br;cce2-cce1.bkb.rnp.br;crn1-cce2-chesf.bkb.rnp.br;No-Hostname;No-Hostname;monipe-rn-atraso.rnp.br
1750438718,2025-06-20 13:58:38,core-popma-10g.pop-ma.rnp.br;No-Hostname;cma1-bma1.bkb.rnp.br;cpi1-cma1-tlb.bkb.rnp.br;cce1-cpi1-chesf.bkb.rnp.br;cce2-cce1.bkb.rnp.br;crn1-cce2-chesf.bkb.rnp.br;No-Hostname;No-Hostname;monipe-rn-atraso.rnp.br
1750439452,2025-06-20 14:10:52,core-popma-10g.pop-ma.rnp.br;No-Hostname;cma1-bma1.bkb.rnp.br;cpi1-cma1-tlb.bkb.rnp.br;cce1-cpi1-chesf.bkb.rnp.br;cce2-cce1.bkb.rnp.br;crn1-cce2-chesf.bkb.rnp.br;No-Hostname;No-Hostname;monipe-rn-atraso.rnp.br
1750439869,2025-06-20 14:17:49,core-popma-10g.pop-ma.rnp.br;No-Hostname;cma1-bma1.bkb.rnp.br;cpi1-cma1-tlb.bkb.rnp.br;cce1-cpi1-chesf.bkb.rnp.br;cce2-cce1.bkb.rnp.br;crn1-cce2-chesf.bkb.rnp.br;No-Hostname;No-Hostname;monipe-rn-atraso.rnp.br
1750440398,2025-06-20 14:26:38,core-popma-10g.pop-ma.rnp.br;No-Hostname;cma1-bma1.bkb.rnp.br;cpi1-cma1-tlb.bkb.rnp.br;cce1-cpi1-chesf.bkb.rnp.br;cce2-cce1.bkb.rnp.br;crn1-cce2-chesf.bkb.rnp.br;No-Hostname;No-Hostname;monipe-rn-atraso.rnp.br
1750442194,2025-06-20 14:56:34,core-popma-10g.pop-ma.rnp.br;No-Hostname;cma1-bma1.bkb.rnp.br;cpi1-cma1-tlb.bkb.rnp.br;cce1-cpi1-chesf.bkb.rnp.br;cce2-cce1.bkb.rnp.br;crn1-cce2-chesf.bkb.rnp.br;No-Hostname;No-Hostname;monipe-rn-atraso.rnp.br
1750443688,2025-06-20 15:21:28,core-popma-10g.pop-ma.rnp.br;No-Hostname;cma1-bma1.bkb.rnp.br;cpi1-cma1-tlb.bkb.rnp.br;cce1-cpi1-chesf.bkb.rnp.br;cce2-cce1.bkb.rnp.br;crn1-cce2-chesf.bkb.rnp.br;No-Hostname;No-Hostname;monipe-rn-atraso.rnp.br
1750443856,2025-06-20 15:24:16,core-popma-10g.pop-ma.rnp.br;No-Hostname;cma1-bma1.bkb.rnp.br;cpi1-cma1-tlb.bkb.rnp.br;cce1-cpi1-chesf.bkb.rnp.br;cce2-cce1.bkb.rnp.br;crn1-cce2-chesf.bkb.rnp.br;No-Hostname;No-Hostname;monipe-rn-atraso.rnp.br
1750444717,2025-06-20 15:38:37,core-popma-10g.pop-ma.rnp.br;No-Hostname;cma1-bma1.bkb.rnp.br;cpi1-cma1-tlb.bkb.rnp.br;cce1-cpi1-chesf.bkb.rnp.br;cce2-cce1.bkb.rnp.br;crn1-cce2-chesf.bkb.rnp.br;No-Hostname;No-Hostname;monipe-rn-atraso.rnp.br
1750445368,2025-06-20 15:49:28,core-popma-10g.pop-ma.rnp.br;No-Hostname;cma1-bma1.bkb.rnp.br;cpi1-cma1-tlb.bkb.rnp.br;cce1-cpi1-chesf.bkb.rnp.br;cce2-cce1.bkb.rnp.br;crn1-cce2-chesf.bkb.rnp.br;No-Hostname;No-Hostname;monipe-rn-atraso.rnp.br
1750445913,2025-06-20 15:58:33,core-popma-10g.pop-ma.rnp.br;No-Hostname;cma1-bma1.bkb.rnp.br;cpi1-cma1-tlb.bkb.rnp.br;cce1-cpi1-chesf.bkb.rnp.br;cce2-cce1.bkb.rnp.br;crn1-cce2-chesf.bkb.rnp.br;No-Hostname;No-Hostname;monipe-rn-atraso.rnp.br
1750446944,2025-06-20 16:15:44,core-popma-10g.pop-ma.rnp.br;No-Hostname;cma1-bma1.bkb.rnp.br;cpi1-cma1-tlb.bkb.rnp.br;cce1-cpi1-chesf.bkb.rnp.br;cce2-cce1.bkb.rnp.br;crn1-cce2-chesf.bkb.rnp.br;No-Hostname;No-Hostname;monipe-rn-atraso.rnp.br
1750447865,2025-06-20 16:31:05,core-popma-10g.pop-ma.rnp.br;No-Hostname;cma1-bma1.bkb.rnp.br;cpi1-cma1-tlb.bkb.rnp.br;cce1-cpi1-chesf.bkb.rnp.br;cce2-cce1.bkb.rnp.br;crn1-cce2-chesf.bkb.rnp.br;No-Hostname;No-Hostname;monipe-rn-atraso.rnp.br
1750448350,2025-06-20 16:39:10,core-popma-10g.pop-ma.rnp.br;No-Hostname;cma1-bma1.bkb.rnp.br;cpi1-cma1-tlb.bkb.rnp.br;cce1-cpi1-chesf.bkb.rnp.br;cce2-cce1.bkb.rnp.br;crn1-cce2-chesf.bkb.rnp.br;No-Hostname;No-Hostname;monipe-rn-atraso.rnp.br
1750449001,2025-06-20 16:50:01,core-popma-10g.pop-ma.rnp.br;No-Hostname;cma1-bma1.bkb.rnp.br;cpi1-cma1-tlb.bkb.rnp.br;cce1-cpi1-chesf.bkb.rnp.br;cce2-cce1.bkb.rnp.br;crn1-cce2-chesf.bkb.rnp.br;No-Hostname;No-Hostname;monipe-rn-atraso.rnp.br
1750449523,2025-06-20 16:58:43,core-popma-10g.pop-ma.rnp.br;No-Hostname;cma1-bma1.bkb.rnp.br;cpi1-cma1-tlb.bkb.rnp.br;cce1-cpi1-chesf.bkb.rnp.br;cce2-cce1.bkb.rnp.br;crn1-cce2-chesf.bkb.rnp.br;No-Hostname;No-Hostname;monipe-rn-atraso.rnp.br
1750450796,2025-06-20 17:19:56,core-popma-10g.pop-ma.rnp.br;No-Hostname;cma1-bma1.bkb.rnp.br;cpi1-cma1-tlb.bkb.rnp.br;cce1-cpi1-chesf.bkb.rnp.br;cce2-cce1.bkb.rnp.br;crn1-cce2-chesf.bkb.rnp.br;No-Hostname;No-Hostname;monipe-rn-atraso.rnp.br
1750451467,2025-06-20 17:31:07,core-popma-10g.pop-ma.rnp.br;No-Hostname;cma1-bma1.bkb.rnp.br;cpi1-cma1-tlb.bkb.rnp.br;cce1-cpi1-chesf.bkb.rnp.br;cce2-cce1.bkb.rnp.br;crn1-cce2-chesf.bkb.rnp.br;No-Hostname;No-Hostname;monipe-rn-atraso.rnp.br
1750451754,2025-06-20 17:35:54,core-popma-10g.pop-ma.rnp.br;No-Hostname;cma1-bma1.bkb.rnp.br;cpi1-cma1-tlb.bkb.rnp.br;cce1-cpi1-chesf.bkb.rnp.br;cce2-cce1.bkb.rnp.br;crn1-cce2-chesf.bkb.rnp.br;No-Hostname;No-Hostname;monipe-rn-atraso.rnp.br
1750452652,2025-06-20 17:50:52,core-popma-10g.pop-ma.rnp.br;No-Hostname;cma1-bma1.bkb.rnp.br;cpi1-cma1-tlb.bkb.rnp.br;cce1-cpi1-chesf.bkb.rnp.br;cce2-cce1.bkb.rnp.br;crn1-cce2-chesf.bkb.rnp.br;No-Hostname;No-Hostname;monipe-rn-atraso.rnp.br
1750452973,2025-06-20 17:56:13,core-popma-10g.pop-ma.rnp.br;No-Hostname;cma1-bma1.bkb.rnp.br;cpi1-cma1-tlb.bkb.rnp.br;cce1-cpi1-chesf.bkb.rnp.br;cce2-cce1.bkb.rnp.br;crn1-cce2-chesf.bkb.rnp.br;No-Hostname;No-Hostname;monipe-rn-atraso.rnp.br
1750453387,2025-06-20 18:03:07,core-popma-10g.pop-ma.rnp.br;No-Hostname;cma1-bma1.bkb.rnp.br;cpi1-cma1-tlb.bkb.rnp.br;cce1-cpi1-chesf.bkb.rnp.br;cce2-cce1.bkb.rnp.br;crn1-cce2-chesf.bkb.rnp.br;No-Hostname;No-Hostname;monipe-rn-atraso.rnp.br
1750454464,2025-06-20 18:21:04,core-popma-10g.pop-ma.rnp.br;No-Hostname;cma1-bma1.bkb.rnp.br;cpi1-cma1-tlb.bkb.rnp.br;cce1-cpi1-chesf.bkb.rnp.br;cce2-cce1.bkb.rnp.br;crn1-cce2-chesf.bkb.rnp.br;No-Hostname;No-Hostname;monipe-rn-atraso.rnp.br
1750454821,2025-06-20 18:27:01,core-popma-10g.pop-ma.rnp.br;No-Hostname;cma1-bma1.bkb.rnp.br;cpi1-cma1-tlb.bkb.rnp.br;cce1-cpi1-chesf.bkb.rnp.br;cce2-cce1.bkb.rnp.br;crn1-cce2-chesf.bkb.rnp.br;No-Hostname;No-Hostname;monipe-rn-atraso.rnp.br
1750455337,2025-06-20 18:35:37,core-popma-10g.pop-ma.rnp.br;No-Hostname;cma1-bma1.bkb.rnp.br;cpi1-cma1-tlb.bkb.rnp.br;cce1-cpi1-chesf.bkb.rnp.br;cce2-cce1.bkb.rnp.br;crn1-cce2-chesf.bkb.rnp.br;No-Hostname;No-Hostname;monipe-rn-atraso.rnp.br
1750455851,2025-06-20 18:44:11,core-popma-10g.pop-ma.rnp.br;No-Hostname;cma1-bma1.bkb.rnp.br;cpi1-cma1-tlb.bkb.rnp.br;cce1-cpi1-chesf.bkb.rnp.br;cce2-cce1.bkb.rnp.br;crn1-cce2-chesf.bkb.rnp.br;No-Hostname;No-Hostname;monipe-rn-atraso.rnp.br
1750456793,2025-06-20 18:59:53,core-popma-10g.pop-ma.rnp.br;No-Hostname;cma1-bma1.bkb.rnp.br;cpi1-cma1-tlb.bkb.rnp.br;cce1-cpi1-chesf.bkb.rnp.br;cce2-cce1.bkb.rnp.br;crn1-cce2-chesf.bkb.rnp.br;No-Hostname;No-Hostname;monipe-rn-atraso.rnp.br
1750457420,2025-06-20 19:10:20,core-popma-10g.pop-ma.rnp.br;No-Hostname;cma1-bma1.bkb.rnp.br;cpi1-cma1-tlb.bkb.rnp.br;cce1-cpi1-chesf.bkb.rnp.br;cce2-cce1.bkb.rnp.br;crn1-cce2-chesf.bkb.rnp.br;No-Hostname;No-Hostname;monipe-rn-atraso.rnp.br
1750458032,2025-06-20 19:20:32,core-popma-10g.pop-ma.rnp.br;No-Hostname;cma1-bma1.bkb.rnp.br;cpi1-cma1-tlb.bkb.rnp.br;cce1-cpi1-chesf.bkb.rnp.br;cce2-cce1.bkb.rnp.br;crn1-cce2-chesf.bkb.rnp.br;No-Hostname;No-Hostname;monipe-rn-atraso.rnp.br
1750458615,2025-06-20 19:30:15,core-popma-10g.pop-ma.rnp.br;No-Hostname;cma1-bma1.bkb.rnp.br;cpi1-cma1-tlb.bkb.rnp.br;cce1-cpi1-chesf.bkb.rnp.br;cce2-cce1.bkb.rnp.br;crn1-cce2-chesf.bkb.rnp.br;No-Hostname;No-Hostname;monipe-rn-atraso.rnp.br
1750458939,2025-06-20 19:35:39,core-popma-10g.pop-ma.rnp.br;No-Hostname;cma1-bma1.bkb.rnp.br;cpi1-cma1-tlb.bkb.rnp.br;cce1-cpi1-chesf.bkb.rnp.br;cce2-cce1.bkb.rnp.br;crn1-cce2-chesf.bkb.rnp.br;No-Hostname;No-Hostname;monipe-rn-atraso.rnp.br
1750459558,2025-06-20 19:45:58,core-popma-10g.pop-ma.rnp.br;No-Hostname;cma1-bma1.bkb.rnp.br;cpi1-cma1-tlb.bkb.rnp.br;cce1-cpi1-chesf.bkb.rnp.br;cce2-cce1.bkb.rnp.br;crn1-cce2-chesf.bkb.rnp.br;No-Hostname;No-Hostname;monipe-rn-atraso.rnp.br
1750459986,2025-06-20 19:53:06,core-popma-10g.pop-ma.rnp.br;No-Hostname;cma1-bma1.bkb.rnp.br;cpi1-cma1-tlb.bkb.rnp.br;cce1-cpi1-chesf.bkb.rnp.br;cce2-cce1.bkb.rnp.br;crn1-cce2-chesf.bkb.rnp.br;No-Hostname;No-Hostname;monipe-rn-atraso.rnp.br
1750460667,2025-06-20 20:04:27,core-popma-10g.pop-ma.rnp.br;No-Hostname;cma1-bma1.bkb.rnp.br;cpi1-cma1-tlb.bkb.rnp.br;cce1-cpi1-chesf.bkb.rnp.br;cce2-cce1.bkb.rnp.br;crn1-cce2-chesf.bkb.rnp.br;No-Hostname;No-Hostname;monipe-rn-atraso.rnp.br
1750461333,2025-06-20 20:15:33,core-popma-10g.pop-ma.rnp.br;No-Hostname;cma1-bma1.bkb.rnp.br;cpi1-cma1-tlb.bkb.rnp.br;cce1-cpi1-chesf.bkb.rnp.br;cce2-cce1.bkb.rnp.br;crn1-cce2-chesf.bkb.rnp.br;No-Hostname;No-Hostname;monipe-rn-atraso.rnp.br
1750461959,2025-06-20 20:25:59,core-popma-10g.pop-ma.rnp.br;No-Hostname;cma1-bma1.bkb.rnp.br;cpi1-cma1-tlb.bkb.rnp.br;cce1-cpi1-chesf.bkb.rnp.br;cce2-cce1.bkb.rnp.br;crn1-cce2-chesf.bkb.rnp.br;No-Hostname;No-Hostname;monipe-rn-atraso.rnp.br
1750462402,2025-06-20 20:33:22,core-popma-10g.pop-ma.rnp.br;No-Hostname;cma1-bma1.bkb.rnp.br;cpi1-cma1-tlb.bkb.rnp.br;cce1-cpi1-chesf.bkb.rnp.br;cce2-cce1.bkb.rnp.br;crn1-cce2-chesf.bkb.rnp.br;No-Hostname;No-Hostname;monipe-rn-atraso.rnp.br
1750463162,2025-06-20 20:46:02,core-popma-10g.pop-ma.rnp.br;No-Hostname;cma1-bma1.bkb.rnp.br;cpi1-cma1-tlb.bkb.rnp.br;cce1-cpi1-chesf.bkb.rnp.br;cce2-cce1.bkb.rnp.br;crn1-cce2-chesf.bkb.rnp.br;No-Hostname;No-Hostname;monipe-rn-atraso.rnp.br
1750463597,2025-06-20 20:53:17,core-popma-10g.pop-ma.rnp.br;No-Hostname;cma1-bma1.bkb.rnp.br;cpi1-cma1-tlb.bkb.rnp.br;cce1-cpi1-chesf.bkb.rnp.br;cce2-cce1.bkb.rnp.br;crn1-cce2-chesf.bkb.rnp.br;No-Hostname;No-Hostname;monipe-rn-atraso.rnp.br
1750464481,2025-06-20 21:08:01,core-popma-10g.pop-ma.rnp.br;No-Hostname;cma1-bma1.bkb.rnp.br;cpi1-cma1-tlb.bkb.rnp.br;cce1-cpi1-chesf.bkb.rnp.br;cce2-cce1.bkb.rnp.br;crn1-cce2-chesf.bkb.rnp.br;No-Hostname;No-Hostname;monipe-rn-atraso.rnp.br
1750465074,2025-06-20 21:17:54,core-popma-10g.pop-ma.rnp.br;No-Hostname;cma1-bma1.bkb.rnp.br;cpi1-cma1-tlb.bkb.rnp.br;cce1-cpi1-chesf.bkb.rnp.br;cce2-cce1.bkb.rnp.br;crn1-cce2-chesf.bkb.rnp.br;No-Hostname;No-Hostname;monipe-rn-atraso.rnp.br
1750465886,2025-06-20 21:31:26,No-Hostname;No-Hostname;cma1-bma1.bkb.rnp.br;cpi1-cma1-tlb.bkb.rnp.br;cce1-cpi1-chesf.bkb.rnp.br;cce2-cce1.bkb.rnp.br;crn1-cce2-chesf.bkb.rnp.br;No-Hostname;No-Hostname;monipe-rn-atraso.rnp.br
1750466279,2025-06-20 21:37:59,core-popma-10g.pop-ma.rnp.br;No-Hostname;cma1-bma1.bkb.rnp.br;No-Hostname;cce1-cpi1-chesf.bkb.rnp.br;cce2-cce1.bkb.rnp.br;crn1-cce2-chesf.bkb.rnp.br;No-Hostname;No-Hostname;monipe-rn-atraso.rnp.br
1750467034,2025-06-20 21:50:34,core-popma-10g.pop-ma.rnp.br;No-Hostname;cma1-bma1.bkb.rnp.br;cpi1-cma1-tlb.bkb.rnp.br;cce1-cpi1-chesf.bkb.rnp.br;cce2-cce1.bkb.rnp.br;crn1-cce2-chesf.bkb.rnp.br;No-Hostname;No-Hostname;monipe-rn-atraso.rnp.br
1750467309,2025-06-20 21:55:09,core-popma-10g.pop-ma.rnp.br;No-Hostname;cma1-bma1.bkb.rnp.br;cpi1-cma1-tlb.bkb.rnp.br;cce1-cpi1-chesf.bkb.rnp.br;cce2-cce1.bkb.rnp.br;crn1-cce2-chesf.bkb.rnp.br;No-Hostname;No-Hostname;monipe-rn-atraso.rnp.br
1750468209,2025-06-20 22:10:09,core-popma-10g.pop-ma.rnp.br;No-Hostname;cma1-bma1.bkb.rnp.br;cpi1-cma1-tlb.bkb.rnp.br;cce1-cpi1-chesf.bkb.rnp.br;cce2-cce1.bkb.rnp.br;crn1-cce2-chesf.bkb.rnp.br;No-Hostname;No-Hostname;monipe-rn-atraso.rnp.br
1750468529,2025-06-20 22:15:29,core-popma-10g.pop-ma.rnp.br;No-Hostname;cma1-bma1.bkb.rnp.br;cpi1-cma1-tlb.bkb.rnp.br;cce1-cpi1-chesf.bkb.rnp.br;cce2-cce1.bkb.rnp.br;crn1-cce2-chesf.bkb.rnp.br;No-Hostname;No-Hostname;monipe-rn-atraso.rnp.br
1750469409,2025-06-20 22:30:09,core-popma-10g.pop-ma.rnp.br;No-Hostname;cma1-bma1.bkb.rnp.br;cpi1-cma1-tlb.bkb.rnp.br;cce1-cpi1-chesf.bkb.rnp.br;cce2-cce1.bkb.rnp.br;crn1-cce2-chesf.bkb.rnp.br;No-Hostname;No-Hostname;monipe-rn-atraso.rnp.br
1750469906,2025-06-20 22:38:26,core-popma-10g.pop-ma.rnp.br;No-Hostname;cma1-bma1.bkb.rnp.br;cpi1-cma1-tlb.bkb.rnp.br;cce1-cpi1-chesf.bkb.rnp.br;cce2-cce1.bkb.rnp.br;crn1-cce2-chesf.bkb.rnp.br;No-Hostname;No-Hostname;monipe-rn-atraso.rnp.br
1750470523,2025-06-20 22:48:43,core-popma-10g.pop-ma.rnp.br;No-Hostname;cma1-bma1.bkb.rnp.br;cpi1-cma1-tlb.bkb.rnp.br;cce1-cpi1-chesf.bkb.rnp.br;cce2-cce1.bkb.rnp.br;No-Hostname;No-Hostname;No-Hostname;monipe-rn-atraso.rnp.br
1750471201,2025-06-20 23:00:01,core-popma-10g.pop-ma.rnp.br;No-Hostname;cma1-bma1.bkb.rnp.br;cpi1-cma1-tlb.bkb.rnp.br;cce1-cpi1-chesf.bkb.rnp.br;cce2-cce1.bkb.rnp.br;No-Hostname;No-Hostname;No-Hostname;monipe-rn-atraso.rnp.br
1750471392,2025-06-20 23:03:12,core-popma-10g.pop-ma.rnp.br;No-Hostname;cma1-bma1.bkb.rnp.br;cpi1-cma1-tlb.bkb.rnp.br;cce1-cpi1-chesf.bkb.rnp.br;cce2-cce1.bkb.rnp.br;No-Hostname;No-Hostname;No-Hostname;monipe-rn-atraso.rnp.br
1750472249,2025-06-20 23:17:29,core-popma-10g.pop-ma.rnp.br;No-Hostname;cma1-bma1.bkb.rnp.br;cpi1-cma1-tlb.bkb.rnp.br;No-Hostname;cce2-cce1.bkb.rnp.br;crn1-cce2-chesf.bkb.rnp.br;No-Hostname;No-Hostname;monipe-rn-atraso.rnp.br
1750472823,2025-06-20 23:27:03,core-popma-10g.pop-ma.rnp.br;No-Hostname;cma1-bma1.bkb.rnp.br;cpi1-cma1-tlb.bkb.rnp.br;cce1-cpi1-chesf.bkb.rnp.br;cce2-cce1.bkb.rnp.br;crn1-cce2-chesf.bkb.rnp.br;No-Hostname;No-Hostname;monipe-rn-atraso.rnp.br
1750473411,2025-06-20 23:36:51,core-popma-10g.pop-ma.rnp.br;No-Hostname;cma1-bma1.bkb.rnp.br;cpi1-cma1-tlb.bkb.rnp.br;cce1-cpi1-chesf.bkb.rnp.br;cce2-cce1.bkb.rnp.br;crn1-cce2-chesf.bkb.rnp.br;No-Hostname;No-Hostname;monipe-rn-atraso.rnp.br
1750473789,2025-06-20 23:43:09,core-popma-10g.pop-ma.rnp.br;No-Hostname;cma1-bma1.bkb.rnp.br;cpi1-cma1-tlb.bkb.rnp.br;cce1-cpi1-chesf.bkb.rnp.br;No-Hostname;crn1-cce2-chesf.bkb.rnp.br;No-Hostname;No-Hostname;monipe-rn-atraso.rnp.br
1750474494,2025-06-20 23:54:54,core-popma-10g.pop-ma.rnp.br;No-Hostname;cma1-bma1.bkb.rnp.br;cpi1-cma1-tlb.bkb.rnp.br;cce1-cpi1-chesf.bkb.rnp.br;cce2-cce1.bkb.rnp.br;crn1-cce2-chesf.bkb.rnp.br;No-Hostname;No-Hostname;monipe-rn-atraso.rnp.br
1750475511,2025-06-21 00:11:51,core-popma-10g.pop-ma.rnp.br;No-Hostname;cma1-bma1.bkb.rnp.br;cpi1-cma1-tlb.bkb.rnp.br;cce1-cpi1-chesf.bkb.rnp.br;cce2-cce1.bkb.rnp.br;crn1-cce2-chesf.bkb.rnp.br;No-Hostname;No-Hostname;monipe-rn-atraso.rnp.br
1750476706,2025-06-21 00:31:46,core-popma-10g.pop-ma.rnp.br;No-Hostname;cma1-bma1.bkb.rnp.br;cpi1-cma1-tlb.bkb.rnp.br;cce1-cpi1-chesf.bkb.rnp.br;cce2-cce1.bkb.rnp.br;crn1-cce2-chesf.bkb.rnp.br;No-Hostname;No-Hostname;monipe-rn-atraso.rnp.br
1750476801,2025-06-21 00:33:21,core-popma-10g.pop-ma.rnp.br;No-Hostname;cma1-bma1.bkb.rnp.br;cpi1-cma1-tlb.bkb.rnp.br;cce1-cpi1-chesf.bkb.rnp.br;cce2-cce1.bkb.rnp.br;crn1-cce2-chesf.bkb.rnp.br;No-Hostname;No-Hostname;monipe-rn-atraso.rnp.br
1750477459,2025-06-21 00:44:19,core-popma-10g.pop-ma.rnp.br;No-Hostname;cma1-bma1.bkb.rnp.br;cpi1-cma1-tlb.bkb.rnp.br;cce1-cpi1-chesf.bkb.rnp.br;cce2-cce1.bkb.rnp.br;crn1-cce2-chesf.bkb.rnp.br;No-Hostname;No-Hostname;monipe-rn-atraso.rnp.br
1750478136,2025-06-21 00:55:36,core-popma-10g.pop-ma.rnp.br;No-Hostname;cma1-bma1.bkb.rnp.br;cpi1-cma1-tlb.bkb.rnp.br;cce1-cpi1-chesf.bkb.rnp.br;cce2-cce1.bkb.rnp.br;crn1-cce2-chesf.bkb.rnp.br;No-Hostname;No-Hostname;monipe-rn-atraso.rnp.br
1750478909,2025-06-21 01:08:29,core-popma-10g.pop-ma.rnp.br;No-Hostname;cma1-bma1.bkb.rnp.br;cpi1-cma1-tlb.bkb.rnp.br;cce1-cpi1-chesf.bkb.rnp.br;cce2-cce1.bkb.rnp.br;crn1-cce2-chesf.bkb.rnp.br;No-Hostname;No-Hostname;monipe-rn-atraso.rnp.br
1750479355,2025-06-21 01:15:55,core-popma-10g.pop-ma.rnp.br;No-Hostname;cma1-bma1.bkb.rnp.br;cpi1-cma1-tlb.bkb.rnp.br;cce1-cpi1-chesf.bkb.rnp.br;cce2-cce1.bkb.rnp.br;crn1-cce2-chesf.bkb.rnp.br;No-Hostname;No-Hostname;monipe-rn-atraso.rnp.br
1750479915,2025-06-21 01:25:15,core-popma-10g.pop-ma.rnp.br;No-Hostname;cma1-bma1.bkb.rnp.br;cpi1-cma1-tlb.bkb.rnp.br;cce1-cpi1-chesf.bkb.rnp.br;cce2-cce1.bkb.rnp.br;crn1-cce2-chesf.bkb.rnp.br;No-Hostname;No-Hostname;monipe-rn-atraso.rnp.br
1750480801,2025-06-21 01:40:01,core-popma-10g.pop-ma.rnp.br;No-Hostname;cma1-bma1.bkb.rnp.br;cpi1-cma1-tlb.bkb.rnp.br;cce1-cpi1-chesf.bkb.rnp.br;cce2-cce1.bkb.rnp.br;crn1-cce2-chesf.bkb.rnp.br;No-Hostname;No-Hostname;monipe-rn-atraso.rnp.br
1750481032,2025-06-21 01:43:52,core-popma-10g.pop-ma.rnp.br;No-Hostname;cma1-bma1.bkb.rnp.br;cpi1-cma1-tlb.bkb.rnp.br;cce1-cpi1-chesf.bkb.rnp.br;cce2-cce1.bkb.rnp.br;crn1-cce2-chesf.bkb.rnp.br;No-Hostname;No-Hostname;monipe-rn-atraso.rnp.br
1750481818,2025-06-21 01:56:58,core-popma-10g.pop-ma.rnp.br;No-Hostname;cma1-bma1.bkb.rnp.br;cpi1-cma1-tlb.bkb.rnp.br;cce1-cpi1-chesf.bkb.rnp.br;cce2-cce1.bkb.rnp.br;crn1-cce2-chesf.bkb.rnp.br;No-Hostname;No-Hostname;monipe-rn-atraso.rnp.br
1750482240,2025-06-21 02:04:00,core-popma-10g.pop-ma.rnp.br;No-Hostname;cma1-bma1.bkb.rnp.br;cpi1-cma1-tlb.bkb.rnp.br;cce1-cpi1-chesf.bkb.rnp.br;cce2-cce1.bkb.rnp.br;crn1-cce2-chesf.bkb.rnp.br;No-Hostname;No-Hostname;monipe-rn-atraso.rnp.br
1750482955,2025-06-21 02:15:55,core-popma-10g.pop-ma.rnp.br;No-Hostname;cma1-bma1.bkb.rnp.br;cpi1-cma1-tlb.bkb.rnp.br;cce1-cpi1-chesf.bkb.rnp.br;cce2-cce1.bkb.rnp.br;crn1-cce2-chesf.bkb.rnp.br;No-Hostname;No-Hostname;monipe-rn-atraso.rnp.br
1750483801,2025-06-21 02:30:01,core-popma-10g.pop-ma.rnp.br;No-Hostname;cma1-bma1.bkb.rnp.br;cpi1-cma1-tlb.bkb.rnp.br;cce1-cpi1-chesf.bkb.rnp.br;cce2-cce1.bkb.rnp.br;crn1-cce2-chesf.bkb.rnp.br;No-Hostname;No-Hostname;monipe-rn-atraso.rnp.br
1750484272,2025-06-21 02:37:52,core-popma-10g.pop-ma.rnp.br;No-Hostname;cma1-bma1.bkb.rnp.br;cpi1-cma1-tlb.bkb.rnp.br;cce1-cpi1-chesf.bkb.rnp.br;cce2-cce1.bkb.rnp.br;crn1-cce2-chesf.bkb.rnp.br;No-Hostname;No-Hostname;monipe-rn-atraso.rnp.br
1750484628,2025-06-21 02:43:48,core-popma-10g.pop-ma.rnp.br;No-Hostname;cma1-bma1.bkb.rnp.br;cpi1-cma1-tlb.bkb.rnp.br;cce1-cpi1-chesf.bkb.rnp.br;cce2-cce1.bkb.rnp.br;crn1-cce2-chesf.bkb.rnp.br;No-Hostname;No-Hostname;monipe-rn-atraso.rnp.br
1750485278,2025-06-21 02:54:38,core-popma-10g.pop-ma.rnp.br;No-Hostname;cma1-bma1.bkb.rnp.br;cpi1-cma1-tlb.bkb.rnp.br;cce1-cpi1-chesf.bkb.rnp.br;cce2-cce1.bkb.rnp.br;crn1-cce2-chesf.bkb.rnp.br;No-Hostname;No-Hostname;monipe-rn-atraso.rnp.br
1750485993,2025-06-21 03:06:33,core-popma-10g.pop-ma.rnp.br;No-Hostname;cma1-bma1.bkb.rnp.br;cpi1-cma1-tlb.bkb.rnp.br;cce1-cpi1-chesf.bkb.rnp.br;cce2-cce1.bkb.rnp.br;crn1-cce2-chesf.bkb.rnp.br;No-Hostname;No-Hostname;monipe-rn-atraso.rnp.br
1750486748,2025-06-21 03:19:08,core-popma-10g.pop-ma.rnp.br;No-Hostname;cma1-bma1.bkb.rnp.br;cpi1-cma1-tlb.bkb.rnp.br;cce1-cpi1-chesf.bkb.rnp.br;cce2-cce1.bkb.rnp.br;crn1-cce2-chesf.bkb.rnp.br;No-Hostname;No-Hostname;monipe-rn-atraso.rnp.br
1750487150,2025-06-21 03:25:50,core-popma-10g.pop-ma.rnp.br;No-Hostname;cma1-bma1.bkb.rnp.br;cpi1-cma1-tlb.bkb.rnp.br;cce1-cpi1-chesf.bkb.rnp.br;cce2-cce1.bkb.rnp.br;crn1-cce2-chesf.bkb.rnp.br;No-Hostname;No-Hostname;monipe-rn-atraso.rnp.br
1750487952,2025-06-21 03:39:12,core-popma-10g.pop-ma.rnp.br;No-Hostname;cma1-bma1.bkb.rnp.br;cpi1-cma1-tlb.bkb.rnp.br;cce1-cpi1-chesf.bkb.rnp.br;cce2-cce1.bkb.rnp.br;crn1-cce2-chesf.bkb.rnp.br;No-Hostname;No-Hostname;monipe-rn-atraso.rnp.br
1750488401,2025-06-21 03:46:41,core-popma-10g.pop-ma.rnp.br;No-Hostname;cma1-bma1.bkb.rnp.br;cpi1-cma1-tlb.bkb.rnp.br;cce1-cpi1-chesf.bkb.rnp.br;cce2-cce1.bkb.rnp.br;crn1-cce2-chesf.bkb.rnp.br;No-Hostname;No-Hostname;monipe-rn-atraso.rnp.br
1750489191,2025-06-21 03:59:51,core-popma-10g.pop-ma.rnp.br;No-Hostname;cma1-bma1.bkb.rnp.br;cpi1-cma1-tlb.bkb.rnp.br;cce1-cpi1-chesf.bkb.rnp.br;cce2-cce1.bkb.rnp.br;crn1-cce2-chesf.bkb.rnp.br;No-Hostname;No-Hostname;monipe-rn-atraso.rnp.br
1750489493,2025-06-21 04:04:53,core-popma-10g.pop-ma.rnp.br;No-Hostname;cma1-bma1.bkb.rnp.br;cpi1-cma1-tlb.bkb.rnp.br;cce1-cpi1-chesf.bkb.rnp.br;cce2-cce1.bkb.rnp.br;crn1-cce2-chesf.bkb.rnp.br;No-Hostname;No-Hostname;monipe-rn-atraso.rnp.br
1750490234,2025-06-21 04:17:14,core-popma-10g.pop-ma.rnp.br;No-Hostname;cma1-bma1.bkb.rnp.br;cpi1-cma1-tlb.bkb.rnp.br;cce1-cpi1-chesf.bkb.rnp.br;cce2-cce1.bkb.rnp.br;crn1-cce2-chesf.bkb.rnp.br;No-Hostname;No-Hostname;monipe-rn-atraso.rnp.br
1750491007,2025-06-21 04:30:07,core-popma-10g.pop-ma.rnp.br;No-Hostname;cma1-bma1.bkb.rnp.br;cpi1-cma1-tlb.bkb.rnp.br;cce1-cpi1-chesf.bkb.rnp.br;cce2-cce1.bkb.rnp.br;crn1-cce2-chesf.bkb.rnp.br;No-Hostname;No-Hostname;monipe-rn-atraso.rnp.br
1750491473,2025-06-21 04:37:53,core-popma-10g.pop-ma.rnp.br;No-Hostname;cma1-bma1.bkb.rnp.br;cpi1-cma1-tlb.bkb.rnp.br;cce1-cpi1-chesf.bkb.rnp.br;cce2-cce1.bkb.rnp.br;crn1-cce2-chesf.bkb.rnp.br;No-Hostname;No-Hostname;monipe-rn-atraso.rnp.br
1750491786,2025-06-21 04:43:06,core-popma-10g.pop-ma.rnp.br;No-Hostname;cma1-bma1.bkb.rnp.br;cpi1-cma1-tlb.bkb.rnp.br;cce1-cpi1-chesf.bkb.rnp.br;cce2-cce1.bkb.rnp.br;crn1-cce2-chesf.bkb.rnp.br;No-Hostname;No-Hostname;monipe-rn-atraso.rnp.br
1750492839,2025-06-21 05:00:39,core-popma-10g.pop-ma.rnp.br;No-Hostname;cma1-bma1.bkb.rnp.br;cpi1-cma1-tlb.bkb.rnp.br;cce1-cpi1-chesf.bkb.rnp.br;cce2-cce1.bkb.rnp.br;crn1-cce2-chesf.bkb.rnp.br;No-Hostname;No-Hostname;monipe-rn-atraso.rnp.br
1750493159,2025-06-21 05:05:59,core-popma-10g.pop-ma.rnp.br;No-Hostname;cma1-bma1.bkb.rnp.br;cpi1-cma1-tlb.bkb.rnp.br;cce1-cpi1-chesf.bkb.rnp.br;cce2-cce1.bkb.rnp.br;crn1-cce2-chesf.bkb.rnp.br;No-Hostname;No-Hostname;monipe-rn-atraso.rnp.br
1750493618,2025-06-21 05:13:38,core-popma-10g.pop-ma.rnp.br;No-Hostname;cma1-bma1.bkb.rnp.br;cpi1-cma1-tlb.bkb.rnp.br;cce1-cpi1-chesf.bkb.rnp.br;cce2-cce1.bkb.rnp.br;crn1-cce2-chesf.bkb.rnp.br;No-Hostname;No-Hostname;monipe-rn-atraso.rnp.br
1750494361,2025-06-21 05:26:01,core-popma-10g.pop-ma.rnp.br;No-Hostname;cma1-bma1.bkb.rnp.br;cpi1-cma1-tlb.bkb.rnp.br;cce1-cpi1-chesf.bkb.rnp.br;cce2-cce1.bkb.rnp.br;crn1-cce2-chesf.bkb.rnp.br;No-Hostname;No-Hostname;monipe-rn-atraso.rnp.br
1750494905,2025-06-21 05:35:05,core-popma-10g.pop-ma.rnp.br;No-Hostname;cma1-bma1.bkb.rnp.br;cpi1-cma1-tlb.bkb.rnp.br;cce1-cpi1-chesf.bkb.rnp.br;cce2-cce1.bkb.rnp.br;crn1-cce2-chesf.bkb.rnp.br;No-Hostname;No-Hostname;monipe-rn-atraso.rnp.br
1750495642,2025-06-21 05:47:22,core-popma-10g.pop-ma.rnp.br;No-Hostname;cma1-bma1.bkb.rnp.br;cpi1-cma1-tlb.bkb.rnp.br;cce1-cpi1-chesf.bkb.rnp.br;cce2-cce1.bkb.rnp.br;crn1-cce2-chesf.bkb.rnp.br;No-Hostname;No-Hostname;monipe-rn-atraso.rnp.br
1750496459,2025-06-21 06:00:59,core-popma-10g.pop-ma.rnp.br;No-Hostname;cma1-bma1.bkb.rnp.br;cpi1-cma1-tlb.bkb.rnp.br;cce1-cpi1-chesf.bkb.rnp.br;cce2-cce1.bkb.rnp.br;crn1-cce2-chesf.bkb.rnp.br;No-Hostname;No-Hostname;monipe-rn-atraso.rnp.br
1750496836,2025-06-21 06:07:16,core-popma-10g.pop-ma.rnp.br;No-Hostname;cma1-bma1.bkb.rnp.br;cpi1-cma1-tlb.bkb.rnp.br;cce1-cpi1-chesf.bkb.rnp.br;cce2-cce1.bkb.rnp.br;crn1-cce2-chesf.bkb.rnp.br;No-Hostname;No-Hostname;monipe-rn-atraso.rnp.br
1750497230,2025-06-21 06:13:50,core-popma-10g.pop-ma.rnp.br;No-Hostname;cma1-bma1.bkb.rnp.br;cpi1-cma1-tlb.bkb.rnp.br;cce1-cpi1-chesf.bkb.rnp.br;cce2-cce1.bkb.rnp.br;crn1-cce2-chesf.bkb.rnp.br;No-Hostname;No-Hostname;monipe-rn-atraso.rnp.br
1750497798,2025-06-21 06:23:18,core-popma-10g.pop-ma.rnp.br;No-Hostname;cma1-bma1.bkb.rnp.br;cpi1-cma1-tlb.bkb.rnp.br;cce1-cpi1-chesf.bkb.rnp.br;cce2-cce1.bkb.rnp.br;crn1-cce2-chesf.bkb.rnp.br;No-Hostname;No-Hostname;monipe-rn-atraso.rnp.br
1750498638,2025-06-21 06:37:18,core-popma-10g.pop-ma.rnp.br;No-Hostname;cma1-bma1.bkb.rnp.br;cpi1-cma1-tlb.bkb.rnp.br;cce1-cpi1-chesf.bkb.rnp.br;cce2-cce1.bkb.rnp.br;crn1-cce2-chesf.bkb.rnp.br;No-Hostname;No-Hostname;monipe-rn-atraso.rnp.br
1750499189,2025-06-21 06:46:29,core-popma-10g.pop-ma.rnp.br;No-Hostname;cma1-bma1.bkb.rnp.br;cpi1-cma1-tlb.bkb.rnp.br;cce1-cpi1-chesf.bkb.rnp.br;cce2-cce1.bkb.rnp.br;crn1-cce2-chesf.bkb.rnp.br;No-Hostname;No-Hostname;monipe-rn-atraso.rnp.br
1750499949,2025-06-21 06:59:09,core-popma-10g.pop-ma.rnp.br;No-Hostname;cma1-bma1.bkb.rnp.br;cpi1-cma1-tlb.bkb.rnp.br;cce1-cpi1-chesf.bkb.rnp.br;cce2-cce1.bkb.rnp.br;crn1-cce2-chesf.bkb.rnp.br;No-Hostname;No-Hostname;monipe-rn-atraso.rnp.br
1750500223,2025-06-21 07:03:43,core-popma-10g.pop-ma.rnp.br;No-Hostname;cma1-bma1.bkb.rnp.br;cpi1-cma1-tlb.bkb.rnp.br;cce1-cpi1-chesf.bkb.rnp.br;cce2-cce1.bkb.rnp.br;crn1-cce2-chesf.bkb.rnp.br;No-Hostname;No-Hostname;monipe-rn-atraso.rnp.br
1750500896,2025-06-21 07:14:56,core-popma-10g.pop-ma.rnp.br;No-Hostname;cma1-bma1.bkb.rnp.br;cpi1-cma1-tlb.bkb.rnp.br;cce1-cpi1-chesf.bkb.rnp.br;cce2-cce1.bkb.rnp.br;crn1-cce2-chesf.bkb.rnp.br;No-Hostname;No-Hostname;monipe-rn-atraso.rnp.br
1750501418,2025-06-21 07:23:38,core-popma-10g.pop-ma.rnp.br;No-Hostname;cma1-bma1.bkb.rnp.br;cpi1-cma1-tlb.bkb.rnp.br;cce1-cpi1-chesf.bkb.rnp.br;cce2-cce1.bkb.rnp.br;crn1-cce2-chesf.bkb.rnp.br;No-Hostname;No-Hostname;monipe-rn-atraso.rnp.br
1750502285,2025-06-21 07:38:05,core-popma-10g.pop-ma.rnp.br;No-Hostname;cma1-bma1.bkb.rnp.br;cpi1-cma1-tlb.bkb.rnp.br;cce1-cpi1-chesf.bkb.rnp.br;cce2-cce1.bkb.rnp.br;crn1-cce2-chesf.bkb.rnp.br;No-Hostname;No-Hostname;monipe-rn-atraso.rnp.br
1750502765,2025-06-21 07:46:05,core-popma-10g.pop-ma.rnp.br;No-Hostname;cma1-bma1.bkb.rnp.br;cpi1-cma1-tlb.bkb.rnp.br;cce1-cpi1-chesf.bkb.rnp.br;cce2-cce1.bkb.rnp.br;crn1-cce2-chesf.bkb.rnp.br;No-Hostname;No-Hostname;monipe-rn-atraso.rnp.br
1750503684,2025-06-21 08:01:24,core-popma-10g.pop-ma.rnp.br;No-Hostname;cma1-bma1.bkb.rnp.br;cpi1-cma1-tlb.bkb.rnp.br;cce1-cpi1-chesf.bkb.rnp.br;cce2-cce1.bkb.rnp.br;crn1-cce2-chesf.bkb.rnp.br;No-Hostname;No-Hostname;monipe-rn-atraso.rnp.br
1750503973,2025-06-21 08:06:13,core-popma-10g.pop-ma.rnp.br;No-Hostname;cma1-bma1.bkb.rnp.br;cpi1-cma1-tlb.bkb.rnp.br;cce1-cpi1-chesf.bkb.rnp.br;cce2-cce1.bkb.rnp.br;crn1-cce2-chesf.bkb.rnp.br;No-Hostname;No-Hostname;monipe-rn-atraso.rnp.br
1750504491,2025-06-21 08:14:51,core-popma-10g.pop-ma.rnp.br;No-Hostname;cma1-bma1.bkb.rnp.br;cpi1-cma1-tlb.bkb.rnp.br;cce1-cpi1-chesf.bkb.rnp.br;cce2-cce1.bkb.rnp.br;crn1-cce2-chesf.bkb.rnp.br;No-Hostname;No-Hostname;monipe-rn-atraso.rnp.br
1750505065,2025-06-21 08:24:25,core-popma-10g.pop-ma.rnp.br;No-Hostname;cma1-bma1.bkb.rnp.br;cpi1-cma1-tlb.bkb.rnp.br;cce1-cpi1-chesf.bkb.rnp.br;cce2-cce1.bkb.rnp.br;crn1-cce2-chesf.bkb.rnp.br;No-Hostname;No-Hostname;monipe-rn-atraso.rnp.br
1750506011,2025-06-21 08:40:11,core-popma-10g.pop-ma.rnp.br;No-Hostname;cma1-bma1.bkb.rnp.br;cpi1-cma1-tlb.bkb.rnp.br;cce1-cpi1-chesf.bkb.rnp.br;cce2-cce1.bkb.rnp.br;crn1-cce2-chesf.bkb.rnp.br;No-Hostname;No-Hostname;monipe-rn-atraso.rnp.br
1750506634,2025-06-21 08:50:34,core-popma-10g.pop-ma.rnp.br;No-Hostname;cma1-bma1.bkb.rnp.br;cpi1-cma1-tlb.bkb.rnp.br;cce1-cpi1-chesf.bkb.rnp.br;cce2-cce1.bkb.rnp.br;crn1-cce2-chesf.bkb.rnp.br;No-Hostname;No-Hostname;monipe-rn-atraso.rnp.br
1750506819,2025-06-21 08:53:39,core-popma-10g.pop-ma.rnp.br;No-Hostname;cma1-bma1.bkb.rnp.br;cpi1-cma1-tlb.bkb.rnp.br;cce1-cpi1-chesf.bkb.rnp.br;cce2-cce1.bkb.rnp.br;crn1-cce2-chesf.bkb.rnp.br;No-Hostname;No-Hostname;monipe-rn-atraso.rnp.br
1750507734,2025-06-21 09:08:54,core-popma-10g.pop-ma.rnp.br;No-Hostname;cma1-bma1.bkb.rnp.br;cpi1-cma1-tlb.bkb.rnp.br;cce1-cpi1-chesf.bkb.rnp.br;cce2-cce1.bkb.rnp.br;crn1-cce2-chesf.bkb.rnp.br;No-Hostname;No-Hostname;monipe-rn-atraso.rnp.br
1750508093,2025-06-21 09:14:53,core-popma-10g.pop-ma.rnp.br;No-Hostname;cma1-bma1.bkb.rnp.br;cpi1-cma1-tlb.bkb.rnp.br;cce1-cpi1-chesf.bkb.rnp.br;cce2-cce1.bkb.rnp.br;crn1-cce2-chesf.bkb.rnp.br;No-Hostname;No-Hostname;monipe-rn-atraso.rnp.br
1750508624,2025-06-21 09:23:44,core-popma-10g.pop-ma.rnp.br;No-Hostname;cma1-bma1.bkb.rnp.br;cpi1-cma1-tlb.bkb.rnp.br;cce1-cpi1-chesf.bkb.rnp.br;cce2-cce1.bkb.rnp.br;crn1-cce2-chesf.bkb.rnp.br;No-Hostname;No-Hostname;monipe-rn-atraso.rnp.br
1750509411,2025-06-21 09:36:51,core-popma-10g.pop-ma.rnp.br;No-Hostname;cma1-bma1.bkb.rnp.br;cpi1-cma1-tlb.bkb.rnp.br;cce1-cpi1-chesf.bkb.rnp.br;cce2-cce1.bkb.rnp.br;crn1-cce2-chesf.bkb.rnp.br;No-Hostname;No-Hostname;monipe-rn-atraso.rnp.br
1750510086,2025-06-21 09:48:06,core-popma-10g.pop-ma.rnp.br;No-Hostname;cma1-bma1.bkb.rnp.br;cpi1-cma1-tlb.bkb.rnp.br;cce1-cpi1-chesf.bkb.rnp.br;cce2-cce1.bkb.rnp.br;crn1-cce2-chesf.bkb.rnp.br;No-Hostname;No-Hostname;monipe-rn-atraso.rnp.br
1750510808,2025-06-21 10:00:08,core-popma-10g.pop-ma.rnp.br;No-Hostname;cma1-bma1.bkb.rnp.br;cpi1-cma1-tlb.bkb.rnp.br;cce1-cpi1-chesf.bkb.rnp.br;cce2-cce1.bkb.rnp.br;crn1-cce2-chesf.bkb.rnp.br;No-Hostname;No-Hostname;monipe-rn-atraso.rnp.br
1750511077,2025-06-21 10:04:37,core-popma-10g.pop-ma.rnp.br;No-Hostname;cma1-bma1.bkb.rnp.br;cpi1-cma1-tlb.bkb.rnp.br;cce1-cpi1-chesf.bkb.rnp.br;cce2-cce1.bkb.rnp.br;crn1-cce2-chesf.bkb.rnp.br;No-Hostname;No-Hostname;monipe-rn-atraso.rnp.br
1750512083,2025-06-21 10:21:23,core-popma-10g.pop-ma.rnp.br;No-Hostname;cma1-bma1.bkb.rnp.br;cpi1-cma1-tlb.bkb.rnp.br;cce1-cpi1-chesf.bkb.rnp.br;cce2-cce1.bkb.rnp.br;crn1-cce2-chesf.bkb.rnp.br;No-Hostname;No-Hostname;monipe-rn-atraso.rnp.br
1750512500,2025-06-21 10:28:20,core-popma-10g.pop-ma.rnp.br;No-Hostname;cma1-bma1.bkb.rnp.br;cpi1-cma1-tlb.bkb.rnp.br;cce1-cpi1-chesf.bkb.rnp.br;cce2-cce1.bkb.rnp.br;crn1-cce2-chesf.bkb.rnp.br;No-Hostname;No-Hostname;monipe-rn-atraso.rnp.br
1750513053,2025-06-21 10:37:33,core-popma-10g.pop-ma.rnp.br;No-Hostname;cma1-bma1.bkb.rnp.br;cpi1-cma1-tlb.bkb.rnp.br;cce1-cpi1-chesf.bkb.rnp.br;cce2-cce1.bkb.rnp.br;crn1-cce2-chesf.bkb.rnp.br;No-Hostname;No-Hostname;monipe-rn-atraso.rnp.br
1750513426,2025-06-21 10:43:46,core-popma-10g.pop-ma.rnp.br;No-Hostname;cma1-bma1.bkb.rnp.br;cpi1-cma1-tlb.bkb.rnp.br;cce1-cpi1-chesf.bkb.rnp.br;cce2-cce1.bkb.rnp.br;crn1-cce2-chesf.bkb.rnp.br;No-Hostname;No-Hostname;monipe-rn-atraso.rnp.br
1750514430,2025-06-21 11:00:30,core-popma-10g.pop-ma.rnp.br;No-Hostname;cma1-bma1.bkb.rnp.br;cpi1-cma1-tlb.bkb.rnp.br;cce1-cpi1-chesf.bkb.rnp.br;cce2-cce1.bkb.rnp.br;crn1-cce2-chesf.bkb.rnp.br;No-Hostname;No-Hostname;monipe-rn-atraso.rnp.br
1750514812,2025-06-21 11:06:52,core-popma-10g.pop-ma.rnp.br;No-Hostname;cma1-bma1.bkb.rnp.br;cpi1-cma1-tlb.bkb.rnp.br;cce1-cpi1-chesf.bkb.rnp.br;cce2-cce1.bkb.rnp.br;crn1-cce2-chesf.bkb.rnp.br;No-Hostname;No-Hostname;monipe-rn-atraso.rnp.br
1750515234,2025-06-21 11:13:54,core-popma-10g.pop-ma.rnp.br;No-Hostname;cma1-bma1.bkb.rnp.br;cpi1-cma1-tlb.bkb.rnp.br;cce1-cpi1-chesf.bkb.rnp.br;cce2-cce1.bkb.rnp.br;crn1-cce2-chesf.bkb.rnp.br;No-Hostname;No-Hostname;monipe-rn-atraso.rnp.br
1750516012,2025-06-21 11:26:52,core-popma-10g.pop-ma.rnp.br;No-Hostname;cma1-bma1.bkb.rnp.br;cpi1-cma1-tlb.bkb.rnp.br;cce1-cpi1-chesf.bkb.rnp.br;cce2-cce1.bkb.rnp.br;crn1-cce2-chesf.bkb.rnp.br;No-Hostname;No-Hostname;monipe-rn-atraso.rnp.br
1750516743,2025-06-21 11:39:03,core-popma-10g.pop-ma.rnp.br;No-Hostname;cma1-bma1.bkb.rnp.br;cpi1-cma1-tlb.bkb.rnp.br;cce1-cpi1-chesf.bkb.rnp.br;cce2-cce1.bkb.rnp.br;crn1-cce2-chesf.bkb.rnp.br;No-Hostname;No-Hostname;monipe-rn-atraso.rnp.br
1750517754,2025-06-21 11:55:54,core-popma-10g.pop-ma.rnp.br;No-Hostname;cma1-bma1.bkb.rnp.br;cpi1-cma1-tlb.bkb.rnp.br;cce1-cpi1-chesf.bkb.rnp.br;cce2-cce1.bkb.rnp.br;crn1-cce2-chesf.bkb.rnp.br;No-Hostname;No-Hostname;monipe-rn-atraso.rnp.br
1750518375,2025-06-21 12:06:15,core-popma-10g.pop-ma.rnp.br;No-Hostname;cma1-bma1.bkb.rnp.br;cpi1-cma1-tlb.bkb.rnp.br;cce1-cpi1-chesf.bkb.rnp.br;cce2-cce1.bkb.rnp.br;crn1-cce2-chesf.bkb.rnp.br;No-Hostname;No-Hostname;monipe-rn-atraso.rnp.br
1750519158,2025-06-21 12:19:18,core-popma-10g.pop-ma.rnp.br;No-Hostname;cma1-bma1.bkb.rnp.br;cpi1-cma1-tlb.bkb.rnp.br;cce1-cpi1-chesf.bkb.rnp.br;cce2-cce1.bkb.rnp.br;crn1-cce2-chesf.bkb.rnp.br;No-Hostname;No-Hostname;monipe-rn-atraso.rnp.br
1750519784,2025-06-21 12:29:44,core-popma-10g.pop-ma.rnp.br;No-Hostname;cma1-bma1.bkb.rnp.br;cpi1-cma1-tlb.bkb.rnp.br;cce1-cpi1-chesf.bkb.rnp.br;cce2-cce1.bkb.rnp.br;crn1-cce2-chesf.bkb.rnp.br;No-Hostname;No-Hostname;monipe-rn-atraso.rnp.br
1750520114,2025-06-21 12:35:14,core-popma-10g.pop-ma.rnp.br;No-Hostname;cma1-bma1.bkb.rnp.br;cpi1-cma1-tlb.bkb.rnp.br;cce1-cpi1-chesf.bkb.rnp.br;cce2-cce1.bkb.rnp.br;crn1-cce2-chesf.bkb.rnp.br;No-Hostname;No-Hostname;monipe-rn-atraso.rnp.br
1750520844,2025-06-21 12:47:24,core-popma-10g.pop-ma.rnp.br;No-Hostname;cma1-bma1.bkb.rnp.br;cpi1-cma1-tlb.bkb.rnp.br;cce1-cpi1-chesf.bkb.rnp.br;cce2-cce1.bkb.rnp.br;crn1-cce2-chesf.bkb.rnp.br;No-Hostname;No-Hostname;monipe-rn-atraso.rnp.br
1750521376,2025-06-21 12:56:16,core-popma-10g.pop-ma.rnp.br;No-Hostname;cma1-bma1.bkb.rnp.br;cpi1-cma1-tlb.bkb.rnp.br;cce1-cpi1-chesf.bkb.rnp.br;cce2-cce1.bkb.rnp.br;crn1-cce2-chesf.bkb.rnp.br;No-Hostname;No-Hostname;monipe-rn-atraso.rnp.br
1750522143,2025-06-21 13:09:03,core-popma-10g.pop-ma.rnp.br;No-Hostname;cma1-bma1.bkb.rnp.br;cpi1-cma1-tlb.bkb.rnp.br;cce1-cpi1-chesf.bkb.rnp.br;cce2-cce1.bkb.rnp.br;crn1-cce2-chesf.bkb.rnp.br;No-Hostname;No-Hostname;monipe-rn-atraso.rnp.br
1750522437,2025-06-21 13:13:57,core-popma-10g.pop-ma.rnp.br;No-Hostname;cma1-bma1.bkb.rnp.br;cpi1-cma1-tlb.bkb.rnp.br;cce1-cpi1-chesf.bkb.rnp.br;cce2-cce1.bkb.rnp.br;crn1-cce2-chesf.bkb.rnp.br;No-Hostname;No-Hostname;monipe-rn-atraso.rnp.br
1750523209,2025-06-21 13:26:49,core-popma-10g.pop-ma.rnp.br;No-Hostname;cma1-bma1.bkb.rnp.br;cpi1-cma1-tlb.bkb.rnp.br;cce1-cpi1-chesf.bkb.rnp.br;cce2-cce1.bkb.rnp.br;crn1-cce2-chesf.bkb.rnp.br;No-Hostname;No-Hostname;monipe-rn-atraso.rnp.br
1750524628,2025-06-21 13:50:28,core-popma-10g.pop-ma.rnp.br;No-Hostname;cma1-bma1.bkb.rnp.br;cpi1-cma1-tlb.bkb.rnp.br;cce1-cpi1-chesf.bkb.rnp.br;cce2-cce1.bkb.rnp.br;crn1-cce2-chesf.bkb.rnp.br;No-Hostname;No-Hostname;monipe-rn-atraso.rnp.br
1750524925,2025-06-21 13:55:25,core-popma-10g.pop-ma.rnp.br;No-Hostname;cma1-bma1.bkb.rnp.br;cpi1-cma1-tlb.bkb.rnp.br;cce1-cpi1-chesf.bkb.rnp.br;cce2-cce1.bkb.rnp.br;crn1-cce2-chesf.bkb.rnp.br;No-Hostname;No-Hostname;monipe-rn-atraso.rnp.br
1750525602,2025-06-21 14:06:42,core-popma-10g.pop-ma.rnp.br;No-Hostname;cma1-bma1.bkb.rnp.br;cpi1-cma1-tlb.bkb.rnp.br;cce1-cpi1-chesf.bkb.rnp.br;cce2-cce1.bkb.rnp.br;crn1-cce2-chesf.bkb.rnp.br;No-Hostname;No-Hostname;monipe-rn-atraso.rnp.br
1750526121,2025-06-21 14:15:21,core-popma-10g.pop-ma.rnp.br;No-Hostname;cma1-bma1.bkb.rnp.br;cpi1-cma1-tlb.bkb.rnp.br;cce1-cpi1-chesf.bkb.rnp.br;cce2-cce1.bkb.rnp.br;crn1-cce2-chesf.bkb.rnp.br;No-Hostname;No-Hostname;monipe-rn-atraso.rnp.br
1750526758,2025-06-21 14:25:58,core-popma-10g.pop-ma.rnp.br;No-Hostname;cma1-bma1.bkb.rnp.br;cpi1-cma1-tlb.bkb.rnp.br;cce1-cpi1-chesf.bkb.rnp.br;cce2-cce1.bkb.rnp.br;crn1-cce2-chesf.bkb.rnp.br;No-Hostname;No-Hostname;monipe-rn-atraso.rnp.br
1750527286,2025-06-21 14:34:46,core-popma-10g.pop-ma.rnp.br;No-Hostname;cma1-bma1.bkb.rnp.br;cpi1-cma1-tlb.bkb.rnp.br;cce1-cpi1-chesf.bkb.rnp.br;cce2-cce1.bkb.rnp.br;crn1-cce2-chesf.bkb.rnp.br;No-Hostname;No-Hostname;monipe-rn-atraso.rnp.br
1750527817,2025-06-21 14:43:37,core-popma-10g.pop-ma.rnp.br;No-Hostname;cma1-bma1.bkb.rnp.br;cpi1-cma1-tlb.bkb.rnp.br;cce1-cpi1-chesf.bkb.rnp.br;cce2-cce1.bkb.rnp.br;crn1-cce2-chesf.bkb.rnp.br;No-Hostname;No-Hostname;monipe-rn-atraso.rnp.br
1750528647,2025-06-21 14:57:27,core-popma-10g.pop-ma.rnp.br;No-Hostname;cma1-bma1.bkb.rnp.br;cpi1-cma1-tlb.bkb.rnp.br;cce1-cpi1-chesf.bkb.rnp.br;cce2-cce1.bkb.rnp.br;crn1-cce2-chesf.bkb.rnp.br;No-Hostname;No-Hostname;monipe-rn-atraso.rnp.br
1750529673,2025-06-21 15:14:33,core-popma-10g.pop-ma.rnp.br;No-Hostname;cma1-bma1.bkb.rnp.br;cpi1-cma1-tlb.bkb.rnp.br;cce1-cpi1-chesf.bkb.rnp.br;cce2-cce1.bkb.rnp.br;crn1-cce2-chesf.bkb.rnp.br;No-Hostname;No-Hostname;monipe-rn-atraso.rnp.br
1750530488,2025-06-21 15:28:08,core-popma-10g.pop-ma.rnp.br;No-Hostname;cma1-bma1.bkb.rnp.br;cpi1-cma1-tlb.bkb.rnp.br;cce1-cpi1-chesf.bkb.rnp.br;cce2-cce1.bkb.rnp.br;crn1-cce2-chesf.bkb.rnp.br;No-Hostname;No-Hostname;monipe-rn-atraso.rnp.br
1750531993,2025-06-21 15:53:13,core-popma-10g.pop-ma.rnp.br;No-Hostname;cma1-bma1.bkb.rnp.br;cpi1-cma1-tlb.bkb.rnp.br;cce1-cpi1-chesf.bkb.rnp.br;cce2-cce1.bkb.rnp.br;crn1-cce2-chesf.bkb.rnp.br;No-Hostname;No-Hostname;monipe-rn-atraso.rnp.br
1750532596,2025-06-21 16:03:16,core-popma-10g.pop-ma.rnp.br;No-Hostname;cma1-bma1.bkb.rnp.br;cpi1-cma1-tlb.bkb.rnp.br;cce1-cpi1-chesf.bkb.rnp.br;cce2-cce1.bkb.rnp.br;crn1-cce2-chesf.bkb.rnp.br;No-Hostname;No-Hostname;monipe-rn-atraso.rnp.br
1750533604,2025-06-21 16:20:04,core-popma-10g.pop-ma.rnp.br;No-Hostname;cma1-bma1.bkb.rnp.br;cpi1-cma1-tlb.bkb.rnp.br;cce1-cpi1-chesf.bkb.rnp.br;cce2-cce1.bkb.rnp.br;crn1-cce2-chesf.bkb.rnp.br;No-Hostname;No-Hostname;monipe-rn-atraso.rnp.br
1750533834,2025-06-21 16:23:54,core-popma-10g.pop-ma.rnp.br;No-Hostname;cma1-bma1.bkb.rnp.br;cpi1-cma1-tlb.bkb.rnp.br;cce1-cpi1-chesf.bkb.rnp.br;cce2-cce1.bkb.rnp.br;crn1-cce2-chesf.bkb.rnp.br;No-Hostname;No-Hostname;monipe-rn-atraso.rnp.br
1750534583,2025-06-21 16:36:23,core-popma-10g.pop-ma.rnp.br;No-Hostname;cma1-bma1.bkb.rnp.br;cpi1-cma1-tlb.bkb.rnp.br;cce1-cpi1-chesf.bkb.rnp.br;cce2-cce1.bkb.rnp.br;crn1-cce2-chesf.bkb.rnp.br;No-Hostname;No-Hostname;monipe-rn-atraso.rnp.br
1750535406,2025-06-21 16:50:06,core-popma-10g.pop-ma.rnp.br;No-Hostname;cma1-bma1.bkb.rnp.br;cpi1-cma1-tlb.bkb.rnp.br;cce1-cpi1-chesf.bkb.rnp.br;cce2-cce1.bkb.rnp.br;crn1-cce2-chesf.bkb.rnp.br;No-Hostname;No-Hostname;monipe-rn-atraso.rnp.br
1750535635,2025-06-21 16:53:55,core-popma-10g.pop-ma.rnp.br;No-Hostname;cma1-bma1.bkb.rnp.br;cpi1-cma1-tlb.bkb.rnp.br;cce1-cpi1-chesf.bkb.rnp.br;cce2-cce1.bkb.rnp.br;crn1-cce2-chesf.bkb.rnp.br;No-Hostname;No-Hostname;monipe-rn-atraso.rnp.br
1750536520,2025-06-21 17:08:40,core-popma-10g.pop-ma.rnp.br;No-Hostname;cma1-bma1.bkb.rnp.br;cpi1-cma1-tlb.bkb.rnp.br;cce1-cpi1-chesf.bkb.rnp.br;cce2-cce1.bkb.rnp.br;crn1-cce2-chesf.bkb.rnp.br;No-Hostname;No-Hostname;monipe-rn-atraso.rnp.br
1750536898,2025-06-21 17:14:58,core-popma-10g.pop-ma.rnp.br;No-Hostname;cma1-bma1.bkb.rnp.br;cpi1-cma1-tlb.bkb.rnp.br;cce1-cpi1-chesf.bkb.rnp.br;cce2-cce1.bkb.rnp.br;crn1-cce2-chesf.bkb.rnp.br;No-Hostname;No-Hostname;monipe-rn-atraso.rnp.br
1750537658,2025-06-21 17:27:38,core-popma-10g.pop-ma.rnp.br;No-Hostname;cma1-bma1.bkb.rnp.br;cpi1-cma1-tlb.bkb.rnp.br;cce1-cpi1-chesf.bkb.rnp.br;cce2-cce1.bkb.rnp.br;crn1-cce2-chesf.bkb.rnp.br;No-Hostname;No-Hostname;monipe-rn-atraso.rnp.br
1750538385,2025-06-21 17:39:45,core-popma-10g.pop-ma.rnp.br;No-Hostname;cma1-bma1.bkb.rnp.br;cpi1-cma1-tlb.bkb.rnp.br;cce1-cpi1-chesf.bkb.rnp.br;cce2-cce1.bkb.rnp.br;crn1-cce2-chesf.bkb.rnp.br;No-Hostname;No-Hostname;monipe-rn-atraso.rnp.br
1750538881,2025-06-21 17:48:01,core-popma-10g.pop-ma.rnp.br;No-Hostname;cma1-bma1.bkb.rnp.br;cpi1-cma1-tlb.bkb.rnp.br;cce1-cpi1-chesf.bkb.rnp.br;cce2-cce1.bkb.rnp.br;crn1-cce2-chesf.bkb.rnp.br;No-Hostname;No-Hostname;monipe-rn-atraso.rnp.br
1750539945,2025-06-21 18:05:45,core-popma-10g.pop-ma.rnp.br;No-Hostname;cma1-bma1.bkb.rnp.br;cpi1-cma1-tlb.bkb.rnp.br;cce1-cpi1-chesf.bkb.rnp.br;cce2-cce1.bkb.rnp.br;crn1-cce2-chesf.bkb.rnp.br;No-Hostname;No-Hostname;monipe-rn-atraso.rnp.br
1750540531,2025-06-21 18:15:31,core-popma-10g.pop-ma.rnp.br;No-Hostname;cma1-bma1.bkb.rnp.br;cpi1-cma1-tlb.bkb.rnp.br;cce1-cpi1-chesf.bkb.rnp.br;cce2-cce1.bkb.rnp.br;crn1-cce2-chesf.bkb.rnp.br;No-Hostname;No-Hostname;monipe-rn-atraso.rnp.br
1750541334,2025-06-21 18:28:54,core-popma-10g.pop-ma.rnp.br;No-Hostname;cma1-bma1.bkb.rnp.br;cpi1-cma1-tlb.bkb.rnp.br;cce1-cpi1-chesf.bkb.rnp.br;cce2-cce1.bkb.rnp.br;crn1-cce2-chesf.bkb.rnp.br;No-Hostname;No-Hostname;monipe-rn-atraso.rnp.br
1750542026,2025-06-21 18:40:26,core-popma-10g.pop-ma.rnp.br;No-Hostname;cma1-bma1.bkb.rnp.br;cpi1-cma1-tlb.bkb.rnp.br;cce1-cpi1-chesf.bkb.rnp.br;cce2-cce1.bkb.rnp.br;crn1-cce2-chesf.bkb.rnp.br;No-Hostname;No-Hostname;monipe-rn-atraso.rnp.br
1750542351,2025-06-21 18:45:51,core-popma-10g.pop-ma.rnp.br;No-Hostname;cma1-bma1.bkb.rnp.br;cpi1-cma1-tlb.bkb.rnp.br;cce1-cpi1-chesf.bkb.rnp.br;cce2-cce1.bkb.rnp.br;crn1-cce2-chesf.bkb.rnp.br;No-Hostname;No-Hostname;monipe-rn-atraso.rnp.br
1750542812,2025-06-21 18:53:32,core-popma-10g.pop-ma.rnp.br;No-Hostname;cma1-bma1.bkb.rnp.br;cpi1-cma1-tlb.bkb.rnp.br;cce1-cpi1-chesf.bkb.rnp.br;cce2-cce1.bkb.rnp.br;crn1-cce2-chesf.bkb.rnp.br;No-Hostname;No-Hostname;monipe-rn-atraso.rnp.br
1750543841,2025-06-21 19:10:41,core-popma-10g.pop-ma.rnp.br;No-Hostname;cma1-bma1.bkb.rnp.br;cpi1-cma1-tlb.bkb.rnp.br;cce1-cpi1-chesf.bkb.rnp.br;cce2-cce1.bkb.rnp.br;crn1-cce2-chesf.bkb.rnp.br;No-Hostname;No-Hostname;monipe-rn-atraso.rnp.br
1750544419,2025-06-21 19:20:19,core-popma-10g.pop-ma.rnp.br;No-Hostname;cma1-bma1.bkb.rnp.br;cpi1-cma1-tlb.bkb.rnp.br;cce1-cpi1-chesf.bkb.rnp.br;cce2-cce1.bkb.rnp.br;crn1-cce2-chesf.bkb.rnp.br;No-Hostname;No-Hostname;monipe-rn-atraso.rnp.br
1750545063,2025-06-21 19:31:03,core-popma-10g.pop-ma.rnp.br;No-Hostname;cma1-bma1.bkb.rnp.br;cpi1-cma1-tlb.bkb.rnp.br;cce1-cpi1-chesf.bkb.rnp.br;cce2-cce1.bkb.rnp.br;crn1-cce2-chesf.bkb.rnp.br;No-Hostname;No-Hostname;monipe-rn-atraso.rnp.br
1750545525,2025-06-21 19:38:45,core-popma-10g.pop-ma.rnp.br;No-Hostname;cma1-bma1.bkb.rnp.br;cpi1-cma1-tlb.bkb.rnp.br;cce1-cpi1-chesf.bkb.rnp.br;cce2-cce1.bkb.rnp.br;crn1-cce2-chesf.bkb.rnp.br;No-Hostname;No-Hostname;monipe-rn-atraso.rnp.br
1750545847,2025-06-21 19:44:07,core-popma-10g.pop-ma.rnp.br;No-Hostname;cma1-bma1.bkb.rnp.br;cpi1-cma1-tlb.bkb.rnp.br;cce1-cpi1-chesf.bkb.rnp.br;cce2-cce1.bkb.rnp.br;crn1-cce2-chesf.bkb.rnp.br;No-Hostname;No-Hostname;monipe-rn-atraso.rnp.br
1750546387,2025-06-21 19:53:07,core-popma-10g.pop-ma.rnp.br;No-Hostname;cma1-bma1.bkb.rnp.br;cpi1-cma1-tlb.bkb.rnp.br;cce1-cpi1-chesf.bkb.rnp.br;cce2-cce1.bkb.rnp.br;crn1-cce2-chesf.bkb.rnp.br;No-Hostname;No-Hostname;monipe-rn-atraso.rnp.br
1750547032,2025-06-21 20:03:52,core-popma-10g.pop-ma.rnp.br;No-Hostname;cma1-bma1.bkb.rnp.br;cpi1-cma1-tlb.bkb.rnp.br;cce1-cpi1-chesf.bkb.rnp.br;cce2-cce1.bkb.rnp.br;crn1-cce2-chesf.bkb.rnp.br;No-Hostname;No-Hostname;monipe-rn-atraso.rnp.br
1750548029,2025-06-21 20:20:29,core-popma-10g.pop-ma.rnp.br;No-Hostname;cma1-bma1.bkb.rnp.br;cpi1-cma1-tlb.bkb.rnp.br;cce1-cpi1-chesf.bkb.rnp.br;cce2-cce1.bkb.rnp.br;crn1-cce2-chesf.bkb.rnp.br;No-Hostname;No-Hostname;monipe-rn-atraso.rnp.br
1750548544,2025-06-21 20:29:04,core-popma-10g.pop-ma.rnp.br;No-Hostname;cma1-bma1.bkb.rnp.br;cpi1-cma1-tlb.bkb.rnp.br;cce1-cpi1-chesf.bkb.rnp.br;cce2-cce1.bkb.rnp.br;crn1-cce2-chesf.bkb.rnp.br;No-Hostname;No-Hostname;monipe-rn-atraso.rnp.br
1750549130,2025-06-21 20:38:50,core-popma-10g.pop-ma.rnp.br;No-Hostname;cma1-bma1.bkb.rnp.br;cpi1-cma1-tlb.bkb.rnp.br;cce1-cpi1-chesf.bkb.rnp.br;cce2-cce1.bkb.rnp.br;crn1-cce2-chesf.bkb.rnp.br;No-Hostname;No-Hostname;monipe-rn-atraso.rnp.br
1750549525,2025-06-21 20:45:25,core-popma-10g.pop-ma.rnp.br;No-Hostname;cma1-bma1.bkb.rnp.br;cpi1-cma1-tlb.bkb.rnp.br;cce1-cpi1-chesf.bkb.rnp.br;cce2-cce1.bkb.rnp.br;crn1-cce2-chesf.bkb.rnp.br;No-Hostname;No-Hostname;monipe-rn-atraso.rnp.br
1750550356,2025-06-21 20:59:16,core-popma-10g.pop-ma.rnp.br;No-Hostname;cma1-bma1.bkb.rnp.br;cpi1-cma1-tlb.bkb.rnp.br;cce1-cpi1-chesf.bkb.rnp.br;cce2-cce1.bkb.rnp.br;crn1-cce2-chesf.bkb.rnp.br;No-Hostname;No-Hostname;monipe-rn-atraso.rnp.br
1750550602,2025-06-21 21:03:22,core-popma-10g.pop-ma.rnp.br;No-Hostname;cma1-bma1.bkb.rnp.br;cpi1-cma1-tlb.bkb.rnp.br;cce1-cpi1-chesf.bkb.rnp.br;cce2-cce1.bkb.rnp.br;crn1-cce2-chesf.bkb.rnp.br;No-Hostname;No-Hostname;monipe-rn-atraso.rnp.br
1750551645,2025-06-21 21:20:45,core-popma-10g.pop-ma.rnp.br;No-Hostname;cma1-bma1.bkb.rnp.br;cpi1-cma1-tlb.bkb.rnp.br;cce1-cpi1-chesf.bkb.rnp.br;cce2-cce1.bkb.rnp.br;crn1-cce2-chesf.bkb.rnp.br;No-Hostname;No-Hostname;monipe-rn-atraso.rnp.br
1750552071,2025-06-21 21:27:51,core-popma-10g.pop-ma.rnp.br;No-Hostname;cma1-bma1.bkb.rnp.br;cpi1-cma1-tlb.bkb.rnp.br;cce1-cpi1-chesf.bkb.rnp.br;cce2-cce1.bkb.rnp.br;crn1-cce2-chesf.bkb.rnp.br;No-Hostname;No-Hostname;monipe-rn-atraso.rnp.br
1750552595,2025-06-21 21:36:35,core-popma-10g.pop-ma.rnp.br;No-Hostname;cma1-bma1.bkb.rnp.br;cpi1-cma1-tlb.bkb.rnp.br;cce1-cpi1-chesf.bkb.rnp.br;cce2-cce1.bkb.rnp.br;crn1-cce2-chesf.bkb.rnp.br;No-Hostname;No-Hostname;monipe-rn-atraso.rnp.br
1750553100,2025-06-21 21:45:00,core-popma-10g.pop-ma.rnp.br;No-Hostname;cma1-bma1.bkb.rnp.br;cpi1-cma1-tlb.bkb.rnp.br;cce1-cpi1-chesf.bkb.rnp.br;cce2-cce1.bkb.rnp.br;crn1-cce2-chesf.bkb.rnp.br;No-Hostname;No-Hostname;monipe-rn-atraso.rnp.br
1750553992,2025-06-21 21:59:52,core-popma-10g.pop-ma.rnp.br;No-Hostname;cma1-bma1.bkb.rnp.br;cpi1-cma1-tlb.bkb.rnp.br;cce1-cpi1-chesf.bkb.rnp.br;cce2-cce1.bkb.rnp.br;crn1-cce2-chesf.bkb.rnp.br;No-Hostname;No-Hostname;monipe-rn-atraso.rnp.br
1750554344,2025-06-21 22:05:44,core-popma-10g.pop-ma.rnp.br;No-Hostname;cma1-bma1.bkb.rnp.br;cpi1-cma1-tlb.bkb.rnp.br;cce1-cpi1-chesf.bkb.rnp.br;cce2-cce1.bkb.rnp.br;crn1-cce2-chesf.bkb.rnp.br;No-Hostname;No-Hostname;monipe-rn-atraso.rnp.br
1750555293,2025-06-21 22:21:33,core-popma-10g.pop-ma.rnp.br;No-Hostname;cma1-bma1.bkb.rnp.br;cpi1-cma1-tlb.bkb.rnp.br;cce1-cpi1-chesf.bkb.rnp.br;cce2-cce1.bkb.rnp.br;crn1-cce2-chesf.bkb.rnp.br;No-Hostname;No-Hostname;monipe-rn-atraso.rnp.br
1750555843,2025-06-21 22:30:43,core-popma-10g.pop-ma.rnp.br;No-Hostname;cma1-bma1.bkb.rnp.br;cpi1-cma1-tlb.bkb.rnp.br;cce1-cpi1-chesf.bkb.rnp.br;cce2-cce1.bkb.rnp.br;crn1-cce2-chesf.bkb.rnp.br;No-Hostname;No-Hostname;monipe-rn-atraso.rnp.br
1750556342,2025-06-21 22:39:02,core-popma-10g.pop-ma.rnp.br;No-Hostname;cma1-bma1.bkb.rnp.br;cpi1-cma1-tlb.bkb.rnp.br;cce1-cpi1-chesf.bkb.rnp.br;cce2-cce1.bkb.rnp.br;crn1-cce2-chesf.bkb.rnp.br;No-Hostname;No-Hostname;monipe-rn-atraso.rnp.br
1750556749,2025-06-21 22:45:49,core-popma-10g.pop-ma.rnp.br;No-Hostname;cma1-bma1.bkb.rnp.br;cpi1-cma1-tlb.bkb.rnp.br;cce1-cpi1-chesf.bkb.rnp.br;cce2-cce1.bkb.rnp.br;crn1-cce2-chesf.bkb.rnp.br;No-Hostname;No-Hostname;monipe-rn-atraso.rnp.br
1750557523,2025-06-21 22:58:43,core-popma-10g.pop-ma.rnp.br;No-Hostname;cma1-bma1.bkb.rnp.br;cpi1-cma1-tlb.bkb.rnp.br;cce1-cpi1-chesf.bkb.rnp.br;cce2-cce1.bkb.rnp.br;crn1-cce2-chesf.bkb.rnp.br;No-Hostname;No-Hostname;monipe-rn-atraso.rnp.br
1750557850,2025-06-21 23:04:10,core-popma-10g.pop-ma.rnp.br;No-Hostname;cma1-bma1.bkb.rnp.br;cpi1-cma1-tlb.bkb.rnp.br;cce1-cpi1-chesf.bkb.rnp.br;cce2-cce1.bkb.rnp.br;crn1-cce2-chesf.bkb.rnp.br;No-Hostname;No-Hostname;monipe-rn-atraso.rnp.br
1750558488,2025-06-21 23:14:48,core-popma-10g.pop-ma.rnp.br;No-Hostname;cma1-bma1.bkb.rnp.br;cpi1-cma1-tlb.bkb.rnp.br;cce1-cpi1-chesf.bkb.rnp.br;cce2-cce1.bkb.rnp.br;crn1-cce2-chesf.bkb.rnp.br;No-Hostname;No-Hostname;monipe-rn-atraso.rnp.br
1750559290,2025-06-21 23:28:10,core-popma-10g.pop-ma.rnp.br;No-Hostname;cma1-bma1.bkb.rnp.br;cpi1-cma1-tlb.bkb.rnp.br;cce1-cpi1-chesf.bkb.rnp.br;cce2-cce1.bkb.rnp.br;crn1-cce2-chesf.bkb.rnp.br;No-Hostname;No-Hostname;monipe-rn-atraso.rnp.br
1750559709,2025-06-21 23:35:09,core-popma-10g.pop-ma.rnp.br;No-Hostname;cma1-bma1.bkb.rnp.br;cpi1-cma1-tlb.bkb.rnp.br;cce1-cpi1-chesf.bkb.rnp.br;cce2-cce1.bkb.rnp.br;crn1-cce2-chesf.bkb.rnp.br;No-Hostname;No-Hostname;monipe-rn-atraso.rnp.br
1750560363,2025-06-21 23:46:03,core-popma-10g.pop-ma.rnp.br;No-Hostname;cma1-bma1.bkb.rnp.br;cpi1-cma1-tlb.bkb.rnp.br;cce1-cpi1-chesf.bkb.rnp.br;cce2-cce1.bkb.rnp.br;crn1-cce2-chesf.bkb.rnp.br;No-Hostname;No-Hostname;monipe-rn-atraso.rnp.br
1750561241,2025-06-22 00:00:41,core-popma-10g.pop-ma.rnp.br;No-Hostname;cma1-bma1.bkb.rnp.br;cpi1-cma1-tlb.bkb.rnp.br;cce1-cpi1-chesf.bkb.rnp.br;cce2-cce1.bkb.rnp.br;crn1-cce2-chesf.bkb.rnp.br;No-Hostname;No-Hostname;monipe-rn-atraso.rnp.br
1750561646,2025-06-22 00:07:26,core-popma-10g.pop-ma.rnp.br;No-Hostname;cma1-bma1.bkb.rnp.br;cpi1-cma1-tlb.bkb.rnp.br;cce1-cpi1-chesf.bkb.rnp.br;cce2-cce1.bkb.rnp.br;crn1-cce2-chesf.bkb.rnp.br;No-Hostname;No-Hostname;monipe-rn-atraso.rnp.br
1750562442,2025-06-22 00:20:42,core-popma-10g.pop-ma.rnp.br;No-Hostname;cma1-bma1.bkb.rnp.br;cpi1-cma1-tlb.bkb.rnp.br;cce1-cpi1-chesf.bkb.rnp.br;cce2-cce1.bkb.rnp.br;crn1-cce2-chesf.bkb.rnp.br;No-Hostname;No-Hostname;monipe-rn-atraso.rnp.br
1750562659,2025-06-22 00:24:19,core-popma-10g.pop-ma.rnp.br;No-Hostname;cma1-bma1.bkb.rnp.br;cpi1-cma1-tlb.bkb.rnp.br;cce1-cpi1-chesf.bkb.rnp.br;cce2-cce1.bkb.rnp.br;crn1-cce2-chesf.bkb.rnp.br;No-Hostname;No-Hostname;monipe-rn-atraso.rnp.br
1750563651,2025-06-22 00:40:51,core-popma-10g.pop-ma.rnp.br;No-Hostname;cma1-bma1.bkb.rnp.br;cpi1-cma1-tlb.bkb.rnp.br;cce1-cpi1-chesf.bkb.rnp.br;cce2-cce1.bkb.rnp.br;crn1-cce2-chesf.bkb.rnp.br;No-Hostname;No-Hostname;monipe-rn-atraso.rnp.br
1750563901,2025-06-22 00:45:01,core-popma-10g.pop-ma.rnp.br;No-Hostname;cma1-bma1.bkb.rnp.br;cpi1-cma1-tlb.bkb.rnp.br;cce1-cpi1-chesf.bkb.rnp.br;cce2-cce1.bkb.rnp.br;crn1-cce2-chesf.bkb.rnp.br;No-Hostname;No-Hostname;monipe-rn-atraso.rnp.br
1750564608,2025-06-22 00:56:48,core-popma-10g.pop-ma.rnp.br;No-Hostname;cma1-bma1.bkb.rnp.br;cpi1-cma1-tlb.bkb.rnp.br;cce1-cpi1-chesf.bkb.rnp.br;cce2-cce1.bkb.rnp.br;crn1-cce2-chesf.bkb.rnp.br;No-Hostname;No-Hostname;monipe-rn-atraso.rnp.br
1750565002,2025-06-22 01:03:22,core-popma-10g.pop-ma.rnp.br;No-Hostname;cma1-bma1.bkb.rnp.br;cpi1-cma1-tlb.bkb.rnp.br;cce1-cpi1-chesf.bkb.rnp.br;cce2-cce1.bkb.rnp.br;crn1-cce2-chesf.bkb.rnp.br;No-Hostname;No-Hostname;monipe-rn-atraso.rnp.br
1750565953,2025-06-22 01:19:13,core-popma-10g.pop-ma.rnp.br;No-Hostname;cma1-bma1.bkb.rnp.br;cpi1-cma1-tlb.bkb.rnp.br;cce1-cpi1-chesf.bkb.rnp.br;cce2-cce1.bkb.rnp.br;crn1-cce2-chesf.bkb.rnp.br;No-Hostname;No-Hostname;monipe-rn-atraso.rnp.br
1750566226,2025-06-22 01:23:46,core-popma-10g.pop-ma.rnp.br;No-Hostname;cma1-bma1.bkb.rnp.br;cpi1-cma1-tlb.bkb.rnp.br;cce1-cpi1-chesf.bkb.rnp.br;cce2-cce1.bkb.rnp.br;crn1-cce2-chesf.bkb.rnp.br;No-Hostname;No-Hostname;monipe-rn-atraso.rnp.br
1750566872,2025-06-22 01:34:32,core-popma-10g.pop-ma.rnp.br;No-Hostname;cma1-bma1.bkb.rnp.br;cpi1-cma1-tlb.bkb.rnp.br;cce1-cpi1-chesf.bkb.rnp.br;cce2-cce1.bkb.rnp.br;crn1-cce2-chesf.bkb.rnp.br;No-Hostname;No-Hostname;monipe-rn-atraso.rnp.br
1750567576,2025-06-22 01:46:16,core-popma-10g.pop-ma.rnp.br;No-Hostname;cma1-bma1.bkb.rnp.br;cpi1-cma1-tlb.bkb.rnp.br;cce1-cpi1-chesf.bkb.rnp.br;cce2-cce1.bkb.rnp.br;crn1-cce2-chesf.bkb.rnp.br;No-Hostname;No-Hostname;monipe-rn-atraso.rnp.br
1750568348,2025-06-22 01:59:08,core-popma-10g.pop-ma.rnp.br;No-Hostname;cma1-bma1.bkb.rnp.br;cpi1-cma1-tlb.bkb.rnp.br;cce1-cpi1-chesf.bkb.rnp.br;cce2-cce1.bkb.rnp.br;crn1-cce2-chesf.bkb.rnp.br;No-Hostname;No-Hostname;monipe-rn-atraso.rnp.br
1750568728,2025-06-22 02:05:28,core-popma-10g.pop-ma.rnp.br;No-Hostname;cma1-bma1.bkb.rnp.br;cpi1-cma1-tlb.bkb.rnp.br;cce1-cpi1-chesf.bkb.rnp.br;cce2-cce1.bkb.rnp.br;crn1-cce2-chesf.bkb.rnp.br;No-Hostname;No-Hostname;monipe-rn-atraso.rnp.br
1750569304,2025-06-22 02:15:04,core-popma-10g.pop-ma.rnp.br;No-Hostname;cma1-bma1.bkb.rnp.br;cpi1-cma1-tlb.bkb.rnp.br;cce1-cpi1-chesf.bkb.rnp.br;cce2-cce1.bkb.rnp.br;crn1-cce2-chesf.bkb.rnp.br;No-Hostname;No-Hostname;monipe-rn-atraso.rnp.br
1750569964,2025-06-22 02:26:04,core-popma-10g.pop-ma.rnp.br;No-Hostname;cma1-bma1.bkb.rnp.br;cpi1-cma1-tlb.bkb.rnp.br;cce1-cpi1-chesf.bkb.rnp.br;cce2-cce1.bkb.rnp.br;crn1-cce2-chesf.bkb.rnp.br;No-Hostname;No-Hostname;monipe-rn-atraso.rnp.br
1750570533,2025-06-22 02:35:33,core-popma-10g.pop-ma.rnp.br;No-Hostname;cma1-bma1.bkb.rnp.br;cpi1-cma1-tlb.bkb.rnp.br;cce1-cpi1-chesf.bkb.rnp.br;cce2-cce1.bkb.rnp.br;crn1-cce2-chesf.bkb.rnp.br;No-Hostname;No-Hostname;monipe-rn-atraso.rnp.br
1750571466,2025-06-22 02:51:06,core-popma-10g.pop-ma.rnp.br;No-Hostname;cma1-bma1.bkb.rnp.br;cpi1-cma1-tlb.bkb.rnp.br;cce1-cpi1-chesf.bkb.rnp.br;cce2-cce1.bkb.rnp.br;crn1-cce2-chesf.bkb.rnp.br;No-Hostname;No-Hostname;monipe-rn-atraso.rnp.br
1750571806,2025-06-22 02:56:46,core-popma-10g.pop-ma.rnp.br;No-Hostname;cma1-bma1.bkb.rnp.br;cpi1-cma1-tlb.bkb.rnp.br;cce1-cpi1-chesf.bkb.rnp.br;cce2-cce1.bkb.rnp.br;crn1-cce2-chesf.bkb.rnp.br;No-Hostname;No-Hostname;monipe-rn-atraso.rnp.br
1750572385,2025-06-22 03:06:25,core-popma-10g.pop-ma.rnp.br;No-Hostname;cma1-bma1.bkb.rnp.br;cpi1-cma1-tlb.bkb.rnp.br;cce1-cpi1-chesf.bkb.rnp.br;cce2-cce1.bkb.rnp.br;crn1-cce2-chesf.bkb.rnp.br;No-Hostname;No-Hostname;monipe-rn-atraso.rnp.br
1750573211,2025-06-22 03:20:11,core-popma-10g.pop-ma.rnp.br;No-Hostname;cma1-bma1.bkb.rnp.br;cpi1-cma1-tlb.bkb.rnp.br;cce1-cpi1-chesf.bkb.rnp.br;cce2-cce1.bkb.rnp.br;crn1-cce2-chesf.bkb.rnp.br;No-Hostname;No-Hostname;monipe-rn-atraso.rnp.br
1750573411,2025-06-22 03:23:31,core-popma-10g.pop-ma.rnp.br;No-Hostname;cma1-bma1.bkb.rnp.br;cpi1-cma1-tlb.bkb.rnp.br;cce1-cpi1-chesf.bkb.rnp.br;cce2-cce1.bkb.rnp.br;crn1-cce2-chesf.bkb.rnp.br;No-Hostname;No-Hostname;monipe-rn-atraso.rnp.br
1750574284,2025-06-22 03:38:04,core-popma-10g.pop-ma.rnp.br;No-Hostname;cma1-bma1.bkb.rnp.br;cpi1-cma1-tlb.bkb.rnp.br;cce1-cpi1-chesf.bkb.rnp.br;cce2-cce1.bkb.rnp.br;crn1-cce2-chesf.bkb.rnp.br;No-Hostname;No-Hostname;monipe-rn-atraso.rnp.br
1750574968,2025-06-22 03:49:28,core-popma-10g.pop-ma.rnp.br;No-Hostname;cma1-bma1.bkb.rnp.br;cpi1-cma1-tlb.bkb.rnp.br;cce1-cpi1-chesf.bkb.rnp.br;cce2-cce1.bkb.rnp.br;crn1-cce2-chesf.bkb.rnp.br;No-Hostname;No-Hostname;monipe-rn-atraso.rnp.br
1750575617,2025-06-22 04:00:17,core-popma-10g.pop-ma.rnp.br;No-Hostname;cma1-bma1.bkb.rnp.br;cpi1-cma1-tlb.bkb.rnp.br;cce1-cpi1-chesf.bkb.rnp.br;cce2-cce1.bkb.rnp.br;crn1-cce2-chesf.bkb.rnp.br;No-Hostname;No-Hostname;monipe-rn-atraso.rnp.br
1750576148,2025-06-22 04:09:08,core-popma-10g.pop-ma.rnp.br;No-Hostname;cma1-bma1.bkb.rnp.br;cpi1-cma1-tlb.bkb.rnp.br;cce1-cpi1-chesf.bkb.rnp.br;cce2-cce1.bkb.rnp.br;crn1-cce2-chesf.bkb.rnp.br;No-Hostname;No-Hostname;monipe-rn-atraso.rnp.br
1750576750,2025-06-22 04:19:10,core-popma-10g.pop-ma.rnp.br;No-Hostname;cma1-bma1.bkb.rnp.br;cpi1-cma1-tlb.bkb.rnp.br;cce1-cpi1-chesf.bkb.rnp.br;cce2-cce1.bkb.rnp.br;crn1-cce2-chesf.bkb.rnp.br;No-Hostname;No-Hostname;monipe-rn-atraso.rnp.br
1750577397,2025-06-22 04:29:57,core-popma-10g.pop-ma.rnp.br;No-Hostname;cma1-bma1.bkb.rnp.br;cpi1-cma1-tlb.bkb.rnp.br;cce1-cpi1-chesf.bkb.rnp.br;cce2-cce1.bkb.rnp.br;crn1-cce2-chesf.bkb.rnp.br;No-Hostname;No-Hostname;monipe-rn-atraso.rnp.br
1750577862,2025-06-22 04:37:42,core-popma-10g.pop-ma.rnp.br;No-Hostname;cma1-bma1.bkb.rnp.br;cpi1-cma1-tlb.bkb.rnp.br;cce1-cpi1-chesf.bkb.rnp.br;cce2-cce1.bkb.rnp.br;crn1-cce2-chesf.bkb.rnp.br;No-Hostname;No-Hostname;monipe-rn-atraso.rnp.br
1750578250,2025-06-22 04:44:10,core-popma-10g.pop-ma.rnp.br;No-Hostname;cma1-bma1.bkb.rnp.br;cpi1-cma1-tlb.bkb.rnp.br;cce1-cpi1-chesf.bkb.rnp.br;cce2-cce1.bkb.rnp.br;crn1-cce2-chesf.bkb.rnp.br;No-Hostname;No-Hostname;monipe-rn-atraso.rnp.br
1750579068,2025-06-22 04:57:48,core-popma-10g.pop-ma.rnp.br;No-Hostname;cma1-bma1.bkb.rnp.br;cpi1-cma1-tlb.bkb.rnp.br;cce1-cpi1-chesf.bkb.rnp.br;cce2-cce1.bkb.rnp.br;crn1-cce2-chesf.bkb.rnp.br;No-Hostname;No-Hostname;monipe-rn-atraso.rnp.br
1750579602,2025-06-22 05:06:42,core-popma-10g.pop-ma.rnp.br;No-Hostname;cma1-bma1.bkb.rnp.br;cpi1-cma1-tlb.bkb.rnp.br;cce1-cpi1-chesf.bkb.rnp.br;cce2-cce1.bkb.rnp.br;crn1-cce2-chesf.bkb.rnp.br;No-Hostname;No-Hostname;monipe-rn-atraso.rnp.br
1750580235,2025-06-22 05:17:15,core-popma-10g.pop-ma.rnp.br;No-Hostname;cma1-bma1.bkb.rnp.br;cpi1-cma1-tlb.bkb.rnp.br;cce1-cpi1-chesf.bkb.rnp.br;cce2-cce1.bkb.rnp.br;crn1-cce2-chesf.bkb.rnp.br;No-Hostname;No-Hostname;monipe-rn-atraso.rnp.br
1750581053,2025-06-22 05:30:53,core-popma-10g.pop-ma.rnp.br;No-Hostname;cma1-bma1.bkb.rnp.br;cpi1-cma1-tlb.bkb.rnp.br;cce1-cpi1-chesf.bkb.rnp.br;cce2-cce1.bkb.rnp.br;crn1-cce2-chesf.bkb.rnp.br;No-Hostname;No-Hostname;monipe-rn-atraso.rnp.br
1750581533,2025-06-22 05:38:53,core-popma-10g.pop-ma.rnp.br;No-Hostname;cma1-bma1.bkb.rnp.br;cpi1-cma1-tlb.bkb.rnp.br;cce1-cpi1-chesf.bkb.rnp.br;cce2-cce1.bkb.rnp.br;crn1-cce2-chesf.bkb.rnp.br;No-Hostname;No-Hostname;monipe-rn-atraso.rnp.br
1750581955,2025-06-22 05:45:55,core-popma-10g.pop-ma.rnp.br;No-Hostname;cma1-bma1.bkb.rnp.br;cpi1-cma1-tlb.bkb.rnp.br;cce1-cpi1-chesf.bkb.rnp.br;cce2-cce1.bkb.rnp.br;crn1-cce2-chesf.bkb.rnp.br;No-Hostname;No-Hostname;monipe-rn-atraso.rnp.br
1750582852,2025-06-22 06:00:52,core-popma-10g.pop-ma.rnp.br;No-Hostname;cma1-bma1.bkb.rnp.br;cpi1-cma1-tlb.bkb.rnp.br;cce1-cpi1-chesf.bkb.rnp.br;cce2-cce1.bkb.rnp.br;crn1-cce2-chesf.bkb.rnp.br;No-Hostname;No-Hostname;monipe-rn-atraso.rnp.br
1750583499,2025-06-22 06:11:39,core-popma-10g.pop-ma.rnp.br;No-Hostname;cma1-bma1.bkb.rnp.br;cpi1-cma1-tlb.bkb.rnp.br;cce1-cpi1-chesf.bkb.rnp.br;cce2-cce1.bkb.rnp.br;crn1-cce2-chesf.bkb.rnp.br;No-Hostname;No-Hostname;monipe-rn-atraso.rnp.br
1750583776,2025-06-22 06:16:16,core-popma-10g.pop-ma.rnp.br;No-Hostname;cma1-bma1.bkb.rnp.br;cpi1-cma1-tlb.bkb.rnp.br;cce1-cpi1-chesf.bkb.rnp.br;cce2-cce1.bkb.rnp.br;crn1-cce2-chesf.bkb.rnp.br;No-Hostname;No-Hostname;monipe-rn-atraso.rnp.br
1750584284,2025-06-22 06:24:44,core-popma-10g.pop-ma.rnp.br;No-Hostname;cma1-bma1.bkb.rnp.br;cpi1-cma1-tlb.bkb.rnp.br;cce1-cpi1-chesf.bkb.rnp.br;cce2-cce1.bkb.rnp.br;crn1-cce2-chesf.bkb.rnp.br;No-Hostname;No-Hostname;monipe-rn-atraso.rnp.br
1750585276,2025-06-22 06:41:16,core-popma-10g.pop-ma.rnp.br;No-Hostname;cma1-bma1.bkb.rnp.br;cpi1-cma1-tlb.bkb.rnp.br;cce1-cpi1-chesf.bkb.rnp.br;cce2-cce1.bkb.rnp.br;crn1-cce2-chesf.bkb.rnp.br;No-Hostname;No-Hostname;monipe-rn-atraso.rnp.br
1750585380,2025-06-22 06:43:00,core-popma-10g.pop-ma.rnp.br;No-Hostname;cma1-bma1.bkb.rnp.br;cpi1-cma1-tlb.bkb.rnp.br;cce1-cpi1-chesf.bkb.rnp.br;cce2-cce1.bkb.rnp.br;crn1-cce2-chesf.bkb.rnp.br;No-Hostname;No-Hostname;monipe-rn-atraso.rnp.br
1750586074,2025-06-22 06:54:34,core-popma-10g.pop-ma.rnp.br;No-Hostname;cma1-bma1.bkb.rnp.br;cpi1-cma1-tlb.bkb.rnp.br;cce1-cpi1-chesf.bkb.rnp.br;cce2-cce1.bkb.rnp.br;crn1-cce2-chesf.bkb.rnp.br;No-Hostname;No-Hostname;monipe-rn-atraso.rnp.br
1750586952,2025-06-22 07:09:12,core-popma-10g.pop-ma.rnp.br;No-Hostname;cma1-bma1.bkb.rnp.br;cpi1-cma1-tlb.bkb.rnp.br;cce1-cpi1-chesf.bkb.rnp.br;cce2-cce1.bkb.rnp.br;crn1-cce2-chesf.bkb.rnp.br;No-Hostname;No-Hostname;monipe-rn-atraso.rnp.br
1750587477,2025-06-22 07:17:57,core-popma-10g.pop-ma.rnp.br;No-Hostname;cma1-bma1.bkb.rnp.br;cpi1-cma1-tlb.bkb.rnp.br;cce1-cpi1-chesf.bkb.rnp.br;cce2-cce1.bkb.rnp.br;crn1-cce2-chesf.bkb.rnp.br;No-Hostname;No-Hostname;monipe-rn-atraso.rnp.br
1750588245,2025-06-22 07:30:45,core-popma-10g.pop-ma.rnp.br;No-Hostname;cma1-bma1.bkb.rnp.br;cpi1-cma1-tlb.bkb.rnp.br;cce1-cpi1-chesf.bkb.rnp.br;cce2-cce1.bkb.rnp.br;crn1-cce2-chesf.bkb.rnp.br;No-Hostname;No-Hostname;monipe-rn-atraso.rnp.br
1750588742,2025-06-22 07:39:02,core-popma-10g.pop-ma.rnp.br;No-Hostname;cma1-bma1.bkb.rnp.br;cpi1-cma1-tlb.bkb.rnp.br;cce1-cpi1-chesf.bkb.rnp.br;cce2-cce1.bkb.rnp.br;crn1-cce2-chesf.bkb.rnp.br;No-Hostname;No-Hostname;monipe-rn-atraso.rnp.br
1750589243,2025-06-22 07:47:23,core-popma-10g.pop-ma.rnp.br;No-Hostname;cma1-bma1.bkb.rnp.br;cpi1-cma1-tlb.bkb.rnp.br;cce1-cpi1-chesf.bkb.rnp.br;cce2-cce1.bkb.rnp.br;crn1-cce2-chesf.bkb.rnp.br;No-Hostname;No-Hostname;monipe-rn-atraso.rnp.br
1750589648,2025-06-22 07:54:08,core-popma-10g.pop-ma.rnp.br;No-Hostname;cma1-bma1.bkb.rnp.br;cpi1-cma1-tlb.bkb.rnp.br;cce1-cpi1-chesf.bkb.rnp.br;cce2-cce1.bkb.rnp.br;crn1-cce2-chesf.bkb.rnp.br;No-Hostname;No-Hostname;monipe-rn-atraso.rnp.br
1750590674,2025-06-22 08:11:14,core-popma-10g.pop-ma.rnp.br;No-Hostname;cma1-bma1.bkb.rnp.br;cpi1-cma1-tlb.bkb.rnp.br;cce1-cpi1-chesf.bkb.rnp.br;cce2-cce1.bkb.rnp.br;crn1-cce2-chesf.bkb.rnp.br;No-Hostname;No-Hostname;monipe-rn-atraso.rnp.br
1750591216,2025-06-22 08:20:16,core-popma-10g.pop-ma.rnp.br;No-Hostname;cma1-bma1.bkb.rnp.br;cpi1-cma1-tlb.bkb.rnp.br;cce1-cpi1-chesf.bkb.rnp.br;cce2-cce1.bkb.rnp.br;crn1-cce2-chesf.bkb.rnp.br;No-Hostname;No-Hostname;monipe-rn-atraso.rnp.br
1750591516,2025-06-22 08:25:16,core-popma-10g.pop-ma.rnp.br;No-Hostname;cma1-bma1.bkb.rnp.br;cpi1-cma1-tlb.bkb.rnp.br;cce1-cpi1-chesf.bkb.rnp.br;cce2-cce1.bkb.rnp.br;crn1-cce2-chesf.bkb.rnp.br;No-Hostname;No-Hostname;monipe-rn-atraso.rnp.br
1750592138,2025-06-22 08:35:38,core-popma-10g.pop-ma.rnp.br;No-Hostname;cma1-bma1.bkb.rnp.br;cpi1-cma1-tlb.bkb.rnp.br;cce1-cpi1-chesf.bkb.rnp.br;cce2-cce1.bkb.rnp.br;crn1-cce2-chesf.bkb.rnp.br;No-Hostname;No-Hostname;monipe-rn-atraso.rnp.br
1750592772,2025-06-22 08:46:12,core-popma-10g.pop-ma.rnp.br;No-Hostname;cma1-bma1.bkb.rnp.br;cpi1-cma1-tlb.bkb.rnp.br;cce1-cpi1-chesf.bkb.rnp.br;cce2-cce1.bkb.rnp.br;crn1-cce2-chesf.bkb.rnp.br;No-Hostname;No-Hostname;monipe-rn-atraso.rnp.br
1750593537,2025-06-22 08:58:57,core-popma-10g.pop-ma.rnp.br;No-Hostname;cma1-bma1.bkb.rnp.br;cpi1-cma1-tlb.bkb.rnp.br;cce1-cpi1-chesf.bkb.rnp.br;cce2-cce1.bkb.rnp.br;crn1-cce2-chesf.bkb.rnp.br;No-Hostname;No-Hostname;monipe-rn-atraso.rnp.br
1750594019,2025-06-22 09:06:59,core-popma-10g.pop-ma.rnp.br;No-Hostname;cma1-bma1.bkb.rnp.br;cpi1-cma1-tlb.bkb.rnp.br;cce1-cpi1-chesf.bkb.rnp.br;cce2-cce1.bkb.rnp.br;crn1-cce2-chesf.bkb.rnp.br;No-Hostname;No-Hostname;monipe-rn-atraso.rnp.br
1750594911,2025-06-22 09:21:51,core-popma-10g.pop-ma.rnp.br;No-Hostname;cma1-bma1.bkb.rnp.br;cpi1-cma1-tlb.bkb.rnp.br;cce1-cpi1-chesf.bkb.rnp.br;cce2-cce1.bkb.rnp.br;crn1-cce2-chesf.bkb.rnp.br;No-Hostname;No-Hostname;monipe-rn-atraso.rnp.br
1750595004,2025-06-22 09:23:24,core-popma-10g.pop-ma.rnp.br;No-Hostname;cma1-bma1.bkb.rnp.br;cpi1-cma1-tlb.bkb.rnp.br;cce1-cpi1-chesf.bkb.rnp.br;cce2-cce1.bkb.rnp.br;crn1-cce2-chesf.bkb.rnp.br;No-Hostname;No-Hostname;monipe-rn-atraso.rnp.br
1750595740,2025-06-22 09:35:40,core-popma-10g.pop-ma.rnp.br;No-Hostname;cma1-bma1.bkb.rnp.br;cpi1-cma1-tlb.bkb.rnp.br;cce1-cpi1-chesf.bkb.rnp.br;cce2-cce1.bkb.rnp.br;crn1-cce2-chesf.bkb.rnp.br;No-Hostname;No-Hostname;monipe-rn-atraso.rnp.br
1750596285,2025-06-22 09:44:45,core-popma-10g.pop-ma.rnp.br;No-Hostname;cma1-bma1.bkb.rnp.br;cpi1-cma1-tlb.bkb.rnp.br;cce1-cpi1-chesf.bkb.rnp.br;cce2-cce1.bkb.rnp.br;crn1-cce2-chesf.bkb.rnp.br;No-Hostname;No-Hostname;monipe-rn-atraso.rnp.br
1750596794,2025-06-22 09:53:14,core-popma-10g.pop-ma.rnp.br;No-Hostname;cma1-bma1.bkb.rnp.br;cpi1-cma1-tlb.bkb.rnp.br;cce1-cpi1-chesf.bkb.rnp.br;cce2-cce1.bkb.rnp.br;crn1-cce2-chesf.bkb.rnp.br;No-Hostname;No-Hostname;monipe-rn-atraso.rnp.br
1750597786,2025-06-22 10:09:46,core-popma-10g.pop-ma.rnp.br;No-Hostname;cma1-bma1.bkb.rnp.br;cpi1-cma1-tlb.bkb.rnp.br;cce1-cpi1-chesf.bkb.rnp.br;cce2-cce1.bkb.rnp.br;crn1-cce2-chesf.bkb.rnp.br;No-Hostname;No-Hostname;monipe-rn-atraso.rnp.br
1750598037,2025-06-22 10:13:57,core-popma-10g.pop-ma.rnp.br;No-Hostname;cma1-bma1.bkb.rnp.br;cpi1-cma1-tlb.bkb.rnp.br;cce1-cpi1-chesf.bkb.rnp.br;cce2-cce1.bkb.rnp.br;crn1-cce2-chesf.bkb.rnp.br;No-Hostname;No-Hostname;monipe-rn-atraso.rnp.br
1750599005,2025-06-22 10:30:05,core-popma-10g.pop-ma.rnp.br;No-Hostname;cma1-bma1.bkb.rnp.br;cpi1-cma1-tlb.bkb.rnp.br;cce1-cpi1-chesf.bkb.rnp.br;cce2-cce1.bkb.rnp.br;crn1-cce2-chesf.bkb.rnp.br;No-Hostname;No-Hostname;monipe-rn-atraso.rnp.br
1750599332,2025-06-22 10:35:32,core-popma-10g.pop-ma.rnp.br;No-Hostname;cma1-bma1.bkb.rnp.br;cpi1-cma1-tlb.bkb.rnp.br;cce1-cpi1-chesf.bkb.rnp.br;cce2-cce1.bkb.rnp.br;crn1-cce2-chesf.bkb.rnp.br;No-Hostname;No-Hostname;monipe-rn-atraso.rnp.br
1750599959,2025-06-22 10:45:59,core-popma-10g.pop-ma.rnp.br;No-Hostname;cma1-bma1.bkb.rnp.br;cpi1-cma1-tlb.bkb.rnp.br;cce1-cpi1-chesf.bkb.rnp.br;cce2-cce1.bkb.rnp.br;crn1-cce2-chesf.bkb.rnp.br;No-Hostname;No-Hostname;monipe-rn-atraso.rnp.br
1750600622,2025-06-22 10:57:02,core-popma-10g.pop-ma.rnp.br;No-Hostname;cma1-bma1.bkb.rnp.br;cpi1-cma1-tlb.bkb.rnp.br;cce1-cpi1-chesf.bkb.rnp.br;cce2-cce1.bkb.rnp.br;crn1-cce2-chesf.bkb.rnp.br;No-Hostname;No-Hostname;monipe-rn-atraso.rnp.br
1750601107,2025-06-22 11:05:07,core-popma-10g.pop-ma.rnp.br;No-Hostname;cma1-bma1.bkb.rnp.br;cpi1-cma1-tlb.bkb.rnp.br;cce1-cpi1-chesf.bkb.rnp.br;cce2-cce1.bkb.rnp.br;crn1-cce2-chesf.bkb.rnp.br;No-Hostname;No-Hostname;monipe-rn-atraso.rnp.br
1750602101,2025-06-22 11:21:41,core-popma-10g.pop-ma.rnp.br;No-Hostname;cma1-bma1.bkb.rnp.br;cpi1-cma1-tlb.bkb.rnp.br;cce1-cpi1-chesf.bkb.rnp.br;cce2-cce1.bkb.rnp.br;crn1-cce2-chesf.bkb.rnp.br;No-Hostname;No-Hostname;monipe-rn-atraso.rnp.br
1750602194,2025-06-22 11:23:14,core-popma-10g.pop-ma.rnp.br;No-Hostname;cma1-bma1.bkb.rnp.br;cpi1-cma1-tlb.bkb.rnp.br;cce1-cpi1-chesf.bkb.rnp.br;cce2-cce1.bkb.rnp.br;crn1-cce2-chesf.bkb.rnp.br;No-Hostname;No-Hostname;monipe-rn-atraso.rnp.br
1750602991,2025-06-22 11:36:31,core-popma-10g.pop-ma.rnp.br;No-Hostname;cma1-bma1.bkb.rnp.br;cpi1-cma1-tlb.bkb.rnp.br;cce1-cpi1-chesf.bkb.rnp.br;cce2-cce1.bkb.rnp.br;crn1-cce2-chesf.bkb.rnp.br;No-Hostname;No-Hostname;monipe-rn-atraso.rnp.br
1750603612,2025-06-22 11:46:52,core-popma-10g.pop-ma.rnp.br;No-Hostname;cma1-bma1.bkb.rnp.br;cpi1-cma1-tlb.bkb.rnp.br;cce1-cpi1-chesf.bkb.rnp.br;cce2-cce1.bkb.rnp.br;crn1-cce2-chesf.bkb.rnp.br;No-Hostname;No-Hostname;monipe-rn-atraso.rnp.br
1750604173,2025-06-22 11:56:13,core-popma-10g.pop-ma.rnp.br;No-Hostname;cma1-bma1.bkb.rnp.br;cpi1-cma1-tlb.bkb.rnp.br;cce1-cpi1-chesf.bkb.rnp.br;cce2-cce1.bkb.rnp.br;crn1-cce2-chesf.bkb.rnp.br;No-Hostname;No-Hostname;monipe-rn-atraso.rnp.br
1750604826,2025-06-22 12:07:06,core-popma-10g.pop-ma.rnp.br;No-Hostname;cma1-bma1.bkb.rnp.br;cpi1-cma1-tlb.bkb.rnp.br;cce1-cpi1-chesf.bkb.rnp.br;cce2-cce1.bkb.rnp.br;crn1-cce2-chesf.bkb.rnp.br;No-Hostname;No-Hostname;monipe-rn-atraso.rnp.br
1750605334,2025-06-22 12:15:34,core-popma-10g.pop-ma.rnp.br;No-Hostname;cma1-bma1.bkb.rnp.br;cpi1-cma1-tlb.bkb.rnp.br;cce1-cpi1-chesf.bkb.rnp.br;cce2-cce1.bkb.rnp.br;crn1-cce2-chesf.bkb.rnp.br;No-Hostname;No-Hostname;monipe-rn-atraso.rnp.br
1750606042,2025-06-22 12:27:22,core-popma-10g.pop-ma.rnp.br;No-Hostname;cma1-bma1.bkb.rnp.br;cpi1-cma1-tlb.bkb.rnp.br;cce1-cpi1-chesf.bkb.rnp.br;cce2-cce1.bkb.rnp.br;crn1-cce2-chesf.bkb.rnp.br;No-Hostname;No-Hostname;monipe-rn-atraso.rnp.br
1750606876,2025-06-22 12:41:16,core-popma-10g.pop-ma.rnp.br;No-Hostname;cma1-bma1.bkb.rnp.br;cpi1-cma1-tlb.bkb.rnp.br;cce1-cpi1-chesf.bkb.rnp.br;cce2-cce1.bkb.rnp.br;crn1-cce2-chesf.bkb.rnp.br;No-Hostname;No-Hostname;monipe-rn-atraso.rnp.br
1750607090,2025-06-22 12:44:50,core-popma-10g.pop-ma.rnp.br;No-Hostname;cma1-bma1.bkb.rnp.br;cpi1-cma1-tlb.bkb.rnp.br;cce1-cpi1-chesf.bkb.rnp.br;cce2-cce1.bkb.rnp.br;crn1-cce2-chesf.bkb.rnp.br;No-Hostname;No-Hostname;monipe-rn-atraso.rnp.br
1750607883,2025-06-22 12:58:03,core-popma-10g.pop-ma.rnp.br;No-Hostname;cma1-bma1.bkb.rnp.br;cpi1-cma1-tlb.bkb.rnp.br;cce1-cpi1-chesf.bkb.rnp.br;cce2-cce1.bkb.rnp.br;crn1-cce2-chesf.bkb.rnp.br;No-Hostname;No-Hostname;monipe-rn-atraso.rnp.br
1750608625,2025-06-22 13:10:25,core-popma-10g.pop-ma.rnp.br;No-Hostname;cma1-bma1.bkb.rnp.br;cpi1-cma1-tlb.bkb.rnp.br;cce1-cpi1-chesf.bkb.rnp.br;cce2-cce1.bkb.rnp.br;crn1-cce2-chesf.bkb.rnp.br;No-Hostname;No-Hostname;monipe-rn-atraso.rnp.br
1750609240,2025-06-22 13:20:40,core-popma-10g.pop-ma.rnp.br;No-Hostname;cma1-bma1.bkb.rnp.br;cpi1-cma1-tlb.bkb.rnp.br;cce1-cpi1-chesf.bkb.rnp.br;cce2-cce1.bkb.rnp.br;crn1-cce2-chesf.bkb.rnp.br;No-Hostname;No-Hostname;monipe-rn-atraso.rnp.br
1750609418,2025-06-22 13:23:38,core-popma-10g.pop-ma.rnp.br;No-Hostname;cma1-bma1.bkb.rnp.br;cpi1-cma1-tlb.bkb.rnp.br;cce1-cpi1-chesf.bkb.rnp.br;cce2-cce1.bkb.rnp.br;crn1-cce2-chesf.bkb.rnp.br;No-Hostname;No-Hostname;monipe-rn-atraso.rnp.br
1750610085,2025-06-22 13:34:45,core-popma-10g.pop-ma.rnp.br;No-Hostname;cma1-bma1.bkb.rnp.br;cpi1-cma1-tlb.bkb.rnp.br;cce1-cpi1-chesf.bkb.rnp.br;cce2-cce1.bkb.rnp.br;crn1-cce2-chesf.bkb.rnp.br;No-Hostname;No-Hostname;monipe-rn-atraso.rnp.br
1750610638,2025-06-22 13:43:58,core-popma-10g.pop-ma.rnp.br;No-Hostname;cma1-bma1.bkb.rnp.br;cpi1-cma1-tlb.bkb.rnp.br;cce1-cpi1-chesf.bkb.rnp.br;cce2-cce1.bkb.rnp.br;crn1-cce2-chesf.bkb.rnp.br;No-Hostname;No-Hostname;monipe-rn-atraso.rnp.br
1750611513,2025-06-22 13:58:33,core-popma-10g.pop-ma.rnp.br;No-Hostname;cma1-bma1.bkb.rnp.br;cpi1-cma1-tlb.bkb.rnp.br;cce1-cpi1-chesf.bkb.rnp.br;cce2-cce1.bkb.rnp.br;crn1-cce2-chesf.bkb.rnp.br;No-Hostname;No-Hostname;monipe-rn-atraso.rnp.br
1750611874,2025-06-22 14:04:34,core-popma-10g.pop-ma.rnp.br;No-Hostname;cma1-bma1.bkb.rnp.br;cpi1-cma1-tlb.bkb.rnp.br;cce1-cpi1-chesf.bkb.rnp.br;cce2-cce1.bkb.rnp.br;crn1-cce2-chesf.bkb.rnp.br;No-Hostname;No-Hostname;monipe-rn-atraso.rnp.br
1750612451,2025-06-22 14:14:11,core-popma-10g.pop-ma.rnp.br;No-Hostname;cma1-bma1.bkb.rnp.br;cpi1-cma1-tlb.bkb.rnp.br;cce1-cpi1-chesf.bkb.rnp.br;cce2-cce1.bkb.rnp.br;crn1-cce2-chesf.bkb.rnp.br;No-Hostname;No-Hostname;monipe-rn-atraso.rnp.br
1750613155,2025-06-22 14:25:55,core-popma-10g.pop-ma.rnp.br;No-Hostname;cma1-bma1.bkb.rnp.br;cpi1-cma1-tlb.bkb.rnp.br;cce1-cpi1-chesf.bkb.rnp.br;cce2-cce1.bkb.rnp.br;crn1-cce2-chesf.bkb.rnp.br;No-Hostname;No-Hostname;monipe-rn-atraso.rnp.br
1750613814,2025-06-22 14:36:54,core-popma-10g.pop-ma.rnp.br;No-Hostname;cma1-bma1.bkb.rnp.br;cpi1-cma1-tlb.bkb.rnp.br;cce1-cpi1-chesf.bkb.rnp.br;cce2-cce1.bkb.rnp.br;crn1-cce2-chesf.bkb.rnp.br;No-Hostname;No-Hostname;monipe-rn-atraso.rnp.br
1750614924,2025-06-22 14:55:24,core-popma-10g.pop-ma.rnp.br;No-Hostname;cma1-bma1.bkb.rnp.br;cpi1-cma1-tlb.bkb.rnp.br;cce1-cpi1-chesf.bkb.rnp.br;cce2-cce1.bkb.rnp.br;crn1-cce2-chesf.bkb.rnp.br;No-Hostname;No-Hostname;monipe-rn-atraso.rnp.br
1750615578,2025-06-22 15:06:18,core-popma-10g.pop-ma.rnp.br;No-Hostname;cma1-bma1.bkb.rnp.br;cpi1-cma1-tlb.bkb.rnp.br;cce1-cpi1-chesf.bkb.rnp.br;cce2-cce1.bkb.rnp.br;crn1-cce2-chesf.bkb.rnp.br;No-Hostname;No-Hostname;monipe-rn-atraso.rnp.br
1750616279,2025-06-22 15:17:59,core-popma-10g.pop-ma.rnp.br;No-Hostname;cma1-bma1.bkb.rnp.br;cpi1-cma1-tlb.bkb.rnp.br;cce1-cpi1-chesf.bkb.rnp.br;cce2-cce1.bkb.rnp.br;crn1-cce2-chesf.bkb.rnp.br;No-Hostname;No-Hostname;monipe-rn-atraso.rnp.br
1750617036,2025-06-22 15:30:36,core-popma-10g.pop-ma.rnp.br;No-Hostname;cma1-bma1.bkb.rnp.br;cpi1-cma1-tlb.bkb.rnp.br;cce1-cpi1-chesf.bkb.rnp.br;cce2-cce1.bkb.rnp.br;crn1-cce2-chesf.bkb.rnp.br;No-Hostname;No-Hostname;monipe-rn-atraso.rnp.br
1750617659,2025-06-22 15:40:59,core-popma-10g.pop-ma.rnp.br;No-Hostname;cma1-bma1.bkb.rnp.br;cpi1-cma1-tlb.bkb.rnp.br;cce1-cpi1-chesf.bkb.rnp.br;cce2-cce1.bkb.rnp.br;crn1-cce2-chesf.bkb.rnp.br;No-Hostname;No-Hostname;monipe-rn-atraso.rnp.br
1750618006,2025-06-22 15:46:46,core-popma-10g.pop-ma.rnp.br;No-Hostname;cma1-bma1.bkb.rnp.br;cpi1-cma1-tlb.bkb.rnp.br;cce1-cpi1-chesf.bkb.rnp.br;cce2-cce1.bkb.rnp.br;crn1-cce2-chesf.bkb.rnp.br;No-Hostname;No-Hostname;monipe-rn-atraso.rnp.br
1750618841,2025-06-22 16:00:41,core-popma-10g.pop-ma.rnp.br;No-Hostname;cma1-bma1.bkb.rnp.br;cpi1-cma1-tlb.bkb.rnp.br;cce1-cpi1-chesf.bkb.rnp.br;cce2-cce1.bkb.rnp.br;crn1-cce2-chesf.bkb.rnp.br;No-Hostname;No-Hostname;monipe-rn-atraso.rnp.br
1750619297,2025-06-22 16:08:17,core-popma-10g.pop-ma.rnp.br;No-Hostname;cma1-bma1.bkb.rnp.br;cpi1-cma1-tlb.bkb.rnp.br;cce1-cpi1-chesf.bkb.rnp.br;cce2-cce1.bkb.rnp.br;crn1-cce2-chesf.bkb.rnp.br;No-Hostname;No-Hostname;monipe-rn-atraso.rnp.br
1750619620,2025-06-22 16:13:40,core-popma-10g.pop-ma.rnp.br;No-Hostname;cma1-bma1.bkb.rnp.br;cpi1-cma1-tlb.bkb.rnp.br;cce1-cpi1-chesf.bkb.rnp.br;cce2-cce1.bkb.rnp.br;crn1-cce2-chesf.bkb.rnp.br;No-Hostname;No-Hostname;monipe-rn-atraso.rnp.br
1750620348,2025-06-22 16:25:48,core-popma-10g.pop-ma.rnp.br;No-Hostname;cma1-bma1.bkb.rnp.br;cpi1-cma1-tlb.bkb.rnp.br;cce1-cpi1-chesf.bkb.rnp.br;cce2-cce1.bkb.rnp.br;crn1-cce2-chesf.bkb.rnp.br;No-Hostname;No-Hostname;monipe-rn-atraso.rnp.br
1750621254,2025-06-22 16:40:54,core-popma-10g.pop-ma.rnp.br;No-Hostname;cma1-bma1.bkb.rnp.br;cpi1-cma1-tlb.bkb.rnp.br;cce1-cpi1-chesf.bkb.rnp.br;cce2-cce1.bkb.rnp.br;crn1-cce2-chesf.bkb.rnp.br;No-Hostname;No-Hostname;monipe-rn-atraso.rnp.br
1750621504,2025-06-22 16:45:04,core-popma-10g.pop-ma.rnp.br;No-Hostname;cma1-bma1.bkb.rnp.br;cpi1-cma1-tlb.bkb.rnp.br;cce1-cpi1-chesf.bkb.rnp.br;cce2-cce1.bkb.rnp.br;crn1-cce2-chesf.bkb.rnp.br;No-Hostname;No-Hostname;monipe-rn-atraso.rnp.br
1750622304,2025-06-22 16:58:24,core-popma-10g.pop-ma.rnp.br;No-Hostname;cma1-bma1.bkb.rnp.br;cpi1-cma1-tlb.bkb.rnp.br;cce1-cpi1-chesf.bkb.rnp.br;cce2-cce1.bkb.rnp.br;crn1-cce2-chesf.bkb.rnp.br;No-Hostname;No-Hostname;monipe-rn-atraso.rnp.br
1750622938,2025-06-22 17:08:58,core-popma-10g.pop-ma.rnp.br;No-Hostname;cma1-bma1.bkb.rnp.br;cpi1-cma1-tlb.bkb.rnp.br;cce1-cpi1-chesf.bkb.rnp.br;cce2-cce1.bkb.rnp.br;crn1-cce2-chesf.bkb.rnp.br;No-Hostname;No-Hostname;monipe-rn-atraso.rnp.br
1750623497,2025-06-22 17:18:17,core-popma-10g.pop-ma.rnp.br;No-Hostname;cma1-bma1.bkb.rnp.br;cpi1-cma1-tlb.bkb.rnp.br;cce1-cpi1-chesf.bkb.rnp.br;cce2-cce1.bkb.rnp.br;crn1-cce2-chesf.bkb.rnp.br;No-Hostname;No-Hostname;monipe-rn-atraso.rnp.br
1750624118,2025-06-22 17:28:38,core-popma-10g.pop-ma.rnp.br;No-Hostname;cma1-bma1.bkb.rnp.br;cpi1-cma1-tlb.bkb.rnp.br;cce1-cpi1-chesf.bkb.rnp.br;cce2-cce1.bkb.rnp.br;crn1-cce2-chesf.bkb.rnp.br;No-Hostname;No-Hostname;monipe-rn-atraso.rnp.br
1750624726,2025-06-22 17:38:46,core-popma-10g.pop-ma.rnp.br;No-Hostname;cma1-bma1.bkb.rnp.br;cpi1-cma1-tlb.bkb.rnp.br;cce1-cpi1-chesf.bkb.rnp.br;cce2-cce1.bkb.rnp.br;crn1-cce2-chesf.bkb.rnp.br;No-Hostname;No-Hostname;monipe-rn-atraso.rnp.br
1750625470,2025-06-22 17:51:10,core-popma-10g.pop-ma.rnp.br;No-Hostname;cma1-bma1.bkb.rnp.br;cpi1-cma1-tlb.bkb.rnp.br;cce1-cpi1-chesf.bkb.rnp.br;cce2-cce1.bkb.rnp.br;crn1-cce2-chesf.bkb.rnp.br;No-Hostname;No-Hostname;monipe-rn-atraso.rnp.br
1750625691,2025-06-22 17:54:51,core-popma-10g.pop-ma.rnp.br;No-Hostname;cma1-bma1.bkb.rnp.br;cpi1-cma1-tlb.bkb.rnp.br;cce1-cpi1-chesf.bkb.rnp.br;cce2-cce1.bkb.rnp.br;crn1-cce2-chesf.bkb.rnp.br;No-Hostname;No-Hostname;monipe-rn-atraso.rnp.br
1750626298,2025-06-22 18:04:58,core-popma-10g.pop-ma.rnp.br;No-Hostname;cma1-bma1.bkb.rnp.br;cpi1-cma1-tlb.bkb.rnp.br;cce1-cpi1-chesf.bkb.rnp.br;cce2-cce1.bkb.rnp.br;crn1-cce2-chesf.bkb.rnp.br;No-Hostname;No-Hostname;monipe-rn-atraso.rnp.br
1750626862,2025-06-22 18:14:22,core-popma-10g.pop-ma.rnp.br;No-Hostname;cma1-bma1.bkb.rnp.br;cpi1-cma1-tlb.bkb.rnp.br;cce1-cpi1-chesf.bkb.rnp.br;cce2-cce1.bkb.rnp.br;crn1-cce2-chesf.bkb.rnp.br;No-Hostname;No-Hostname;monipe-rn-atraso.rnp.br
1750627792,2025-06-22 18:29:52,core-popma-10g.pop-ma.rnp.br;No-Hostname;cma1-bma1.bkb.rnp.br;cpi1-cma1-tlb.bkb.rnp.br;cce1-cpi1-chesf.bkb.rnp.br;cce2-cce1.bkb.rnp.br;crn1-cce2-chesf.bkb.rnp.br;No-Hostname;No-Hostname;monipe-rn-atraso.rnp.br
1750628300,2025-06-22 18:38:20,core-popma-10g.pop-ma.rnp.br;No-Hostname;cma1-bma1.bkb.rnp.br;cpi1-cma1-tlb.bkb.rnp.br;cce1-cpi1-chesf.bkb.rnp.br;cce2-cce1.bkb.rnp.br;crn1-cce2-chesf.bkb.rnp.br;No-Hostname;No-Hostname;monipe-rn-atraso.rnp.br
1750628947,2025-06-22 18:49:07,core-popma-10g.pop-ma.rnp.br;No-Hostname;cma1-bma1.bkb.rnp.br;cpi1-cma1-tlb.bkb.rnp.br;cce1-cpi1-chesf.bkb.rnp.br;cce2-cce1.bkb.rnp.br;crn1-cce2-chesf.bkb.rnp.br;No-Hostname;No-Hostname;monipe-rn-atraso.rnp.br
1750629578,2025-06-22 18:59:38,core-popma-10g.pop-ma.rnp.br;No-Hostname;cma1-bma1.bkb.rnp.br;cpi1-cma1-tlb.bkb.rnp.br;cce1-cpi1-chesf.bkb.rnp.br;cce2-cce1.bkb.rnp.br;crn1-cce2-chesf.bkb.rnp.br;No-Hostname;No-Hostname;monipe-rn-atraso.rnp.br
1750630084,2025-06-22 19:08:04,core-popma-10g.pop-ma.rnp.br;No-Hostname;cma1-bma1.bkb.rnp.br;cpi1-cma1-tlb.bkb.rnp.br;cce1-cpi1-chesf.bkb.rnp.br;cce2-cce1.bkb.rnp.br;crn1-cce2-chesf.bkb.rnp.br;No-Hostname;No-Hostname;monipe-rn-atraso.rnp.br
1750630623,2025-06-22 19:17:03,core-popma-10g.pop-ma.rnp.br;No-Hostname;cma1-bma1.bkb.rnp.br;cpi1-cma1-tlb.bkb.rnp.br;cce1-cpi1-chesf.bkb.rnp.br;cce2-cce1.bkb.rnp.br;crn1-cce2-chesf.bkb.rnp.br;No-Hostname;No-Hostname;monipe-rn-atraso.rnp.br
1750631311,2025-06-22 19:28:31,core-popma-10g.pop-ma.rnp.br;No-Hostname;cma1-bma1.bkb.rnp.br;cpi1-cma1-tlb.bkb.rnp.br;cce1-cpi1-chesf.bkb.rnp.br;cce2-cce1.bkb.rnp.br;crn1-cce2-chesf.bkb.rnp.br;No-Hostname;No-Hostname;monipe-rn-atraso.rnp.br
1750631586,2025-06-22 19:33:06,core-popma-10g.pop-ma.rnp.br;No-Hostname;cma1-bma1.bkb.rnp.br;cpi1-cma1-tlb.bkb.rnp.br;cce1-cpi1-chesf.bkb.rnp.br;cce2-cce1.bkb.rnp.br;crn1-cce2-chesf.bkb.rnp.br;No-Hostname;No-Hostname;monipe-rn-atraso.rnp.br
1750632251,2025-06-22 19:44:11,core-popma-10g.pop-ma.rnp.br;No-Hostname;cma1-bma1.bkb.rnp.br;cpi1-cma1-tlb.bkb.rnp.br;cce1-cpi1-chesf.bkb.rnp.br;cce2-cce1.bkb.rnp.br;crn1-cce2-chesf.bkb.rnp.br;No-Hostname;No-Hostname;monipe-rn-atraso.rnp.br
1750632829,2025-06-22 19:53:49,core-popma-10g.pop-ma.rnp.br;No-Hostname;cma1-bma1.bkb.rnp.br;cpi1-cma1-tlb.bkb.rnp.br;cce1-cpi1-chesf.bkb.rnp.br;cce2-cce1.bkb.rnp.br;crn1-cce2-chesf.bkb.rnp.br;No-Hostname;No-Hostname;monipe-rn-atraso.rnp.br
1750633732,2025-06-22 20:08:52,core-popma-10g.pop-ma.rnp.br;No-Hostname;cma1-bma1.bkb.rnp.br;cpi1-cma1-tlb.bkb.rnp.br;cce1-cpi1-chesf.bkb.rnp.br;cce2-cce1.bkb.rnp.br;crn1-cce2-chesf.bkb.rnp.br;No-Hostname;No-Hostname;monipe-rn-atraso.rnp.br
1750634285,2025-06-22 20:18:05,core-popma-10g.pop-ma.rnp.br;No-Hostname;cma1-bma1.bkb.rnp.br;cpi1-cma1-tlb.bkb.rnp.br;cce1-cpi1-chesf.bkb.rnp.br;cce2-cce1.bkb.rnp.br;crn1-cce2-chesf.bkb.rnp.br;No-Hostname;No-Hostname;monipe-rn-atraso.rnp.br
1750634893,2025-06-22 20:28:13,core-popma-10g.pop-ma.rnp.br;No-Hostname;cma1-bma1.bkb.rnp.br;cpi1-cma1-tlb.bkb.rnp.br;cce1-cpi1-chesf.bkb.rnp.br;cce2-cce1.bkb.rnp.br;crn1-cce2-chesf.bkb.rnp.br;No-Hostname;No-Hostname;monipe-rn-atraso.rnp.br
1750635266,2025-06-22 20:34:26,core-popma-10g.pop-ma.rnp.br;No-Hostname;cma1-bma1.bkb.rnp.br;cpi1-cma1-tlb.bkb.rnp.br;cce1-cpi1-chesf.bkb.rnp.br;cce2-cce1.bkb.rnp.br;crn1-cce2-chesf.bkb.rnp.br;No-Hostname;No-Hostname;monipe-rn-atraso.rnp.br
1750636074,2025-06-22 20:47:54,core-popma-10g.pop-ma.rnp.br;No-Hostname;cma1-bma1.bkb.rnp.br;cpi1-cma1-tlb.bkb.rnp.br;cce1-cpi1-chesf.bkb.rnp.br;cce2-cce1.bkb.rnp.br;crn1-cce2-chesf.bkb.rnp.br;No-Hostname;No-Hostname;monipe-rn-atraso.rnp.br
1750636848,2025-06-22 21:00:48,core-popma-10g.pop-ma.rnp.br;No-Hostname;cma1-bma1.bkb.rnp.br;cpi1-cma1-tlb.bkb.rnp.br;cce1-cpi1-chesf.bkb.rnp.br;cce2-cce1.bkb.rnp.br;crn1-cce2-chesf.bkb.rnp.br;No-Hostname;No-Hostname;monipe-rn-atraso.rnp.br
1750637091,2025-06-22 21:04:51,core-popma-10g.pop-ma.rnp.br;No-Hostname;cma1-bma1.bkb.rnp.br;cpi1-cma1-tlb.bkb.rnp.br;cce1-cpi1-chesf.bkb.rnp.br;cce2-cce1.bkb.rnp.br;crn1-cce2-chesf.bkb.rnp.br;No-Hostname;No-Hostname;monipe-rn-atraso.rnp.br
1750637806,2025-06-22 21:16:46,core-popma-10g.pop-ma.rnp.br;No-Hostname;cma1-bma1.bkb.rnp.br;cpi1-cma1-tlb.bkb.rnp.br;cce1-cpi1-chesf.bkb.rnp.br;cce2-cce1.bkb.rnp.br;crn1-cce2-chesf.bkb.rnp.br;No-Hostname;No-Hostname;monipe-rn-atraso.rnp.br
1750638651,2025-06-22 21:30:51,core-popma-10g.pop-ma.rnp.br;No-Hostname;cma1-bma1.bkb.rnp.br;cpi1-cma1-tlb.bkb.rnp.br;cce1-cpi1-chesf.bkb.rnp.br;cce2-cce1.bkb.rnp.br;crn1-cce2-chesf.bkb.rnp.br;No-Hostname;No-Hostname;monipe-rn-atraso.rnp.br
1750638991,2025-06-22 21:36:31,core-popma-10g.pop-ma.rnp.br;No-Hostname;cma1-bma1.bkb.rnp.br;cpi1-cma1-tlb.bkb.rnp.br;cce1-cpi1-chesf.bkb.rnp.br;cce2-cce1.bkb.rnp.br;crn1-cce2-chesf.bkb.rnp.br;No-Hostname;No-Hostname;monipe-rn-atraso.rnp.br
1750639691,2025-06-22 21:48:11,core-popma-10g.pop-ma.rnp.br;No-Hostname;cma1-bma1.bkb.rnp.br;cpi1-cma1-tlb.bkb.rnp.br;cce1-cpi1-chesf.bkb.rnp.br;cce2-cce1.bkb.rnp.br;crn1-cce2-chesf.bkb.rnp.br;No-Hostname;No-Hostname;monipe-rn-atraso.rnp.br
1750640181,2025-06-22 21:56:21,core-popma-10g.pop-ma.rnp.br;No-Hostname;cma1-bma1.bkb.rnp.br;cpi1-cma1-tlb.bkb.rnp.br;cce1-cpi1-chesf.bkb.rnp.br;cce2-cce1.bkb.rnp.br;crn1-cce2-chesf.bkb.rnp.br;No-Hostname;No-Hostname;monipe-rn-atraso.rnp.br
1750640922,2025-06-22 22:08:42,core-popma-10g.pop-ma.rnp.br;No-Hostname;cma1-bma1.bkb.rnp.br;cpi1-cma1-tlb.bkb.rnp.br;cce1-cpi1-chesf.bkb.rnp.br;cce2-cce1.bkb.rnp.br;crn1-cce2-chesf.bkb.rnp.br;No-Hostname;No-Hostname;monipe-rn-atraso.rnp.br
1750641299,2025-06-22 22:14:59,core-popma-10g.pop-ma.rnp.br;No-Hostname;cma1-bma1.bkb.rnp.br;cpi1-cma1-tlb.bkb.rnp.br;cce1-cpi1-chesf.bkb.rnp.br;cce2-cce1.bkb.rnp.br;crn1-cce2-chesf.bkb.rnp.br;No-Hostname;No-Hostname;monipe-rn-atraso.rnp.br
1750642191,2025-06-22 22:29:51,core-popma-10g.pop-ma.rnp.br;No-Hostname;cma1-bma1.bkb.rnp.br;cpi1-cma1-tlb.bkb.rnp.br;cce1-cpi1-chesf.bkb.rnp.br;cce2-cce1.bkb.rnp.br;crn1-cce2-chesf.bkb.rnp.br;No-Hostname;No-Hostname;monipe-rn-atraso.rnp.br
1750642854,2025-06-22 22:40:54,core-popma-10g.pop-ma.rnp.br;No-Hostname;cma1-bma1.bkb.rnp.br;cpi1-cma1-tlb.bkb.rnp.br;cce1-cpi1-chesf.bkb.rnp.br;cce2-cce1.bkb.rnp.br;crn1-cce2-chesf.bkb.rnp.br;No-Hostname;No-Hostname;monipe-rn-atraso.rnp.br
1750643431,2025-06-22 22:50:31,core-popma-10g.pop-ma.rnp.br;No-Hostname;cma1-bma1.bkb.rnp.br;cpi1-cma1-tlb.bkb.rnp.br;cce1-cpi1-chesf.bkb.rnp.br;cce2-cce1.bkb.rnp.br;crn1-cce2-chesf.bkb.rnp.br;No-Hostname;No-Hostname;monipe-rn-atraso.rnp.br
1750644074,2025-06-22 23:01:14,core-popma-10g.pop-ma.rnp.br;No-Hostname;cma1-bma1.bkb.rnp.br;cpi1-cma1-tlb.bkb.rnp.br;cce1-cpi1-chesf.bkb.rnp.br;cce2-cce1.bkb.rnp.br;crn1-cce2-chesf.bkb.rnp.br;No-Hostname;No-Hostname;monipe-rn-atraso.rnp.br
1750644475,2025-06-22 23:07:55,core-popma-10g.pop-ma.rnp.br;No-Hostname;cma1-bma1.bkb.rnp.br;cpi1-cma1-tlb.bkb.rnp.br;cce1-cpi1-chesf.bkb.rnp.br;cce2-cce1.bkb.rnp.br;crn1-cce2-chesf.bkb.rnp.br;No-Hostname;No-Hostname;monipe-rn-atraso.rnp.br
1750645012,2025-06-22 23:16:52,core-popma-10g.pop-ma.rnp.br;No-Hostname;cma1-bma1.bkb.rnp.br;cpi1-cma1-tlb.bkb.rnp.br;cce1-cpi1-chesf.bkb.rnp.br;cce2-cce1.bkb.rnp.br;crn1-cce2-chesf.bkb.rnp.br;No-Hostname;No-Hostname;monipe-rn-atraso.rnp.br
1750645588,2025-06-22 23:26:28,core-popma-10g.pop-ma.rnp.br;No-Hostname;cma1-bma1.bkb.rnp.br;cpi1-cma1-tlb.bkb.rnp.br;cce1-cpi1-chesf.bkb.rnp.br;cce2-cce1.bkb.rnp.br;crn1-cce2-chesf.bkb.rnp.br;No-Hostname;No-Hostname;monipe-rn-atraso.rnp.br
1750646116,2025-06-22 23:35:16,core-popma-10g.pop-ma.rnp.br;No-Hostname;cma1-bma1.bkb.rnp.br;cpi1-cma1-tlb.bkb.rnp.br;cce1-cpi1-chesf.bkb.rnp.br;cce2-cce1.bkb.rnp.br;crn1-cce2-chesf.bkb.rnp.br;No-Hostname;No-Hostname;monipe-rn-atraso.rnp.br
1750646952,2025-06-22 23:49:12,core-popma-10g.pop-ma.rnp.br;No-Hostname;cma1-bma1.bkb.rnp.br;cpi1-cma1-tlb.bkb.rnp.br;cce1-cpi1-chesf.bkb.rnp.br;cce2-cce1.bkb.rnp.br;crn1-cce2-chesf.bkb.rnp.br;No-Hostname;No-Hostname;monipe-rn-atraso.rnp.br
1750647265,2025-06-22 23:54:25,core-popma-10g.pop-ma.rnp.br;No-Hostname;cma1-bma1.bkb.rnp.br;cpi1-cma1-tlb.bkb.rnp.br;cce1-cpi1-chesf.bkb.rnp.br;cce2-cce1.bkb.rnp.br;crn1-cce2-chesf.bkb.rnp.br;No-Hostname;No-Hostname;monipe-rn-atraso.rnp.br
1750648229,2025-06-23 00:10:29,core-popma-10g.pop-ma.rnp.br;No-Hostname;cma1-bma1.bkb.rnp.br;cpi1-cma1-tlb.bkb.rnp.br;cce1-cpi1-chesf.bkb.rnp.br;cce2-cce1.bkb.rnp.br;crn1-cce2-chesf.bkb.rnp.br;No-Hostname;No-Hostname;monipe-rn-atraso.rnp.br
1750648584,2025-06-23 00:16:24,core-popma-10g.pop-ma.rnp.br;No-Hostname;cma1-bma1.bkb.rnp.br;cpi1-cma1-tlb.bkb.rnp.br;cce1-cpi1-chesf.bkb.rnp.br;cce2-cce1.bkb.rnp.br;crn1-cce2-chesf.bkb.rnp.br;No-Hostname;No-Hostname;monipe-rn-atraso.rnp.br
1750649350,2025-06-23 00:29:10,core-popma-10g.pop-ma.rnp.br;No-Hostname;cma1-bma1.bkb.rnp.br;cpi1-cma1-tlb.bkb.rnp.br;cce1-cpi1-chesf.bkb.rnp.br;cce2-cce1.bkb.rnp.br;crn1-cce2-chesf.bkb.rnp.br;No-Hostname;No-Hostname;monipe-rn-atraso.rnp.br
1750649594,2025-06-23 00:33:14,core-popma-10g.pop-ma.rnp.br;No-Hostname;cma1-bma1.bkb.rnp.br;cpi1-cma1-tlb.bkb.rnp.br;cce1-cpi1-chesf.bkb.rnp.br;cce2-cce1.bkb.rnp.br;crn1-cce2-chesf.bkb.rnp.br;No-Hostname;No-Hostname;monipe-rn-atraso.rnp.br
1750650579,2025-06-23 00:49:39,core-popma-10g.pop-ma.rnp.br;No-Hostname;cma1-bma1.bkb.rnp.br;cpi1-cma1-tlb.bkb.rnp.br;cce1-cpi1-chesf.bkb.rnp.br;cce2-cce1.bkb.rnp.br;crn1-cce2-chesf.bkb.rnp.br;No-Hostname;No-Hostname;monipe-rn-atraso.rnp.br
1750651169,2025-06-23 00:59:29,core-popma-10g.pop-ma.rnp.br;No-Hostname;cma1-bma1.bkb.rnp.br;cpi1-cma1-tlb.bkb.rnp.br;cce1-cpi1-chesf.bkb.rnp.br;cce2-cce1.bkb.rnp.br;crn1-cce2-chesf.bkb.rnp.br;No-Hostname;No-Hostname;monipe-rn-atraso.rnp.br
1750651851,2025-06-23 01:10:51,core-popma-10g.pop-ma.rnp.br;No-Hostname;cma1-bma1.bkb.rnp.br;cpi1-cma1-tlb.bkb.rnp.br;cce1-cpi1-chesf.bkb.rnp.br;cce2-cce1.bkb.rnp.br;crn1-cce2-chesf.bkb.rnp.br;No-Hostname;No-Hostname;monipe-rn-atraso.rnp.br
1750652365,2025-06-23 01:19:25,core-popma-10g.pop-ma.rnp.br;No-Hostname;cma1-bma1.bkb.rnp.br;cpi1-cma1-tlb.bkb.rnp.br;cce1-cpi1-chesf.bkb.rnp.br;cce2-cce1.bkb.rnp.br;crn1-cce2-chesf.bkb.rnp.br;No-Hostname;No-Hostname;monipe-rn-atraso.rnp.br
1750653080,2025-06-23 01:31:20,core-popma-10g.pop-ma.rnp.br;No-Hostname;cma1-bma1.bkb.rnp.br;cpi1-cma1-tlb.bkb.rnp.br;cce1-cpi1-chesf.bkb.rnp.br;cce2-cce1.bkb.rnp.br;crn1-cce2-chesf.bkb.rnp.br;No-Hostname;No-Hostname;monipe-rn-atraso.rnp.br
1750653520,2025-06-23 01:38:40,core-popma-10g.pop-ma.rnp.br;No-Hostname;cma1-bma1.bkb.rnp.br;cpi1-cma1-tlb.bkb.rnp.br;cce1-cpi1-chesf.bkb.rnp.br;cce2-cce1.bkb.rnp.br;crn1-cce2-chesf.bkb.rnp.br;No-Hostname;No-Hostname;monipe-rn-atraso.rnp.br
1750654105,2025-06-23 01:48:25,core-popma-10g.pop-ma.rnp.br;No-Hostname;cma1-bma1.bkb.rnp.br;cpi1-cma1-tlb.bkb.rnp.br;cce1-cpi1-chesf.bkb.rnp.br;cce2-cce1.bkb.rnp.br;crn1-cce2-chesf.bkb.rnp.br;No-Hostname;No-Hostname;monipe-rn-atraso.rnp.br
1750654384,2025-06-23 01:53:04,core-popma-10g.pop-ma.rnp.br;No-Hostname;cma1-bma1.bkb.rnp.br;cpi1-cma1-tlb.bkb.rnp.br;cce1-cpi1-chesf.bkb.rnp.br;cce2-cce1.bkb.rnp.br;crn1-cce2-chesf.bkb.rnp.br;No-Hostname;No-Hostname;monipe-rn-atraso.rnp.br
1750655240,2025-06-23 02:07:20,core-popma-10g.pop-ma.rnp.br;No-Hostname;cma1-bma1.bkb.rnp.br;cpi1-cma1-tlb.bkb.rnp.br;cce1-cpi1-chesf.bkb.rnp.br;cce2-cce1.bkb.rnp.br;crn1-cce2-chesf.bkb.rnp.br;No-Hostname;No-Hostname;monipe-rn-atraso.rnp.br
1750655859,2025-06-23 02:17:39,core-popma-10g.pop-ma.rnp.br;No-Hostname;cma1-bma1.bkb.rnp.br;cpi1-cma1-tlb.bkb.rnp.br;cce1-cpi1-chesf.bkb.rnp.br;cce2-cce1.bkb.rnp.br;crn1-cce2-chesf.bkb.rnp.br;No-Hostname;No-Hostname;monipe-rn-atraso.rnp.br
1750656228,2025-06-23 02:23:48,core-popma-10g.pop-ma.rnp.br;No-Hostname;cma1-bma1.bkb.rnp.br;cpi1-cma1-tlb.bkb.rnp.br;cce1-cpi1-chesf.bkb.rnp.br;cce2-cce1.bkb.rnp.br;crn1-cce2-chesf.bkb.rnp.br;No-Hostname;No-Hostname;monipe-rn-atraso.rnp.br
1750657067,2025-06-23 02:37:47,core-popma-10g.pop-ma.rnp.br;No-Hostname;cma1-bma1.bkb.rnp.br;cpi1-cma1-tlb.bkb.rnp.br;cce1-cpi1-chesf.bkb.rnp.br;cce2-cce1.bkb.rnp.br;crn1-cce2-chesf.bkb.rnp.br;No-Hostname;No-Hostname;monipe-rn-atraso.rnp.br
1750657450,2025-06-23 02:44:10,core-popma-10g.pop-ma.rnp.br;No-Hostname;cma1-bma1.bkb.rnp.br;cpi1-cma1-tlb.bkb.rnp.br;cce1-cpi1-chesf.bkb.rnp.br;cce2-cce1.bkb.rnp.br;crn1-cce2-chesf.bkb.rnp.br;No-Hostname;No-Hostname;monipe-rn-atraso.rnp.br
1750658353,2025-06-23 02:59:13,core-popma-10g.pop-ma.rnp.br;No-Hostname;cma1-bma1.bkb.rnp.br;cpi1-cma1-tlb.bkb.rnp.br;cce1-cpi1-chesf.bkb.rnp.br;cce2-cce1.bkb.rnp.br;crn1-cce2-chesf.bkb.rnp.br;No-Hostname;No-Hostname;monipe-rn-atraso.rnp.br
1750658763,2025-06-23 03:06:03,core-popma-10g.pop-ma.rnp.br;No-Hostname;cma1-bma1.bkb.rnp.br;cpi1-cma1-tlb.bkb.rnp.br;cce1-cpi1-chesf.bkb.rnp.br;cce2-cce1.bkb.rnp.br;crn1-cce2-chesf.bkb.rnp.br;No-Hostname;No-Hostname;monipe-rn-atraso.rnp.br
1750659328,2025-06-23 03:15:28,core-popma-10g.pop-ma.rnp.br;No-Hostname;cma1-bma1.bkb.rnp.br;cpi1-cma1-tlb.bkb.rnp.br;cce1-cpi1-chesf.bkb.rnp.br;cce2-cce1.bkb.rnp.br;crn1-cce2-chesf.bkb.rnp.br;No-Hostname;No-Hostname;monipe-rn-atraso.rnp.br
1750660288,2025-06-23 03:31:28,core-popma-10g.pop-ma.rnp.br;No-Hostname;cma1-bma1.bkb.rnp.br;cpi1-cma1-tlb.bkb.rnp.br;cce1-cpi1-chesf.bkb.rnp.br;cce2-cce1.bkb.rnp.br;crn1-cce2-chesf.bkb.rnp.br;No-Hostname;No-Hostname;monipe-rn-atraso.rnp.br
1750660895,2025-06-23 03:41:35,core-popma-10g.pop-ma.rnp.br;No-Hostname;cma1-bma1.bkb.rnp.br;cpi1-cma1-tlb.bkb.rnp.br;cce1-cpi1-chesf.bkb.rnp.br;cce2-cce1.bkb.rnp.br;crn1-cce2-chesf.bkb.rnp.br;No-Hostname;No-Hostname;monipe-rn-atraso.rnp.br
1750661077,2025-06-23 03:44:37,core-popma-10g.pop-ma.rnp.br;No-Hostname;cma1-bma1.bkb.rnp.br;cpi1-cma1-tlb.bkb.rnp.br;cce1-cpi1-chesf.bkb.rnp.br;cce2-cce1.bkb.rnp.br;crn1-cce2-chesf.bkb.rnp.br;No-Hostname;No-Hostname;monipe-rn-atraso.rnp.br
1750661975,2025-06-23 03:59:35,core-popma-10g.pop-ma.rnp.br;No-Hostname;cma1-bma1.bkb.rnp.br;cpi1-cma1-tlb.bkb.rnp.br;cce1-cpi1-chesf.bkb.rnp.br;cce2-cce1.bkb.rnp.br;crn1-cce2-chesf.bkb.rnp.br;No-Hostname;No-Hostname;monipe-rn-atraso.rnp.br
1750662659,2025-06-23 04:10:59,core-popma-10g.pop-ma.rnp.br;No-Hostname;cma1-bma1.bkb.rnp.br;cpi1-cma1-tlb.bkb.rnp.br;cce1-cpi1-chesf.bkb.rnp.br;cce2-cce1.bkb.rnp.br;crn1-cce2-chesf.bkb.rnp.br;No-Hostname;No-Hostname;monipe-rn-atraso.rnp.br
1750662975,2025-06-23 04:16:15,core-popma-10g.pop-ma.rnp.br;No-Hostname;cma1-bma1.bkb.rnp.br;cpi1-cma1-tlb.bkb.rnp.br;cce1-cpi1-chesf.bkb.rnp.br;cce2-cce1.bkb.rnp.br;crn1-cce2-chesf.bkb.rnp.br;No-Hostname;No-Hostname;monipe-rn-atraso.rnp.br
1750663699,2025-06-23 04:28:19,core-popma-10g.pop-ma.rnp.br;No-Hostname;cma1-bma1.bkb.rnp.br;cpi1-cma1-tlb.bkb.rnp.br;cce1-cpi1-chesf.bkb.rnp.br;cce2-cce1.bkb.rnp.br;crn1-cce2-chesf.bkb.rnp.br;No-Hostname;No-Hostname;monipe-rn-atraso.rnp.br
1750664072,2025-06-23 04:34:32,core-popma-10g.pop-ma.rnp.br;No-Hostname;cma1-bma1.bkb.rnp.br;cpi1-cma1-tlb.bkb.rnp.br;cce1-cpi1-chesf.bkb.rnp.br;cce2-cce1.bkb.rnp.br;crn1-cce2-chesf.bkb.rnp.br;No-Hostname;No-Hostname;monipe-rn-atraso.rnp.br
1750664643,2025-06-23 04:44:03,core-popma-10g.pop-ma.rnp.br;No-Hostname;cma1-bma1.bkb.rnp.br;cpi1-cma1-tlb.bkb.rnp.br;cce1-cpi1-chesf.bkb.rnp.br;cce2-cce1.bkb.rnp.br;crn1-cce2-chesf.bkb.rnp.br;No-Hostname;No-Hostname;monipe-rn-atraso.rnp.br
1750665313,2025-06-23 04:55:13,core-popma-10g.pop-ma.rnp.br;No-Hostname;cma1-bma1.bkb.rnp.br;cpi1-cma1-tlb.bkb.rnp.br;cce1-cpi1-chesf.bkb.rnp.br;cce2-cce1.bkb.rnp.br;crn1-cce2-chesf.bkb.rnp.br;No-Hostname;No-Hostname;monipe-rn-atraso.rnp.br
1750665846,2025-06-23 05:04:06,core-popma-10g.pop-ma.rnp.br;No-Hostname;cma1-bma1.bkb.rnp.br;cpi1-cma1-tlb.bkb.rnp.br;cce1-cpi1-chesf.bkb.rnp.br;cce2-cce1.bkb.rnp.br;crn1-cce2-chesf.bkb.rnp.br;No-Hostname;No-Hostname;monipe-rn-atraso.rnp.br
1750666646,2025-06-23 05:17:26,core-popma-10g.pop-ma.rnp.br;No-Hostname;cma1-bma1.bkb.rnp.br;cpi1-cma1-tlb.bkb.rnp.br;cce1-cpi1-chesf.bkb.rnp.br;cce2-cce1.bkb.rnp.br;crn1-cce2-chesf.bkb.rnp.br;No-Hostname;No-Hostname;monipe-rn-atraso.rnp.br
1750667278,2025-06-23 05:27:58,core-popma-10g.pop-ma.rnp.br;No-Hostname;cma1-bma1.bkb.rnp.br;cpi1-cma1-tlb.bkb.rnp.br;cce1-cpi1-chesf.bkb.rnp.br;cce2-cce1.bkb.rnp.br;crn1-cce2-chesf.bkb.rnp.br;No-Hostname;No-Hostname;monipe-rn-atraso.rnp.br
1750667652,2025-06-23 05:34:12,core-popma-10g.pop-ma.rnp.br;No-Hostname;cma1-bma1.bkb.rnp.br;cpi1-cma1-tlb.bkb.rnp.br;cce1-cpi1-chesf.bkb.rnp.br;cce2-cce1.bkb.rnp.br;crn1-cce2-chesf.bkb.rnp.br;No-Hostname;No-Hostname;monipe-rn-atraso.rnp.br
1750668445,2025-06-23 05:47:25,core-popma-10g.pop-ma.rnp.br;No-Hostname;cma1-bma1.bkb.rnp.br;cpi1-cma1-tlb.bkb.rnp.br;cce1-cpi1-chesf.bkb.rnp.br;cce2-cce1.bkb.rnp.br;crn1-cce2-chesf.bkb.rnp.br;No-Hostname;No-Hostname;monipe-rn-atraso.rnp.br
1750669292,2025-06-23 06:01:32,core-popma-10g.pop-ma.rnp.br;No-Hostname;cma1-bma1.bkb.rnp.br;cpi1-cma1-tlb.bkb.rnp.br;cce1-cpi1-chesf.bkb.rnp.br;cce2-cce1.bkb.rnp.br;crn1-cce2-chesf.bkb.rnp.br;No-Hostname;No-Hostname;monipe-rn-atraso.rnp.br
1750669496,2025-06-23 06:04:56,core-popma-10g.pop-ma.rnp.br;No-Hostname;cma1-bma1.bkb.rnp.br;cpi1-cma1-tlb.bkb.rnp.br;cce1-cpi1-chesf.bkb.rnp.br;cce2-cce1.bkb.rnp.br;crn1-cce2-chesf.bkb.rnp.br;No-Hostname;No-Hostname;monipe-rn-atraso.rnp.br
1750670103,2025-06-23 06:15:03,core-popma-10g.pop-ma.rnp.br;No-Hostname;cma1-bma1.bkb.rnp.br;cpi1-cma1-tlb.bkb.rnp.br;cce1-cpi1-chesf.bkb.rnp.br;cce2-cce1.bkb.rnp.br;crn1-cce2-chesf.bkb.rnp.br;No-Hostname;No-Hostname;monipe-rn-atraso.rnp.br
1750670610,2025-06-23 06:23:30,core-popma-10g.pop-ma.rnp.br;No-Hostname;cma1-bma1.bkb.rnp.br;cpi1-cma1-tlb.bkb.rnp.br;cce1-cpi1-chesf.bkb.rnp.br;cce2-cce1.bkb.rnp.br;crn1-cce2-chesf.bkb.rnp.br;No-Hostname;No-Hostname;monipe-rn-atraso.rnp.br
1750671462,2025-06-23 06:37:42,core-popma-10g.pop-ma.rnp.br;No-Hostname;cma1-bma1.bkb.rnp.br;cpi1-cma1-tlb.bkb.rnp.br;cce1-cpi1-chesf.bkb.rnp.br;cce2-cce1.bkb.rnp.br;crn1-cce2-chesf.bkb.rnp.br;No-Hostname;No-Hostname;monipe-rn-atraso.rnp.br
1750672145,2025-06-23 06:49:05,core-popma-10g.pop-ma.rnp.br;No-Hostname;cma1-bma1.bkb.rnp.br;cpi1-cma1-tlb.bkb.rnp.br;cce1-cpi1-chesf.bkb.rnp.br;cce2-cce1.bkb.rnp.br;crn1-cce2-chesf.bkb.rnp.br;No-Hostname;No-Hostname;monipe-rn-atraso.rnp.br
1750672419,2025-06-23 06:53:39,core-popma-10g.pop-ma.rnp.br;No-Hostname;cma1-bma1.bkb.rnp.br;cpi1-cma1-tlb.bkb.rnp.br;cce1-cpi1-chesf.bkb.rnp.br;cce2-cce1.bkb.rnp.br;crn1-cce2-chesf.bkb.rnp.br;No-Hostname;No-Hostname;monipe-rn-atraso.rnp.br
1750673150,2025-06-23 07:05:50,core-popma-10g.pop-ma.rnp.br;No-Hostname;cma1-bma1.bkb.rnp.br;cpi1-cma1-tlb.bkb.rnp.br;cce1-cpi1-chesf.bkb.rnp.br;cce2-cce1.bkb.rnp.br;crn1-cce2-chesf.bkb.rnp.br;No-Hostname;No-Hostname;monipe-rn-atraso.rnp.br
1750673692,2025-06-23 07:14:52,core-popma-10g.pop-ma.rnp.br;No-Hostname;cma1-bma1.bkb.rnp.br;cpi1-cma1-tlb.bkb.rnp.br;cce1-cpi1-chesf.bkb.rnp.br;cce2-cce1.bkb.rnp.br;crn1-cce2-chesf.bkb.rnp.br;No-Hostname;No-Hostname;monipe-rn-atraso.rnp.br
1750674341,2025-06-23 07:25:41,core-popma-10g.pop-ma.rnp.br;No-Hostname;cma1-bma1.bkb.rnp.br;cpi1-cma1-tlb.bkb.rnp.br;No-Hostname;cpb1-cba1-chesf.bkb.rnp.br;crn1-cpb1-chesf.bkb.rnp.br;No-Hostname;No-Hostname;monipe-rn-atraso.rnp.br
1750674908,2025-06-23 07:35:08,core-popma-10g.pop-ma.rnp.br;No-Hostname;cma1-bma1.bkb.rnp.br;cpi1-cma1-tlb.bkb.rnp.br;cce1-cpi1-chesf.bkb.rnp.br;cce2-cce1.bkb.rnp.br;crn1-cce2-chesf.bkb.rnp.br;No-Hostname;No-Hostname;monipe-rn-atraso.rnp.br
1750675743,2025-06-23 07:49:03,core-popma-10g.pop-ma.rnp.br;No-Hostname;cma1-bma1.bkb.rnp.br;cpi1-cma1-tlb.bkb.rnp.br;cce1-cpi1-chesf.bkb.rnp.br;cce2-cce1.bkb.rnp.br;crn1-cce2-chesf.bkb.rnp.br;No-Hostname;No-Hostname;monipe-rn-atraso.rnp.br
1750676305,2025-06-23 07:58:25,core-popma-10g.pop-ma.rnp.br;No-Hostname;cma1-bma1.bkb.rnp.br;cpi1-cma1-tlb.bkb.rnp.br;cce1-cpi1-chesf.bkb.rnp.br;cce2-cce1.bkb.rnp.br;crn1-cce2-chesf.bkb.rnp.br;No-Hostname;No-Hostname;monipe-rn-atraso.rnp.br
1750676923,2025-06-23 08:08:43,core-popma-10g.pop-ma.rnp.br;No-Hostname;cma1-bma1.bkb.rnp.br;cpi1-cma1-tlb.bkb.rnp.br;cce1-cpi1-chesf.bkb.rnp.br;cce2-cce1.bkb.rnp.br;crn1-cce2-chesf.bkb.rnp.br;No-Hostname;No-Hostname;monipe-rn-atraso.rnp.br
1750677575,2025-06-23 08:19:35,core-popma-10g.pop-ma.rnp.br;No-Hostname;cma1-bma1.bkb.rnp.br;cpi1-cma1-tlb.bkb.rnp.br;cce1-cpi1-chesf.bkb.rnp.br;cce2-cce1.bkb.rnp.br;crn1-cce2-chesf.bkb.rnp.br;No-Hostname;No-Hostname;monipe-rn-atraso.rnp.br
1750678177,2025-06-23 08:29:37,core-popma-10g.pop-ma.rnp.br;No-Hostname;cma1-bma1.bkb.rnp.br;cpi1-cma1-tlb.bkb.rnp.br;cce1-cpi1-chesf.bkb.rnp.br;cce2-cce1.bkb.rnp.br;crn1-cce2-chesf.bkb.rnp.br;No-Hostname;No-Hostname;monipe-rn-atraso.rnp.br
1750678613,2025-06-23 08:36:53,core-popma-10g.pop-ma.rnp.br;No-Hostname;cma1-bma1.bkb.rnp.br;cpi1-cma1-tlb.bkb.rnp.br;cce1-cpi1-chesf.bkb.rnp.br;cce2-cce1.bkb.rnp.br;crn1-cce2-chesf.bkb.rnp.br;No-Hostname;No-Hostname;monipe-rn-atraso.rnp.br
1750679372,2025-06-23 08:49:32,core-popma-10g.pop-ma.rnp.br;No-Hostname;cma1-bma1.bkb.rnp.br;cpi1-cma1-tlb.bkb.rnp.br;cce1-cpi1-chesf.bkb.rnp.br;cce2-cce1.bkb.rnp.br;crn1-cce2-chesf.bkb.rnp.br;No-Hostname;No-Hostname;monipe-rn-atraso.rnp.br
1750680079,2025-06-23 09:01:19,core-popma-10g.pop-ma.rnp.br;No-Hostname;cma1-bma1.bkb.rnp.br;cpi1-cma1-tlb.bkb.rnp.br;cce1-cpi1-chesf.bkb.rnp.br;cce2-cce1.bkb.rnp.br;crn1-cce2-chesf.bkb.rnp.br;No-Hostname;No-Hostname;monipe-rn-atraso.rnp.br
1750680597,2025-06-23 09:09:57,core-popma-10g.pop-ma.rnp.br;No-Hostname;cma1-bma1.bkb.rnp.br;cpi1-cma1-tlb.bkb.rnp.br;cce1-cpi1-chesf.bkb.rnp.br;cce2-cce1.bkb.rnp.br;crn1-cce2-chesf.bkb.rnp.br;No-Hostname;No-Hostname;monipe-rn-atraso.rnp.br
1750680970,2025-06-23 09:16:10,core-popma-10g.pop-ma.rnp.br;No-Hostname;cma1-bma1.bkb.rnp.br;cpi1-cma1-tlb.bkb.rnp.br;cce1-cpi1-chesf.bkb.rnp.br;cce2-cce1.bkb.rnp.br;crn1-cce2-chesf.bkb.rnp.br;No-Hostname;No-Hostname;monipe-rn-atraso.rnp.br
1750681487,2025-06-23 09:24:47,core-popma-10g.pop-ma.rnp.br;No-Hostname;cma1-bma1.bkb.rnp.br;cpi1-cma1-tlb.bkb.rnp.br;cce1-cpi1-chesf.bkb.rnp.br;cce2-cce1.bkb.rnp.br;crn1-cce2-chesf.bkb.rnp.br;No-Hostname;No-Hostname;monipe-rn-atraso.rnp.br
1750682100,2025-06-23 09:35:00,core-popma-10g.pop-ma.rnp.br;No-Hostname;cma1-bma1.bkb.rnp.br;cpi1-cma1-tlb.bkb.rnp.br;cce1-cpi1-chesf.bkb.rnp.br;cce2-cce1.bkb.rnp.br;crn1-cce2-chesf.bkb.rnp.br;No-Hostname;No-Hostname;monipe-rn-atraso.rnp.br
1750682833,2025-06-23 09:47:13,core-popma-10g.pop-ma.rnp.br;No-Hostname;cma1-bma1.bkb.rnp.br;cpi1-cma1-tlb.bkb.rnp.br;cce1-cpi1-chesf.bkb.rnp.br;cce2-cce1.bkb.rnp.br;crn1-cce2-chesf.bkb.rnp.br;No-Hostname;No-Hostname;monipe-rn-atraso.rnp.br
1750683653,2025-06-23 10:00:53,core-popma-10g.pop-ma.rnp.br;No-Hostname;cma1-bma1.bkb.rnp.br;cpi1-cma1-tlb.bkb.rnp.br;cce1-cpi1-chesf.bkb.rnp.br;cce2-cce1.bkb.rnp.br;crn1-cce2-chesf.bkb.rnp.br;No-Hostname;No-Hostname;monipe-rn-atraso.rnp.br
1750684276,2025-06-23 10:11:16,core-popma-10g.pop-ma.rnp.br;No-Hostname;cma1-bma1.bkb.rnp.br;cpi1-cma1-tlb.bkb.rnp.br;cce1-cpi1-chesf.bkb.rnp.br;cce2-cce1.bkb.rnp.br;crn1-cce2-chesf.bkb.rnp.br;No-Hostname;No-Hostname;monipe-rn-atraso.rnp.br
1750684386,2025-06-23 10:13:06,core-popma-10g.pop-ma.rnp.br;No-Hostname;cma1-bma1.bkb.rnp.br;cpi1-cma1-tlb.bkb.rnp.br;cce1-cpi1-chesf.bkb.rnp.br;cce2-cce1.bkb.rnp.br;crn1-cce2-chesf.bkb.rnp.br;No-Hostname;No-Hostname;monipe-rn-atraso.rnp.br
1750685178,2025-06-23 10:26:18,core-popma-10g.pop-ma.rnp.br;No-Hostname;cma1-bma1.bkb.rnp.br;cpi1-cma1-tlb.bkb.rnp.br;cce1-cpi1-chesf.bkb.rnp.br;cce2-cce1.bkb.rnp.br;crn1-cce2-chesf.bkb.rnp.br;No-Hostname;No-Hostname;monipe-rn-atraso.rnp.br
1750685966,2025-06-23 10:39:26,core-popma-10g.pop-ma.rnp.br;No-Hostname;cma1-bma1.bkb.rnp.br;cpi1-cma1-tlb.bkb.rnp.br;cce1-cpi1-chesf.bkb.rnp.br;cce2-cce1.bkb.rnp.br;crn1-cce2-chesf.bkb.rnp.br;No-Hostname;No-Hostname;monipe-rn-atraso.rnp.br
1750686598,2025-06-23 10:49:58,core-popma-10g.pop-ma.rnp.br;No-Hostname;cma1-bma1.bkb.rnp.br;cpi1-cma1-tlb.bkb.rnp.br;cce1-cpi1-chesf.bkb.rnp.br;cce2-cce1.bkb.rnp.br;crn1-cce2-chesf.bkb.rnp.br;No-Hostname;No-Hostname;monipe-rn-atraso.rnp.br
1750687116,2025-06-23 10:58:36,core-popma-10g.pop-ma.rnp.br;No-Hostname;cma1-bma1.bkb.rnp.br;cpi1-cma1-tlb.bkb.rnp.br;cce1-cpi1-chesf.bkb.rnp.br;cce2-cce1.bkb.rnp.br;crn1-cce2-chesf.bkb.rnp.br;No-Hostname;No-Hostname;monipe-rn-atraso.rnp.br
1750687654,2025-06-23 11:07:34,core-popma-10g.pop-ma.rnp.br;No-Hostname;cma1-bma1.bkb.rnp.br;cpi1-cma1-tlb.bkb.rnp.br;cce1-cpi1-chesf.bkb.rnp.br;cce2-cce1.bkb.rnp.br;crn1-cce2-chesf.bkb.rnp.br;No-Hostname;No-Hostname;monipe-rn-atraso.rnp.br
1750688134,2025-06-23 11:15:34,core-popma-10g.pop-ma.rnp.br;No-Hostname;cma1-bma1.bkb.rnp.br;cpi1-cma1-tlb.bkb.rnp.br;cce1-cpi1-chesf.bkb.rnp.br;cce2-cce1.bkb.rnp.br;crn1-cce2-chesf.bkb.rnp.br;No-Hostname;No-Hostname;monipe-rn-atraso.rnp.br
1750688664,2025-06-23 11:24:24,core-popma-10g.pop-ma.rnp.br;No-Hostname;cma1-bma1.bkb.rnp.br;cpi1-cma1-tlb.bkb.rnp.br;cce1-cpi1-chesf.bkb.rnp.br;cce2-cce1.bkb.rnp.br;crn1-cce2-chesf.bkb.rnp.br;No-Hostname;No-Hostname;monipe-rn-atraso.rnp.br
1750689222,2025-06-23 11:33:42,core-popma-10g.pop-ma.rnp.br;No-Hostname;cma1-bma1.bkb.rnp.br;cpi1-cma1-tlb.bkb.rnp.br;cce1-cpi1-chesf.bkb.rnp.br;cce2-cce1.bkb.rnp.br;crn1-cce2-chesf.bkb.rnp.br;No-Hostname;No-Hostname;monipe-rn-atraso.rnp.br
1750690261,2025-06-23 11:51:01,core-popma-10g.pop-ma.rnp.br;No-Hostname;cma1-bma1.bkb.rnp.br;cpi1-cma1-tlb.bkb.rnp.br;cce1-cpi1-chesf.bkb.rnp.br;cce2-cce1.bkb.rnp.br;crn1-cce2-chesf.bkb.rnp.br;No-Hostname;No-Hostname;monipe-rn-atraso.rnp.br
1750690497,2025-06-23 11:54:57,core-popma-10g.pop-ma.rnp.br;No-Hostname;cma1-bma1.bkb.rnp.br;cpi1-cma1-tlb.bkb.rnp.br;cce1-cpi1-chesf.bkb.rnp.br;cce2-cce1.bkb.rnp.br;crn1-cce2-chesf.bkb.rnp.br;No-Hostname;No-Hostname;monipe-rn-atraso.rnp.br
1750691279,2025-06-23 12:07:59,core-popma-10g.pop-ma.rnp.br;No-Hostname;cma1-bma1.bkb.rnp.br;cpi1-cma1-tlb.bkb.rnp.br;cce1-cpi1-chesf.bkb.rnp.br;cce2-cce1.bkb.rnp.br;crn1-cce2-chesf.bkb.rnp.br;No-Hostname;No-Hostname;monipe-rn-atraso.rnp.br
1750692082,2025-06-23 12:21:22,core-popma-10g.pop-ma.rnp.br;No-Hostname;cma1-bma1.bkb.rnp.br;cpi1-cma1-tlb.bkb.rnp.br;cce1-cpi1-chesf.bkb.rnp.br;cce2-cce1.bkb.rnp.br;crn1-cce2-chesf.bkb.rnp.br;No-Hostname;No-Hostname;monipe-rn-atraso.rnp.br
1750692406,2025-06-23 12:26:46,core-popma-10g.pop-ma.rnp.br;No-Hostname;cma1-bma1.bkb.rnp.br;cpi1-cma1-tlb.bkb.rnp.br;cce1-cpi1-chesf.bkb.rnp.br;cce2-cce1.bkb.rnp.br;crn1-cce2-chesf.bkb.rnp.br;No-Hostname;No-Hostname;monipe-rn-atraso.rnp.br
1750692997,2025-06-23 12:36:37,core-popma-10g.pop-ma.rnp.br;No-Hostname;cma1-bma1.bkb.rnp.br;cpi1-cma1-tlb.bkb.rnp.br;cce1-cpi1-chesf.bkb.rnp.br;cce2-cce1.bkb.rnp.br;crn1-cce2-chesf.bkb.rnp.br;No-Hostname;No-Hostname;monipe-rn-atraso.rnp.br
1750693853,2025-06-23 12:50:53,core-popma-10g.pop-ma.rnp.br;No-Hostname;cma1-bma1.bkb.rnp.br;cpi1-cma1-tlb.bkb.rnp.br;cce1-cpi1-chesf.bkb.rnp.br;cce2-cce1.bkb.rnp.br;crn1-cce2-chesf.bkb.rnp.br;No-Hostname;No-Hostname;monipe-rn-atraso.rnp.br
1750694418,2025-06-23 13:00:18,core-popma-10g.pop-ma.rnp.br;No-Hostname;cma1-bma1.bkb.rnp.br;cpi1-cma1-tlb.bkb.rnp.br;cce1-cpi1-chesf.bkb.rnp.br;cce2-cce1.bkb.rnp.br;crn1-cce2-chesf.bkb.rnp.br;No-Hostname;No-Hostname;monipe-rn-atraso.rnp.br
1750694966,2025-06-23 13:09:26,core-popma-10g.pop-ma.rnp.br;No-Hostname;cma1-bma1.bkb.rnp.br;cpi1-cma1-tlb.bkb.rnp.br;cce1-cpi1-chesf.bkb.rnp.br;cce2-cce1.bkb.rnp.br;crn1-cce2-chesf.bkb.rnp.br;No-Hostname;No-Hostname;monipe-rn-atraso.rnp.br
1750695261,2025-06-23 13:14:21,core-popma-10g.pop-ma.rnp.br;No-Hostname;cma1-bma1.bkb.rnp.br;cpi1-cma1-tlb.bkb.rnp.br;cce1-cpi1-chesf.bkb.rnp.br;cce2-cce1.bkb.rnp.br;crn1-cce2-chesf.bkb.rnp.br;No-Hostname;No-Hostname;monipe-rn-atraso.rnp.br
1750695786,2025-06-23 13:23:06,core-popma-10g.pop-ma.rnp.br;No-Hostname;cma1-bma1.bkb.rnp.br;cpi1-cma1-tlb.bkb.rnp.br;cce1-cpi1-chesf.bkb.rnp.br;cce2-cce1.bkb.rnp.br;crn1-cce2-chesf.bkb.rnp.br;No-Hostname;No-Hostname;monipe-rn-atraso.rnp.br
1750696684,2025-06-23 13:38:04,core-popma-10g.pop-ma.rnp.br;No-Hostname;cma1-bma1.bkb.rnp.br;cpi1-cma1-tlb.bkb.rnp.br;cce1-cpi1-chesf.bkb.rnp.br;cce2-cce1.bkb.rnp.br;crn1-cce2-chesf.bkb.rnp.br;No-Hostname;No-Hostname;monipe-rn-atraso.rnp.br
1750697454,2025-06-23 13:50:54,core-popma-10g.pop-ma.rnp.br;No-Hostname;cma1-bma1.bkb.rnp.br;cpi1-cma1-tlb.bkb.rnp.br;cce1-cpi1-chesf.bkb.rnp.br;cce2-cce1.bkb.rnp.br;crn1-cce2-chesf.bkb.rnp.br;No-Hostname;No-Hostname;monipe-rn-atraso.rnp.br
1750697695,2025-06-23 13:54:55,core-popma-10g.pop-ma.rnp.br;No-Hostname;cma1-bma1.bkb.rnp.br;cpi1-cma1-tlb.bkb.rnp.br;cce1-cpi1-chesf.bkb.rnp.br;cce2-cce1.bkb.rnp.br;crn1-cce2-chesf.bkb.rnp.br;No-Hostname;No-Hostname;monipe-rn-atraso.rnp.br
1750698295,2025-06-23 14:04:55,core-popma-10g.pop-ma.rnp.br;No-Hostname;cma1-bma1.bkb.rnp.br;cpi1-cma1-tlb.bkb.rnp.br;cce1-cpi1-chesf.bkb.rnp.br;cce2-cce1.bkb.rnp.br;crn1-cce2-chesf.bkb.rnp.br;No-Hostname;No-Hostname;monipe-rn-atraso.rnp.br
1750698937,2025-06-23 14:15:37,core-popma-10g.pop-ma.rnp.br;No-Hostname;cma1-bma1.bkb.rnp.br;cpi1-cma1-tlb.bkb.rnp.br;cce1-cpi1-chesf.bkb.rnp.br;cce2-cce1.bkb.rnp.br;crn1-cce2-chesf.bkb.rnp.br;No-Hostname;No-Hostname;monipe-rn-atraso.rnp.br
1750699482,2025-06-23 14:24:42,core-popma-10g.pop-ma.rnp.br;No-Hostname;cma1-bma1.bkb.rnp.br;cpi1-cma1-tlb.bkb.rnp.br;cce1-cpi1-chesf.bkb.rnp.br;cce2-cce1.bkb.rnp.br;crn1-cce2-chesf.bkb.rnp.br;No-Hostname;No-Hostname;monipe-rn-atraso.rnp.br
1750700459,2025-06-23 14:40:59,core-popma-10g.pop-ma.rnp.br;No-Hostname;cma1-bma1.bkb.rnp.br;cpi1-cma1-tlb.bkb.rnp.br;cce1-cpi1-chesf.bkb.rnp.br;cce2-cce1.bkb.rnp.br;crn1-cce2-chesf.bkb.rnp.br;No-Hostname;No-Hostname;monipe-rn-atraso.rnp.br
1750700727,2025-06-23 14:45:27,core-popma-10g.pop-ma.rnp.br;No-Hostname;cma1-bma1.bkb.rnp.br;cpi1-cma1-tlb.bkb.rnp.br;cce1-cpi1-chesf.bkb.rnp.br;cce2-cce1.bkb.rnp.br;crn1-cce2-chesf.bkb.rnp.br;No-Hostname;No-Hostname;monipe-rn-atraso.rnp.br
1750701659,2025-06-23 15:00:59,core-popma-10g.pop-ma.rnp.br;No-Hostname;cma1-bma1.bkb.rnp.br;cpi1-cma1-tlb.bkb.rnp.br;cce1-cpi1-chesf.bkb.rnp.br;cce2-cce1.bkb.rnp.br;crn1-cce2-chesf.bkb.rnp.br;No-Hostname;No-Hostname;monipe-rn-atraso.rnp.br
1750702062,2025-06-23 15:07:42,core-popma-10g.pop-ma.rnp.br;No-Hostname;cma1-bma1.bkb.rnp.br;cpi1-cma1-tlb.bkb.rnp.br;cce1-cpi1-chesf.bkb.rnp.br;cce2-cce1.bkb.rnp.br;crn1-cce2-chesf.bkb.rnp.br;No-Hostname;No-Hostname;monipe-rn-atraso.rnp.br
1750702548,2025-06-23 15:15:48,core-popma-10g.pop-ma.rnp.br;No-Hostname;cma1-bma1.bkb.rnp.br;cpi1-cma1-tlb.bkb.rnp.br;cce1-cpi1-chesf.bkb.rnp.br;cce2-cce1.bkb.rnp.br;crn1-cce2-chesf.bkb.rnp.br;No-Hostname;No-Hostname;monipe-rn-atraso.rnp.br
1750703215,2025-06-23 15:26:55,core-popma-10g.pop-ma.rnp.br;No-Hostname;cma1-bma1.bkb.rnp.br;cpi1-cma1-tlb.bkb.rnp.br;cce1-cpi1-chesf.bkb.rnp.br;cce2-cce1.bkb.rnp.br;crn1-cce2-chesf.bkb.rnp.br;No-Hostname;No-Hostname;monipe-rn-atraso.rnp.br
1750704089,2025-06-23 15:41:29,core-popma-10g.pop-ma.rnp.br;No-Hostname;cma1-bma1.bkb.rnp.br;cpi1-cma1-tlb.bkb.rnp.br;cce1-cpi1-chesf.bkb.rnp.br;cce2-cce1.bkb.rnp.br;crn1-cce2-chesf.bkb.rnp.br;No-Hostname;No-Hostname;monipe-rn-atraso.rnp.br
1750704521,2025-06-23 15:48:41,core-popma-10g.pop-ma.rnp.br;No-Hostname;cma1-bma1.bkb.rnp.br;cpi1-cma1-tlb.bkb.rnp.br;cce1-cpi1-chesf.bkb.rnp.br;cce2-cce1.bkb.rnp.br;crn1-cce2-chesf.bkb.rnp.br;No-Hostname;No-Hostname;monipe-rn-atraso.rnp.br
1750704892,2025-06-23 15:54:52,core-popma-10g.pop-ma.rnp.br;No-Hostname;cma1-bma1.bkb.rnp.br;cpi1-cma1-tlb.bkb.rnp.br;cce1-cpi1-chesf.bkb.rnp.br;cce2-cce1.bkb.rnp.br;crn1-cce2-chesf.bkb.rnp.br;No-Hostname;No-Hostname;monipe-rn-atraso.rnp.br
1750705740,2025-06-23 16:09:00,core-popma-10g.pop-ma.rnp.br;No-Hostname;cma1-bma1.bkb.rnp.br;cpi1-cma1-tlb.bkb.rnp.br;cce1-cpi1-chesf.bkb.rnp.br;cce2-cce1.bkb.rnp.br;crn1-cce2-chesf.bkb.rnp.br;No-Hostname;No-Hostname;monipe-rn-atraso.rnp.br
1750706880,2025-06-23 16:28:00,core-popma-10g.pop-ma.rnp.br;No-Hostname;cma1-bma1.bkb.rnp.br;cpi1-cma1-tlb.bkb.rnp.br;cce1-cpi1-chesf.bkb.rnp.br;cce2-cce1.bkb.rnp.br;crn1-cce2-chesf.bkb.rnp.br;No-Hostname;No-Hostname;monipe-rn-atraso.rnp.br
1750707570,2025-06-23 16:39:30,core-popma-10g.pop-ma.rnp.br;No-Hostname;cma1-bma1.bkb.rnp.br;cpi1-cma1-tlb.bkb.rnp.br;cce1-cpi1-chesf.bkb.rnp.br;cce2-cce1.bkb.rnp.br;crn1-cce2-chesf.bkb.rnp.br;No-Hostname;No-Hostname;monipe-rn-atraso.rnp.br
1750707988,2025-06-23 16:46:28,core-popma-10g.pop-ma.rnp.br;No-Hostname;cma1-bma1.bkb.rnp.br;cpi1-cma1-tlb.bkb.rnp.br;cce1-cpi1-chesf.bkb.rnp.br;cce2-cce1.bkb.rnp.br;crn1-cce2-chesf.bkb.rnp.br;No-Hostname;No-Hostname;monipe-rn-atraso.rnp.br
1750708774,2025-06-23 16:59:34,core-popma-10g.pop-ma.rnp.br;No-Hostname;cma1-bma1.bkb.rnp.br;cpi1-cma1-tlb.bkb.rnp.br;cce1-cpi1-chesf.bkb.rnp.br;cce2-cce1.bkb.rnp.br;crn1-cce2-chesf.bkb.rnp.br;No-Hostname;No-Hostname;monipe-rn-atraso.rnp.br
1750709436,2025-06-23 17:10:36,core-popma-10g.pop-ma.rnp.br;No-Hostname;cma1-bma1.bkb.rnp.br;cpi1-cma1-tlb.bkb.rnp.br;cce1-cpi1-chesf.bkb.rnp.br;cce2-cce1.bkb.rnp.br;crn1-cce2-chesf.bkb.rnp.br;No-Hostname;No-Hostname;monipe-rn-atraso.rnp.br
1750710325,2025-06-23 17:25:25,core-popma-10g.pop-ma.rnp.br;No-Hostname;cma1-bma1.bkb.rnp.br;cpi1-cma1-tlb.bkb.rnp.br;cce1-cpi1-chesf.bkb.rnp.br;cce2-cce1.bkb.rnp.br;crn1-cce2-chesf.bkb.rnp.br;No-Hostname;No-Hostname;monipe-rn-atraso.rnp.br
1750711281,2025-06-23 17:41:21,core-popma-10g.pop-ma.rnp.br;No-Hostname;cma1-bma1.bkb.rnp.br;cpi1-cma1-tlb.bkb.rnp.br;cce1-cpi1-chesf.bkb.rnp.br;cce2-cce1.bkb.rnp.br;crn1-cce2-chesf.bkb.rnp.br;No-Hostname;No-Hostname;monipe-rn-atraso.rnp.br
1750711505,2025-06-23 17:45:05,core-popma-10g.pop-ma.rnp.br;No-Hostname;cma1-bma1.bkb.rnp.br;cpi1-cma1-tlb.bkb.rnp.br;cce1-cpi1-chesf.bkb.rnp.br;cce2-cce1.bkb.rnp.br;crn1-cce2-chesf.bkb.rnp.br;No-Hostname;No-Hostname;monipe-rn-atraso.rnp.br
1750712158,2025-06-23 17:55:58,core-popma-10g.pop-ma.rnp.br;No-Hostname;cma1-bma1.bkb.rnp.br;cpi1-cma1-tlb.bkb.rnp.br;cce1-cpi1-chesf.bkb.rnp.br;cce2-cce1.bkb.rnp.br;crn1-cce2-chesf.bkb.rnp.br;No-Hostname;No-Hostname;monipe-rn-atraso.rnp.br
1750712950,2025-06-23 18:09:10,core-popma-10g.pop-ma.rnp.br;No-Hostname;cma1-bma1.bkb.rnp.br;cpi1-cma1-tlb.bkb.rnp.br;cce1-cpi1-chesf.bkb.rnp.br;cce2-cce1.bkb.rnp.br;crn1-cce2-chesf.bkb.rnp.br;No-Hostname;No-Hostname;monipe-rn-atraso.rnp.br
1750713670,2025-06-23 18:21:10,core-popma-10g.pop-ma.rnp.br;No-Hostname;cma1-bma1.bkb.rnp.br;cpi1-cma1-tlb.bkb.rnp.br;cce1-cpi1-chesf.bkb.rnp.br;cce2-cce1.bkb.rnp.br;crn1-cce2-chesf.bkb.rnp.br;No-Hostname;No-Hostname;monipe-rn-atraso.rnp.br
1750714014,2025-06-23 18:26:54,core-popma-10g.pop-ma.rnp.br;No-Hostname;cma1-bma1.bkb.rnp.br;cpi1-cma1-tlb.bkb.rnp.br;cce1-cpi1-chesf.bkb.rnp.br;cce2-cce1.bkb.rnp.br;crn1-cce2-chesf.bkb.rnp.br;No-Hostname;No-Hostname;monipe-rn-atraso.rnp.br
1750714770,2025-06-23 18:39:30,core-popma-10g.pop-ma.rnp.br;No-Hostname;cma1-bma1.bkb.rnp.br;cpi1-cma1-tlb.bkb.rnp.br;cce1-cpi1-chesf.bkb.rnp.br;cce2-cce1.bkb.rnp.br;crn1-cce2-chesf.bkb.rnp.br;No-Hostname;No-Hostname;monipe-rn-atraso.rnp.br
1750715130,2025-06-23 18:45:30,core-popma-10g.pop-ma.rnp.br;No-Hostname;cma1-bma1.bkb.rnp.br;cpi1-cma1-tlb.bkb.rnp.br;cce1-cpi1-chesf.bkb.rnp.br;cce2-cce1.bkb.rnp.br;crn1-cce2-chesf.bkb.rnp.br;No-Hostname;No-Hostname;monipe-rn-atraso.rnp.br
1750715751,2025-06-23 18:55:51,core-popma-10g.pop-ma.rnp.br;No-Hostname;cma1-bma1.bkb.rnp.br;cpi1-cma1-tlb.bkb.rnp.br;cce1-cpi1-chesf.bkb.rnp.br;cce2-cce1.bkb.rnp.br;crn1-cce2-chesf.bkb.rnp.br;No-Hostname;No-Hostname;monipe-rn-atraso.rnp.br
1750716531,2025-06-23 19:08:51,core-popma-10g.pop-ma.rnp.br;No-Hostname;cma1-bma1.bkb.rnp.br;cpi1-cma1-tlb.bkb.rnp.br;cce1-cpi1-chesf.bkb.rnp.br;cce2-cce1.bkb.rnp.br;crn1-cce2-chesf.bkb.rnp.br;No-Hostname;No-Hostname;monipe-rn-atraso.rnp.br
1750716821,2025-06-23 19:13:41,core-popma-10g.pop-ma.rnp.br;No-Hostname;cma1-bma1.bkb.rnp.br;cpi1-cma1-tlb.bkb.rnp.br;cce1-cpi1-chesf.bkb.rnp.br;cce2-cce1.bkb.rnp.br;crn1-cce2-chesf.bkb.rnp.br;No-Hostname;No-Hostname;monipe-rn-atraso.rnp.br
1750717894,2025-06-23 19:31:34,core-popma-10g.pop-ma.rnp.br;No-Hostname;cma1-bma1.bkb.rnp.br;cpi1-cma1-tlb.bkb.rnp.br;cce1-cpi1-chesf.bkb.rnp.br;cce2-cce1.bkb.rnp.br;crn1-cce2-chesf.bkb.rnp.br;No-Hostname;No-Hostname;monipe-rn-atraso.rnp.br
1750718200,2025-06-23 19:36:40,core-popma-10g.pop-ma.rnp.br;No-Hostname;cma1-bma1.bkb.rnp.br;cpi1-cma1-tlb.bkb.rnp.br;cce1-cpi1-chesf.bkb.rnp.br;cce2-cce1.bkb.rnp.br;crn1-cce2-chesf.bkb.rnp.br;No-Hostname;No-Hostname;monipe-rn-atraso.rnp.br
1750718985,2025-06-23 19:49:45,core-popma-10g.pop-ma.rnp.br;No-Hostname;cma1-bma1.bkb.rnp.br;cpi1-cma1-tlb.bkb.rnp.br;cce1-cpi1-chesf.bkb.rnp.br;cce2-cce1.bkb.rnp.br;crn1-cce2-chesf.bkb.rnp.br;No-Hostname;No-Hostname;monipe-rn-atraso.rnp.br
1750719359,2025-06-23 19:55:59,core-popma-10g.pop-ma.rnp.br;No-Hostname;cma1-bma1.bkb.rnp.br;cpi1-cma1-tlb.bkb.rnp.br;cce1-cpi1-chesf.bkb.rnp.br;cce2-cce1.bkb.rnp.br;crn1-cce2-chesf.bkb.rnp.br;No-Hostname;No-Hostname;monipe-rn-atraso.rnp.br
1750719990,2025-06-23 20:06:30,core-popma-10g.pop-ma.rnp.br;No-Hostname;cma1-bma1.bkb.rnp.br;cpi1-cma1-tlb.bkb.rnp.br;cce1-cpi1-chesf.bkb.rnp.br;cce2-cce1.bkb.rnp.br;crn1-cce2-chesf.bkb.rnp.br;No-Hostname;No-Hostname;monipe-rn-atraso.rnp.br
1750720765,2025-06-23 20:19:25,core-popma-10g.pop-ma.rnp.br;No-Hostname;cma1-bma1.bkb.rnp.br;cpi1-cma1-tlb.bkb.rnp.br;cce1-cpi1-chesf.bkb.rnp.br;cce2-cce1.bkb.rnp.br;crn1-cce2-chesf.bkb.rnp.br;No-Hostname;No-Hostname;monipe-rn-atraso.rnp.br
1750721437,2025-06-23 20:30:37,core-popma-10g.pop-ma.rnp.br;No-Hostname;cma1-bma1.bkb.rnp.br;cpi1-cma1-tlb.bkb.rnp.br;cce1-cpi1-chesf.bkb.rnp.br;cce2-cce1.bkb.rnp.br;crn1-cce2-chesf.bkb.rnp.br;No-Hostname;No-Hostname;monipe-rn-atraso.rnp.br
1750721854,2025-06-23 20:37:34,core-popma-10g.pop-ma.rnp.br;No-Hostname;cma1-bma1.bkb.rnp.br;cpi1-cma1-tlb.bkb.rnp.br;cce1-cpi1-chesf.bkb.rnp.br;cce2-cce1.bkb.rnp.br;crn1-cce2-chesf.bkb.rnp.br;No-Hostname;No-Hostname;monipe-rn-atraso.rnp.br
1750722234,2025-06-23 20:43:54,core-popma-10g.pop-ma.rnp.br;No-Hostname;cma1-bma1.bkb.rnp.br;cpi1-cma1-tlb.bkb.rnp.br;cce1-cpi1-chesf.bkb.rnp.br;cce2-cce1.bkb.rnp.br;crn1-cce2-chesf.bkb.rnp.br;No-Hostname;No-Hostname;monipe-rn-atraso.rnp.br
1750722794,2025-06-23 20:53:14,core-popma-10g.pop-ma.rnp.br;No-Hostname;cma1-bma1.bkb.rnp.br;cpi1-cma1-tlb.bkb.rnp.br;cce1-cpi1-chesf.bkb.rnp.br;cce2-cce1.bkb.rnp.br;crn1-cce2-chesf.bkb.rnp.br;No-Hostname;No-Hostname;monipe-rn-atraso.rnp.br
1750723788,2025-06-23 21:09:48,core-popma-10g.pop-ma.rnp.br;No-Hostname;cma1-bma1.bkb.rnp.br;cpi1-cma1-tlb.bkb.rnp.br;cce1-cpi1-chesf.bkb.rnp.br;cce2-cce1.bkb.rnp.br;crn1-cce2-chesf.bkb.rnp.br;No-Hostname;No-Hostname;monipe-rn-atraso.rnp.br
1750724079,2025-06-23 21:14:39,core-popma-10g.pop-ma.rnp.br;No-Hostname;cma1-bma1.bkb.rnp.br;cpi1-cma1-tlb.bkb.rnp.br;cce1-cpi1-chesf.bkb.rnp.br;cce2-cce1.bkb.rnp.br;crn1-cce2-chesf.bkb.rnp.br;No-Hostname;No-Hostname;monipe-rn-atraso.rnp.br
1750724791,2025-06-23 21:26:31,core-popma-10g.pop-ma.rnp.br;No-Hostname;cma1-bma1.bkb.rnp.br;cpi1-cma1-tlb.bkb.rnp.br;cce1-cpi1-chesf.bkb.rnp.br;cce2-cce1.bkb.rnp.br;crn1-cce2-chesf.bkb.rnp.br;No-Hostname;No-Hostname;monipe-rn-atraso.rnp.br
1750725251,2025-06-23 21:34:11,core-popma-10g.pop-ma.rnp.br;No-Hostname;cma1-bma1.bkb.rnp.br;cpi1-cma1-tlb.bkb.rnp.br;cce1-cpi1-chesf.bkb.rnp.br;cce2-cce1.bkb.rnp.br;crn1-cce2-chesf.bkb.rnp.br;No-Hostname;No-Hostname;monipe-rn-atraso.rnp.br
1750725976,2025-06-23 21:46:16,core-popma-10g.pop-ma.rnp.br;No-Hostname;cma1-bma1.bkb.rnp.br;cpi1-cma1-tlb.bkb.rnp.br;cce1-cpi1-chesf.bkb.rnp.br;cce2-cce1.bkb.rnp.br;crn1-cce2-chesf.bkb.rnp.br;No-Hostname;No-Hostname;monipe-rn-atraso.rnp.br
1750726675,2025-06-23 21:57:55,core-popma-10g.pop-ma.rnp.br;No-Hostname;cma1-bma1.bkb.rnp.br;cpi1-cma1-tlb.bkb.rnp.br;cce1-cpi1-chesf.bkb.rnp.br;cce2-cce1.bkb.rnp.br;crn1-cce2-chesf.bkb.rnp.br;No-Hostname;No-Hostname;monipe-rn-atraso.rnp.br
1750727099,2025-06-23 22:04:59,core-popma-10g.pop-ma.rnp.br;No-Hostname;cma1-bma1.bkb.rnp.br;cpi1-cma1-tlb.bkb.rnp.br;cce1-cpi1-chesf.bkb.rnp.br;cce2-cce1.bkb.rnp.br;crn1-cce2-chesf.bkb.rnp.br;No-Hostname;No-Hostname;monipe-rn-atraso.rnp.br
1750727765,2025-06-23 22:16:05,core-popma-10g.pop-ma.rnp.br;No-Hostname;cma1-bma1.bkb.rnp.br;cpi1-cma1-tlb.bkb.rnp.br;cce1-cpi1-chesf.bkb.rnp.br;cce2-cce1.bkb.rnp.br;crn1-cce2-chesf.bkb.rnp.br;No-Hostname;No-Hostname;monipe-rn-atraso.rnp.br
1750728440,2025-06-23 22:27:20,core-popma-10g.pop-ma.rnp.br;No-Hostname;cma1-bma1.bkb.rnp.br;cpi1-cma1-tlb.bkb.rnp.br;cce1-cpi1-chesf.bkb.rnp.br;cce2-cce1.bkb.rnp.br;crn1-cce2-chesf.bkb.rnp.br;No-Hostname;No-Hostname;monipe-rn-atraso.rnp.br
1750728820,2025-06-23 22:33:40,core-popma-10g.pop-ma.rnp.br;No-Hostname;cma1-bma1.bkb.rnp.br;cpi1-cma1-tlb.bkb.rnp.br;cce1-cpi1-chesf.bkb.rnp.br;cce2-cce1.bkb.rnp.br;crn1-cce2-chesf.bkb.rnp.br;No-Hostname;No-Hostname;monipe-rn-atraso.rnp.br
1750730157,2025-06-23 22:55:57,core-popma-10g.pop-ma.rnp.br;No-Hostname;cma1-bma1.bkb.rnp.br;cpi1-cma1-tlb.bkb.rnp.br;cce1-cpi1-chesf.bkb.rnp.br;cce2-cce1.bkb.rnp.br;crn1-cce2-chesf.bkb.rnp.br;No-Hostname;No-Hostname;monipe-rn-atraso.rnp.br
1750730672,2025-06-23 23:04:32,core-popma-10g.pop-ma.rnp.br;No-Hostname;cma1-bma1.bkb.rnp.br;cpi1-cma1-tlb.bkb.rnp.br;cce1-cpi1-chesf.bkb.rnp.br;cce2-cce1.bkb.rnp.br;crn1-cce2-chesf.bkb.rnp.br;No-Hostname;No-Hostname;monipe-rn-atraso.rnp.br
1750731574,2025-06-23 23:19:34,core-popma-10g.pop-ma.rnp.br;No-Hostname;cma1-bma1.bkb.rnp.br;cpi1-cma1-tlb.bkb.rnp.br;cce1-cpi1-chesf.bkb.rnp.br;cce2-cce1.bkb.rnp.br;crn1-cce2-chesf.bkb.rnp.br;No-Hostname;No-Hostname;monipe-rn-atraso.rnp.br
1750732050,2025-06-23 23:27:30,core-popma-10g.pop-ma.rnp.br;No-Hostname;cma1-bma1.bkb.rnp.br;cpi1-cma1-tlb.bkb.rnp.br;cce1-cpi1-chesf.bkb.rnp.br;cce2-cce1.bkb.rnp.br;crn1-cce2-chesf.bkb.rnp.br;No-Hostname;No-Hostname;monipe-rn-atraso.rnp.br
1750732462,2025-06-23 23:34:22,core-popma-10g.pop-ma.rnp.br;No-Hostname;cma1-bma1.bkb.rnp.br;cpi1-cma1-tlb.bkb.rnp.br;cce1-cpi1-chesf.bkb.rnp.br;cce2-cce1.bkb.rnp.br;crn1-cce2-chesf.bkb.rnp.br;No-Hostname;No-Hostname;monipe-rn-atraso.rnp.br
1750733240,2025-06-23 23:47:20,core-popma-10g.pop-ma.rnp.br;No-Hostname;cma1-bma1.bkb.rnp.br;cpi1-cma1-tlb.bkb.rnp.br;cce1-cpi1-chesf.bkb.rnp.br;cce2-cce1.bkb.rnp.br;crn1-cce2-chesf.bkb.rnp.br;No-Hostname;No-Hostname;monipe-rn-atraso.rnp.br
1750734057,2025-06-24 00:00:57,core-popma-10g.pop-ma.rnp.br;No-Hostname;cma1-bma1.bkb.rnp.br;cpi1-cma1-tlb.bkb.rnp.br;cce1-cpi1-chesf.bkb.rnp.br;cce2-cce1.bkb.rnp.br;crn1-cce2-chesf.bkb.rnp.br;No-Hostname;No-Hostname;monipe-rn-atraso.rnp.br
1750734520,2025-06-24 00:08:40,core-popma-10g.pop-ma.rnp.br;No-Hostname;cma1-bma1.bkb.rnp.br;cpi1-cma1-tlb.bkb.rnp.br;cce1-cpi1-chesf.bkb.rnp.br;cce2-cce1.bkb.rnp.br;crn1-cce2-chesf.bkb.rnp.br;No-Hostname;No-Hostname;monipe-rn-atraso.rnp.br
1750735199,2025-06-24 00:19:59,core-popma-10g.pop-ma.rnp.br;No-Hostname;cma1-bma1.bkb.rnp.br;cpi1-cma1-tlb.bkb.rnp.br;cce1-cpi1-chesf.bkb.rnp.br;cce2-cce1.bkb.rnp.br;crn1-cce2-chesf.bkb.rnp.br;No-Hostname;No-Hostname;monipe-rn-atraso.rnp.br
1750735756,2025-06-24 00:29:16,core-popma-10g.pop-ma.rnp.br;No-Hostname;cma1-bma1.bkb.rnp.br;cpi1-cma1-tlb.bkb.rnp.br;cce1-cpi1-chesf.bkb.rnp.br;cce2-cce1.bkb.rnp.br;crn1-cce2-chesf.bkb.rnp.br;No-Hostname;No-Hostname;monipe-rn-atraso.rnp.br
1750736117,2025-06-24 00:35:17,core-popma-10g.pop-ma.rnp.br;No-Hostname;cma1-bma1.bkb.rnp.br;cpi1-cma1-tlb.bkb.rnp.br;cce1-cpi1-chesf.bkb.rnp.br;cce2-cce1.bkb.rnp.br;crn1-cce2-chesf.bkb.rnp.br;No-Hostname;No-Hostname;monipe-rn-atraso.rnp.br
1750736646,2025-06-24 00:44:06,core-popma-10g.pop-ma.rnp.br;No-Hostname;cma1-bma1.bkb.rnp.br;cpi1-cma1-tlb.bkb.rnp.br;cce1-cpi1-chesf.bkb.rnp.br;cce2-cce1.bkb.rnp.br;crn1-cce2-chesf.bkb.rnp.br;No-Hostname;No-Hostname;monipe-rn-atraso.rnp.br
1750737406,2025-06-24 00:56:46,core-popma-10g.pop-ma.rnp.br;No-Hostname;cma1-bma1.bkb.rnp.br;cpi1-cma1-tlb.bkb.rnp.br;cce1-cpi1-chesf.bkb.rnp.br;cce2-cce1.bkb.rnp.br;crn1-cce2-chesf.bkb.rnp.br;No-Hostname;No-Hostname;monipe-rn-atraso.rnp.br
1750737888,2025-06-24 01:04:48,core-popma-10g.pop-ma.rnp.br;No-Hostname;cma1-bma1.bkb.rnp.br;cpi1-cma1-tlb.bkb.rnp.br;cce1-cpi1-chesf.bkb.rnp.br;cce2-cce1.bkb.rnp.br;crn1-cce2-chesf.bkb.rnp.br;No-Hostname;No-Hostname;monipe-rn-atraso.rnp.br
1750738388,2025-06-24 01:13:08,core-popma-10g.pop-ma.rnp.br;No-Hostname;cma1-bma1.bkb.rnp.br;cpi1-cma1-tlb.bkb.rnp.br;cce1-cpi1-chesf.bkb.rnp.br;cce2-cce1.bkb.rnp.br;crn1-cce2-chesf.bkb.rnp.br;No-Hostname;No-Hostname;monipe-rn-atraso.rnp.br
1750739498,2025-06-24 01:31:38,core-popma-10g.pop-ma.rnp.br;No-Hostname;cma1-bma1.bkb.rnp.br;cpi1-cma1-tlb.bkb.rnp.br;cce1-cpi1-chesf.bkb.rnp.br;cce2-cce1.bkb.rnp.br;crn1-cce2-chesf.bkb.rnp.br;No-Hostname;No-Hostname;monipe-rn-atraso.rnp.br
1750739590,2025-06-24 01:33:10,core-popma-10g.pop-ma.rnp.br;No-Hostname;cma1-bma1.bkb.rnp.br;cpi1-cma1-tlb.bkb.rnp.br;cce1-cpi1-chesf.bkb.rnp.br;cce2-cce1.bkb.rnp.br;crn1-cce2-chesf.bkb.rnp.br;No-Hostname;No-Hostname;monipe-rn-atraso.rnp.br
1750740186,2025-06-24 01:43:06,core-popma-10g.pop-ma.rnp.br;No-Hostname;cma1-bma1.bkb.rnp.br;cpi1-cma1-tlb.bkb.rnp.br;cce1-cpi1-chesf.bkb.rnp.br;cce2-cce1.bkb.rnp.br;crn1-cce2-chesf.bkb.rnp.br;No-Hostname;No-Hostname;monipe-rn-atraso.rnp.br
1750740913,2025-06-24 01:55:13,core-popma-10g.pop-ma.rnp.br;No-Hostname;cma1-bma1.bkb.rnp.br;cpi1-cma1-tlb.bkb.rnp.br;cce1-cpi1-chesf.bkb.rnp.br;cce2-cce1.bkb.rnp.br;crn1-cce2-chesf.bkb.rnp.br;No-Hostname;No-Hostname;monipe-rn-atraso.rnp.br
1750741563,2025-06-24 02:06:03,core-popma-10g.pop-ma.rnp.br;No-Hostname;cma1-bma1.bkb.rnp.br;cpi1-cma1-tlb.bkb.rnp.br;cce1-cpi1-chesf.bkb.rnp.br;cce2-cce1.bkb.rnp.br;crn1-cce2-chesf.bkb.rnp.br;No-Hostname;No-Hostname;monipe-rn-atraso.rnp.br
1750742124,2025-06-24 02:15:24,core-popma-10g.pop-ma.rnp.br;No-Hostname;cma1-bma1.bkb.rnp.br;cpi1-cma1-tlb.bkb.rnp.br;cce1-cpi1-chesf.bkb.rnp.br;cce2-cce1.bkb.rnp.br;crn1-cce2-chesf.bkb.rnp.br;No-Hostname;No-Hostname;monipe-rn-atraso.rnp.br
1750742663,2025-06-24 02:24:23,core-popma-10g.pop-ma.rnp.br;No-Hostname;cma1-bma1.bkb.rnp.br;cpi1-cma1-tlb.bkb.rnp.br;cce1-cpi1-chesf.bkb.rnp.br;cce2-cce1.bkb.rnp.br;crn1-cce2-chesf.bkb.rnp.br;No-Hostname;No-Hostname;monipe-rn-atraso.rnp.br
1750743494,2025-06-24 02:38:14,core-popma-10g.pop-ma.rnp.br;No-Hostname;cma1-bma1.bkb.rnp.br;cpi1-cma1-tlb.bkb.rnp.br;cce1-cpi1-chesf.bkb.rnp.br;cce2-cce1.bkb.rnp.br;crn1-cce2-chesf.bkb.rnp.br;No-Hostname;No-Hostname;monipe-rn-atraso.rnp.br
1750743976,2025-06-24 02:46:16,core-popma-10g.pop-ma.rnp.br;No-Hostname;cma1-bma1.bkb.rnp.br;cpi1-cma1-tlb.bkb.rnp.br;cce1-cpi1-chesf.bkb.rnp.br;cce2-cce1.bkb.rnp.br;crn1-cce2-chesf.bkb.rnp.br;No-Hostname;No-Hostname;monipe-rn-atraso.rnp.br
1750744690,2025-06-24 02:58:10,core-popma-10g.pop-ma.rnp.br;No-Hostname;cma1-bma1.bkb.rnp.br;cpi1-cma1-tlb.bkb.rnp.br;cce1-cpi1-chesf.bkb.rnp.br;cce2-cce1.bkb.rnp.br;crn1-cce2-chesf.bkb.rnp.br;No-Hostname;No-Hostname;monipe-rn-atraso.rnp.br
1750745250,2025-06-24 03:07:30,core-popma-10g.pop-ma.rnp.br;No-Hostname;cma1-bma1.bkb.rnp.br;cpi1-cma1-tlb.bkb.rnp.br;cce1-cpi1-chesf.bkb.rnp.br;cce2-cce1.bkb.rnp.br;crn1-cce2-chesf.bkb.rnp.br;No-Hostname;No-Hostname;monipe-rn-atraso.rnp.br
1750745969,2025-06-24 03:19:29,core-popma-10g.pop-ma.rnp.br;No-Hostname;cma1-bma1.bkb.rnp.br;cpi1-cma1-tlb.bkb.rnp.br;cce1-cpi1-chesf.bkb.rnp.br;cce2-cce1.bkb.rnp.br;crn1-cce2-chesf.bkb.rnp.br;No-Hostname;No-Hostname;monipe-rn-atraso.rnp.br
1750746565,2025-06-24 03:29:25,core-popma-10g.pop-ma.rnp.br;No-Hostname;cma1-bma1.bkb.rnp.br;cpi1-cma1-tlb.bkb.rnp.br;cce1-cpi1-chesf.bkb.rnp.br;cce2-cce1.bkb.rnp.br;crn1-cce2-chesf.bkb.rnp.br;No-Hostname;No-Hostname;monipe-rn-atraso.rnp.br
1750747196,2025-06-24 03:39:56,core-popma-10g.pop-ma.rnp.br;No-Hostname;cma1-bma1.bkb.rnp.br;cpi1-cma1-tlb.bkb.rnp.br;cce1-cpi1-chesf.bkb.rnp.br;cce2-cce1.bkb.rnp.br;crn1-cce2-chesf.bkb.rnp.br;No-Hostname;No-Hostname;monipe-rn-atraso.rnp.br
1750747910,2025-06-24 03:51:50,core-popma-10g.pop-ma.rnp.br;No-Hostname;cma1-bma1.bkb.rnp.br;cpi1-cma1-tlb.bkb.rnp.br;cce1-cpi1-chesf.bkb.rnp.br;cce2-cce1.bkb.rnp.br;crn1-cce2-chesf.bkb.rnp.br;No-Hostname;No-Hostname;monipe-rn-atraso.rnp.br
1750748715,2025-06-24 04:05:15,core-popma-10g.pop-ma.rnp.br;No-Hostname;cma1-bma1.bkb.rnp.br;cpi1-cma1-tlb.bkb.rnp.br;cce1-cpi1-chesf.bkb.rnp.br;cce2-cce1.bkb.rnp.br;crn1-cce2-chesf.bkb.rnp.br;No-Hostname;No-Hostname;monipe-rn-atraso.rnp.br
1750749414,2025-06-24 04:16:54,core-popma-10g.pop-ma.rnp.br;No-Hostname;cma1-bma1.bkb.rnp.br;cpi1-cma1-tlb.bkb.rnp.br;cce1-cpi1-chesf.bkb.rnp.br;cce2-cce1.bkb.rnp.br;crn1-cce2-chesf.bkb.rnp.br;No-Hostname;No-Hostname;monipe-rn-atraso.rnp.br
1750749839,2025-06-24 04:23:59,core-popma-10g.pop-ma.rnp.br;No-Hostname;cma1-bma1.bkb.rnp.br;cpi1-cma1-tlb.bkb.rnp.br;cce1-cpi1-chesf.bkb.rnp.br;cce2-cce1.bkb.rnp.br;crn1-cce2-chesf.bkb.rnp.br;No-Hostname;No-Hostname;monipe-rn-atraso.rnp.br
1750750449,2025-06-24 04:34:09,core-popma-10g.pop-ma.rnp.br;No-Hostname;cma1-bma1.bkb.rnp.br;cpi1-cma1-tlb.bkb.rnp.br;cce1-cpi1-chesf.bkb.rnp.br;cce2-cce1.bkb.rnp.br;crn1-cce2-chesf.bkb.rnp.br;No-Hostname;No-Hostname;monipe-rn-atraso.rnp.br
1750751181,2025-06-24 04:46:21,core-popma-10g.pop-ma.rnp.br;No-Hostname;cma1-bma1.bkb.rnp.br;cpi1-cma1-tlb.bkb.rnp.br;cce1-cpi1-chesf.bkb.rnp.br;cce2-cce1.bkb.rnp.br;crn1-cce2-chesf.bkb.rnp.br;No-Hostname;No-Hostname;monipe-rn-atraso.rnp.br
1750751715,2025-06-24 04:55:15,core-popma-10g.pop-ma.rnp.br;No-Hostname;cma1-bma1.bkb.rnp.br;cpi1-cma1-tlb.bkb.rnp.br;cce1-cpi1-chesf.bkb.rnp.br;cce2-cce1.bkb.rnp.br;crn1-cce2-chesf.bkb.rnp.br;No-Hostname;No-Hostname;monipe-rn-atraso.rnp.br
1750752202,2025-06-24 05:03:22,core-popma-10g.pop-ma.rnp.br;No-Hostname;cma1-bma1.bkb.rnp.br;cpi1-cma1-tlb.bkb.rnp.br;cce1-cpi1-chesf.bkb.rnp.br;cce2-cce1.bkb.rnp.br;crn1-cce2-chesf.bkb.rnp.br;No-Hostname;No-Hostname;monipe-rn-atraso.rnp.br
1750753022,2025-06-24 05:17:02,core-popma-10g.pop-ma.rnp.br;No-Hostname;cma1-bma1.bkb.rnp.br;cpi1-cma1-tlb.bkb.rnp.br;cce1-cpi1-chesf.bkb.rnp.br;cce2-cce1.bkb.rnp.br;crn1-cce2-chesf.bkb.rnp.br;No-Hostname;No-Hostname;monipe-rn-atraso.rnp.br
1750753892,2025-06-24 05:31:32,core-popma-10g.pop-ma.rnp.br;No-Hostname;cma1-bma1.bkb.rnp.br;cpi1-cma1-tlb.bkb.rnp.br;cce1-cpi1-chesf.bkb.rnp.br;cce2-cce1.bkb.rnp.br;crn1-cce2-chesf.bkb.rnp.br;No-Hostname;No-Hostname;monipe-rn-atraso.rnp.br
1750754302,2025-06-24 05:38:22,core-popma-10g.pop-ma.rnp.br;No-Hostname;cma1-bma1.bkb.rnp.br;cpi1-cma1-tlb.bkb.rnp.br;cce1-cpi1-chesf.bkb.rnp.br;cce2-cce1.bkb.rnp.br;crn1-cce2-chesf.bkb.rnp.br;No-Hostname;No-Hostname;monipe-rn-atraso.rnp.br
1750754586,2025-06-24 05:43:06,core-popma-10g.pop-ma.rnp.br;No-Hostname;cma1-bma1.bkb.rnp.br;cpi1-cma1-tlb.bkb.rnp.br;cce1-cpi1-chesf.bkb.rnp.br;cce2-cce1.bkb.rnp.br;crn1-cce2-chesf.bkb.rnp.br;No-Hostname;No-Hostname;monipe-rn-atraso.rnp.br
1750755339,2025-06-24 05:55:39,core-popma-10g.pop-ma.rnp.br;No-Hostname;cma1-bma1.bkb.rnp.br;cpi1-cma1-tlb.bkb.rnp.br;cce1-cpi1-chesf.bkb.rnp.br;cce2-cce1.bkb.rnp.br;crn1-cce2-chesf.bkb.rnp.br;No-Hostname;No-Hostname;monipe-rn-atraso.rnp.br
1750756067,2025-06-24 06:07:47,core-popma-10g.pop-ma.rnp.br;No-Hostname;cma1-bma1.bkb.rnp.br;cpi1-cma1-tlb.bkb.rnp.br;cce1-cpi1-chesf.bkb.rnp.br;cce2-cce1.bkb.rnp.br;crn1-cce2-chesf.bkb.rnp.br;No-Hostname;No-Hostname;monipe-rn-atraso.rnp.br
1750756850,2025-06-24 06:20:50,core-popma-10g.pop-ma.rnp.br;No-Hostname;cma1-bma1.bkb.rnp.br;cpi1-cma1-tlb.bkb.rnp.br;cce1-cpi1-chesf.bkb.rnp.br;cce2-cce1.bkb.rnp.br;crn1-cce2-chesf.bkb.rnp.br;No-Hostname;No-Hostname;monipe-rn-atraso.rnp.br
1750757395,2025-06-24 06:29:55,core-popma-10g.pop-ma.rnp.br;No-Hostname;cma1-bma1.bkb.rnp.br;cpi1-cma1-tlb.bkb.rnp.br;cce1-cpi1-chesf.bkb.rnp.br;cce2-cce1.bkb.rnp.br;crn1-cce2-chesf.bkb.rnp.br;No-Hostname;No-Hostname;monipe-rn-atraso.rnp.br
1750757804,2025-06-24 06:36:44,core-popma-10g.pop-ma.rnp.br;No-Hostname;cma1-bma1.bkb.rnp.br;cpi1-cma1-tlb.bkb.rnp.br;cce1-cpi1-chesf.bkb.rnp.br;cce2-cce1.bkb.rnp.br;crn1-cce2-chesf.bkb.rnp.br;No-Hostname;No-Hostname;monipe-rn-atraso.rnp.br
1750758439,2025-06-24 06:47:19,core-popma-10g.pop-ma.rnp.br;No-Hostname;cma1-bma1.bkb.rnp.br;cpi1-cma1-tlb.bkb.rnp.br;cce1-cpi1-chesf.bkb.rnp.br;cce2-cce1.bkb.rnp.br;crn1-cce2-chesf.bkb.rnp.br;No-Hostname;No-Hostname;monipe-rn-atraso.rnp.br
1750759098,2025-06-24 06:58:18,core-popma-10g.pop-ma.rnp.br;No-Hostname;cma1-bma1.bkb.rnp.br;cpi1-cma1-tlb.bkb.rnp.br;cce1-cpi1-chesf.bkb.rnp.br;cce2-cce1.bkb.rnp.br;crn1-cce2-chesf.bkb.rnp.br;No-Hostname;No-Hostname;monipe-rn-atraso.rnp.br
1750759736,2025-06-24 07:08:56,core-popma-10g.pop-ma.rnp.br;No-Hostname;cma1-bma1.bkb.rnp.br;cpi1-cma1-tlb.bkb.rnp.br;cce1-cpi1-chesf.bkb.rnp.br;cce2-cce1.bkb.rnp.br;crn1-cce2-chesf.bkb.rnp.br;No-Hostname;No-Hostname;monipe-rn-atraso.rnp.br
1750760489,2025-06-24 07:21:29,core-popma-10g.pop-ma.rnp.br;No-Hostname;cma1-bma1.bkb.rnp.br;cpi1-cma1-tlb.bkb.rnp.br;cce1-cpi1-chesf.bkb.rnp.br;cce2-cce1.bkb.rnp.br;crn1-cce2-chesf.bkb.rnp.br;No-Hostname;No-Hostname;monipe-rn-atraso.rnp.br
1750760699,2025-06-24 07:24:59,core-popma-10g.pop-ma.rnp.br;No-Hostname;cma1-bma1.bkb.rnp.br;cpi1-cma1-tlb.bkb.rnp.br;cce1-cpi1-chesf.bkb.rnp.br;cce2-cce1.bkb.rnp.br;crn1-cce2-chesf.bkb.rnp.br;No-Hostname;No-Hostname;monipe-rn-atraso.rnp.br
1750761277,2025-06-24 07:34:37,core-popma-10g.pop-ma.rnp.br;No-Hostname;cma1-bma1.bkb.rnp.br;cpi1-cma1-tlb.bkb.rnp.br;cce1-cpi1-chesf.bkb.rnp.br;cce2-cce1.bkb.rnp.br;crn1-cce2-chesf.bkb.rnp.br;No-Hostname;No-Hostname;monipe-rn-atraso.rnp.br
1750761851,2025-06-24 07:44:11,core-popma-10g.pop-ma.rnp.br;No-Hostname;cma1-bma1.bkb.rnp.br;cpi1-cma1-tlb.bkb.rnp.br;cce1-cpi1-chesf.bkb.rnp.br;cce2-cce1.bkb.rnp.br;crn1-cce2-chesf.bkb.rnp.br;No-Hostname;No-Hostname;monipe-rn-atraso.rnp.br
1750762583,2025-06-24 07:56:23,core-popma-10g.pop-ma.rnp.br;No-Hostname;cma1-bma1.bkb.rnp.br;cpi1-cma1-tlb.bkb.rnp.br;cce1-cpi1-chesf.bkb.rnp.br;cce2-cce1.bkb.rnp.br;crn1-cce2-chesf.bkb.rnp.br;No-Hostname;No-Hostname;monipe-rn-atraso.rnp.br
1750763400,2025-06-24 08:10:00,core-popma-10g.pop-ma.rnp.br;No-Hostname;cma1-bma1.bkb.rnp.br;cpi1-cma1-tlb.bkb.rnp.br;cce1-cpi1-chesf.bkb.rnp.br;cce2-cce1.bkb.rnp.br;crn1-cce2-chesf.bkb.rnp.br;No-Hostname;No-Hostname;monipe-rn-atraso.rnp.br
1750763785,2025-06-24 08:16:25,core-popma-10g.pop-ma.rnp.br;No-Hostname;cma1-bma1.bkb.rnp.br;cpi1-cma1-tlb.bkb.rnp.br;cce1-cpi1-chesf.bkb.rnp.br;cce2-cce1.bkb.rnp.br;crn1-cce2-chesf.bkb.rnp.br;No-Hostname;No-Hostname;monipe-rn-atraso.rnp.br
1750764186,2025-06-24 08:23:06,core-popma-10g.pop-ma.rnp.br;No-Hostname;cma1-bma1.bkb.rnp.br;cpi1-cma1-tlb.bkb.rnp.br;cce1-cpi1-chesf.bkb.rnp.br;cce2-cce1.bkb.rnp.br;crn1-cce2-chesf.bkb.rnp.br;No-Hostname;No-Hostname;monipe-rn-atraso.rnp.br
1750765224,2025-06-24 08:40:24,core-popma-10g.pop-ma.rnp.br;No-Hostname;cma1-bma1.bkb.rnp.br;cpi1-cma1-tlb.bkb.rnp.br;cce1-cpi1-chesf.bkb.rnp.br;cce2-cce1.bkb.rnp.br;crn1-cce2-chesf.bkb.rnp.br;No-Hostname;No-Hostname;monipe-rn-atraso.rnp.br
1750765726,2025-06-24 08:48:46,core-popma-10g.pop-ma.rnp.br;No-Hostname;cma1-bma1.bkb.rnp.br;cpi1-cma1-tlb.bkb.rnp.br;cce1-cpi1-chesf.bkb.rnp.br;cce2-cce1.bkb.rnp.br;crn1-cce2-chesf.bkb.rnp.br;No-Hostname;No-Hostname;monipe-rn-atraso.rnp.br
1750766208,2025-06-24 08:56:48,core-popma-10g.pop-ma.rnp.br;No-Hostname;cma1-bma1.bkb.rnp.br;cpi1-cma1-tlb.bkb.rnp.br;cce1-cpi1-chesf.bkb.rnp.br;cce2-cce1.bkb.rnp.br;crn1-cce2-chesf.bkb.rnp.br;No-Hostname;No-Hostname;monipe-rn-atraso.rnp.br
1750766872,2025-06-24 09:07:52,core-popma-10g.pop-ma.rnp.br;No-Hostname;cma1-bma1.bkb.rnp.br;cpi1-cma1-tlb.bkb.rnp.br;cce1-cpi1-chesf.bkb.rnp.br;cce2-cce1.bkb.rnp.br;crn1-cce2-chesf.bkb.rnp.br;No-Hostname;No-Hostname;monipe-rn-atraso.rnp.br
1750767314,2025-06-24 09:15:14,core-popma-10g.pop-ma.rnp.br;No-Hostname;cma1-bma1.bkb.rnp.br;cpi1-cma1-tlb.bkb.rnp.br;cce1-cpi1-chesf.bkb.rnp.br;cce2-cce1.bkb.rnp.br;crn1-cce2-chesf.bkb.rnp.br;No-Hostname;No-Hostname;monipe-rn-atraso.rnp.br
1750768056,2025-06-24 09:27:36,core-popma-10g.pop-ma.rnp.br;No-Hostname;cma1-bma1.bkb.rnp.br;cpi1-cma1-tlb.bkb.rnp.br;cce1-cpi1-chesf.bkb.rnp.br;cce2-cce1.bkb.rnp.br;crn1-cce2-chesf.bkb.rnp.br;No-Hostname;No-Hostname;monipe-rn-atraso.rnp.br
1750768383,2025-06-24 09:33:03,core-popma-10g.pop-ma.rnp.br;No-Hostname;cma1-bma1.bkb.rnp.br;cpi1-cma1-tlb.bkb.rnp.br;cce1-cpi1-chesf.bkb.rnp.br;cce2-cce1.bkb.rnp.br;crn1-cce2-chesf.bkb.rnp.br;No-Hostname;No-Hostname;monipe-rn-atraso.rnp.br
1750769040,2025-06-24 09:44:00,core-popma-10g.pop-ma.rnp.br;No-Hostname;cma1-bma1.bkb.rnp.br;cpi1-cma1-tlb.bkb.rnp.br;cce1-cpi1-chesf.bkb.rnp.br;cce2-cce1.bkb.rnp.br;crn1-cce2-chesf.bkb.rnp.br;No-Hostname;No-Hostname;monipe-rn-atraso.rnp.br
1750769625,2025-06-24 09:53:45,core-popma-10g.pop-ma.rnp.br;No-Hostname;cma1-bma1.bkb.rnp.br;cpi1-cma1-tlb.bkb.rnp.br;cce1-cpi1-chesf.bkb.rnp.br;cce2-cce1.bkb.rnp.br;crn1-cce2-chesf.bkb.rnp.br;No-Hostname;No-Hostname;monipe-rn-atraso.rnp.br
1750770674,2025-06-24 10:11:14,core-popma-10g.pop-ma.rnp.br;No-Hostname;cma1-bma1.bkb.rnp.br;cpi1-cma1-tlb.bkb.rnp.br;cce1-cpi1-chesf.bkb.rnp.br;cce2-cce1.bkb.rnp.br;crn1-cce2-chesf.bkb.rnp.br;No-Hostname;No-Hostname;monipe-rn-atraso.rnp.br
1750771116,2025-06-24 10:18:36,core-popma-10g.pop-ma.rnp.br;No-Hostname;cma1-bma1.bkb.rnp.br;cpi1-cma1-tlb.bkb.rnp.br;cce1-cpi1-chesf.bkb.rnp.br;cce2-cce1.bkb.rnp.br;crn1-cce2-chesf.bkb.rnp.br;No-Hostname;No-Hostname;monipe-rn-atraso.rnp.br
1750771772,2025-06-24 10:29:32,core-popma-10g.pop-ma.rnp.br;No-Hostname;cma1-bma1.bkb.rnp.br;cpi1-cma1-tlb.bkb.rnp.br;cce1-cpi1-chesf.bkb.rnp.br;cce2-cce1.bkb.rnp.br;crn1-cce2-chesf.bkb.rnp.br;No-Hostname;No-Hostname;monipe-rn-atraso.rnp.br
1750772147,2025-06-24 10:35:47,core-popma-10g.pop-ma.rnp.br;No-Hostname;cma1-bma1.bkb.rnp.br;cpi1-cma1-tlb.bkb.rnp.br;cce1-cpi1-chesf.bkb.rnp.br;cce2-cce1.bkb.rnp.br;crn1-cce2-chesf.bkb.rnp.br;No-Hostname;No-Hostname;monipe-rn-atraso.rnp.br
1750772693,2025-06-24 10:44:53,core-popma-10g.pop-ma.rnp.br;No-Hostname;cma1-bma1.bkb.rnp.br;cpi1-cma1-tlb.bkb.rnp.br;cce1-cpi1-chesf.bkb.rnp.br;cce2-cce1.bkb.rnp.br;crn1-cce2-chesf.bkb.rnp.br;No-Hostname;No-Hostname;monipe-rn-atraso.rnp.br
1750773353,2025-06-24 10:55:53,core-popma-10g.pop-ma.rnp.br;No-Hostname;cma1-bma1.bkb.rnp.br;cpi1-cma1-tlb.bkb.rnp.br;cce1-cpi1-chesf.bkb.rnp.br;cce2-cce1.bkb.rnp.br;crn1-cce2-chesf.bkb.rnp.br;No-Hostname;No-Hostname;monipe-rn-atraso.rnp.br
1750773820,2025-06-24 11:03:40,core-popma-10g.pop-ma.rnp.br;No-Hostname;cma1-bma1.bkb.rnp.br;cpi1-cma1-tlb.bkb.rnp.br;cce1-cpi1-chesf.bkb.rnp.br;cce2-cce1.bkb.rnp.br;crn1-cce2-chesf.bkb.rnp.br;No-Hostname;No-Hostname;monipe-rn-atraso.rnp.br
1750774404,2025-06-24 11:13:24,core-popma-10g.pop-ma.rnp.br;No-Hostname;cma1-bma1.bkb.rnp.br;cpi1-cma1-tlb.bkb.rnp.br;cce1-cpi1-chesf.bkb.rnp.br;cce2-cce1.bkb.rnp.br;crn1-cce2-chesf.bkb.rnp.br;No-Hostname;No-Hostname;monipe-rn-atraso.rnp.br
1750775253,2025-06-24 11:27:33,core-popma-10g.pop-ma.rnp.br;No-Hostname;cma1-bma1.bkb.rnp.br;cpi1-cma1-tlb.bkb.rnp.br;cce1-cpi1-chesf.bkb.rnp.br;cce2-cce1.bkb.rnp.br;crn1-cce2-chesf.bkb.rnp.br;No-Hostname;No-Hostname;monipe-rn-atraso.rnp.br
1750775682,2025-06-24 11:34:42,core-popma-10g.pop-ma.rnp.br;No-Hostname;cma1-bma1.bkb.rnp.br;cpi1-cma1-tlb.bkb.rnp.br;cce1-cpi1-chesf.bkb.rnp.br;cce2-cce1.bkb.rnp.br;crn1-cce2-chesf.bkb.rnp.br;No-Hostname;No-Hostname;monipe-rn-atraso.rnp.br
1750776355,2025-06-24 11:45:55,core-popma-10g.pop-ma.rnp.br;No-Hostname;cma1-bma1.bkb.rnp.br;cpi1-cma1-tlb.bkb.rnp.br;cce1-cpi1-chesf.bkb.rnp.br;cce2-cce1.bkb.rnp.br;crn1-cce2-chesf.bkb.rnp.br;No-Hostname;No-Hostname;monipe-rn-atraso.rnp.br
1750776901,2025-06-24 11:55:01,core-popma-10g.pop-ma.rnp.br;No-Hostname;cma1-bma1.bkb.rnp.br;cpi1-cma1-tlb.bkb.rnp.br;cce1-cpi1-chesf.bkb.rnp.br;cce2-cce1.bkb.rnp.br;crn1-cce2-chesf.bkb.rnp.br;No-Hostname;No-Hostname;monipe-rn-atraso.rnp.br
1750777620,2025-06-24 12:07:00,core-popma-10g.pop-ma.rnp.br;No-Hostname;cma1-bma1.bkb.rnp.br;cpi1-cma1-tlb.bkb.rnp.br;cce1-cpi1-chesf.bkb.rnp.br;cce2-cce1.bkb.rnp.br;crn1-cce2-chesf.bkb.rnp.br;No-Hostname;No-Hostname;monipe-rn-atraso.rnp.br
1750778168,2025-06-24 12:16:08,core-popma-10g.pop-ma.rnp.br;No-Hostname;cma1-bma1.bkb.rnp.br;cpi1-cma1-tlb.bkb.rnp.br;cce1-cpi1-chesf.bkb.rnp.br;cce2-cce1.bkb.rnp.br;crn1-cce2-chesf.bkb.rnp.br;No-Hostname;No-Hostname;monipe-rn-atraso.rnp.br
1750778878,2025-06-24 12:27:58,core-popma-10g.pop-ma.rnp.br;No-Hostname;cma1-bma1.bkb.rnp.br;cpi1-cma1-tlb.bkb.rnp.br;cce1-cpi1-chesf.bkb.rnp.br;cce2-cce1.bkb.rnp.br;crn1-cce2-chesf.bkb.rnp.br;No-Hostname;No-Hostname;monipe-rn-atraso.rnp.br
1750779499,2025-06-24 12:38:19,core-popma-10g.pop-ma.rnp.br;No-Hostname;cma1-bma1.bkb.rnp.br;cpi1-cma1-tlb.bkb.rnp.br;cce1-cpi1-chesf.bkb.rnp.br;cce2-cce1.bkb.rnp.br;crn1-cce2-chesf.bkb.rnp.br;No-Hostname;No-Hostname;monipe-rn-atraso.rnp.br
1750779882,2025-06-24 12:44:42,core-popma-10g.pop-ma.rnp.br;No-Hostname;cma1-bma1.bkb.rnp.br;cpi1-cma1-tlb.bkb.rnp.br;cce1-cpi1-chesf.bkb.rnp.br;cce2-cce1.bkb.rnp.br;crn1-cce2-chesf.bkb.rnp.br;No-Hostname;No-Hostname;monipe-rn-atraso.rnp.br
1750780661,2025-06-24 12:57:41,core-popma-10g.pop-ma.rnp.br;No-Hostname;cma1-bma1.bkb.rnp.br;cpi1-cma1-tlb.bkb.rnp.br;cce1-cpi1-chesf.bkb.rnp.br;cce2-cce1.bkb.rnp.br;crn1-cce2-chesf.bkb.rnp.br;No-Hostname;No-Hostname;monipe-rn-atraso.rnp.br
1750781361,2025-06-24 13:09:21,core-popma-10g.pop-ma.rnp.br;No-Hostname;cma1-bma1.bkb.rnp.br;cpi1-cma1-tlb.bkb.rnp.br;cce1-cpi1-chesf.bkb.rnp.br;cce2-cce1.bkb.rnp.br;crn1-cce2-chesf.bkb.rnp.br;No-Hostname;No-Hostname;monipe-rn-atraso.rnp.br
1750781812,2025-06-24 13:16:52,core-popma-10g.pop-ma.rnp.br;No-Hostname;cma1-bma1.bkb.rnp.br;cpi1-cma1-tlb.bkb.rnp.br;cce1-cpi1-chesf.bkb.rnp.br;cce2-cce1.bkb.rnp.br;crn1-cce2-chesf.bkb.rnp.br;No-Hostname;No-Hostname;monipe-rn-atraso.rnp.br
1750782320,2025-06-24 13:25:20,core-popma-10g.pop-ma.rnp.br;No-Hostname;cma1-bma1.bkb.rnp.br;cpi1-cma1-tlb.bkb.rnp.br;cce1-cpi1-chesf.bkb.rnp.br;cce2-cce1.bkb.rnp.br;crn1-cce2-chesf.bkb.rnp.br;No-Hostname;No-Hostname;monipe-rn-atraso.rnp.br
1750782885,2025-06-24 13:34:45,core-popma-10g.pop-ma.rnp.br;No-Hostname;cma1-bma1.bkb.rnp.br;cpi1-cma1-tlb.bkb.rnp.br;cce1-cpi1-chesf.bkb.rnp.br;cce2-cce1.bkb.rnp.br;crn1-cce2-chesf.bkb.rnp.br;No-Hostname;No-Hostname;monipe-rn-atraso.rnp.br
1750783869,2025-06-24 13:51:09,core-popma-10g.pop-ma.rnp.br;No-Hostname;cma1-bma1.bkb.rnp.br;cpi1-cma1-tlb.bkb.rnp.br;cce1-cpi1-chesf.bkb.rnp.br;cce2-cce1.bkb.rnp.br;crn1-cce2-chesf.bkb.rnp.br;No-Hostname;No-Hostname;monipe-rn-atraso.rnp.br
1750784446,2025-06-24 14:00:46,core-popma-10g.pop-ma.rnp.br;No-Hostname;cma1-bma1.bkb.rnp.br;cpi1-cma1-tlb.bkb.rnp.br;cce1-cpi1-chesf.bkb.rnp.br;cce2-cce1.bkb.rnp.br;crn1-cce2-chesf.bkb.rnp.br;No-Hostname;No-Hostname;monipe-rn-atraso.rnp.br
