Timestamp,Datetime,HopHostnames
1749267260,2025-06-07 00:34:20,No-Hostname;No-Hostname;mxac-bac1.bkb.rnp.br;mxro-mxac-3g-allo.bkb.rnp.br;cmt1-mxro-infobarra.bkb.rnp.br;mxgo-cmt1-acessonline.bkb.rnp.br;lango-go.bkb.rnp.br;No-Hostname;monipe-go-atraso.rnp.br
1749267842,2025-06-07 00:44:02,No-Hostname;No-Hostname;mxac-bac1.bkb.rnp.br;mxro-mxac-3g-allo.bkb.rnp.br;cmt1-mxro-infobarra.bkb.rnp.br;mxgo-cmt1-acessonline.bkb.rnp.br;lango-go.bkb.rnp.br;No-Hostname;monipe-go-atraso.rnp.br
1749268264,2025-06-07 00:51:04,No-Hostname;No-Hostname;mxac-bac1.bkb.rnp.br;ro-ac-oi.bkb.rnp.br;cmt1-mxro-infobarra.bkb.rnp.br;mxgo-cmt1-acessonline.bkb.rnp.br;lango-go.bkb.rnp.br;No-Hostname;monipe-go-atraso.rnp.br
1749269272,2025-06-07 01:07:52,No-Hostname;No-Hostname;mxac-bac1.bkb.rnp.br;ro-ac-oi.bkb.rnp.br;cmt1-mxro-infobarra.bkb.rnp.br;mxgo-cmt1-acessonline.bkb.rnp.br;lango-go.bkb.rnp.br;No-Hostname;monipe-go-atraso.rnp.br
1749271416,2025-06-07 01:43:36,No-Hostname;No-Hostname;mxac-bac1.bkb.rnp.br;mxro-mxac-3g-allo.bkb.rnp.br;cmt1-mxro-infobarra.bkb.rnp.br;mxgo-cmt1-acessonline.bkb.rnp.br;lango-go.bkb.rnp.br;No-Hostname;monipe-go-atraso.rnp.br
1749273240,2025-06-07 02:14:00,No-Hostname;No-Hostname;mxac-bac1.bkb.rnp.br;ro-ac-oi.bkb.rnp.br;cmt1-mxro-infobarra.bkb.rnp.br;mxgo-cmt1-acessonline.bkb.rnp.br;lango-go.bkb.rnp.br;No-Hostname;monipe-go-atraso.rnp.br
1749273635,2025-06-07 02:20:35,No-Hostname;No-Hostname;mxac-bac1.bkb.rnp.br;ro-ac-oi.bkb.rnp.br;cmt1-mxro-infobarra.bkb.rnp.br;mxgo-cmt1-acessonline.bkb.rnp.br;lango-go.bkb.rnp.br;No-Hostname;monipe-go-atraso.rnp.br
1749274106,2025-06-07 02:28:26,No-Hostname;No-Hostname;mxac-bac1.bkb.rnp.br;ro-ac-oi.bkb.rnp.br;cmt1-mxro-infobarra.bkb.rnp.br;mxgo-cmt1-acessonline.bkb.rnp.br;lango-go.bkb.rnp.br;No-Hostname;monipe-go-atraso.rnp.br
1749274786,2025-06-07 02:39:46,No-Hostname;No-Hostname;mxac-bac1.bkb.rnp.br;ro-ac-oi.bkb.rnp.br;cmt1-mxro-infobarra.bkb.rnp.br;mxgo-cmt1-acessonline.bkb.rnp.br;lango-go.bkb.rnp.br;No-Hostname;monipe-go-atraso.rnp.br
1749275688,2025-06-07 02:54:48,No-Hostname;No-Hostname;mxac-bac1.bkb.rnp.br;mxro-mxac-3g-allo.bkb.rnp.br;cmt1-mxro-infobarra.bkb.rnp.br;mxgo-cmt1-acessonline.bkb.rnp.br;lango-go.bkb.rnp.br;No-Hostname;monipe-go-atraso.rnp.br
1749275830,2025-06-07 02:57:10,No-Hostname;No-Hostname;mxac-bac1.bkb.rnp.br;mxro-mxac-3g-allo.bkb.rnp.br;cmt1-mxro-infobarra.bkb.rnp.br;mxgo-cmt1-acessonline.bkb.rnp.br;lango-go.bkb.rnp.br;No-Hostname;monipe-go-atraso.rnp.br
1749276955,2025-06-07 03:15:55,No-Hostname;No-Hostname;mxac-bac1.bkb.rnp.br;mxro-mxac-3g-allo.bkb.rnp.br;cmt1-mxro-infobarra.bkb.rnp.br;mxgo-cmt1-acessonline.bkb.rnp.br;lango-go.bkb.rnp.br;No-Hostname;monipe-go-atraso.rnp.br
1749277802,2025-06-07 03:30:02,No-Hostname;No-Hostname;mxac-bac1.bkb.rnp.br;ro-ac-oi.bkb.rnp.br;cmt1-mxro-infobarra.bkb.rnp.br;mxgo-cmt1-acessonline.bkb.rnp.br;lango-go.bkb.rnp.br;No-Hostname;monipe-go-atraso.rnp.br
1749278744,2025-06-07 03:45:44,No-Hostname;No-Hostname;mxac-bac1.bkb.rnp.br;mxro-mxac-3g-allo.bkb.rnp.br;cmt1-mxro-infobarra.bkb.rnp.br;mxgo-cmt1-acessonline.bkb.rnp.br;lango-go.bkb.rnp.br;No-Hostname;monipe-go-atraso.rnp.br
1749279910,2025-06-07 04:05:10,No-Hostname;No-Hostname;mxac-bac1.bkb.rnp.br;mxro-mxac-3g-allo.bkb.rnp.br;cmt1-mxro-infobarra.bkb.rnp.br;mxgo-cmt1-acessonline.bkb.rnp.br;lango-go.bkb.rnp.br;No-Hostname;monipe-go-atraso.rnp.br
1749281026,2025-06-07 04:23:46,No-Hostname;No-Hostname;mxac-bac1.bkb.rnp.br;ro-ac-oi.bkb.rnp.br;cmt1-mxro-infobarra.bkb.rnp.br;mxms-cmt1-telebras.bkb.rnp.br;mxgo-mxms-brdigital.bkb.rnp.br;lango-go.bkb.rnp.br;No-Hostname;monipe-go-atraso.rnp.br
1749281692,2025-06-07 04:34:52,No-Hostname;No-Hostname;mxac-bac1.bkb.rnp.br;ro-ac-oi.bkb.rnp.br;cmt1-mxro-infobarra.bkb.rnp.br;mxms-cmt1-telebras.bkb.rnp.br;mxgo-mxms-brdigital.bkb.rnp.br;lango-go.bkb.rnp.br;No-Hostname;monipe-go-atraso.rnp.br
1749281992,2025-06-07 04:39:52,No-Hostname;No-Hostname;mxac-bac1.bkb.rnp.br;ro-ac-oi.bkb.rnp.br;cmt1-mxro-infobarra.bkb.rnp.br;mxms-cmt1-telebras.bkb.rnp.br;mxgo-mxms-brdigital.bkb.rnp.br;lango-go.bkb.rnp.br;No-Hostname;monipe-go-atraso.rnp.br
1749282918,2025-06-07 04:55:18,No-Hostname;No-Hostname;mxac-bac1.bkb.rnp.br;ro-ac-oi.bkb.rnp.br;cmt1-mxro-infobarra.bkb.rnp.br;mxgo-cmt1-acessonline.bkb.rnp.br;lango-go.bkb.rnp.br;No-Hostname;monipe-go-atraso.rnp.br
1749283112,2025-06-07 04:58:32,No-Hostname;No-Hostname;mxac-bac1.bkb.rnp.br;ro-ac-oi.bkb.rnp.br;cmt1-mxro-infobarra.bkb.rnp.br;mxgo-cmt1-acessonline.bkb.rnp.br;lango-go.bkb.rnp.br;No-Hostname;monipe-go-atraso.rnp.br
1749284029,2025-06-07 05:13:49,No-Hostname;No-Hostname;mxac-bac1.bkb.rnp.br;ro-ac-oi.bkb.rnp.br;cmt1-mxro-infobarra.bkb.rnp.br;mxgo-cmt1-acessonline.bkb.rnp.br;lango-go.bkb.rnp.br;No-Hostname;monipe-go-atraso.rnp.br
1749284235,2025-06-07 05:17:15,No-Hostname;No-Hostname;mxac-bac1.bkb.rnp.br;ro-ac-oi.bkb.rnp.br;cmt1-mxro-infobarra.bkb.rnp.br;mxgo-cmt1-acessonline.bkb.rnp.br;lango-go.bkb.rnp.br;No-Hostname;monipe-go-atraso.rnp.br
1749285269,2025-06-07 05:34:29,No-Hostname;No-Hostname;mxac-bac1.bkb.rnp.br;ro-ac-oi.bkb.rnp.br;cmt1-mxro-infobarra.bkb.rnp.br;mxgo-cmt1-acessonline.bkb.rnp.br;lango-go.bkb.rnp.br;No-Hostname;monipe-go-atraso.rnp.br
1749285953,2025-06-07 05:45:53,No-Hostname;No-Hostname;mxac-bac1.bkb.rnp.br;ro-ac-oi.bkb.rnp.br;cmt1-mxro-infobarra.bkb.rnp.br;mxgo-cmt1-acessonline.bkb.rnp.br;lango-go.bkb.rnp.br;No-Hostname;monipe-go-atraso.rnp.br
1749286354,2025-06-07 05:52:34,No-Hostname;No-Hostname;mxac-bac1.bkb.rnp.br;ro-ac-oi.bkb.rnp.br;cmt1-mxro-infobarra.bkb.rnp.br;mxgo-cmt1-acessonline.bkb.rnp.br;lango-go.bkb.rnp.br;No-Hostname;monipe-go-atraso.rnp.br
1749286853,2025-06-07 06:00:53,No-Hostname;No-Hostname;mxac-bac1.bkb.rnp.br;ro-ac-oi.bkb.rnp.br;cmt1-mxro-infobarra.bkb.rnp.br;mxgo-cmt1-acessonline.bkb.rnp.br;lango-go.bkb.rnp.br;No-Hostname;monipe-go-atraso.rnp.br
1749287385,2025-06-07 06:09:45,No-Hostname;No-Hostname;mxac-bac1.bkb.rnp.br;ro-ac-oi.bkb.rnp.br;cmt1-mxro-infobarra.bkb.rnp.br;mxgo-cmt1-acessonline.bkb.rnp.br;lango-go.bkb.rnp.br;No-Hostname;monipe-go-atraso.rnp.br
1749287945,2025-06-07 06:19:05,No-Hostname;No-Hostname;mxac-bac1.bkb.rnp.br;ro-ac-oi.bkb.rnp.br;cmt1-mxro-infobarra.bkb.rnp.br;mxgo-cmt1-acessonline.bkb.rnp.br;lango-go.bkb.rnp.br;No-Hostname;monipe-go-atraso.rnp.br
1749288705,2025-06-07 06:31:45,No-Hostname;No-Hostname;mxac-bac1.bkb.rnp.br;ro-ac-oi.bkb.rnp.br;cmt1-mxro-infobarra.bkb.rnp.br;mxgo-cmt1-acessonline.bkb.rnp.br;lango-go.bkb.rnp.br;No-Hostname;monipe-go-atraso.rnp.br
1749289433,2025-06-07 06:43:53,No-Hostname;No-Hostname;mxac-bac1.bkb.rnp.br;ro-ac-oi.bkb.rnp.br;cmt1-mxro-infobarra.bkb.rnp.br;mxgo-cmt1-acessonline.bkb.rnp.br;lango-go.bkb.rnp.br;No-Hostname;monipe-go-atraso.rnp.br
1749290034,2025-06-07 06:53:54,No-Hostname;No-Hostname;mxac-bac1.bkb.rnp.br;mxro-mxac-3g-allo.bkb.rnp.br;cmt1-mxro-infobarra.bkb.rnp.br;mxms-cmt1-telebras.bkb.rnp.br;mxgo-mxms-brdigital.bkb.rnp.br;lango-go.bkb.rnp.br;No-Hostname;monipe-go-atraso.rnp.br
1749290635,2025-06-07 07:03:55,No-Hostname;No-Hostname;mxac-bac1.bkb.rnp.br;mxro-mxac-3g-allo.bkb.rnp.br;cmt1-mxro-infobarra.bkb.rnp.br;mxms-cmt1-telebras.bkb.rnp.br;mxgo-mxms-brdigital.bkb.rnp.br;lango-go.bkb.rnp.br;No-Hostname;monipe-go-atraso.rnp.br
1749291016,2025-06-07 07:10:16,No-Hostname;No-Hostname;mxac-bac1.bkb.rnp.br;mxro-mxac-3g-allo.bkb.rnp.br;cmt1-mxro-infobarra.bkb.rnp.br;mxms-cmt1-telebras.bkb.rnp.br;mxgo-mxms-brdigital.bkb.rnp.br;lango-go.bkb.rnp.br;No-Hostname;monipe-go-atraso.rnp.br
1749292091,2025-06-07 07:28:11,No-Hostname;No-Hostname;mxac-bac1.bkb.rnp.br;mxro-mxac-3g-allo.bkb.rnp.br;cmt1-mxro-infobarra.bkb.rnp.br;mxgo-cmt1-acessonline.bkb.rnp.br;lango-go.bkb.rnp.br;No-Hostname;monipe-go-atraso.rnp.br
1749292705,2025-06-07 07:38:25,No-Hostname;No-Hostname;mxac-bac1.bkb.rnp.br;mxro-mxac-3g-allo.bkb.rnp.br;cmt1-mxro-infobarra.bkb.rnp.br;mxgo-cmt1-acessonline.bkb.rnp.br;lango-go.bkb.rnp.br;No-Hostname;monipe-go-atraso.rnp.br
1749293440,2025-06-07 07:50:40,No-Hostname;No-Hostname;mxac-bac1.bkb.rnp.br;ro-ac-oi.bkb.rnp.br;cmt1-mxro-infobarra.bkb.rnp.br;mxgo-cmt1-acessonline.bkb.rnp.br;lango-go.bkb.rnp.br;No-Hostname;monipe-go-atraso.rnp.br
1749293900,2025-06-07 07:58:20,No-Hostname;No-Hostname;mxac-bac1.bkb.rnp.br;ro-ac-oi.bkb.rnp.br;cmt1-mxro-infobarra.bkb.rnp.br;mxgo-cmt1-acessonline.bkb.rnp.br;lango-go.bkb.rnp.br;No-Hostname;monipe-go-atraso.rnp.br
1749294898,2025-06-07 08:14:58,No-Hostname;No-Hostname;mxac-bac1.bkb.rnp.br;ro-ac-oi.bkb.rnp.br;cmt1-mxro-infobarra.bkb.rnp.br;mxgo-cmt1-acessonline.bkb.rnp.br;lango-go.bkb.rnp.br;No-Hostname;monipe-go-atraso.rnp.br
1749295377,2025-06-07 08:22:57,No-Hostname;No-Hostname;mxac-bac1.bkb.rnp.br;ro-ac-oi.bkb.rnp.br;cmt1-mxro-infobarra.bkb.rnp.br;mxgo-cmt1-acessonline.bkb.rnp.br;lango-go.bkb.rnp.br;No-Hostname;monipe-go-atraso.rnp.br
1749296098,2025-06-07 08:34:58,No-Hostname;No-Hostname;mxac-bac1.bkb.rnp.br;ro-ac-oi.bkb.rnp.br;cmt1-mxro-infobarra.bkb.rnp.br;mxgo-cmt1-acessonline.bkb.rnp.br;lango-go.bkb.rnp.br;No-Hostname;monipe-go-atraso.rnp.br
1749296715,2025-06-07 08:45:15,No-Hostname;No-Hostname;mxac-bac1.bkb.rnp.br;ro-ac-oi.bkb.rnp.br;cmt1-mxro-infobarra.bkb.rnp.br;mxgo-cmt1-acessonline.bkb.rnp.br;lango-go.bkb.rnp.br;No-Hostname;monipe-go-atraso.rnp.br
1749296986,2025-06-07 08:49:46,No-Hostname;No-Hostname;mxac-bac1.bkb.rnp.br;ro-ac-oi.bkb.rnp.br;cmt1-mxro-infobarra.bkb.rnp.br;mxgo-cmt1-acessonline.bkb.rnp.br;lango-go.bkb.rnp.br;No-Hostname;monipe-go-atraso.rnp.br
1749297714,2025-06-07 09:01:54,No-Hostname;No-Hostname;mxac-bac1.bkb.rnp.br;ro-ac-oi.bkb.rnp.br;cmt1-mxro-infobarra.bkb.rnp.br;mxgo-cmt1-acessonline.bkb.rnp.br;lango-go.bkb.rnp.br;No-Hostname;monipe-go-atraso.rnp.br
1749298910,2025-06-07 09:21:50,No-Hostname;No-Hostname;mxac-bac1.bkb.rnp.br;mxro-mxac-3g-allo.bkb.rnp.br;cmt1-mxro-infobarra.bkb.rnp.br;mxgo-cmt1-acessonline.bkb.rnp.br;lango-go.bkb.rnp.br;No-Hostname;monipe-go-atraso.rnp.br
1749299365,2025-06-07 09:29:25,No-Hostname;No-Hostname;mxac-bac1.bkb.rnp.br;mxro-mxac-3g-allo.bkb.rnp.br;cmt1-mxro-infobarra.bkb.rnp.br;mxgo-cmt1-acessonline.bkb.rnp.br;lango-go.bkb.rnp.br;No-Hostname;monipe-go-atraso.rnp.br
1749299829,2025-06-07 09:37:09,No-Hostname;No-Hostname;mxac-bac1.bkb.rnp.br;mxro-mxac-3g-allo.bkb.rnp.br;cmt1-mxro-infobarra.bkb.rnp.br;mxgo-cmt1-acessonline.bkb.rnp.br;lango-go.bkb.rnp.br;No-Hostname;monipe-go-atraso.rnp.br
1749300667,2025-06-07 09:51:07,No-Hostname;No-Hostname;mxac-bac1.bkb.rnp.br;mxro-mxac-3g-allo.bkb.rnp.br;cmt1-mxro-infobarra.bkb.rnp.br;mxms-cmt1-telebras.bkb.rnp.br;mxgo-mxms-brdigital.bkb.rnp.br;lango-go.bkb.rnp.br;No-Hostname;monipe-go-atraso.rnp.br
1749301133,2025-06-07 09:58:53,No-Hostname;No-Hostname;mxac-bac1.bkb.rnp.br;mxro-mxac-3g-allo.bkb.rnp.br;cmt1-mxro-infobarra.bkb.rnp.br;mxms-cmt1-telebras.bkb.rnp.br;mxgo-mxms-brdigital.bkb.rnp.br;lango-go.bkb.rnp.br;No-Hostname;monipe-go-atraso.rnp.br
1749301717,2025-06-07 10:08:37,No-Hostname;No-Hostname;mxac-bac1.bkb.rnp.br;mxro-mxac-3g-allo.bkb.rnp.br;cmt1-mxro-infobarra.bkb.rnp.br;mxms-cmt1-telebras.bkb.rnp.br;mxgo-mxms-brdigital.bkb.rnp.br;lango-go.bkb.rnp.br;No-Hostname;monipe-go-atraso.rnp.br
1749302230,2025-06-07 10:17:10,No-Hostname;No-Hostname;mxac-bac1.bkb.rnp.br;mxro-mxac-3g-allo.bkb.rnp.br;cmt1-mxro-infobarra.bkb.rnp.br;mxms-cmt1-telebras.bkb.rnp.br;mxgo-mxms-brdigital.bkb.rnp.br;lango-go.bkb.rnp.br;No-Hostname;monipe-go-atraso.rnp.br
1749302942,2025-06-07 10:29:02,No-Hostname;No-Hostname;mxac-bac1.bkb.rnp.br;mxro-mxac-3g-allo.bkb.rnp.br;cmt1-mxro-infobarra.bkb.rnp.br;mxms-cmt1-telebras.bkb.rnp.br;mxgo-mxms-brdigital.bkb.rnp.br;lango-go.bkb.rnp.br;No-Hostname;monipe-go-atraso.rnp.br
1749303465,2025-06-07 10:37:45,No-Hostname;No-Hostname;mxac-bac1.bkb.rnp.br;mxro-mxac-3g-allo.bkb.rnp.br;cmt1-mxro-infobarra.bkb.rnp.br;mxms-cmt1-telebras.bkb.rnp.br;mxgo-mxms-brdigital.bkb.rnp.br;lango-go.bkb.rnp.br;No-Hostname;monipe-go-atraso.rnp.br
1749304159,2025-06-07 10:49:19,No-Hostname;No-Hostname;mxac-bac1.bkb.rnp.br;mxro-mxac-3g-allo.bkb.rnp.br;cmt1-mxro-infobarra.bkb.rnp.br;mxms-cmt1-telebras.bkb.rnp.br;mxgo-mxms-brdigital.bkb.rnp.br;lango-go.bkb.rnp.br;No-Hostname;monipe-go-atraso.rnp.br
1749304952,2025-06-07 11:02:32,No-Hostname;No-Hostname;mxac-bac1.bkb.rnp.br;mxro-mxac-3g-allo.bkb.rnp.br;cmt1-mxro-infobarra.bkb.rnp.br;mxgo-cmt1-acessonline.bkb.rnp.br;lango-go.bkb.rnp.br;No-Hostname;monipe-go-atraso.rnp.br
1749305632,2025-06-07 11:13:52,No-Hostname;No-Hostname;mxac-bac1.bkb.rnp.br;mxro-mxac-3g-allo.bkb.rnp.br;cmt1-mxro-infobarra.bkb.rnp.br;mxgo-cmt1-acessonline.bkb.rnp.br;lango-go.bkb.rnp.br;No-Hostname;monipe-go-atraso.rnp.br
1749306153,2025-06-07 11:22:33,No-Hostname;No-Hostname;mxac-bac1.bkb.rnp.br;mxro-mxac-3g-allo.bkb.rnp.br;cmt1-mxro-infobarra.bkb.rnp.br;mxgo-cmt1-acessonline.bkb.rnp.br;lango-go.bkb.rnp.br;No-Hostname;monipe-go-atraso.rnp.br
1749306835,2025-06-07 11:33:55,No-Hostname;No-Hostname;mxac-bac1.bkb.rnp.br;mxro-mxac-3g-allo.bkb.rnp.br;cmt1-mxro-infobarra.bkb.rnp.br;mxgo-cmt1-acessonline.bkb.rnp.br;lango-go.bkb.rnp.br;No-Hostname;monipe-go-atraso.rnp.br
1749307114,2025-06-07 11:38:34,No-Hostname;No-Hostname;mxac-bac1.bkb.rnp.br;mxro-mxac-3g-allo.bkb.rnp.br;cmt1-mxro-infobarra.bkb.rnp.br;mxgo-cmt1-acessonline.bkb.rnp.br;lango-go.bkb.rnp.br;No-Hostname;monipe-go-atraso.rnp.br
1749307798,2025-06-07 11:49:58,No-Hostname;No-Hostname;mxac-bac1.bkb.rnp.br;mxro-mxac-3g-allo.bkb.rnp.br;cmt1-mxro-infobarra.bkb.rnp.br;mxgo-cmt1-acessonline.bkb.rnp.br;lango-go.bkb.rnp.br;No-Hostname;monipe-go-atraso.rnp.br
1749309306,2025-06-07 12:15:06,No-Hostname;No-Hostname;mxac-bac1.bkb.rnp.br;mxro-mxac-3g-allo.bkb.rnp.br;cmt1-mxro-infobarra.bkb.rnp.br;mxgo-cmt1-acessonline.bkb.rnp.br;lango-go.bkb.rnp.br;No-Hostname;monipe-go-atraso.rnp.br
1749309860,2025-06-07 12:24:20,No-Hostname;No-Hostname;mxac-bac1.bkb.rnp.br;ro-ac-oi.bkb.rnp.br;cmt1-mxro-infobarra.bkb.rnp.br;mxgo-cmt1-acessonline.bkb.rnp.br;lango-go.bkb.rnp.br;No-Hostname;monipe-go-atraso.rnp.br
1749310283,2025-06-07 12:31:23,No-Hostname;No-Hostname;mxac-bac1.bkb.rnp.br;ro-ac-oi.bkb.rnp.br;cmt1-mxro-infobarra.bkb.rnp.br;mxgo-cmt1-acessonline.bkb.rnp.br;lango-go.bkb.rnp.br;No-Hostname;monipe-go-atraso.rnp.br
1749310823,2025-06-07 12:40:23,No-Hostname;No-Hostname;mxac-bac1.bkb.rnp.br;ro-ac-oi.bkb.rnp.br;cmt1-mxro-infobarra.bkb.rnp.br;mxgo-cmt1-acessonline.bkb.rnp.br;lango-go.bkb.rnp.br;No-Hostname;monipe-go-atraso.rnp.br
1749312161,2025-06-07 13:02:41,No-Hostname;No-Hostname;mxac-bac1.bkb.rnp.br;mxro-mxac-3g-allo.bkb.rnp.br;cmt1-mxro-infobarra.bkb.rnp.br;mxms-cmt1-telebras.bkb.rnp.br;mxgo-mxms-brdigital.bkb.rnp.br;lango-go.bkb.rnp.br;No-Hostname;monipe-go-atraso.rnp.br
1749312891,2025-06-07 13:14:51,No-Hostname;No-Hostname;mxac-bac1.bkb.rnp.br;mxro-mxac-3g-allo.bkb.rnp.br;cmt1-mxro-infobarra.bkb.rnp.br;mxms-cmt1-telebras.bkb.rnp.br;mxgo-mxms-brdigital.bkb.rnp.br;lango-go.bkb.rnp.br;No-Hostname;monipe-go-atraso.rnp.br
1749313349,2025-06-07 13:22:29,No-Hostname;No-Hostname;mxac-bac1.bkb.rnp.br;ro-ac-oi.bkb.rnp.br;cmt1-mxro-infobarra.bkb.rnp.br;mxgo-cmt1-acessonline.bkb.rnp.br;lango-go.bkb.rnp.br;No-Hostname;monipe-go-atraso.rnp.br
1749313983,2025-06-07 13:33:03,No-Hostname;No-Hostname;mxac-bac1.bkb.rnp.br;ro-ac-oi.bkb.rnp.br;cmt1-mxro-infobarra.bkb.rnp.br;mxgo-cmt1-acessonline.bkb.rnp.br;lango-go.bkb.rnp.br;No-Hostname;monipe-go-atraso.rnp.br
1749314414,2025-06-07 13:40:14,No-Hostname;No-Hostname;mxac-bac1.bkb.rnp.br;ro-ac-oi.bkb.rnp.br;cmt1-mxro-infobarra.bkb.rnp.br;mxgo-cmt1-acessonline.bkb.rnp.br;lango-go.bkb.rnp.br;No-Hostname;monipe-go-atraso.rnp.br
1749315463,2025-06-07 13:57:43,No-Hostname;No-Hostname;mxac-bac1.bkb.rnp.br;mxro-mxac-3g-allo.bkb.rnp.br;cmt1-mxro-infobarra.bkb.rnp.br;mxgo-cmt1-acessonline.bkb.rnp.br;lango-go.bkb.rnp.br;No-Hostname;monipe-go-atraso.rnp.br
1749316457,2025-06-07 14:14:17,No-Hostname;No-Hostname;mxac-bac1.bkb.rnp.br;mxro-mxac-3g-allo.bkb.rnp.br;cmt1-mxro-infobarra.bkb.rnp.br;mxgo-cmt1-acessonline.bkb.rnp.br;lango-go.bkb.rnp.br;No-Hostname;monipe-go-atraso.rnp.br
1749317146,2025-06-07 14:25:46,No-Hostname;No-Hostname;mxac-bac1.bkb.rnp.br;mxro-mxac-3g-allo.bkb.rnp.br;cmt1-mxro-infobarra.bkb.rnp.br;mxgo-cmt1-acessonline.bkb.rnp.br;lango-go.bkb.rnp.br;No-Hostname;monipe-go-atraso.rnp.br
1749317556,2025-06-07 14:32:36,No-Hostname;No-Hostname;mxac-bac1.bkb.rnp.br;mxro-mxac-3g-allo.bkb.rnp.br;cmt1-mxro-infobarra.bkb.rnp.br;mxgo-cmt1-acessonline.bkb.rnp.br;lango-go.bkb.rnp.br;No-Hostname;monipe-go-atraso.rnp.br
1749318097,2025-06-07 14:41:37,No-Hostname;No-Hostname;mxac-bac1.bkb.rnp.br;mxro-mxac-3g-allo.bkb.rnp.br;cmt1-mxro-infobarra.bkb.rnp.br;mxgo-cmt1-acessonline.bkb.rnp.br;lango-go.bkb.rnp.br;No-Hostname;monipe-go-atraso.rnp.br
1749318683,2025-06-07 14:51:23,No-Hostname;No-Hostname;mxac-bac1.bkb.rnp.br;ro-ac-oi.bkb.rnp.br;cmt1-mxro-infobarra.bkb.rnp.br;mxgo-cmt1-acessonline.bkb.rnp.br;lango-go.bkb.rnp.br;No-Hostname;monipe-go-atraso.rnp.br
1749319140,2025-06-07 14:59:00,No-Hostname;No-Hostname;mxac-bac1.bkb.rnp.br;ro-ac-oi.bkb.rnp.br;cmt1-mxro-infobarra.bkb.rnp.br;mxgo-cmt1-acessonline.bkb.rnp.br;lango-go.bkb.rnp.br;No-Hostname;monipe-go-atraso.rnp.br
1749319982,2025-06-07 15:13:02,No-Hostname;No-Hostname;mxac-bac1.bkb.rnp.br;ro-ac-oi.bkb.rnp.br;cmt1-mxro-infobarra.bkb.rnp.br;mxgo-cmt1-acessonline.bkb.rnp.br;lango-go.bkb.rnp.br;No-Hostname;monipe-go-atraso.rnp.br
1749320436,2025-06-07 15:20:36,No-Hostname;No-Hostname;mxac-bac1.bkb.rnp.br;mxro-mxac-3g-allo.bkb.rnp.br;cmt1-mxro-infobarra.bkb.rnp.br;mxgo-cmt1-acessonline.bkb.rnp.br;lango-go.bkb.rnp.br;No-Hostname;monipe-go-atraso.rnp.br
1749320914,2025-06-07 15:28:34,No-Hostname;No-Hostname;mxac-bac1.bkb.rnp.br;mxro-mxac-3g-allo.bkb.rnp.br;cmt1-mxro-infobarra.bkb.rnp.br;mxgo-cmt1-acessonline.bkb.rnp.br;lango-go.bkb.rnp.br;No-Hostname;monipe-go-atraso.rnp.br
1749321876,2025-06-07 15:44:36,No-Hostname;No-Hostname;mxac-bac1.bkb.rnp.br;mxro-mxac-3g-allo.bkb.rnp.br;cmt1-mxro-infobarra.bkb.rnp.br;mxgo-cmt1-acessonline.bkb.rnp.br;lango-go.bkb.rnp.br;No-Hostname;monipe-go-atraso.rnp.br
1749322153,2025-06-07 15:49:13,No-Hostname;No-Hostname;mxac-bac1.bkb.rnp.br;mxro-mxac-3g-allo.bkb.rnp.br;cmt1-mxro-infobarra.bkb.rnp.br;mxgo-cmt1-acessonline.bkb.rnp.br;lango-go.bkb.rnp.br;No-Hostname;monipe-go-atraso.rnp.br
1749322840,2025-06-07 16:00:40,No-Hostname;No-Hostname;mxac-bac1.bkb.rnp.br;mxro-mxac-3g-allo.bkb.rnp.br;cmt1-mxro-infobarra.bkb.rnp.br;mxgo-cmt1-acessonline.bkb.rnp.br;lango-go.bkb.rnp.br;No-Hostname;monipe-go-atraso.rnp.br
1749323690,2025-06-07 16:14:50,No-Hostname;No-Hostname;mxac-bac1.bkb.rnp.br;mxro-mxac-3g-allo.bkb.rnp.br;cmt1-mxro-infobarra.bkb.rnp.br;mxgo-cmt1-acessonline.bkb.rnp.br;lango-go.bkb.rnp.br;No-Hostname;monipe-go-atraso.rnp.br
1749324286,2025-06-07 16:24:46,No-Hostname;No-Hostname;mxac-bac1.bkb.rnp.br;mxro-mxac-3g-allo.bkb.rnp.br;cmt1-mxro-infobarra.bkb.rnp.br;mxms-cmt1-telebras.bkb.rnp.br;mxgo-mxms-brdigital.bkb.rnp.br;lango-go.bkb.rnp.br;No-Hostname;monipe-go-atraso.rnp.br
1749324851,2025-06-07 16:34:11,No-Hostname;No-Hostname;mxac-bac1.bkb.rnp.br;mxro-mxac-3g-allo.bkb.rnp.br;cmt1-mxro-infobarra.bkb.rnp.br;mxms-cmt1-telebras.bkb.rnp.br;mxgo-mxms-brdigital.bkb.rnp.br;lango-go.bkb.rnp.br;No-Hostname;monipe-go-atraso.rnp.br
1749325189,2025-06-07 16:39:49,No-Hostname;No-Hostname;mxac-bac1.bkb.rnp.br;mxro-mxac-3g-allo.bkb.rnp.br;cmt1-mxro-infobarra.bkb.rnp.br;mxms-cmt1-telebras.bkb.rnp.br;mxgo-mxms-brdigital.bkb.rnp.br;lango-go.bkb.rnp.br;No-Hostname;monipe-go-atraso.rnp.br
1749325878,2025-06-07 16:51:18,No-Hostname;No-Hostname;mxac-bac1.bkb.rnp.br;mxro-mxac-3g-allo.bkb.rnp.br;cmt1-mxro-infobarra.bkb.rnp.br;mxgo-cmt1-acessonline.bkb.rnp.br;lango-go.bkb.rnp.br;No-Hostname;monipe-go-atraso.rnp.br
1749326386,2025-06-07 16:59:46,No-Hostname;No-Hostname;mxac-bac1.bkb.rnp.br;mxro-mxac-3g-allo.bkb.rnp.br;cmt1-mxro-infobarra.bkb.rnp.br;mxgo-cmt1-acessonline.bkb.rnp.br;lango-go.bkb.rnp.br;No-Hostname;monipe-go-atraso.rnp.br
1749327273,2025-06-07 17:14:33,No-Hostname;No-Hostname;mxac-bac1.bkb.rnp.br;mxro-mxac-3g-allo.bkb.rnp.br;cmt1-mxro-infobarra.bkb.rnp.br;mxgo-cmt1-acessonline.bkb.rnp.br;lango-go.bkb.rnp.br;No-Hostname;monipe-go-atraso.rnp.br
1749327838,2025-06-07 17:23:58,No-Hostname;No-Hostname;mxac-bac1.bkb.rnp.br;ro-ac-oi.bkb.rnp.br;cmt1-mxro-infobarra.bkb.rnp.br;mxgo-cmt1-acessonline.bkb.rnp.br;lango-go.bkb.rnp.br;No-Hostname;monipe-go-atraso.rnp.br
1749329085,2025-06-07 17:44:45,No-Hostname;No-Hostname;mxac-bac1.bkb.rnp.br;ro-ac-oi.bkb.rnp.br;cmt1-mxro-infobarra.bkb.rnp.br;mxgo-cmt1-acessonline.bkb.rnp.br;lango-go.bkb.rnp.br;No-Hostname;monipe-go-atraso.rnp.br
1749329339,2025-06-07 17:48:59,No-Hostname;No-Hostname;mxac-bac1.bkb.rnp.br;ro-ac-oi.bkb.rnp.br;cmt1-mxro-infobarra.bkb.rnp.br;mxgo-cmt1-acessonline.bkb.rnp.br;lango-go.bkb.rnp.br;No-Hostname;monipe-go-atraso.rnp.br
1749330095,2025-06-07 18:01:35,No-Hostname;No-Hostname;mxac-bac1.bkb.rnp.br;ro-ac-oi.bkb.rnp.br;cmt1-mxro-infobarra.bkb.rnp.br;mxgo-cmt1-acessonline.bkb.rnp.br;lango-go.bkb.rnp.br;No-Hostname;monipe-go-atraso.rnp.br
1749330947,2025-06-07 18:15:47,No-Hostname;No-Hostname;mxac-bac1.bkb.rnp.br;ro-ac-oi.bkb.rnp.br;cmt1-mxro-infobarra.bkb.rnp.br;mxgo-cmt1-acessonline.bkb.rnp.br;lango-go.bkb.rnp.br;No-Hostname;monipe-go-atraso.rnp.br
1749331047,2025-06-07 18:17:27,No-Hostname;No-Hostname;mxac-bac1.bkb.rnp.br;ro-ac-oi.bkb.rnp.br;cmt1-mxro-infobarra.bkb.rnp.br;mxgo-cmt1-acessonline.bkb.rnp.br;lango-go.bkb.rnp.br;No-Hostname;monipe-go-atraso.rnp.br
1749332043,2025-06-07 18:34:03,No-Hostname;No-Hostname;mxac-bac1.bkb.rnp.br;ro-ac-oi.bkb.rnp.br;cmt1-mxro-infobarra.bkb.rnp.br;mxgo-cmt1-acessonline.bkb.rnp.br;lango-go.bkb.rnp.br;No-Hostname;monipe-go-atraso.rnp.br
1749332236,2025-06-07 18:37:16,No-Hostname;No-Hostname;mxac-bac1.bkb.rnp.br;ro-ac-oi.bkb.rnp.br;cmt1-mxro-infobarra.bkb.rnp.br;mxgo-cmt1-acessonline.bkb.rnp.br;lango-go.bkb.rnp.br;No-Hostname;monipe-go-atraso.rnp.br
1749333112,2025-06-07 18:51:52,No-Hostname;No-Hostname;mxac-bac1.bkb.rnp.br;ro-ac-oi.bkb.rnp.br;cmt1-mxro-infobarra.bkb.rnp.br;mxgo-cmt1-acessonline.bkb.rnp.br;lango-go.bkb.rnp.br;No-Hostname;monipe-go-atraso.rnp.br
1749333949,2025-06-07 19:05:49,No-Hostname;No-Hostname;mxac-bac1.bkb.rnp.br;ro-ac-oi.bkb.rnp.br;cmt1-mxro-infobarra.bkb.rnp.br;mxgo-cmt1-acessonline.bkb.rnp.br;lango-go.bkb.rnp.br;No-Hostname;monipe-go-atraso.rnp.br
1749334066,2025-06-07 19:07:46,No-Hostname;No-Hostname;mxac-bac1.bkb.rnp.br;ro-ac-oi.bkb.rnp.br;cmt1-mxro-infobarra.bkb.rnp.br;mxgo-cmt1-acessonline.bkb.rnp.br;lango-go.bkb.rnp.br;No-Hostname;monipe-go-atraso.rnp.br
1749335084,2025-06-07 19:24:44,No-Hostname;No-Hostname;mxac-bac1.bkb.rnp.br;mxro-mxac-3g-allo.bkb.rnp.br;cmt1-mxro-infobarra.bkb.rnp.br;mxgo-cmt1-acessonline.bkb.rnp.br;lango-go.bkb.rnp.br;No-Hostname;monipe-go-atraso.rnp.br
1749335545,2025-06-07 19:32:25,No-Hostname;No-Hostname;mxac-bac1.bkb.rnp.br;mxro-mxac-3g-allo.bkb.rnp.br;cmt1-mxro-infobarra.bkb.rnp.br;mxgo-cmt1-acessonline.bkb.rnp.br;lango-go.bkb.rnp.br;No-Hostname;monipe-go-atraso.rnp.br
1749336022,2025-06-07 19:40:22,No-Hostname;No-Hostname;mxac-bac1.bkb.rnp.br;mxro-mxac-3g-allo.bkb.rnp.br;cmt1-mxro-infobarra.bkb.rnp.br;mxgo-cmt1-acessonline.bkb.rnp.br;lango-go.bkb.rnp.br;No-Hostname;monipe-go-atraso.rnp.br
1749336510,2025-06-07 19:48:30,No-Hostname;No-Hostname;mxac-bac1.bkb.rnp.br;mxro-mxac-3g-allo.bkb.rnp.br;cmt1-mxro-infobarra.bkb.rnp.br;mxgo-cmt1-acessonline.bkb.rnp.br;lango-go.bkb.rnp.br;No-Hostname;monipe-go-atraso.rnp.br
1749337517,2025-06-07 20:05:17,No-Hostname;No-Hostname;mxac-bac1.bkb.rnp.br;ro-ac-oi.bkb.rnp.br;cmt1-mxro-infobarra.bkb.rnp.br;mxgo-cmt1-acessonline.bkb.rnp.br;lango-go.bkb.rnp.br;No-Hostname;monipe-go-atraso.rnp.br
1749338108,2025-06-07 20:15:08,No-Hostname;No-Hostname;mxac-bac1.bkb.rnp.br;ro-ac-oi.bkb.rnp.br;cmt1-mxro-infobarra.bkb.rnp.br;No-Hostname;lango-go.bkb.rnp.br;No-Hostname;monipe-go-atraso.rnp.br
1749338608,2025-06-07 20:23:28,No-Hostname;No-Hostname;mxac-bac1.bkb.rnp.br;mxro-mxac-3g-allo.bkb.rnp.br;cmt1-mxro-infobarra.bkb.rnp.br;mxgo-cmt1-acessonline.bkb.rnp.br;lango-go.bkb.rnp.br;No-Hostname;monipe-go-atraso.rnp.br
1749338903,2025-06-07 20:28:23,No-Hostname;No-Hostname;mxac-bac1.bkb.rnp.br;mxro-mxac-3g-allo.bkb.rnp.br;cmt1-mxro-infobarra.bkb.rnp.br;mxgo-cmt1-acessonline.bkb.rnp.br;lango-go.bkb.rnp.br;No-Hostname;monipe-go-atraso.rnp.br
1749339574,2025-06-07 20:39:34,No-Hostname;No-Hostname;mxac-bac1.bkb.rnp.br;mxro-mxac-3g-allo.bkb.rnp.br;cmt1-mxro-infobarra.bkb.rnp.br;mxgo-cmt1-acessonline.bkb.rnp.br;lango-go.bkb.rnp.br;No-Hostname;monipe-go-atraso.rnp.br
1749340449,2025-06-07 20:54:09,No-Hostname;No-Hostname;mxac-bac1.bkb.rnp.br;mxro-mxac-3g-allo.bkb.rnp.br;cmt1-mxro-infobarra.bkb.rnp.br;mxgo-cmt1-acessonline.bkb.rnp.br;lango-go.bkb.rnp.br;No-Hostname;monipe-go-atraso.rnp.br
1749341087,2025-06-07 21:04:47,No-Hostname;No-Hostname;mxac-bac1.bkb.rnp.br;mxro-mxac-3g-allo.bkb.rnp.br;cmt1-mxro-infobarra.bkb.rnp.br;mxgo-cmt1-acessonline.bkb.rnp.br;lango-go.bkb.rnp.br;No-Hostname;monipe-go-atraso.rnp.br
1749341723,2025-06-07 21:15:23,No-Hostname;No-Hostname;mxac-bac1.bkb.rnp.br;mxro-mxac-3g-allo.bkb.rnp.br;cmt1-mxro-infobarra.bkb.rnp.br;mxgo-cmt1-acessonline.bkb.rnp.br;lango-go.bkb.rnp.br;No-Hostname;monipe-go-atraso.rnp.br
1749342685,2025-06-07 21:31:25,No-Hostname;No-Hostname;mxac-bac1.bkb.rnp.br;mxro-mxac-3g-allo.bkb.rnp.br;cmt1-mxro-infobarra.bkb.rnp.br;mxgo-cmt1-acessonline.bkb.rnp.br;lango-go.bkb.rnp.br;No-Hostname;monipe-go-atraso.rnp.br
1749343259,2025-06-07 21:40:59,No-Hostname;No-Hostname;mxac-bac1.bkb.rnp.br;mxro-mxac-3g-allo.bkb.rnp.br;cmt1-mxro-infobarra.bkb.rnp.br;mxgo-cmt1-acessonline.bkb.rnp.br;lango-go.bkb.rnp.br;No-Hostname;monipe-go-atraso.rnp.br
1749344144,2025-06-07 21:55:44,No-Hostname;No-Hostname;mxac-bac1.bkb.rnp.br;ro-ac-oi.bkb.rnp.br;cmt1-mxro-infobarra.bkb.rnp.br;mxgo-cmt1-acessonline.bkb.rnp.br;lango-go.bkb.rnp.br;No-Hostname;monipe-go-atraso.rnp.br
1749344309,2025-06-07 21:58:29,No-Hostname;No-Hostname;mxac-bac1.bkb.rnp.br;ro-ac-oi.bkb.rnp.br;cmt1-mxro-infobarra.bkb.rnp.br;mxgo-cmt1-acessonline.bkb.rnp.br;lango-go.bkb.rnp.br;No-Hostname;monipe-go-atraso.rnp.br
1749345355,2025-06-07 22:15:55,No-Hostname;No-Hostname;mxac-bac1.bkb.rnp.br;ro-ac-oi.bkb.rnp.br;cmt1-mxro-infobarra.bkb.rnp.br;mxgo-cmt1-acessonline.bkb.rnp.br;lango-go.bkb.rnp.br;No-Hostname;monipe-go-atraso.rnp.br
1749345731,2025-06-07 22:22:11,No-Hostname;No-Hostname;mxac-bac1.bkb.rnp.br;ro-ac-oi.bkb.rnp.br;cmt1-mxro-infobarra.bkb.rnp.br;mxgo-cmt1-acessonline.bkb.rnp.br;lango-go.bkb.rnp.br;No-Hostname;monipe-go-atraso.rnp.br
1749346309,2025-06-07 22:31:49,No-Hostname;No-Hostname;mxac-bac1.bkb.rnp.br;ro-ac-oi.bkb.rnp.br;cmt1-mxro-infobarra.bkb.rnp.br;mxgo-cmt1-acessonline.bkb.rnp.br;lango-go.bkb.rnp.br;No-Hostname;monipe-go-atraso.rnp.br
1749346667,2025-06-07 22:37:47,No-Hostname;No-Hostname;mxac-bac1.bkb.rnp.br;ro-ac-oi.bkb.rnp.br;cmt1-mxro-infobarra.bkb.rnp.br;mxgo-cmt1-acessonline.bkb.rnp.br;lango-go.bkb.rnp.br;No-Hostname;monipe-go-atraso.rnp.br
1749347632,2025-06-07 22:53:52,No-Hostname;No-Hostname;mxac-bac1.bkb.rnp.br;ro-ac-oi.bkb.rnp.br;cmt1-mxro-infobarra.bkb.rnp.br;mxgo-cmt1-acessonline.bkb.rnp.br;lango-go.bkb.rnp.br;No-Hostname;monipe-go-atraso.rnp.br
1749348353,2025-06-07 23:05:53,No-Hostname;No-Hostname;mxac-bac1.bkb.rnp.br;ro-ac-oi.bkb.rnp.br;cmt1-mxro-infobarra.bkb.rnp.br;mxgo-cmt1-acessonline.bkb.rnp.br;lango-go.bkb.rnp.br;No-Hostname;monipe-go-atraso.rnp.br
1749348905,2025-06-07 23:15:05,No-Hostname;No-Hostname;mxac-bac1.bkb.rnp.br;ro-ac-oi.bkb.rnp.br;cmt1-mxro-infobarra.bkb.rnp.br;mxgo-cmt1-acessonline.bkb.rnp.br;lango-go.bkb.rnp.br;No-Hostname;monipe-go-atraso.rnp.br
1749349383,2025-06-07 23:23:03,No-Hostname;No-Hostname;mxac-bac1.bkb.rnp.br;mxro-mxac-3g-allo.bkb.rnp.br;cmt1-mxro-infobarra.bkb.rnp.br;mxgo-cmt1-acessonline.bkb.rnp.br;lango-go.bkb.rnp.br;No-Hostname;monipe-go-atraso.rnp.br
1749350069,2025-06-07 23:34:29,No-Hostname;No-Hostname;No-Hostname;No-Hostname;No-Hostname;No-Hostname;No-Hostname;No-Hostname;monipe-go-atraso.rnp.br
1749350501,2025-06-07 23:41:41,No-Hostname;No-Hostname;mxac-bac1.bkb.rnp.br;mxro-mxac-3g-allo.bkb.rnp.br;cmt1-mxro-infobarra.bkb.rnp.br;mxgo-cmt1-acessonline.bkb.rnp.br;lango-go.bkb.rnp.br;No-Hostname;monipe-go-atraso.rnp.br
1749351117,2025-06-07 23:51:57,No-Hostname;No-Hostname;mxac-bac1.bkb.rnp.br;ro-ac-oi.bkb.rnp.br;cmt1-mxro-infobarra.bkb.rnp.br;mxgo-cmt1-acessonline.bkb.rnp.br;lango-go.bkb.rnp.br;No-Hostname;monipe-go-atraso.rnp.br
1749352400,2025-06-08 00:13:20,No-Hostname;No-Hostname;mxac-bac1.bkb.rnp.br;ro-ac-oi.bkb.rnp.br;cmt1-mxro-infobarra.bkb.rnp.br;mxgo-cmt1-acessonline.bkb.rnp.br;lango-go.bkb.rnp.br;No-Hostname;monipe-go-atraso.rnp.br
1749353269,2025-06-08 00:27:49,No-Hostname;No-Hostname;mxac-bac1.bkb.rnp.br;ro-ac-oi.bkb.rnp.br;cmt1-mxro-infobarra.bkb.rnp.br;mxgo-cmt1-acessonline.bkb.rnp.br;lango-go.bkb.rnp.br;No-Hostname;monipe-go-atraso.rnp.br
1749354112,2025-06-08 00:41:52,No-Hostname;No-Hostname;mxac-bac1.bkb.rnp.br;ro-ac-oi.bkb.rnp.br;cmt1-mxro-infobarra.bkb.rnp.br;mxgo-cmt1-acessonline.bkb.rnp.br;lango-go.bkb.rnp.br;No-Hostname;monipe-go-atraso.rnp.br
1749354633,2025-06-08 00:50:33,No-Hostname;No-Hostname;mxac-bac1.bkb.rnp.br;mxro-mxac-3g-allo.bkb.rnp.br;cmt1-mxro-infobarra.bkb.rnp.br;mxgo-cmt1-acessonline.bkb.rnp.br;lango-go.bkb.rnp.br;No-Hostname;monipe-go-atraso.rnp.br
1749355477,2025-06-08 01:04:37,No-Hostname;No-Hostname;mxac-bac1.bkb.rnp.br;mxro-mxac-3g-allo.bkb.rnp.br;cmt1-mxro-infobarra.bkb.rnp.br;mxgo-cmt1-acessonline.bkb.rnp.br;lango-go.bkb.rnp.br;No-Hostname;monipe-go-atraso.rnp.br
1749356294,2025-06-08 01:18:14,No-Hostname;No-Hostname;mxac-bac1.bkb.rnp.br;mxro-mxac-3g-allo.bkb.rnp.br;cmt1-mxro-infobarra.bkb.rnp.br;mxgo-cmt1-acessonline.bkb.rnp.br;lango-go.bkb.rnp.br;No-Hostname;monipe-go-atraso.rnp.br
1749358341,2025-06-08 01:52:21,No-Hostname;No-Hostname;mxac-bac1.bkb.rnp.br;ro-ac-oi.bkb.rnp.br;cmt1-mxro-infobarra.bkb.rnp.br;mxgo-cmt1-acessonline.bkb.rnp.br;lango-go.bkb.rnp.br;No-Hostname;monipe-go-atraso.rnp.br
1749359275,2025-06-08 02:07:55,No-Hostname;No-Hostname;mxac-bac1.bkb.rnp.br;ro-ac-oi.bkb.rnp.br;cmt1-mxro-infobarra.bkb.rnp.br;mxgo-cmt1-acessonline.bkb.rnp.br;lango-go.bkb.rnp.br;No-Hostname;monipe-go-atraso.rnp.br
1749359841,2025-06-08 02:17:21,No-Hostname;No-Hostname;mxac-bac1.bkb.rnp.br;ro-ac-oi.bkb.rnp.br;cmt1-mxro-infobarra.bkb.rnp.br;mxgo-cmt1-acessonline.bkb.rnp.br;lango-go.bkb.rnp.br;No-Hostname;monipe-go-atraso.rnp.br
1749360523,2025-06-08 02:28:43,No-Hostname;No-Hostname;mxac-bac1.bkb.rnp.br;ro-ac-oi.bkb.rnp.br;cmt1-mxro-infobarra.bkb.rnp.br;mxgo-cmt1-acessonline.bkb.rnp.br;lango-go.bkb.rnp.br;No-Hostname;monipe-go-atraso.rnp.br
1749361520,2025-06-08 02:45:20,No-Hostname;No-Hostname;mxac-bac1.bkb.rnp.br;ro-ac-oi.bkb.rnp.br;cmt1-mxro-infobarra.bkb.rnp.br;mxgo-cmt1-acessonline.bkb.rnp.br;lango-go.bkb.rnp.br;No-Hostname;monipe-go-atraso.rnp.br
1749361828,2025-06-08 02:50:28,No-Hostname;No-Hostname;mxac-bac1.bkb.rnp.br;ro-ac-oi.bkb.rnp.br;cmt1-mxro-infobarra.bkb.rnp.br;mxgo-cmt1-acessonline.bkb.rnp.br;lango-go.bkb.rnp.br;No-Hostname;monipe-go-atraso.rnp.br
1749363135,2025-06-08 03:12:15,No-Hostname;No-Hostname;mxac-bac1.bkb.rnp.br;ro-ac-oi.bkb.rnp.br;cmt1-mxro-infobarra.bkb.rnp.br;mxgo-cmt1-acessonline.bkb.rnp.br;lango-go.bkb.rnp.br;No-Hostname;monipe-go-atraso.rnp.br
1749364393,2025-06-08 03:33:13,No-Hostname;No-Hostname;mxac-bac1.bkb.rnp.br;ro-ac-oi.bkb.rnp.br;cmt1-mxro-infobarra.bkb.rnp.br;mxgo-cmt1-acessonline.bkb.rnp.br;lango-go.bkb.rnp.br;No-Hostname;monipe-go-atraso.rnp.br
1749365489,2025-06-08 03:51:29,No-Hostname;No-Hostname;mxac-bac1.bkb.rnp.br;mxro-mxac-3g-allo.bkb.rnp.br;cmt1-mxro-infobarra.bkb.rnp.br;mxgo-cmt1-acessonline.bkb.rnp.br;lango-go.bkb.rnp.br;No-Hostname;monipe-go-atraso.rnp.br
1749366156,2025-06-08 04:02:36,No-Hostname;No-Hostname;mxac-bac1.bkb.rnp.br;mxro-mxac-3g-allo.bkb.rnp.br;cmt1-mxro-infobarra.bkb.rnp.br;mxgo-cmt1-acessonline.bkb.rnp.br;lango-go.bkb.rnp.br;No-Hostname;monipe-go-atraso.rnp.br
1749366953,2025-06-08 04:15:53,No-Hostname;No-Hostname;mxac-bac1.bkb.rnp.br;mxro-mxac-3g-allo.bkb.rnp.br;cmt1-mxro-infobarra.bkb.rnp.br;mxgo-cmt1-acessonline.bkb.rnp.br;lango-go.bkb.rnp.br;No-Hostname;monipe-go-atraso.rnp.br
1749367175,2025-06-08 04:19:35,No-Hostname;No-Hostname;mxac-bac1.bkb.rnp.br;mxro-mxac-3g-allo.bkb.rnp.br;cmt1-mxro-infobarra.bkb.rnp.br;mxgo-cmt1-acessonline.bkb.rnp.br;lango-go.bkb.rnp.br;No-Hostname;monipe-go-atraso.rnp.br
1749368029,2025-06-08 04:33:49,No-Hostname;No-Hostname;mxac-bac1.bkb.rnp.br;mxro-mxac-3g-allo.bkb.rnp.br;cmt1-mxro-infobarra.bkb.rnp.br;mxgo-cmt1-acessonline.bkb.rnp.br;lango-go.bkb.rnp.br;No-Hostname;monipe-go-atraso.rnp.br
1749368515,2025-06-08 04:41:55,No-Hostname;No-Hostname;mxac-bac1.bkb.rnp.br;mxro-mxac-3g-allo.bkb.rnp.br;cmt1-mxro-infobarra.bkb.rnp.br;mxgo-cmt1-acessonline.bkb.rnp.br;lango-go.bkb.rnp.br;No-Hostname;monipe-go-atraso.rnp.br
1749369267,2025-06-08 04:54:27,No-Hostname;No-Hostname;mxac-bac1.bkb.rnp.br;mxro-mxac-3g-allo.bkb.rnp.br;cmt1-mxro-infobarra.bkb.rnp.br;mxgo-cmt1-acessonline.bkb.rnp.br;No-Hostname;No-Hostname;monipe-go-atraso.rnp.br
1749370261,2025-06-08 05:11:01,No-Hostname;No-Hostname;mxac-bac1.bkb.rnp.br;mxro-mxac-3g-allo.bkb.rnp.br;cmt1-mxro-infobarra.bkb.rnp.br;mxgo-cmt1-acessonline.bkb.rnp.br;lango-go.bkb.rnp.br;No-Hostname;monipe-go-atraso.rnp.br
1749371043,2025-06-08 05:24:03,No-Hostname;No-Hostname;mxac-bac1.bkb.rnp.br;mxro-mxac-3g-allo.bkb.rnp.br;cmt1-mxro-infobarra.bkb.rnp.br;mxgo-cmt1-acessonline.bkb.rnp.br;lango-go.bkb.rnp.br;No-Hostname;monipe-go-atraso.rnp.br
1749371308,2025-06-08 05:28:28,No-Hostname;No-Hostname;mxac-bac1.bkb.rnp.br;mxro-mxac-3g-allo.bkb.rnp.br;cmt1-mxro-infobarra.bkb.rnp.br;mxgo-cmt1-acessonline.bkb.rnp.br;lango-go.bkb.rnp.br;No-Hostname;monipe-go-atraso.rnp.br
1749372908,2025-06-08 05:55:08,No-Hostname;No-Hostname;mxac-bac1.bkb.rnp.br;ro-ac-oi.bkb.rnp.br;cmt1-mxro-infobarra.bkb.rnp.br;mxgo-cmt1-acessonline.bkb.rnp.br;lango-go.bkb.rnp.br;No-Hostname;monipe-go-atraso.rnp.br
1749373921,2025-06-08 06:12:01,No-Hostname;No-Hostname;mxac-bac1.bkb.rnp.br;ro-ac-oi.bkb.rnp.br;cmt1-mxro-infobarra.bkb.rnp.br;mxgo-cmt1-acessonline.bkb.rnp.br;lango-go.bkb.rnp.br;No-Hostname;monipe-go-atraso.rnp.br
1749374245,2025-06-08 06:17:25,No-Hostname;No-Hostname;mxac-bac1.bkb.rnp.br;ro-ac-oi.bkb.rnp.br;cmt1-mxro-infobarra.bkb.rnp.br;mxgo-cmt1-acessonline.bkb.rnp.br;lango-go.bkb.rnp.br;No-Hostname;monipe-go-atraso.rnp.br
1749375151,2025-06-08 06:32:31,No-Hostname;No-Hostname;mxac-bac1.bkb.rnp.br;mxro-mxac-3g-allo.bkb.rnp.br;cmt1-mxro-infobarra.bkb.rnp.br;mxgo-cmt1-acessonline.bkb.rnp.br;lango-go.bkb.rnp.br;No-Hostname;monipe-go-atraso.rnp.br
1749376240,2025-06-08 06:50:40,No-Hostname;No-Hostname;mxac-bac1.bkb.rnp.br;ro-ac-oi.bkb.rnp.br;cmt1-mxro-infobarra.bkb.rnp.br;mxgo-cmt1-acessonline.bkb.rnp.br;lango-go.bkb.rnp.br;No-Hostname;monipe-go-atraso.rnp.br
1749376784,2025-06-08 06:59:44,No-Hostname;No-Hostname;mxac-bac1.bkb.rnp.br;ro-ac-oi.bkb.rnp.br;cmt1-mxro-infobarra.bkb.rnp.br;mxgo-cmt1-acessonline.bkb.rnp.br;lango-go.bkb.rnp.br;No-Hostname;monipe-go-atraso.rnp.br
1749377310,2025-06-08 07:08:30,No-Hostname;No-Hostname;mxac-bac1.bkb.rnp.br;ro-ac-oi.bkb.rnp.br;cmt1-mxro-infobarra.bkb.rnp.br;mxgo-cmt1-acessonline.bkb.rnp.br;lango-go.bkb.rnp.br;No-Hostname;monipe-go-atraso.rnp.br
1749378677,2025-06-08 07:31:17,No-Hostname;No-Hostname;mxac-bac1.bkb.rnp.br;mxro-mxac-3g-allo.bkb.rnp.br;cmt1-mxro-infobarra.bkb.rnp.br;mxgo-cmt1-acessonline.bkb.rnp.br;lango-go.bkb.rnp.br;No-Hostname;monipe-go-atraso.rnp.br
1749379349,2025-06-08 07:42:29,No-Hostname;No-Hostname;mxac-bac1.bkb.rnp.br;mxro-mxac-3g-allo.bkb.rnp.br;cmt1-mxro-infobarra.bkb.rnp.br;mxgo-cmt1-acessonline.bkb.rnp.br;lango-go.bkb.rnp.br;No-Hostname;monipe-go-atraso.rnp.br
1749379952,2025-06-08 07:52:32,No-Hostname;No-Hostname;mxac-bac1.bkb.rnp.br;ro-ac-oi.bkb.rnp.br;cmt1-mxro-infobarra.bkb.rnp.br;mxgo-cmt1-acessonline.bkb.rnp.br;lango-go.bkb.rnp.br;No-Hostname;monipe-go-atraso.rnp.br
1749380556,2025-06-08 08:02:36,No-Hostname;No-Hostname;mxac-bac1.bkb.rnp.br;ro-ac-oi.bkb.rnp.br;cmt1-mxro-infobarra.bkb.rnp.br;mxgo-cmt1-acessonline.bkb.rnp.br;lango-go.bkb.rnp.br;No-Hostname;monipe-go-atraso.rnp.br
1749381095,2025-06-08 08:11:35,No-Hostname;No-Hostname;mxac-bac1.bkb.rnp.br;ro-ac-oi.bkb.rnp.br;cmt1-mxro-infobarra.bkb.rnp.br;mxgo-cmt1-acessonline.bkb.rnp.br;lango-go.bkb.rnp.br;No-Hostname;monipe-go-atraso.rnp.br
1749381498,2025-06-08 08:18:18,No-Hostname;No-Hostname;mxac-bac1.bkb.rnp.br;ro-ac-oi.bkb.rnp.br;cmt1-mxro-infobarra.bkb.rnp.br;mxgo-cmt1-acessonline.bkb.rnp.br;lango-go.bkb.rnp.br;No-Hostname;monipe-go-atraso.rnp.br
1749382208,2025-06-08 08:30:08,No-Hostname;No-Hostname;mxac-bac1.bkb.rnp.br;ro-ac-oi.bkb.rnp.br;cmt1-mxro-infobarra.bkb.rnp.br;mxgo-cmt1-acessonline.bkb.rnp.br;lango-go.bkb.rnp.br;No-Hostname;monipe-go-atraso.rnp.br
1749383130,2025-06-08 08:45:30,No-Hostname;No-Hostname;mxac-bac1.bkb.rnp.br;ro-ac-oi.bkb.rnp.br;cmt1-mxro-infobarra.bkb.rnp.br;mxgo-cmt1-acessonline.bkb.rnp.br;lango-go.bkb.rnp.br;No-Hostname;monipe-go-atraso.rnp.br
1749383736,2025-06-08 08:55:36,No-Hostname;No-Hostname;mxac-bac1.bkb.rnp.br;ro-ac-oi.bkb.rnp.br;cmt1-mxro-infobarra.bkb.rnp.br;mxgo-cmt1-acessonline.bkb.rnp.br;lango-go.bkb.rnp.br;No-Hostname;monipe-go-atraso.rnp.br
1749383931,2025-06-08 08:58:51,No-Hostname;No-Hostname;mxac-bac1.bkb.rnp.br;ro-ac-oi.bkb.rnp.br;cmt1-mxro-infobarra.bkb.rnp.br;mxgo-cmt1-acessonline.bkb.rnp.br;lango-go.bkb.rnp.br;No-Hostname;monipe-go-atraso.rnp.br
1749384837,2025-06-08 09:13:57,No-Hostname;No-Hostname;mxac-bac1.bkb.rnp.br;ro-ac-oi.bkb.rnp.br;cmt1-mxro-infobarra.bkb.rnp.br;mxgo-cmt1-acessonline.bkb.rnp.br;lango-go.bkb.rnp.br;No-Hostname;monipe-go-atraso.rnp.br
1749385277,2025-06-08 09:21:17,No-Hostname;No-Hostname;mxac-bac1.bkb.rnp.br;mxro-mxac-3g-allo.bkb.rnp.br;cmt1-mxro-infobarra.bkb.rnp.br;mxgo-cmt1-acessonline.bkb.rnp.br;lango-go.bkb.rnp.br;No-Hostname;monipe-go-atraso.rnp.br
1749385862,2025-06-08 09:31:02,No-Hostname;No-Hostname;mxac-bac1.bkb.rnp.br;mxro-mxac-3g-allo.bkb.rnp.br;cmt1-mxro-infobarra.bkb.rnp.br;mxgo-cmt1-acessonline.bkb.rnp.br;lango-go.bkb.rnp.br;No-Hostname;monipe-go-atraso.rnp.br
1749386270,2025-06-08 09:37:50,No-Hostname;No-Hostname;mxac-bac1.bkb.rnp.br;mxro-mxac-3g-allo.bkb.rnp.br;cmt1-mxro-infobarra.bkb.rnp.br;mxgo-cmt1-acessonline.bkb.rnp.br;lango-go.bkb.rnp.br;No-Hostname;monipe-go-atraso.rnp.br
1749387142,2025-06-08 09:52:22,No-Hostname;No-Hostname;mxac-bac1.bkb.rnp.br;ro-ac-oi.bkb.rnp.br;cmt1-mxro-infobarra.bkb.rnp.br;mxgo-cmt1-acessonline.bkb.rnp.br;lango-go.bkb.rnp.br;No-Hostname;monipe-go-atraso.rnp.br
1749387876,2025-06-08 10:04:36,No-Hostname;No-Hostname;mxac-bac1.bkb.rnp.br;ro-ac-oi.bkb.rnp.br;cmt1-mxro-infobarra.bkb.rnp.br;mxgo-cmt1-acessonline.bkb.rnp.br;lango-go.bkb.rnp.br;No-Hostname;monipe-go-atraso.rnp.br
1749388264,2025-06-08 10:11:04,No-Hostname;No-Hostname;mxac-bac1.bkb.rnp.br;ro-ac-oi.bkb.rnp.br;cmt1-mxro-infobarra.bkb.rnp.br;mxgo-cmt1-acessonline.bkb.rnp.br;lango-go.bkb.rnp.br;No-Hostname;monipe-go-atraso.rnp.br
1749388760,2025-06-08 10:19:20,No-Hostname;No-Hostname;mxac-bac1.bkb.rnp.br;ro-ac-oi.bkb.rnp.br;cmt1-mxro-infobarra.bkb.rnp.br;mxgo-cmt1-acessonline.bkb.rnp.br;lango-go.bkb.rnp.br;No-Hostname;monipe-go-atraso.rnp.br
1749389674,2025-06-08 10:34:34,No-Hostname;No-Hostname;mxac-bac1.bkb.rnp.br;mxro-mxac-3g-allo.bkb.rnp.br;cmt1-mxro-infobarra.bkb.rnp.br;mxgo-cmt1-acessonline.bkb.rnp.br;lango-go.bkb.rnp.br;No-Hostname;monipe-go-atraso.rnp.br
1749390143,2025-06-08 10:42:23,No-Hostname;No-Hostname;mxac-bac1.bkb.rnp.br;mxro-mxac-3g-allo.bkb.rnp.br;cmt1-mxro-infobarra.bkb.rnp.br;mxgo-cmt1-acessonline.bkb.rnp.br;lango-go.bkb.rnp.br;No-Hostname;monipe-go-atraso.rnp.br
1749390608,2025-06-08 10:50:08,No-Hostname;No-Hostname;mxac-bac1.bkb.rnp.br;mxro-mxac-3g-allo.bkb.rnp.br;cmt1-mxro-infobarra.bkb.rnp.br;mxgo-cmt1-acessonline.bkb.rnp.br;lango-go.bkb.rnp.br;No-Hostname;monipe-go-atraso.rnp.br
1749391551,2025-06-08 11:05:51,No-Hostname;No-Hostname;mxac-bac1.bkb.rnp.br;mxro-mxac-3g-allo.bkb.rnp.br;cmt1-mxro-infobarra.bkb.rnp.br;mxgo-cmt1-acessonline.bkb.rnp.br;lango-go.bkb.rnp.br;No-Hostname;monipe-go-atraso.rnp.br
1749391692,2025-06-08 11:08:12,No-Hostname;No-Hostname;mxac-bac1.bkb.rnp.br;mxro-mxac-3g-allo.bkb.rnp.br;cmt1-mxro-infobarra.bkb.rnp.br;mxgo-cmt1-acessonline.bkb.rnp.br;lango-go.bkb.rnp.br;No-Hostname;monipe-go-atraso.rnp.br
1749393199,2025-06-08 11:33:19,No-Hostname;No-Hostname;mxac-bac1.bkb.rnp.br;ro-ac-oi.bkb.rnp.br;cmt1-mxro-infobarra.bkb.rnp.br;mxgo-cmt1-acessonline.bkb.rnp.br;lango-go.bkb.rnp.br;No-Hostname;monipe-go-atraso.rnp.br
1749393483,2025-06-08 11:38:03,No-Hostname;No-Hostname;mxac-bac1.bkb.rnp.br;mxro-mxac-3g-allo.bkb.rnp.br;cmt1-mxro-infobarra.bkb.rnp.br;mxgo-cmt1-acessonline.bkb.rnp.br;lango-go.bkb.rnp.br;No-Hostname;monipe-go-atraso.rnp.br
1749394184,2025-06-08 11:49:44,No-Hostname;No-Hostname;mxac-bac1.bkb.rnp.br;mxro-mxac-3g-allo.bkb.rnp.br;cmt1-mxro-infobarra.bkb.rnp.br;mxgo-cmt1-acessonline.bkb.rnp.br;lango-go.bkb.rnp.br;No-Hostname;monipe-go-atraso.rnp.br
1749395671,2025-06-08 12:14:31,No-Hostname;No-Hostname;mxac-bac1.bkb.rnp.br;mxro-mxac-3g-allo.bkb.rnp.br;cmt1-mxro-infobarra.bkb.rnp.br;mxgo-cmt1-acessonline.bkb.rnp.br;lango-go.bkb.rnp.br;No-Hostname;monipe-go-atraso.rnp.br
1749396728,2025-06-08 12:32:08,No-Hostname;No-Hostname;mxac-bac1.bkb.rnp.br;mxro-mxac-3g-allo.bkb.rnp.br;cmt1-mxro-infobarra.bkb.rnp.br;mxgo-cmt1-acessonline.bkb.rnp.br;lango-go.bkb.rnp.br;No-Hostname;monipe-go-atraso.rnp.br
1749397099,2025-06-08 12:38:19,No-Hostname;No-Hostname;mxac-bac1.bkb.rnp.br;mxro-mxac-3g-allo.bkb.rnp.br;cmt1-mxro-infobarra.bkb.rnp.br;mxgo-cmt1-acessonline.bkb.rnp.br;lango-go.bkb.rnp.br;No-Hostname;monipe-go-atraso.rnp.br
1749398065,2025-06-08 12:54:25,No-Hostname;No-Hostname;mxac-bac1.bkb.rnp.br;mxro-mxac-3g-allo.bkb.rnp.br;cmt1-mxro-infobarra.bkb.rnp.br;mxgo-cmt1-acessonline.bkb.rnp.br;lango-go.bkb.rnp.br;No-Hostname;monipe-go-atraso.rnp.br
1749398450,2025-06-08 13:00:50,No-Hostname;No-Hostname;mxac-bac1.bkb.rnp.br;mxro-mxac-3g-allo.bkb.rnp.br;cmt1-mxro-infobarra.bkb.rnp.br;mxgo-cmt1-acessonline.bkb.rnp.br;lango-go.bkb.rnp.br;No-Hostname;monipe-go-atraso.rnp.br
1749398967,2025-06-08 13:09:27,No-Hostname;No-Hostname;mxac-bac1.bkb.rnp.br;mxro-mxac-3g-allo.bkb.rnp.br;cmt1-mxro-infobarra.bkb.rnp.br;mxgo-cmt1-acessonline.bkb.rnp.br;lango-go.bkb.rnp.br;No-Hostname;monipe-go-atraso.rnp.br
1749399523,2025-06-08 13:18:43,No-Hostname;No-Hostname;mxac-bac1.bkb.rnp.br;mxro-mxac-3g-allo.bkb.rnp.br;cmt1-mxro-infobarra.bkb.rnp.br;mxgo-cmt1-acessonline.bkb.rnp.br;lango-go.bkb.rnp.br;No-Hostname;monipe-go-atraso.rnp.br
1749400462,2025-06-08 13:34:22,No-Hostname;No-Hostname;mxac-bac1.bkb.rnp.br;mxro-mxac-3g-allo.bkb.rnp.br;cmt1-mxro-infobarra.bkb.rnp.br;mxgo-cmt1-acessonline.bkb.rnp.br;lango-go.bkb.rnp.br;No-Hostname;monipe-go-atraso.rnp.br
1749400716,2025-06-08 13:38:36,No-Hostname;No-Hostname;mxac-bac1.bkb.rnp.br;mxro-mxac-3g-allo.bkb.rnp.br;cmt1-mxro-infobarra.bkb.rnp.br;mxgo-cmt1-acessonline.bkb.rnp.br;lango-go.bkb.rnp.br;No-Hostname;monipe-go-atraso.rnp.br
1749401348,2025-06-08 13:49:08,No-Hostname;No-Hostname;mxac-bac1.bkb.rnp.br;mxro-mxac-3g-allo.bkb.rnp.br;cmt1-mxro-infobarra.bkb.rnp.br;mxgo-cmt1-acessonline.bkb.rnp.br;lango-go.bkb.rnp.br;No-Hostname;monipe-go-atraso.rnp.br
1749401952,2025-06-08 13:59:12,No-Hostname;No-Hostname;mxac-bac1.bkb.rnp.br;mxro-mxac-3g-allo.bkb.rnp.br;cmt1-mxro-infobarra.bkb.rnp.br;mxgo-cmt1-acessonline.bkb.rnp.br;lango-go.bkb.rnp.br;No-Hostname;monipe-go-atraso.rnp.br
1749403321,2025-06-08 14:22:01,No-Hostname;No-Hostname;mxac-bac1.bkb.rnp.br;mxro-mxac-3g-allo.bkb.rnp.br;cmt1-mxro-infobarra.bkb.rnp.br;mxgo-cmt1-acessonline.bkb.rnp.br;lango-go.bkb.rnp.br;No-Hostname;monipe-go-atraso.rnp.br
1749404750,2025-06-08 14:45:50,No-Hostname;No-Hostname;mxac-bac1.bkb.rnp.br;mxro-mxac-3g-allo.bkb.rnp.br;cmt1-mxro-infobarra.bkb.rnp.br;mxgo-cmt1-acessonline.bkb.rnp.br;lango-go.bkb.rnp.br;No-Hostname;monipe-go-atraso.rnp.br
1749405209,2025-06-08 14:53:29,No-Hostname;No-Hostname;mxac-bac1.bkb.rnp.br;mxro-mxac-3g-allo.bkb.rnp.br;cmt1-mxro-infobarra.bkb.rnp.br;mxgo-cmt1-acessonline.bkb.rnp.br;lango-go.bkb.rnp.br;No-Hostname;monipe-go-atraso.rnp.br
1749405665,2025-06-08 15:01:05,No-Hostname;No-Hostname;mxac-bac1.bkb.rnp.br;mxro-mxac-3g-allo.bkb.rnp.br;cmt1-mxro-infobarra.bkb.rnp.br;mxgo-cmt1-acessonline.bkb.rnp.br;lango-go.bkb.rnp.br;No-Hostname;monipe-go-atraso.rnp.br
1749406435,2025-06-08 15:13:55,No-Hostname;No-Hostname;mxac-bac1.bkb.rnp.br;mxro-mxac-3g-allo.bkb.rnp.br;cmt1-mxro-infobarra.bkb.rnp.br;mxgo-cmt1-acessonline.bkb.rnp.br;lango-go.bkb.rnp.br;No-Hostname;monipe-go-atraso.rnp.br
1749406807,2025-06-08 15:20:07,No-Hostname;No-Hostname;mxac-bac1.bkb.rnp.br;mxro-mxac-3g-allo.bkb.rnp.br;cmt1-mxro-infobarra.bkb.rnp.br;mxgo-cmt1-acessonline.bkb.rnp.br;lango-go.bkb.rnp.br;No-Hostname;monipe-go-atraso.rnp.br
1749407236,2025-06-08 15:27:16,No-Hostname;No-Hostname;mxac-bac1.bkb.rnp.br;mxro-mxac-3g-allo.bkb.rnp.br;cmt1-mxro-infobarra.bkb.rnp.br;mxgo-cmt1-acessonline.bkb.rnp.br;lango-go.bkb.rnp.br;No-Hostname;monipe-go-atraso.rnp.br
1749408250,2025-06-08 15:44:10,No-Hostname;No-Hostname;mxac-bac1.bkb.rnp.br;mxro-mxac-3g-allo.bkb.rnp.br;cmt1-mxro-infobarra.bkb.rnp.br;mxgo-cmt1-acessonline.bkb.rnp.br;lango-go.bkb.rnp.br;No-Hostname;monipe-go-atraso.rnp.br
1749408907,2025-06-08 15:55:07,No-Hostname;No-Hostname;mxac-bac1.bkb.rnp.br;mxro-mxac-3g-allo.bkb.rnp.br;cmt1-mxro-infobarra.bkb.rnp.br;mxgo-cmt1-acessonline.bkb.rnp.br;lango-go.bkb.rnp.br;No-Hostname;monipe-go-atraso.rnp.br
1749409403,2025-06-08 16:03:23,No-Hostname;No-Hostname;mxac-bac1.bkb.rnp.br;mxro-mxac-3g-allo.bkb.rnp.br;cmt1-mxro-infobarra.bkb.rnp.br;mxgo-cmt1-acessonline.bkb.rnp.br;lango-go.bkb.rnp.br;No-Hostname;monipe-go-atraso.rnp.br
1749409826,2025-06-08 16:10:26,No-Hostname;No-Hostname;mxac-bac1.bkb.rnp.br;mxro-mxac-3g-allo.bkb.rnp.br;cmt1-mxro-infobarra.bkb.rnp.br;mxgo-cmt1-acessonline.bkb.rnp.br;lango-go.bkb.rnp.br;No-Hostname;monipe-go-atraso.rnp.br
1749410694,2025-06-08 16:24:54,No-Hostname;No-Hostname;mxac-bac1.bkb.rnp.br;mxro-mxac-3g-allo.bkb.rnp.br;cmt1-mxro-infobarra.bkb.rnp.br;mxgo-cmt1-acessonline.bkb.rnp.br;lango-go.bkb.rnp.br;No-Hostname;monipe-go-atraso.rnp.br
1749411098,2025-06-08 16:31:38,No-Hostname;No-Hostname;mxac-bac1.bkb.rnp.br;mxro-mxac-3g-allo.bkb.rnp.br;cmt1-mxro-infobarra.bkb.rnp.br;mxgo-cmt1-acessonline.bkb.rnp.br;lango-go.bkb.rnp.br;No-Hostname;monipe-go-atraso.rnp.br
1749411701,2025-06-08 16:41:41,No-Hostname;No-Hostname;mxac-bac1.bkb.rnp.br;mxro-mxac-3g-allo.bkb.rnp.br;cmt1-mxro-infobarra.bkb.rnp.br;mxgo-cmt1-acessonline.bkb.rnp.br;lango-go.bkb.rnp.br;No-Hostname;monipe-go-atraso.rnp.br
1749412026,2025-06-08 16:47:06,No-Hostname;No-Hostname;mxac-bac1.bkb.rnp.br;mxro-mxac-3g-allo.bkb.rnp.br;cmt1-mxro-infobarra.bkb.rnp.br;mxgo-cmt1-acessonline.bkb.rnp.br;lango-go.bkb.rnp.br;No-Hostname;monipe-go-atraso.rnp.br
1749412714,2025-06-08 16:58:34,No-Hostname;No-Hostname;mxac-bac1.bkb.rnp.br;mxro-mxac-3g-allo.bkb.rnp.br;cmt1-mxro-infobarra.bkb.rnp.br;mxgo-cmt1-acessonline.bkb.rnp.br;lango-go.bkb.rnp.br;No-Hostname;monipe-go-atraso.rnp.br
1749413469,2025-06-08 17:11:09,No-Hostname;No-Hostname;mxac-bac1.bkb.rnp.br;mxro-mxac-3g-allo.bkb.rnp.br;cmt1-mxro-infobarra.bkb.rnp.br;mxgo-cmt1-acessonline.bkb.rnp.br;lango-go.bkb.rnp.br;No-Hostname;monipe-go-atraso.rnp.br
1749414356,2025-06-08 17:25:56,No-Hostname;No-Hostname;mxac-bac1.bkb.rnp.br;mxro-mxac-3g-allo.bkb.rnp.br;cmt1-mxro-infobarra.bkb.rnp.br;mxgo-cmt1-acessonline.bkb.rnp.br;lango-go.bkb.rnp.br;No-Hostname;monipe-go-atraso.rnp.br
1749414465,2025-06-08 17:27:45,No-Hostname;No-Hostname;mxac-bac1.bkb.rnp.br;mxro-mxac-3g-allo.bkb.rnp.br;cmt1-mxro-infobarra.bkb.rnp.br;mxgo-cmt1-acessonline.bkb.rnp.br;lango-go.bkb.rnp.br;No-Hostname;monipe-go-atraso.rnp.br
1749415384,2025-06-08 17:43:04,No-Hostname;No-Hostname;mxac-bac1.bkb.rnp.br;mxro-mxac-3g-allo.bkb.rnp.br;cmt1-mxro-infobarra.bkb.rnp.br;mxgo-cmt1-acessonline.bkb.rnp.br;lango-go.bkb.rnp.br;No-Hostname;monipe-go-atraso.rnp.br
1749415661,2025-06-08 17:47:41,No-Hostname;No-Hostname;mxac-bac1.bkb.rnp.br;mxro-mxac-3g-allo.bkb.rnp.br;cmt1-mxro-infobarra.bkb.rnp.br;mxgo-cmt1-acessonline.bkb.rnp.br;lango-go.bkb.rnp.br;No-Hostname;monipe-go-atraso.rnp.br
1749416435,2025-06-08 18:00:35,No-Hostname;No-Hostname;mxac-bac1.bkb.rnp.br;mxro-mxac-3g-allo.bkb.rnp.br;cmt1-mxro-infobarra.bkb.rnp.br;mxgo-cmt1-acessonline.bkb.rnp.br;lango-go.bkb.rnp.br;No-Hostname;monipe-go-atraso.rnp.br
1749417107,2025-06-08 18:11:47,No-Hostname;No-Hostname;mxac-bac1.bkb.rnp.br;mxro-mxac-3g-allo.bkb.rnp.br;cmt1-mxro-infobarra.bkb.rnp.br;mxgo-cmt1-acessonline.bkb.rnp.br;lango-go.bkb.rnp.br;No-Hostname;monipe-go-atraso.rnp.br
1749417533,2025-06-08 18:18:53,No-Hostname;No-Hostname;mxac-bac1.bkb.rnp.br;mxro-mxac-3g-allo.bkb.rnp.br;cmt1-mxro-infobarra.bkb.rnp.br;mxgo-cmt1-acessonline.bkb.rnp.br;lango-go.bkb.rnp.br;No-Hostname;monipe-go-atraso.rnp.br
1749418108,2025-06-08 18:28:28,No-Hostname;No-Hostname;mxac-bac1.bkb.rnp.br;mxro-mxac-3g-allo.bkb.rnp.br;cmt1-mxro-infobarra.bkb.rnp.br;mxgo-cmt1-acessonline.bkb.rnp.br;lango-go.bkb.rnp.br;No-Hostname;monipe-go-atraso.rnp.br
1749418642,2025-06-08 18:37:22,No-Hostname;No-Hostname;mxac-bac1.bkb.rnp.br;mxro-mxac-3g-allo.bkb.rnp.br;cmt1-mxro-infobarra.bkb.rnp.br;mxgo-cmt1-acessonline.bkb.rnp.br;lango-go.bkb.rnp.br;No-Hostname;monipe-go-atraso.rnp.br
1749419355,2025-06-08 18:49:15,No-Hostname;No-Hostname;mxac-bac1.bkb.rnp.br;mxro-mxac-3g-allo.bkb.rnp.br;cmt1-mxro-infobarra.bkb.rnp.br;mxgo-cmt1-acessonline.bkb.rnp.br;lango-go.bkb.rnp.br;No-Hostname;monipe-go-atraso.rnp.br
1749420290,2025-06-08 19:04:50,No-Hostname;No-Hostname;mxac-bac1.bkb.rnp.br;mxro-mxac-3g-allo.bkb.rnp.br;cmt1-mxro-infobarra.bkb.rnp.br;mxgo-cmt1-acessonline.bkb.rnp.br;lango-go.bkb.rnp.br;No-Hostname;monipe-go-atraso.rnp.br
1749420881,2025-06-08 19:14:41,No-Hostname;No-Hostname;mxac-bac1.bkb.rnp.br;mxro-mxac-3g-allo.bkb.rnp.br;cmt1-mxro-infobarra.bkb.rnp.br;mxgo-cmt1-acessonline.bkb.rnp.br;lango-go.bkb.rnp.br;No-Hostname;monipe-go-atraso.rnp.br
1749421323,2025-06-08 19:22:03,No-Hostname;No-Hostname;mxac-bac1.bkb.rnp.br;ro-ac-oi.bkb.rnp.br;cmt1-mxro-infobarra.bkb.rnp.br;mxgo-cmt1-acessonline.bkb.rnp.br;lango-go.bkb.rnp.br;No-Hostname;monipe-go-atraso.rnp.br
1749422108,2025-06-08 19:35:08,No-Hostname;No-Hostname;mxac-bac1.bkb.rnp.br;ro-ac-oi.bkb.rnp.br;cmt1-mxro-infobarra.bkb.rnp.br;mxgo-cmt1-acessonline.bkb.rnp.br;lango-go.bkb.rnp.br;No-Hostname;monipe-go-atraso.rnp.br
1749422365,2025-06-08 19:39:25,No-Hostname;No-Hostname;mxac-bac1.bkb.rnp.br;ro-ac-oi.bkb.rnp.br;cmt1-mxro-infobarra.bkb.rnp.br;mxgo-cmt1-acessonline.bkb.rnp.br;lango-go.bkb.rnp.br;No-Hostname;monipe-go-atraso.rnp.br
1749423054,2025-06-08 19:50:54,No-Hostname;No-Hostname;mxac-bac1.bkb.rnp.br;ro-ac-oi.bkb.rnp.br;cmt1-mxro-infobarra.bkb.rnp.br;mxgo-cmt1-acessonline.bkb.rnp.br;lango-go.bkb.rnp.br;No-Hostname;monipe-go-atraso.rnp.br
1749423889,2025-06-08 20:04:49,No-Hostname;No-Hostname;mxac-bac1.bkb.rnp.br;ro-ac-oi.bkb.rnp.br;cmt1-mxro-infobarra.bkb.rnp.br;mxgo-cmt1-acessonline.bkb.rnp.br;lango-go.bkb.rnp.br;No-Hostname;monipe-go-atraso.rnp.br
1749424382,2025-06-08 20:13:02,No-Hostname;No-Hostname;mxac-bac1.bkb.rnp.br;ro-ac-oi.bkb.rnp.br;cmt1-mxro-infobarra.bkb.rnp.br;mxgo-cmt1-acessonline.bkb.rnp.br;lango-go.bkb.rnp.br;No-Hostname;monipe-go-atraso.rnp.br
1749424992,2025-06-08 20:23:12,No-Hostname;No-Hostname;mxac-bac1.bkb.rnp.br;mxro-mxac-3g-allo.bkb.rnp.br;cmt1-mxro-infobarra.bkb.rnp.br;mxgo-cmt1-acessonline.bkb.rnp.br;lango-go.bkb.rnp.br;No-Hostname;monipe-go-atraso.rnp.br
1749425544,2025-06-08 20:32:24,No-Hostname;No-Hostname;mxac-bac1.bkb.rnp.br;mxro-mxac-3g-allo.bkb.rnp.br;cmt1-mxro-infobarra.bkb.rnp.br;mxgo-cmt1-acessonline.bkb.rnp.br;lango-go.bkb.rnp.br;No-Hostname;monipe-go-atraso.rnp.br
1749425936,2025-06-08 20:38:56,No-Hostname;No-Hostname;mxac-bac1.bkb.rnp.br;mxro-mxac-3g-allo.bkb.rnp.br;cmt1-mxro-infobarra.bkb.rnp.br;mxgo-cmt1-acessonline.bkb.rnp.br;lango-go.bkb.rnp.br;No-Hostname;monipe-go-atraso.rnp.br
1749426726,2025-06-08 20:52:06,No-Hostname;No-Hostname;mxac-bac1.bkb.rnp.br;ro-ac-oi.bkb.rnp.br;cmt1-mxro-infobarra.bkb.rnp.br;mxgo-cmt1-acessonline.bkb.rnp.br;lango-go.bkb.rnp.br;No-Hostname;monipe-go-atraso.rnp.br
1749427483,2025-06-08 21:04:43,No-Hostname;No-Hostname;mxac-bac1.bkb.rnp.br;ro-ac-oi.bkb.rnp.br;cmt1-mxro-infobarra.bkb.rnp.br;mxgo-cmt1-acessonline.bkb.rnp.br;lango-go.bkb.rnp.br;No-Hostname;monipe-go-atraso.rnp.br
1749427730,2025-06-08 21:08:50,No-Hostname;No-Hostname;mxac-bac1.bkb.rnp.br;ro-ac-oi.bkb.rnp.br;cmt1-mxro-infobarra.bkb.rnp.br;mxgo-cmt1-acessonline.bkb.rnp.br;lango-go.bkb.rnp.br;No-Hostname;monipe-go-atraso.rnp.br
1749428698,2025-06-08 21:24:58,No-Hostname;No-Hostname;mxac-bac1.bkb.rnp.br;mxro-mxac-3g-allo.bkb.rnp.br;cmt1-mxro-infobarra.bkb.rnp.br;mxgo-cmt1-acessonline.bkb.rnp.br;lango-go.bkb.rnp.br;No-Hostname;monipe-go-atraso.rnp.br
1749428948,2025-06-08 21:29:08,No-Hostname;No-Hostname;mxac-bac1.bkb.rnp.br;mxro-mxac-3g-allo.bkb.rnp.br;cmt1-mxro-infobarra.bkb.rnp.br;mxgo-cmt1-acessonline.bkb.rnp.br;lango-go.bkb.rnp.br;No-Hostname;monipe-go-atraso.rnp.br
1749429803,2025-06-08 21:43:23,No-Hostname;No-Hostname;mxac-bac1.bkb.rnp.br;mxro-mxac-3g-allo.bkb.rnp.br;cmt1-mxro-infobarra.bkb.rnp.br;mxgo-cmt1-acessonline.bkb.rnp.br;lango-go.bkb.rnp.br;No-Hostname;monipe-go-atraso.rnp.br
1749430492,2025-06-08 21:54:52,No-Hostname;No-Hostname;mxac-bac1.bkb.rnp.br;mxro-mxac-3g-allo.bkb.rnp.br;cmt1-mxro-infobarra.bkb.rnp.br;mxgo-cmt1-acessonline.bkb.rnp.br;lango-go.bkb.rnp.br;No-Hostname;monipe-go-atraso.rnp.br
1749430906,2025-06-08 22:01:46,No-Hostname;No-Hostname;mxac-bac1.bkb.rnp.br;mxro-mxac-3g-allo.bkb.rnp.br;cmt1-mxro-infobarra.bkb.rnp.br;mxgo-cmt1-acessonline.bkb.rnp.br;lango-go.bkb.rnp.br;No-Hostname;monipe-go-atraso.rnp.br
1749431633,2025-06-08 22:13:53,No-Hostname;No-Hostname;mxac-bac1.bkb.rnp.br;mxro-mxac-3g-allo.bkb.rnp.br;cmt1-mxro-infobarra.bkb.rnp.br;mxgo-cmt1-acessonline.bkb.rnp.br;lango-go.bkb.rnp.br;No-Hostname;monipe-go-atraso.rnp.br
1749432233,2025-06-08 22:23:53,No-Hostname;No-Hostname;mxac-bac1.bkb.rnp.br;mxro-mxac-3g-allo.bkb.rnp.br;cmt1-mxro-infobarra.bkb.rnp.br;mxgo-cmt1-acessonline.bkb.rnp.br;lango-go.bkb.rnp.br;No-Hostname;monipe-go-atraso.rnp.br
1749432553,2025-06-08 22:29:13,No-Hostname;No-Hostname;mxac-bac1.bkb.rnp.br;mxro-mxac-3g-allo.bkb.rnp.br;cmt1-mxro-infobarra.bkb.rnp.br;mxgo-cmt1-acessonline.bkb.rnp.br;lango-go.bkb.rnp.br;No-Hostname;monipe-go-atraso.rnp.br
1749433341,2025-06-08 22:42:21,No-Hostname;No-Hostname;mxac-bac1.bkb.rnp.br;mxro-mxac-3g-allo.bkb.rnp.br;cmt1-mxro-infobarra.bkb.rnp.br;mxgo-cmt1-acessonline.bkb.rnp.br;lango-go.bkb.rnp.br;No-Hostname;monipe-go-atraso.rnp.br
1749433995,2025-06-08 22:53:15,No-Hostname;No-Hostname;mxac-bac1.bkb.rnp.br;mxro-mxac-3g-allo.bkb.rnp.br;cmt1-mxro-infobarra.bkb.rnp.br;mxgo-cmt1-acessonline.bkb.rnp.br;lango-go.bkb.rnp.br;No-Hostname;monipe-go-atraso.rnp.br
1749434502,2025-06-08 23:01:42,No-Hostname;No-Hostname;mxac-bac1.bkb.rnp.br;mxro-mxac-3g-allo.bkb.rnp.br;cmt1-mxro-infobarra.bkb.rnp.br;mxgo-cmt1-acessonline.bkb.rnp.br;lango-go.bkb.rnp.br;No-Hostname;monipe-go-atraso.rnp.br
1749435230,2025-06-08 23:13:50,No-Hostname;No-Hostname;mxac-bac1.bkb.rnp.br;mxro-mxac-3g-allo.bkb.rnp.br;cmt1-mxro-infobarra.bkb.rnp.br;mxgo-cmt1-acessonline.bkb.rnp.br;lango-go.bkb.rnp.br;No-Hostname;monipe-go-atraso.rnp.br
1749435661,2025-06-08 23:21:01,No-Hostname;No-Hostname;mxac-bac1.bkb.rnp.br;mxro-mxac-3g-allo.bkb.rnp.br;cmt1-mxro-infobarra.bkb.rnp.br;mxgo-cmt1-acessonline.bkb.rnp.br;lango-go.bkb.rnp.br;No-Hostname;monipe-go-atraso.rnp.br
1749436036,2025-06-08 23:27:16,No-Hostname;No-Hostname;mxac-bac1.bkb.rnp.br;mxro-mxac-3g-allo.bkb.rnp.br;cmt1-mxro-infobarra.bkb.rnp.br;mxgo-cmt1-acessonline.bkb.rnp.br;lango-go.bkb.rnp.br;No-Hostname;monipe-go-atraso.rnp.br
1749437081,2025-06-08 23:44:41,No-Hostname;No-Hostname;mxac-bac1.bkb.rnp.br;mxro-mxac-3g-allo.bkb.rnp.br;cmt1-mxro-infobarra.bkb.rnp.br;mxgo-cmt1-acessonline.bkb.rnp.br;lango-go.bkb.rnp.br;No-Hostname;monipe-go-atraso.rnp.br
1749437438,2025-06-08 23:50:38,No-Hostname;No-Hostname;mxac-bac1.bkb.rnp.br;mxro-mxac-3g-allo.bkb.rnp.br;cmt1-mxro-infobarra.bkb.rnp.br;mxgo-cmt1-acessonline.bkb.rnp.br;lango-go.bkb.rnp.br;No-Hostname;monipe-go-atraso.rnp.br
1749438228,2025-06-09 00:03:48,No-Hostname;No-Hostname;mxac-bac1.bkb.rnp.br;mxro-mxac-3g-allo.bkb.rnp.br;cmt1-mxro-infobarra.bkb.rnp.br;mxgo-cmt1-acessonline.bkb.rnp.br;lango-go.bkb.rnp.br;No-Hostname;monipe-go-atraso.rnp.br
1749439919,2025-06-09 00:31:59,No-Hostname;No-Hostname;mxac-bac1.bkb.rnp.br;mxro-mxac-3g-allo.bkb.rnp.br;cmt1-mxro-infobarra.bkb.rnp.br;mxgo-cmt1-acessonline.bkb.rnp.br;lango-go.bkb.rnp.br;No-Hostname;monipe-go-atraso.rnp.br
1749441038,2025-06-09 00:50:38,No-Hostname;No-Hostname;mxac-bac1.bkb.rnp.br;mxro-mxac-3g-allo.bkb.rnp.br;cmt1-mxro-infobarra.bkb.rnp.br;mxgo-cmt1-acessonline.bkb.rnp.br;lango-go.bkb.rnp.br;No-Hostname;monipe-go-atraso.rnp.br
1749441834,2025-06-09 01:03:54,No-Hostname;No-Hostname;mxac-bac1.bkb.rnp.br;mxro-mxac-3g-allo.bkb.rnp.br;cmt1-mxro-infobarra.bkb.rnp.br;mxgo-cmt1-acessonline.bkb.rnp.br;lango-go.bkb.rnp.br;No-Hostname;monipe-go-atraso.rnp.br
1749444509,2025-06-09 01:48:29,No-Hostname;No-Hostname;mxac-bac1.bkb.rnp.br;mxro-mxac-3g-allo.bkb.rnp.br;cmt1-mxro-infobarra.bkb.rnp.br;mxgo-cmt1-acessonline.bkb.rnp.br;lango-go.bkb.rnp.br;No-Hostname;monipe-go-atraso.rnp.br
1749445632,2025-06-09 02:07:12,No-Hostname;No-Hostname;mxac-bac1.bkb.rnp.br;mxro-mxac-3g-allo.bkb.rnp.br;cmt1-mxro-infobarra.bkb.rnp.br;mxgo-cmt1-acessonline.bkb.rnp.br;lango-go.bkb.rnp.br;No-Hostname;monipe-go-atraso.rnp.br
1749447205,2025-06-09 02:33:25,No-Hostname;No-Hostname;mxac-bac1.bkb.rnp.br;ro-ac-oi.bkb.rnp.br;cmt1-mxro-infobarra.bkb.rnp.br;mxgo-cmt1-acessonline.bkb.rnp.br;lango-go.bkb.rnp.br;No-Hostname;monipe-go-atraso.rnp.br
1749447574,2025-06-09 02:39:34,No-Hostname;No-Hostname;mxac-bac1.bkb.rnp.br;ro-ac-oi.bkb.rnp.br;cmt1-mxro-infobarra.bkb.rnp.br;mxgo-cmt1-acessonline.bkb.rnp.br;lango-go.bkb.rnp.br;No-Hostname;monipe-go-atraso.rnp.br
1749448531,2025-06-09 02:55:31,No-Hostname;No-Hostname;mxac-bac1.bkb.rnp.br;ro-ac-oi.bkb.rnp.br;cmt1-mxro-infobarra.bkb.rnp.br;mxgo-cmt1-acessonline.bkb.rnp.br;lango-go.bkb.rnp.br;No-Hostname;monipe-go-atraso.rnp.br
1749449406,2025-06-09 03:10:06,No-Hostname;No-Hostname;mxac-bac1.bkb.rnp.br;ro-ac-oi.bkb.rnp.br;cmt1-mxro-infobarra.bkb.rnp.br;mxgo-cmt1-acessonline.bkb.rnp.br;lango-go.bkb.rnp.br;No-Hostname;monipe-go-atraso.rnp.br
1749450209,2025-06-09 03:23:29,No-Hostname;No-Hostname;mxac-bac1.bkb.rnp.br;ro-ac-oi.bkb.rnp.br;cmt1-mxro-infobarra.bkb.rnp.br;mxgo-cmt1-acessonline.bkb.rnp.br;lango-go.bkb.rnp.br;No-Hostname;monipe-go-atraso.rnp.br
1749450654,2025-06-09 03:30:54,No-Hostname;No-Hostname;mxac-bac1.bkb.rnp.br;ro-ac-oi.bkb.rnp.br;cmt1-mxro-infobarra.bkb.rnp.br;mxgo-cmt1-acessonline.bkb.rnp.br;lango-go.bkb.rnp.br;No-Hostname;monipe-go-atraso.rnp.br
1749451315,2025-06-09 03:41:55,No-Hostname;No-Hostname;mxac-bac1.bkb.rnp.br;ro-ac-oi.bkb.rnp.br;cmt1-mxro-infobarra.bkb.rnp.br;mxgo-cmt1-acessonline.bkb.rnp.br;lango-go.bkb.rnp.br;No-Hostname;monipe-go-atraso.rnp.br
1749451889,2025-06-09 03:51:29,No-Hostname;No-Hostname;mxac-bac1.bkb.rnp.br;ro-ac-oi.bkb.rnp.br;cmt1-mxro-infobarra.bkb.rnp.br;mxgo-cmt1-acessonline.bkb.rnp.br;lango-go.bkb.rnp.br;No-Hostname;monipe-go-atraso.rnp.br
1749452458,2025-06-09 04:00:58,No-Hostname;No-Hostname;mxac-bac1.bkb.rnp.br;ro-ac-oi.bkb.rnp.br;cmt1-mxro-infobarra.bkb.rnp.br;mxgo-cmt1-acessonline.bkb.rnp.br;lango-go.bkb.rnp.br;No-Hostname;monipe-go-atraso.rnp.br
1749454224,2025-06-09 04:30:24,No-Hostname;No-Hostname;mxac-bac1.bkb.rnp.br;mxro-mxac-3g-allo.bkb.rnp.br;cmt1-mxro-infobarra.bkb.rnp.br;mxgo-cmt1-acessonline.bkb.rnp.br;lango-go.bkb.rnp.br;No-Hostname;monipe-go-atraso.rnp.br
1749454651,2025-06-09 04:37:31,No-Hostname;No-Hostname;mxac-bac1.bkb.rnp.br;mxro-mxac-3g-allo.bkb.rnp.br;cmt1-mxro-infobarra.bkb.rnp.br;mxgo-cmt1-acessonline.bkb.rnp.br;lango-go.bkb.rnp.br;No-Hostname;monipe-go-atraso.rnp.br
1749455606,2025-06-09 04:53:26,No-Hostname;No-Hostname;mxac-bac1.bkb.rnp.br;ro-ac-oi.bkb.rnp.br;cmt1-mxro-infobarra.bkb.rnp.br;mxgo-cmt1-acessonline.bkb.rnp.br;lango-go.bkb.rnp.br;No-Hostname;monipe-go-atraso.rnp.br
1749456274,2025-06-09 05:04:34,No-Hostname;No-Hostname;mxac-bac1.bkb.rnp.br;ro-ac-oi.bkb.rnp.br;cmt1-mxro-infobarra.bkb.rnp.br;mxgo-cmt1-acessonline.bkb.rnp.br;lango-go.bkb.rnp.br;No-Hostname;monipe-go-atraso.rnp.br
1749458065,2025-06-09 05:34:25,No-Hostname;No-Hostname;mxac-bac1.bkb.rnp.br;ro-ac-oi.bkb.rnp.br;cmt1-mxro-infobarra.bkb.rnp.br;mxgo-cmt1-acessonline.bkb.rnp.br;lango-go.bkb.rnp.br;No-Hostname;monipe-go-atraso.rnp.br
1749458494,2025-06-09 05:41:34,No-Hostname;No-Hostname;mxac-bac1.bkb.rnp.br;mxro-mxac-3g-allo.bkb.rnp.br;cmt1-mxro-infobarra.bkb.rnp.br;mxgo-cmt1-acessonline.bkb.rnp.br;lango-go.bkb.rnp.br;No-Hostname;monipe-go-atraso.rnp.br
1749459340,2025-06-09 05:55:40,No-Hostname;No-Hostname;mxac-bac1.bkb.rnp.br;mxro-mxac-3g-allo.bkb.rnp.br;cmt1-mxro-infobarra.bkb.rnp.br;mxms-cmt1-telebras.bkb.rnp.br;mxgo-mxms-brdigital.bkb.rnp.br;lango-go.bkb.rnp.br;No-Hostname;monipe-go-atraso.rnp.br
1749459864,2025-06-09 06:04:24,No-Hostname;No-Hostname;mxac-bac1.bkb.rnp.br;mxro-mxac-3g-allo.bkb.rnp.br;cmt1-mxro-infobarra.bkb.rnp.br;mxms-cmt1-telebras.bkb.rnp.br;mxgo-mxms-brdigital.bkb.rnp.br;lango-go.bkb.rnp.br;No-Hostname;monipe-go-atraso.rnp.br
1749461083,2025-06-09 06:24:43,No-Hostname;No-Hostname;mxac-bac1.bkb.rnp.br;mxro-mxac-3g-allo.bkb.rnp.br;cmt1-mxro-infobarra.bkb.rnp.br;mxgo-cmt1-acessonline.bkb.rnp.br;lango-go.bkb.rnp.br;No-Hostname;monipe-go-atraso.rnp.br
1749461402,2025-06-09 06:30:02,No-Hostname;No-Hostname;mxac-bac1.bkb.rnp.br;mxro-mxac-3g-allo.bkb.rnp.br;cmt1-mxro-infobarra.bkb.rnp.br;mxgo-cmt1-acessonline.bkb.rnp.br;lango-go.bkb.rnp.br;No-Hostname;monipe-go-atraso.rnp.br
1749462957,2025-06-09 06:55:57,No-Hostname;No-Hostname;mxac-bac1.bkb.rnp.br;mxro-mxac-3g-allo.bkb.rnp.br;cmt1-mxro-infobarra.bkb.rnp.br;mxgo-cmt1-acessonline.bkb.rnp.br;lango-go.bkb.rnp.br;No-Hostname;monipe-go-atraso.rnp.br
1749463442,2025-06-09 07:04:02,No-Hostname;No-Hostname;mxac-bac1.bkb.rnp.br;mxro-mxac-3g-allo.bkb.rnp.br;cmt1-mxro-infobarra.bkb.rnp.br;mxgo-cmt1-acessonline.bkb.rnp.br;lango-go.bkb.rnp.br;No-Hostname;monipe-go-atraso.rnp.br
1749464067,2025-06-09 07:14:27,No-Hostname;No-Hostname;No-Hostname;No-Hostname;cmt1-mxro-infobarra.bkb.rnp.br;No-Hostname;No-Hostname;No-Hostname;monipe-go-atraso.rnp.br
1749464342,2025-06-09 07:19:02,No-Hostname;No-Hostname;mxac-bac1.bkb.rnp.br;mxro-mxac-3g-allo.bkb.rnp.br;cmt1-mxro-infobarra.bkb.rnp.br;mxgo-cmt1-acessonline.bkb.rnp.br;lango-go.bkb.rnp.br;No-Hostname;monipe-go-atraso.rnp.br
1749465046,2025-06-09 07:30:46,No-Hostname;No-Hostname;mxac-bac1.bkb.rnp.br;mxro-mxac-3g-allo.bkb.rnp.br;cmt1-mxro-infobarra.bkb.rnp.br;mxgo-cmt1-acessonline.bkb.rnp.br;lango-go.bkb.rnp.br;No-Hostname;monipe-go-atraso.rnp.br
1749465782,2025-06-09 07:43:02,No-Hostname;No-Hostname;mxac-bac1.bkb.rnp.br;mxro-mxac-3g-allo.bkb.rnp.br;cmt1-mxro-infobarra.bkb.rnp.br;mxgo-cmt1-acessonline.bkb.rnp.br;lango-go.bkb.rnp.br;No-Hostname;monipe-go-atraso.rnp.br
1749466302,2025-06-09 07:51:42,No-Hostname;No-Hostname;mxac-bac1.bkb.rnp.br;mxro-mxac-3g-allo.bkb.rnp.br;cmt1-mxro-infobarra.bkb.rnp.br;mxgo-cmt1-acessonline.bkb.rnp.br;lango-go.bkb.rnp.br;No-Hostname;monipe-go-atraso.rnp.br
1749466653,2025-06-09 07:57:33,No-Hostname;No-Hostname;mxac-bac1.bkb.rnp.br;mxro-mxac-3g-allo.bkb.rnp.br;cmt1-mxro-infobarra.bkb.rnp.br;mxgo-cmt1-acessonline.bkb.rnp.br;lango-go.bkb.rnp.br;No-Hostname;monipe-go-atraso.rnp.br
1749467458,2025-06-09 08:10:58,No-Hostname;No-Hostname;mxac-bac1.bkb.rnp.br;mxro-mxac-3g-allo.bkb.rnp.br;cmt1-mxro-infobarra.bkb.rnp.br;mxgo-cmt1-acessonline.bkb.rnp.br;lango-go.bkb.rnp.br;No-Hostname;monipe-go-atraso.rnp.br
1749468934,2025-06-09 08:35:34,No-Hostname;No-Hostname;mxac-bac1.bkb.rnp.br;ro-ac-oi.bkb.rnp.br;cmt1-mxro-infobarra.bkb.rnp.br;mxgo-cmt1-acessonline.bkb.rnp.br;lango-go.bkb.rnp.br;No-Hostname;monipe-go-atraso.rnp.br
1749469474,2025-06-09 08:44:34,No-Hostname;No-Hostname;mxac-bac1.bkb.rnp.br;ro-ac-oi.bkb.rnp.br;cmt1-mxro-infobarra.bkb.rnp.br;mxgo-cmt1-acessonline.bkb.rnp.br;lango-go.bkb.rnp.br;No-Hostname;monipe-go-atraso.rnp.br
1749470020,2025-06-09 08:53:40,No-Hostname;No-Hostname;mxac-bac1.bkb.rnp.br;ro-ac-oi.bkb.rnp.br;cmt1-mxro-infobarra.bkb.rnp.br;mxgo-cmt1-acessonline.bkb.rnp.br;lango-go.bkb.rnp.br;No-Hostname;monipe-go-atraso.rnp.br
1749470672,2025-06-09 09:04:32,No-Hostname;No-Hostname;mxac-bac1.bkb.rnp.br;ro-ac-oi.bkb.rnp.br;cmt1-mxro-infobarra.bkb.rnp.br;mxgo-cmt1-acessonline.bkb.rnp.br;lango-go.bkb.rnp.br;No-Hostname;monipe-go-atraso.rnp.br
1749471286,2025-06-09 09:14:46,No-Hostname;No-Hostname;mxac-bac1.bkb.rnp.br;ro-ac-oi.bkb.rnp.br;cmt1-mxro-infobarra.bkb.rnp.br;mxgo-cmt1-acessonline.bkb.rnp.br;lango-go.bkb.rnp.br;No-Hostname;monipe-go-atraso.rnp.br
1749471920,2025-06-09 09:25:20,No-Hostname;No-Hostname;mxac-bac1.bkb.rnp.br;mxro-mxac-3g-allo.bkb.rnp.br;cmt1-mxro-infobarra.bkb.rnp.br;mxgo-cmt1-acessonline.bkb.rnp.br;lango-go.bkb.rnp.br;No-Hostname;monipe-go-atraso.rnp.br
1749472428,2025-06-09 09:33:48,No-Hostname;No-Hostname;mxac-bac1.bkb.rnp.br;mxro-mxac-3g-allo.bkb.rnp.br;cmt1-mxro-infobarra.bkb.rnp.br;mxgo-cmt1-acessonline.bkb.rnp.br;lango-go.bkb.rnp.br;No-Hostname;monipe-go-atraso.rnp.br
1749472792,2025-06-09 09:39:52,No-Hostname;No-Hostname;mxac-bac1.bkb.rnp.br;mxro-mxac-3g-allo.bkb.rnp.br;cmt1-mxro-infobarra.bkb.rnp.br;mxgo-cmt1-acessonline.bkb.rnp.br;lango-go.bkb.rnp.br;No-Hostname;monipe-go-atraso.rnp.br
1749473339,2025-06-09 09:48:59,No-Hostname;No-Hostname;mxac-bac1.bkb.rnp.br;mxro-mxac-3g-allo.bkb.rnp.br;cmt1-mxro-infobarra.bkb.rnp.br;mxgo-cmt1-acessonline.bkb.rnp.br;lango-go.bkb.rnp.br;No-Hostname;monipe-go-atraso.rnp.br
1749473889,2025-06-09 09:58:09,No-Hostname;No-Hostname;mxac-bac1.bkb.rnp.br;ro-ac-oi.bkb.rnp.br;cmt1-mxro-infobarra.bkb.rnp.br;mxgo-cmt1-acessonline.bkb.rnp.br;lango-go.bkb.rnp.br;No-Hostname;monipe-go-atraso.rnp.br
1749474810,2025-06-09 10:13:30,No-Hostname;No-Hostname;mxac-bac1.bkb.rnp.br;ro-ac-oi.bkb.rnp.br;cmt1-mxro-infobarra.bkb.rnp.br;mxgo-cmt1-acessonline.bkb.rnp.br;lango-go.bkb.rnp.br;No-Hostname;monipe-go-atraso.rnp.br
1749475253,2025-06-09 10:20:53,No-Hostname;No-Hostname;mxac-bac1.bkb.rnp.br;mxro-mxac-3g-allo.bkb.rnp.br;cmt1-mxro-infobarra.bkb.rnp.br;mxgo-cmt1-acessonline.bkb.rnp.br;lango-go.bkb.rnp.br;No-Hostname;monipe-go-atraso.rnp.br
1749476058,2025-06-09 10:34:18,No-Hostname;No-Hostname;mxac-bac1.bkb.rnp.br;mxro-mxac-3g-allo.bkb.rnp.br;cmt1-mxro-infobarra.bkb.rnp.br;mxgo-cmt1-acessonline.bkb.rnp.br;lango-go.bkb.rnp.br;No-Hostname;monipe-go-atraso.rnp.br
1749476638,2025-06-09 10:43:58,No-Hostname;No-Hostname;mxac-bac1.bkb.rnp.br;mxro-mxac-3g-allo.bkb.rnp.br;cmt1-mxro-infobarra.bkb.rnp.br;mxgo-cmt1-acessonline.bkb.rnp.br;lango-go.bkb.rnp.br;No-Hostname;monipe-go-atraso.rnp.br
1749477015,2025-06-09 10:50:15,No-Hostname;No-Hostname;mxac-bac1.bkb.rnp.br;mxro-mxac-3g-allo.bkb.rnp.br;cmt1-mxro-infobarra.bkb.rnp.br;mxgo-cmt1-acessonline.bkb.rnp.br;lango-go.bkb.rnp.br;No-Hostname;monipe-go-atraso.rnp.br
1749477916,2025-06-09 11:05:16,No-Hostname;No-Hostname;mxac-bac1.bkb.rnp.br;mxro-mxac-3g-allo.bkb.rnp.br;cmt1-mxro-infobarra.bkb.rnp.br;mxgo-cmt1-acessonline.bkb.rnp.br;lango-go.bkb.rnp.br;No-Hostname;monipe-go-atraso.rnp.br
1749478796,2025-06-09 11:19:56,No-Hostname;No-Hostname;mxac-bac1.bkb.rnp.br;mxro-mxac-3g-allo.bkb.rnp.br;cmt1-mxro-infobarra.bkb.rnp.br;mxgo-cmt1-acessonline.bkb.rnp.br;lango-go.bkb.rnp.br;No-Hostname;monipe-go-atraso.rnp.br
1749479417,2025-06-09 11:30:17,No-Hostname;No-Hostname;mxac-bac1.bkb.rnp.br;ro-ac-oi.bkb.rnp.br;cmt1-mxro-infobarra.bkb.rnp.br;mxgo-cmt1-acessonline.bkb.rnp.br;lango-go.bkb.rnp.br;No-Hostname;monipe-go-atraso.rnp.br
1749480204,2025-06-09 11:43:24,No-Hostname;No-Hostname;mxac-bac1.bkb.rnp.br;ro-ac-oi.bkb.rnp.br;cmt1-mxro-infobarra.bkb.rnp.br;mxgo-cmt1-acessonline.bkb.rnp.br;lango-go.bkb.rnp.br;No-Hostname;monipe-go-atraso.rnp.br
1749480917,2025-06-09 11:55:17,No-Hostname;No-Hostname;mxac-bac1.bkb.rnp.br;ro-ac-oi.bkb.rnp.br;cmt1-mxro-infobarra.bkb.rnp.br;mxgo-cmt1-acessonline.bkb.rnp.br;lango-go.bkb.rnp.br;No-Hostname;monipe-go-atraso.rnp.br
1749481185,2025-06-09 11:59:45,No-Hostname;No-Hostname;mxac-bac1.bkb.rnp.br;ro-ac-oi.bkb.rnp.br;cmt1-mxro-infobarra.bkb.rnp.br;mxgo-cmt1-acessonline.bkb.rnp.br;lango-go.bkb.rnp.br;No-Hostname;monipe-go-atraso.rnp.br
1749481814,2025-06-09 12:10:14,No-Hostname;No-Hostname;mxac-bac1.bkb.rnp.br;ro-ac-oi.bkb.rnp.br;cmt1-mxro-infobarra.bkb.rnp.br;mxgo-cmt1-acessonline.bkb.rnp.br;lango-go.bkb.rnp.br;No-Hostname;monipe-go-atraso.rnp.br
1749482314,2025-06-09 12:18:34,No-Hostname;No-Hostname;mxac-bac1.bkb.rnp.br;ro-ac-oi.bkb.rnp.br;cmt1-mxro-infobarra.bkb.rnp.br;mxgo-cmt1-acessonline.bkb.rnp.br;lango-go.bkb.rnp.br;No-Hostname;monipe-go-atraso.rnp.br
1749483198,2025-06-09 12:33:18,No-Hostname;No-Hostname;mxac-bac1.bkb.rnp.br;ro-ac-oi.bkb.rnp.br;cmt1-mxro-infobarra.bkb.rnp.br;mxgo-cmt1-acessonline.bkb.rnp.br;lango-go.bkb.rnp.br;No-Hostname;monipe-go-atraso.rnp.br
1749483782,2025-06-09 12:43:02,No-Hostname;No-Hostname;mxac-bac1.bkb.rnp.br;ro-ac-oi.bkb.rnp.br;cmt1-mxro-infobarra.bkb.rnp.br;mxgo-cmt1-acessonline.bkb.rnp.br;lango-go.bkb.rnp.br;No-Hostname;monipe-go-atraso.rnp.br
1749484502,2025-06-09 12:55:02,No-Hostname;No-Hostname;mxac-bac1.bkb.rnp.br;ro-ac-oi.bkb.rnp.br;cmt1-mxro-infobarra.bkb.rnp.br;mxgo-cmt1-acessonline.bkb.rnp.br;lango-go.bkb.rnp.br;No-Hostname;monipe-go-atraso.rnp.br
1749485074,2025-06-09 13:04:34,No-Hostname;No-Hostname;mxac-bac1.bkb.rnp.br;mxro-mxac-3g-allo.bkb.rnp.br;cmt1-mxro-infobarra.bkb.rnp.br;mxgo-cmt1-acessonline.bkb.rnp.br;lango-go.bkb.rnp.br;No-Hostname;monipe-go-atraso.rnp.br
1749485466,2025-06-09 13:11:06,No-Hostname;No-Hostname;mxac-bac1.bkb.rnp.br;mxro-mxac-3g-allo.bkb.rnp.br;cmt1-mxro-infobarra.bkb.rnp.br;mxgo-cmt1-acessonline.bkb.rnp.br;lango-go.bkb.rnp.br;No-Hostname;monipe-go-atraso.rnp.br
1749486033,2025-06-09 13:20:33,No-Hostname;No-Hostname;mxac-bac1.bkb.rnp.br;mxro-mxac-3g-allo.bkb.rnp.br;No-Hostname;No-Hostname;No-Hostname;No-Hostname;No-Hostname;No-Hostname;No-Hostname;No-Hostname;No-Hostname;No-Hostname;No-Hostname;No-Hostname;No-Hostname;No-Hostname;No-Hostname;No-Hostname;No-Hostname;No-Hostname;No-Hostname;No-Hostname;No-Hostname;No-Hostname;No-Hostname;No-Hostname;No-Hostname;No-Hostname
1749487178,2025-06-09 13:39:38,No-Hostname;No-Hostname;mxac-bac1.bkb.rnp.br;mxro-mxac-3g-allo.bkb.rnp.br;cmt1-mxro-infobarra.bkb.rnp.br;mxgo-cmt1-acessonline.bkb.rnp.br;lango-go.bkb.rnp.br;No-Hostname;monipe-go-atraso.rnp.br
1749487892,2025-06-09 13:51:32,No-Hostname;No-Hostname;mxac-bac1.bkb.rnp.br;mxro-mxac-3g-allo.bkb.rnp.br;cmt1-mxro-infobarra.bkb.rnp.br;mxgo-cmt1-acessonline.bkb.rnp.br;lango-go.bkb.rnp.br;No-Hostname;monipe-go-atraso.rnp.br
1749488422,2025-06-09 14:00:22,No-Hostname;No-Hostname;mxac-bac1.bkb.rnp.br;mxro-mxac-3g-allo.bkb.rnp.br;cmt1-mxro-infobarra.bkb.rnp.br;mxgo-cmt1-acessonline.bkb.rnp.br;lango-go.bkb.rnp.br;No-Hostname;monipe-go-atraso.rnp.br
1749488958,2025-06-09 14:09:18,No-Hostname;No-Hostname;mxac-bac1.bkb.rnp.br;mxro-mxac-3g-allo.bkb.rnp.br;cmt1-mxro-infobarra.bkb.rnp.br;mxgo-cmt1-acessonline.bkb.rnp.br;lango-go.bkb.rnp.br;No-Hostname;monipe-go-atraso.rnp.br
1749489774,2025-06-09 14:22:54,No-Hostname;No-Hostname;mxac-bac1.bkb.rnp.br;mxro-mxac-3g-allo.bkb.rnp.br;cmt1-mxro-infobarra.bkb.rnp.br;mxgo-cmt1-acessonline.bkb.rnp.br;lango-go.bkb.rnp.br;No-Hostname;monipe-go-atraso.rnp.br
1749490041,2025-06-09 14:27:21,No-Hostname;No-Hostname;mxac-bac1.bkb.rnp.br;mxro-mxac-3g-allo.bkb.rnp.br;cmt1-mxro-infobarra.bkb.rnp.br;mxgo-cmt1-acessonline.bkb.rnp.br;lango-go.bkb.rnp.br;No-Hostname;monipe-go-atraso.rnp.br
1749491117,2025-06-09 14:45:17,No-Hostname;No-Hostname;mxac-bac1.bkb.rnp.br;mxro-mxac-3g-allo.bkb.rnp.br;cmt1-mxro-infobarra.bkb.rnp.br;mxgo-cmt1-acessonline.bkb.rnp.br;lango-go.bkb.rnp.br;No-Hostname;monipe-go-atraso.rnp.br
1749491401,2025-06-09 14:50:01,No-Hostname;No-Hostname;mxac-bac1.bkb.rnp.br;ro-ac-oi.bkb.rnp.br;cmt1-mxro-infobarra.bkb.rnp.br;mxgo-cmt1-acessonline.bkb.rnp.br;lango-go.bkb.rnp.br;No-Hostname;monipe-go-atraso.rnp.br
1749491906,2025-06-09 14:58:26,No-Hostname;No-Hostname;mxac-bac1.bkb.rnp.br;ro-ac-oi.bkb.rnp.br;cmt1-mxro-infobarra.bkb.rnp.br;mxgo-cmt1-acessonline.bkb.rnp.br;lango-go.bkb.rnp.br;No-Hostname;monipe-go-atraso.rnp.br
1749492584,2025-06-09 15:09:44,No-Hostname;No-Hostname;mxac-bac1.bkb.rnp.br;ro-ac-oi.bkb.rnp.br;cmt1-mxro-infobarra.bkb.rnp.br;mxgo-cmt1-acessonline.bkb.rnp.br;lango-go.bkb.rnp.br;No-Hostname;monipe-go-atraso.rnp.br
1749493184,2025-06-09 15:19:44,No-Hostname;No-Hostname;mxac-bac1.bkb.rnp.br;ro-ac-oi.bkb.rnp.br;cmt1-mxro-infobarra.bkb.rnp.br;mxgo-cmt1-acessonline.bkb.rnp.br;lango-go.bkb.rnp.br;No-Hostname;monipe-go-atraso.rnp.br
1749493785,2025-06-09 15:29:45,No-Hostname;No-Hostname;mxac-bac1.bkb.rnp.br;mxro-mxac-3g-allo.bkb.rnp.br;cmt1-mxro-infobarra.bkb.rnp.br;mxgo-cmt1-acessonline.bkb.rnp.br;lango-go.bkb.rnp.br;No-Hostname;monipe-go-atraso.rnp.br
1749494248,2025-06-09 15:37:28,No-Hostname;No-Hostname;mxac-bac1.bkb.rnp.br;mxro-mxac-3g-allo.bkb.rnp.br;cmt1-mxro-infobarra.bkb.rnp.br;mxgo-cmt1-acessonline.bkb.rnp.br;lango-go.bkb.rnp.br;No-Hostname;monipe-go-atraso.rnp.br
1749495148,2025-06-09 15:52:28,No-Hostname;No-Hostname;mxac-bac1.bkb.rnp.br;ro-ac-oi.bkb.rnp.br;cmt1-mxro-infobarra.bkb.rnp.br;mxgo-cmt1-acessonline.bkb.rnp.br;lango-go.bkb.rnp.br;No-Hostname;monipe-go-atraso.rnp.br
1749495850,2025-06-09 16:04:10,No-Hostname;No-Hostname;mxac-bac1.bkb.rnp.br;ro-ac-oi.bkb.rnp.br;cmt1-mxro-infobarra.bkb.rnp.br;mxgo-cmt1-acessonline.bkb.rnp.br;lango-go.bkb.rnp.br;No-Hostname;monipe-go-atraso.rnp.br
1749496316,2025-06-09 16:11:56,No-Hostname;No-Hostname;mxac-bac1.bkb.rnp.br;mxro-mxac-3g-allo.bkb.rnp.br;cmt1-mxro-infobarra.bkb.rnp.br;mxgo-cmt1-acessonline.bkb.rnp.br;lango-go.bkb.rnp.br;No-Hostname;monipe-go-atraso.rnp.br
1749497073,2025-06-09 16:24:33,No-Hostname;No-Hostname;mxac-bac1.bkb.rnp.br;ro-ac-oi.bkb.rnp.br;cmt1-mxro-infobarra.bkb.rnp.br;mxgo-cmt1-acessonline.bkb.rnp.br;lango-go.bkb.rnp.br;No-Hostname;monipe-go-atraso.rnp.br
1749497285,2025-06-09 16:28:05,No-Hostname;No-Hostname;mxac-bac1.bkb.rnp.br;ro-ac-oi.bkb.rnp.br;cmt1-mxro-infobarra.bkb.rnp.br;mxgo-cmt1-acessonline.bkb.rnp.br;lango-go.bkb.rnp.br;No-Hostname;monipe-go-atraso.rnp.br
1749498126,2025-06-09 16:42:06,No-Hostname;No-Hostname;mxac-bac1.bkb.rnp.br;ro-ac-oi.bkb.rnp.br;cmt1-mxro-infobarra.bkb.rnp.br;mxgo-cmt1-acessonline.bkb.rnp.br;lango-go.bkb.rnp.br;No-Hostname;monipe-go-atraso.rnp.br
1749498522,2025-06-09 16:48:42,No-Hostname;No-Hostname;mxac-bac1.bkb.rnp.br;ro-ac-oi.bkb.rnp.br;cmt1-mxro-infobarra.bkb.rnp.br;mxgo-cmt1-acessonline.bkb.rnp.br;lango-go.bkb.rnp.br;No-Hostname;monipe-go-atraso.rnp.br
1749499143,2025-06-09 16:59:03,No-Hostname;No-Hostname;mxac-bac1.bkb.rnp.br;ro-ac-oi.bkb.rnp.br;cmt1-mxro-infobarra.bkb.rnp.br;mxgo-cmt1-acessonline.bkb.rnp.br;lango-go.bkb.rnp.br;No-Hostname;monipe-go-atraso.rnp.br
1749500134,2025-06-09 17:15:34,No-Hostname;No-Hostname;mxac-bac1.bkb.rnp.br;ro-ac-oi.bkb.rnp.br;cmt1-mxro-infobarra.bkb.rnp.br;mxgo-cmt1-acessonline.bkb.rnp.br;lango-go.bkb.rnp.br;No-Hostname;monipe-go-atraso.rnp.br
1749500509,2025-06-09 17:21:49,No-Hostname;No-Hostname;mxac-bac1.bkb.rnp.br;ro-ac-oi.bkb.rnp.br;cmt1-mxro-infobarra.bkb.rnp.br;mxgo-cmt1-acessonline.bkb.rnp.br;lango-go.bkb.rnp.br;No-Hostname;monipe-go-atraso.rnp.br
1749501194,2025-06-09 17:33:14,No-Hostname;No-Hostname;mxac-bac1.bkb.rnp.br;ro-ac-oi.bkb.rnp.br;cmt1-mxro-infobarra.bkb.rnp.br;mxgo-cmt1-acessonline.bkb.rnp.br;lango-go.bkb.rnp.br;No-Hostname;monipe-go-atraso.rnp.br
1749501553,2025-06-09 17:39:13,No-Hostname;No-Hostname;mxac-bac1.bkb.rnp.br;ro-ac-oi.bkb.rnp.br;cmt1-mxro-infobarra.bkb.rnp.br;mxgo-cmt1-acessonline.bkb.rnp.br;lango-go.bkb.rnp.br;No-Hostname;monipe-go-atraso.rnp.br
1749502301,2025-06-09 17:51:41,No-Hostname;No-Hostname;mxac-bac1.bkb.rnp.br;ro-ac-oi.bkb.rnp.br;cmt1-mxro-infobarra.bkb.rnp.br;mxgo-cmt1-acessonline.bkb.rnp.br;lango-go.bkb.rnp.br;No-Hostname;monipe-go-atraso.rnp.br
1749502807,2025-06-09 18:00:07,No-Hostname;No-Hostname;mxac-bac1.bkb.rnp.br;ro-ac-oi.bkb.rnp.br;cmt1-mxro-infobarra.bkb.rnp.br;mxgo-cmt1-acessonline.bkb.rnp.br;lango-go.bkb.rnp.br;No-Hostname;monipe-go-atraso.rnp.br
1749503241,2025-06-09 18:07:21,No-Hostname;No-Hostname;mxac-bac1.bkb.rnp.br;ro-ac-oi.bkb.rnp.br;cmt1-mxro-infobarra.bkb.rnp.br;mxgo-cmt1-acessonline.bkb.rnp.br;lango-go.bkb.rnp.br;No-Hostname;monipe-go-atraso.rnp.br
1749503989,2025-06-09 18:19:49,No-Hostname;No-Hostname;mxac-bac1.bkb.rnp.br;mxro-mxac-3g-allo.bkb.rnp.br;cmt1-mxro-infobarra.bkb.rnp.br;mxgo-cmt1-acessonline.bkb.rnp.br;lango-go.bkb.rnp.br;No-Hostname;monipe-go-atraso.rnp.br
1749504634,2025-06-09 18:30:34,No-Hostname;No-Hostname;mxac-bac1.bkb.rnp.br;mxro-mxac-3g-allo.bkb.rnp.br;cmt1-mxro-infobarra.bkb.rnp.br;mxgo-cmt1-acessonline.bkb.rnp.br;lango-go.bkb.rnp.br;No-Hostname;monipe-go-atraso.rnp.br
1749505305,2025-06-09 18:41:45,No-Hostname;No-Hostname;mxac-bac1.bkb.rnp.br;mxro-mxac-3g-allo.bkb.rnp.br;cmt1-mxro-infobarra.bkb.rnp.br;mxgo-cmt1-acessonline.bkb.rnp.br;lango-go.bkb.rnp.br;No-Hostname;monipe-go-atraso.rnp.br
1749505903,2025-06-09 18:51:43,No-Hostname;No-Hostname;mxac-bac1.bkb.rnp.br;ro-ac-oi.bkb.rnp.br;cmt1-mxro-infobarra.bkb.rnp.br;mxgo-cmt1-acessonline.bkb.rnp.br;lango-go.bkb.rnp.br;No-Hostname;monipe-go-atraso.rnp.br
1749506432,2025-06-09 19:00:32,No-Hostname;No-Hostname;mxac-bac1.bkb.rnp.br;ro-ac-oi.bkb.rnp.br;cmt1-mxro-infobarra.bkb.rnp.br;mxgo-cmt1-acessonline.bkb.rnp.br;lango-go.bkb.rnp.br;No-Hostname;monipe-go-atraso.rnp.br
1749506914,2025-06-09 19:08:34,No-Hostname;No-Hostname;mxac-bac1.bkb.rnp.br;ro-ac-oi.bkb.rnp.br;cmt1-mxro-infobarra.bkb.rnp.br;mxgo-cmt1-acessonline.bkb.rnp.br;lango-go.bkb.rnp.br;No-Hostname;monipe-go-atraso.rnp.br
1749507659,2025-06-09 19:20:59,No-Hostname;No-Hostname;mxac-bac1.bkb.rnp.br;mxro-mxac-3g-allo.bkb.rnp.br;cmt1-mxro-infobarra.bkb.rnp.br;mxgo-cmt1-acessonline.bkb.rnp.br;lango-go.bkb.rnp.br;No-Hostname;monipe-go-atraso.rnp.br
1749508333,2025-06-09 19:32:13,No-Hostname;No-Hostname;mxac-bac1.bkb.rnp.br;mxro-mxac-3g-allo.bkb.rnp.br;cmt1-mxro-infobarra.bkb.rnp.br;mxgo-cmt1-acessonline.bkb.rnp.br;lango-go.bkb.rnp.br;No-Hostname;monipe-go-atraso.rnp.br
1749508920,2025-06-09 19:42:00,No-Hostname;No-Hostname;mxac-bac1.bkb.rnp.br;mxro-mxac-3g-allo.bkb.rnp.br;cmt1-mxro-infobarra.bkb.rnp.br;mxgo-cmt1-acessonline.bkb.rnp.br;lango-go.bkb.rnp.br;No-Hostname;monipe-go-atraso.rnp.br
1749509257,2025-06-09 19:47:37,No-Hostname;No-Hostname;mxac-bac1.bkb.rnp.br;mxro-mxac-3g-allo.bkb.rnp.br;cmt1-mxro-infobarra.bkb.rnp.br;mxgo-cmt1-acessonline.bkb.rnp.br;lango-go.bkb.rnp.br;No-Hostname;monipe-go-atraso.rnp.br
1749510041,2025-06-09 20:00:41,No-Hostname;No-Hostname;mxac-bac1.bkb.rnp.br;mxro-mxac-3g-allo.bkb.rnp.br;cmt1-mxro-infobarra.bkb.rnp.br;mxgo-cmt1-acessonline.bkb.rnp.br;lango-go.bkb.rnp.br;No-Hostname;monipe-go-atraso.rnp.br
1749510900,2025-06-09 20:15:00,No-Hostname;No-Hostname;mxac-bac1.bkb.rnp.br;mxro-mxac-3g-allo.bkb.rnp.br;cmt1-mxro-infobarra.bkb.rnp.br;mxgo-cmt1-acessonline.bkb.rnp.br;lango-go.bkb.rnp.br;No-Hostname;monipe-go-atraso.rnp.br
1749511543,2025-06-09 20:25:43,No-Hostname;No-Hostname;mxac-bac1.bkb.rnp.br;mxro-mxac-3g-allo.bkb.rnp.br;cmt1-mxro-infobarra.bkb.rnp.br;mxgo-cmt1-acessonline.bkb.rnp.br;lango-go.bkb.rnp.br;No-Hostname;monipe-go-atraso.rnp.br
1749511747,2025-06-09 20:29:07,No-Hostname;No-Hostname;mxac-bac1.bkb.rnp.br;mxro-mxac-3g-allo.bkb.rnp.br;cmt1-mxro-infobarra.bkb.rnp.br;mxgo-cmt1-acessonline.bkb.rnp.br;lango-go.bkb.rnp.br;No-Hostname;monipe-go-atraso.rnp.br
1749512227,2025-06-09 20:37:07,No-Hostname;No-Hostname;mxac-bac1.bkb.rnp.br;mxro-mxac-3g-allo.bkb.rnp.br;cmt1-mxro-infobarra.bkb.rnp.br;mxgo-cmt1-acessonline.bkb.rnp.br;lango-go.bkb.rnp.br;No-Hostname;monipe-go-atraso.rnp.br
1749513067,2025-06-09 20:51:07,No-Hostname;No-Hostname;mxac-bac1.bkb.rnp.br;mxro-mxac-3g-allo.bkb.rnp.br;cmt1-mxro-infobarra.bkb.rnp.br;mxgo-cmt1-acessonline.bkb.rnp.br;lango-go.bkb.rnp.br;No-Hostname;monipe-go-atraso.rnp.br
1749513891,2025-06-09 21:04:51,No-Hostname;No-Hostname;mxac-bac1.bkb.rnp.br;mxro-mxac-3g-allo.bkb.rnp.br;cmt1-mxro-infobarra.bkb.rnp.br;mxgo-cmt1-acessonline.bkb.rnp.br;lango-go.bkb.rnp.br;No-Hostname;monipe-go-atraso.rnp.br
1749514116,2025-06-09 21:08:36,No-Hostname;No-Hostname;mxac-bac1.bkb.rnp.br;mxro-mxac-3g-allo.bkb.rnp.br;cmt1-mxro-infobarra.bkb.rnp.br;mxgo-cmt1-acessonline.bkb.rnp.br;lango-go.bkb.rnp.br;No-Hostname;monipe-go-atraso.rnp.br
1749514784,2025-06-09 21:19:44,No-Hostname;No-Hostname;mxac-bac1.bkb.rnp.br;mxro-mxac-3g-allo.bkb.rnp.br;cmt1-mxro-infobarra.bkb.rnp.br;mxgo-cmt1-acessonline.bkb.rnp.br;lango-go.bkb.rnp.br;No-Hostname;monipe-go-atraso.rnp.br
1749515531,2025-06-09 21:32:11,No-Hostname;No-Hostname;mxac-bac1.bkb.rnp.br;ro-ac-oi.bkb.rnp.br;cmt1-mxro-infobarra.bkb.rnp.br;mxgo-cmt1-acessonline.bkb.rnp.br;lango-go.bkb.rnp.br;No-Hostname;monipe-go-atraso.rnp.br
1749515934,2025-06-09 21:38:54,No-Hostname;No-Hostname;mxac-bac1.bkb.rnp.br;ro-ac-oi.bkb.rnp.br;cmt1-mxro-infobarra.bkb.rnp.br;mxgo-cmt1-acessonline.bkb.rnp.br;lango-go.bkb.rnp.br;No-Hostname;monipe-go-atraso.rnp.br
1749516956,2025-06-09 21:55:56,No-Hostname;No-Hostname;mxac-bac1.bkb.rnp.br;mxro-mxac-3g-allo.bkb.rnp.br;cmt1-mxro-infobarra.bkb.rnp.br;mxgo-cmt1-acessonline.bkb.rnp.br;lango-go.bkb.rnp.br;No-Hostname;monipe-go-atraso.rnp.br
1749517334,2025-06-09 22:02:14,No-Hostname;No-Hostname;mxac-bac1.bkb.rnp.br;mxro-mxac-3g-allo.bkb.rnp.br;cmt1-mxro-infobarra.bkb.rnp.br;mxgo-cmt1-acessonline.bkb.rnp.br;lango-go.bkb.rnp.br;No-Hostname;monipe-go-atraso.rnp.br
1749517881,2025-06-09 22:11:21,No-Hostname;No-Hostname;mxac-bac1.bkb.rnp.br;mxro-mxac-3g-allo.bkb.rnp.br;cmt1-mxro-infobarra.bkb.rnp.br;mxgo-cmt1-acessonline.bkb.rnp.br;lango-go.bkb.rnp.br;No-Hostname;monipe-go-atraso.rnp.br
1749518305,2025-06-09 22:18:25,No-Hostname;No-Hostname;mxac-bac1.bkb.rnp.br;mxro-mxac-3g-allo.bkb.rnp.br;cmt1-mxro-infobarra.bkb.rnp.br;mxgo-cmt1-acessonline.bkb.rnp.br;lango-go.bkb.rnp.br;No-Hostname;monipe-go-atraso.rnp.br
1749519189,2025-06-09 22:33:09,No-Hostname;No-Hostname;mxac-bac1.bkb.rnp.br;mxro-mxac-3g-allo.bkb.rnp.br;cmt1-mxro-infobarra.bkb.rnp.br;mxgo-cmt1-acessonline.bkb.rnp.br;lango-go.bkb.rnp.br;No-Hostname;monipe-go-atraso.rnp.br
1749519853,2025-06-09 22:44:13,No-Hostname;No-Hostname;mxac-bac1.bkb.rnp.br;mxro-mxac-3g-allo.bkb.rnp.br;cmt1-mxro-infobarra.bkb.rnp.br;mxgo-cmt1-acessonline.bkb.rnp.br;lango-go.bkb.rnp.br;No-Hostname;monipe-go-atraso.rnp.br
1749520220,2025-06-09 22:50:20,No-Hostname;No-Hostname;mxac-bac1.bkb.rnp.br;ro-ac-oi.bkb.rnp.br;cmt1-mxro-infobarra.bkb.rnp.br;mxgo-cmt1-acessonline.bkb.rnp.br;lango-go.bkb.rnp.br;No-Hostname;monipe-go-atraso.rnp.br
1749521150,2025-06-09 23:05:50,No-Hostname;No-Hostname;mxac-bac1.bkb.rnp.br;ro-ac-oi.bkb.rnp.br;cmt1-mxro-infobarra.bkb.rnp.br;mxgo-cmt1-acessonline.bkb.rnp.br;lango-go.bkb.rnp.br;No-Hostname;monipe-go-atraso.rnp.br
1749521637,2025-06-09 23:13:57,No-Hostname;No-Hostname;mxac-bac1.bkb.rnp.br;ro-ac-oi.bkb.rnp.br;cmt1-mxro-infobarra.bkb.rnp.br;mxgo-cmt1-acessonline.bkb.rnp.br;lango-go.bkb.rnp.br;No-Hostname;monipe-go-atraso.rnp.br
1749521883,2025-06-09 23:18:03,No-Hostname;No-Hostname;mxac-bac1.bkb.rnp.br;ro-ac-oi.bkb.rnp.br;cmt1-mxro-infobarra.bkb.rnp.br;mxgo-cmt1-acessonline.bkb.rnp.br;lango-go.bkb.rnp.br;No-Hostname;monipe-go-atraso.rnp.br
1749522710,2025-06-09 23:31:50,No-Hostname;No-Hostname;mxac-bac1.bkb.rnp.br;mxro-mxac-3g-allo.bkb.rnp.br;cmt1-mxro-infobarra.bkb.rnp.br;mxgo-cmt1-acessonline.bkb.rnp.br;lango-go.bkb.rnp.br;No-Hostname;monipe-go-atraso.rnp.br
1749523349,2025-06-09 23:42:29,No-Hostname;No-Hostname;mxac-bac1.bkb.rnp.br;mxro-mxac-3g-allo.bkb.rnp.br;cmt1-mxro-infobarra.bkb.rnp.br;mxgo-cmt1-acessonline.bkb.rnp.br;lango-go.bkb.rnp.br;No-Hostname;monipe-go-atraso.rnp.br
1749524051,2025-06-09 23:54:11,No-Hostname;No-Hostname;mxac-bac1.bkb.rnp.br;mxro-mxac-3g-allo.bkb.rnp.br;cmt1-mxro-infobarra.bkb.rnp.br;mxgo-cmt1-acessonline.bkb.rnp.br;lango-go.bkb.rnp.br;No-Hostname;monipe-go-atraso.rnp.br
1749524262,2025-06-09 23:57:42,No-Hostname;No-Hostname;mxac-bac1.bkb.rnp.br;mxro-mxac-3g-allo.bkb.rnp.br;cmt1-mxro-infobarra.bkb.rnp.br;mxgo-cmt1-acessonline.bkb.rnp.br;lango-go.bkb.rnp.br;No-Hostname;monipe-go-atraso.rnp.br
1749525074,2025-06-10 00:11:14,No-Hostname;No-Hostname;mxac-bac1.bkb.rnp.br;mxro-mxac-3g-allo.bkb.rnp.br;cmt1-mxro-infobarra.bkb.rnp.br;mxgo-cmt1-acessonline.bkb.rnp.br;lango-go.bkb.rnp.br;No-Hostname;monipe-go-atraso.rnp.br
1749525770,2025-06-10 00:22:50,No-Hostname;No-Hostname;mxac-bac1.bkb.rnp.br;mxro-mxac-3g-allo.bkb.rnp.br;cmt1-mxro-infobarra.bkb.rnp.br;mxgo-cmt1-acessonline.bkb.rnp.br;lango-go.bkb.rnp.br;No-Hostname;monipe-go-atraso.rnp.br
1749527088,2025-06-10 00:44:48,No-Hostname;No-Hostname;mxac-bac1.bkb.rnp.br;mxro-mxac-3g-allo.bkb.rnp.br;cmt1-mxro-infobarra.bkb.rnp.br;mxgo-cmt1-acessonline.bkb.rnp.br;lango-go.bkb.rnp.br;No-Hostname;monipe-go-atraso.rnp.br
1749527733,2025-06-10 00:55:33,No-Hostname;No-Hostname;mxac-bac1.bkb.rnp.br;mxro-mxac-3g-allo.bkb.rnp.br;cmt1-mxro-infobarra.bkb.rnp.br;mxgo-cmt1-acessonline.bkb.rnp.br;lango-go.bkb.rnp.br;No-Hostname;monipe-go-atraso.rnp.br
1749528329,2025-06-10 01:05:29,No-Hostname;No-Hostname;mxac-bac1.bkb.rnp.br;mxro-mxac-3g-allo.bkb.rnp.br;cmt1-mxro-infobarra.bkb.rnp.br;mxgo-cmt1-acessonline.bkb.rnp.br;lango-go.bkb.rnp.br;No-Hostname;monipe-go-atraso.rnp.br
1749528526,2025-06-10 01:08:46,No-Hostname;No-Hostname;mxac-bac1.bkb.rnp.br;mxro-mxac-3g-allo.bkb.rnp.br;cmt1-mxro-infobarra.bkb.rnp.br;mxgo-cmt1-acessonline.bkb.rnp.br;lango-go.bkb.rnp.br;No-Hostname;monipe-go-atraso.rnp.br
1749530351,2025-06-10 01:39:11,No-Hostname;No-Hostname;mxac-bac1.bkb.rnp.br;ro-ac-oi.bkb.rnp.br;cmt1-mxro-infobarra.bkb.rnp.br;mxgo-cmt1-acessonline.bkb.rnp.br;lango-go.bkb.rnp.br;No-Hostname;monipe-go-atraso.rnp.br
1749532911,2025-06-10 02:21:51,No-Hostname;No-Hostname;mxac-bac1.bkb.rnp.br;ro-ac-oi.bkb.rnp.br;cmt1-mxro-infobarra.bkb.rnp.br;mxgo-cmt1-acessonline.bkb.rnp.br;lango-go.bkb.rnp.br;No-Hostname;monipe-go-atraso.rnp.br
1749534677,2025-06-10 02:51:17,No-Hostname;No-Hostname;mxac-bac1.bkb.rnp.br;mxro-mxac-3g-allo.bkb.rnp.br;cmt1-mxro-infobarra.bkb.rnp.br;mxgo-cmt1-acessonline.bkb.rnp.br;lango-go.bkb.rnp.br;No-Hostname;monipe-go-atraso.rnp.br
1749535490,2025-06-10 03:04:50,No-Hostname;No-Hostname;mxac-bac1.bkb.rnp.br;mxro-mxac-3g-allo.bkb.rnp.br;cmt1-mxro-infobarra.bkb.rnp.br;mxgo-cmt1-acessonline.bkb.rnp.br;lango-go.bkb.rnp.br;No-Hostname;monipe-go-atraso.rnp.br
1749535715,2025-06-10 03:08:35,No-Hostname;No-Hostname;mxac-bac1.bkb.rnp.br;mxro-mxac-3g-allo.bkb.rnp.br;cmt1-mxro-infobarra.bkb.rnp.br;mxgo-cmt1-acessonline.bkb.rnp.br;lango-go.bkb.rnp.br;No-Hostname;monipe-go-atraso.rnp.br
1749536332,2025-06-10 03:18:52,No-Hostname;No-Hostname;mxac-bac1.bkb.rnp.br;mxro-mxac-3g-allo.bkb.rnp.br;cmt1-mxro-infobarra.bkb.rnp.br;mxgo-cmt1-acessonline.bkb.rnp.br;lango-go.bkb.rnp.br;No-Hostname;monipe-go-atraso.rnp.br
1749537255,2025-06-10 03:34:15,No-Hostname;No-Hostname;mxac-bac1.bkb.rnp.br;mxro-mxac-3g-allo.bkb.rnp.br;cmt1-mxro-infobarra.bkb.rnp.br;mxgo-cmt1-acessonline.bkb.rnp.br;lango-go.bkb.rnp.br;No-Hostname;monipe-go-atraso.rnp.br
1749537661,2025-06-10 03:41:01,No-Hostname;No-Hostname;mxac-bac1.bkb.rnp.br;mxro-mxac-3g-allo.bkb.rnp.br;cmt1-mxro-infobarra.bkb.rnp.br;mxgo-cmt1-acessonline.bkb.rnp.br;lango-go.bkb.rnp.br;No-Hostname;monipe-go-atraso.rnp.br
1749538131,2025-06-10 03:48:51,No-Hostname;No-Hostname;mxac-bac1.bkb.rnp.br;mxro-mxac-3g-allo.bkb.rnp.br;cmt1-mxro-infobarra.bkb.rnp.br;mxgo-cmt1-acessonline.bkb.rnp.br;lango-go.bkb.rnp.br;No-Hostname;monipe-go-atraso.rnp.br
1749538920,2025-06-10 04:02:00,No-Hostname;No-Hostname;mxac-bac1.bkb.rnp.br;mxro-mxac-3g-allo.bkb.rnp.br;cmt1-mxro-infobarra.bkb.rnp.br;mxgo-cmt1-acessonline.bkb.rnp.br;lango-go.bkb.rnp.br;No-Hostname;monipe-go-atraso.rnp.br
1749540136,2025-06-10 04:22:16,No-Hostname;No-Hostname;mxac-bac1.bkb.rnp.br;mxro-mxac-3g-allo.bkb.rnp.br;cmt1-mxro-infobarra.bkb.rnp.br;mxgo-cmt1-acessonline.bkb.rnp.br;lango-go.bkb.rnp.br;No-Hostname;monipe-go-atraso.rnp.br
1749540508,2025-06-10 04:28:28,No-Hostname;No-Hostname;mxac-bac1.bkb.rnp.br;mxro-mxac-3g-allo.bkb.rnp.br;cmt1-mxro-infobarra.bkb.rnp.br;mxgo-cmt1-acessonline.bkb.rnp.br;lango-go.bkb.rnp.br;No-Hostname;monipe-go-atraso.rnp.br
1749541549,2025-06-10 04:45:49,No-Hostname;No-Hostname;mxac-bac1.bkb.rnp.br;mxro-mxac-3g-allo.bkb.rnp.br;cmt1-mxro-infobarra.bkb.rnp.br;mxgo-cmt1-acessonline.bkb.rnp.br;lango-go.bkb.rnp.br;No-Hostname;monipe-go-atraso.rnp.br
1749542006,2025-06-10 04:53:26,No-Hostname;No-Hostname;mxac-bac1.bkb.rnp.br;mxro-mxac-3g-allo.bkb.rnp.br;cmt1-mxro-infobarra.bkb.rnp.br;mxgo-cmt1-acessonline.bkb.rnp.br;lango-go.bkb.rnp.br;No-Hostname;monipe-go-atraso.rnp.br
1749542659,2025-06-10 05:04:19,No-Hostname;No-Hostname;mxac-bac1.bkb.rnp.br;mxro-mxac-3g-allo.bkb.rnp.br;cmt1-mxro-infobarra.bkb.rnp.br;mxgo-cmt1-acessonline.bkb.rnp.br;lango-go.bkb.rnp.br;No-Hostname;monipe-go-atraso.rnp.br
1749543893,2025-06-10 05:24:53,No-Hostname;No-Hostname;mxac-bac1.bkb.rnp.br;mxro-mxac-3g-allo.bkb.rnp.br;cmt1-mxro-infobarra.bkb.rnp.br;mxgo-cmt1-acessonline.bkb.rnp.br;lango-go.bkb.rnp.br;No-Hostname;monipe-go-atraso.rnp.br
1749544477,2025-06-10 05:34:37,No-Hostname;No-Hostname;mxac-bac1.bkb.rnp.br;mxro-mxac-3g-allo.bkb.rnp.br;cmt1-mxro-infobarra.bkb.rnp.br;mxgo-cmt1-acessonline.bkb.rnp.br;lango-go.bkb.rnp.br;No-Hostname;monipe-go-atraso.rnp.br
1749545141,2025-06-10 05:45:41,No-Hostname;No-Hostname;mxac-bac1.bkb.rnp.br;mxro-mxac-3g-allo.bkb.rnp.br;cmt1-mxro-infobarra.bkb.rnp.br;mxgo-cmt1-acessonline.bkb.rnp.br;lango-go.bkb.rnp.br;No-Hostname;monipe-go-atraso.rnp.br
1749545746,2025-06-10 05:55:46,No-Hostname;No-Hostname;mxac-bac1.bkb.rnp.br;mxro-mxac-3g-allo.bkb.rnp.br;cmt1-mxro-infobarra.bkb.rnp.br;mxgo-cmt1-acessonline.bkb.rnp.br;lango-go.bkb.rnp.br;No-Hostname;monipe-go-atraso.rnp.br
1749546229,2025-06-10 06:03:49,No-Hostname;No-Hostname;mxac-bac1.bkb.rnp.br;mxro-mxac-3g-allo.bkb.rnp.br;cmt1-mxro-infobarra.bkb.rnp.br;mxgo-cmt1-acessonline.bkb.rnp.br;lango-go.bkb.rnp.br;No-Hostname;monipe-go-atraso.rnp.br
1749546456,2025-06-10 06:07:36,No-Hostname;No-Hostname;mxac-bac1.bkb.rnp.br;mxro-mxac-3g-allo.bkb.rnp.br;cmt1-mxro-infobarra.bkb.rnp.br;mxgo-cmt1-acessonline.bkb.rnp.br;lango-go.bkb.rnp.br;No-Hostname;monipe-go-atraso.rnp.br
1749547045,2025-06-10 06:17:25,No-Hostname;No-Hostname;mxac-bac1.bkb.rnp.br;ro-ac-oi.bkb.rnp.br;cmt1-mxro-infobarra.bkb.rnp.br;mxgo-cmt1-acessonline.bkb.rnp.br;lango-go.bkb.rnp.br;No-Hostname;monipe-go-atraso.rnp.br
1749548135,2025-06-10 06:35:35,No-Hostname;No-Hostname;mxac-bac1.bkb.rnp.br;ro-ac-oi.bkb.rnp.br;cmt1-mxro-infobarra.bkb.rnp.br;mxgo-cmt1-acessonline.bkb.rnp.br;lango-go.bkb.rnp.br;No-Hostname;monipe-go-atraso.rnp.br
1749549667,2025-06-10 07:01:07,No-Hostname;No-Hostname;mxac-bac1.bkb.rnp.br;mxro-mxac-3g-allo.bkb.rnp.br;cmt1-mxro-infobarra.bkb.rnp.br;mxgo-cmt1-acessonline.bkb.rnp.br;lango-go.bkb.rnp.br;No-Hostname;monipe-go-atraso.rnp.br
1749550087,2025-06-10 07:08:07,No-Hostname;No-Hostname;mxac-bac1.bkb.rnp.br;mxro-mxac-3g-allo.bkb.rnp.br;cmt1-mxro-infobarra.bkb.rnp.br;mxgo-cmt1-acessonline.bkb.rnp.br;lango-go.bkb.rnp.br;No-Hostname;monipe-go-atraso.rnp.br
1749551024,2025-06-10 07:23:44,No-Hostname;No-Hostname;mxac-bac1.bkb.rnp.br;mxro-mxac-3g-allo.bkb.rnp.br;cmt1-mxro-infobarra.bkb.rnp.br;mxgo-cmt1-acessonline.bkb.rnp.br;lango-go.bkb.rnp.br;No-Hostname;monipe-go-atraso.rnp.br
1749551545,2025-06-10 07:32:25,No-Hostname;No-Hostname;mxac-bac1.bkb.rnp.br;mxro-mxac-3g-allo.bkb.rnp.br;cmt1-mxro-infobarra.bkb.rnp.br;mxgo-cmt1-acessonline.bkb.rnp.br;lango-go.bkb.rnp.br;No-Hostname;monipe-go-atraso.rnp.br
1749552827,2025-06-10 07:53:47,No-Hostname;No-Hostname;mxac-bac1.bkb.rnp.br;ro-ac-oi.bkb.rnp.br;cmt1-mxro-infobarra.bkb.rnp.br;mxgo-cmt1-acessonline.bkb.rnp.br;lango-go.bkb.rnp.br;No-Hostname;monipe-go-atraso.rnp.br
1749553303,2025-06-10 08:01:43,No-Hostname;No-Hostname;mxac-bac1.bkb.rnp.br;mxro-mxac-3g-allo.bkb.rnp.br;cmt1-mxro-infobarra.bkb.rnp.br;mxgo-cmt1-acessonline.bkb.rnp.br;lango-go.bkb.rnp.br;No-Hostname;monipe-go-atraso.rnp.br
1749554404,2025-06-10 08:20:04,No-Hostname;No-Hostname;mxac-bac1.bkb.rnp.br;mxro-mxac-3g-allo.bkb.rnp.br;cmt1-mxro-infobarra.bkb.rnp.br;mxgo-cmt1-acessonline.bkb.rnp.br;lango-go.bkb.rnp.br;No-Hostname;monipe-go-atraso.rnp.br
1749555129,2025-06-10 08:32:09,No-Hostname;No-Hostname;mxac-bac1.bkb.rnp.br;mxro-mxac-3g-allo.bkb.rnp.br;cmt1-mxro-infobarra.bkb.rnp.br;mxgo-cmt1-acessonline.bkb.rnp.br;lango-go.bkb.rnp.br;No-Hostname;monipe-go-atraso.rnp.br
1749555435,2025-06-10 08:37:15,No-Hostname;No-Hostname;mxac-bac1.bkb.rnp.br;mxro-mxac-3g-allo.bkb.rnp.br;cmt1-mxro-infobarra.bkb.rnp.br;mxgo-cmt1-acessonline.bkb.rnp.br;lango-go.bkb.rnp.br;No-Hostname;monipe-go-atraso.rnp.br
1749556247,2025-06-10 08:50:47,No-Hostname;No-Hostname;mxac-bac1.bkb.rnp.br;ro-ac-oi.bkb.rnp.br;cmt1-mxro-infobarra.bkb.rnp.br;mxgo-cmt1-acessonline.bkb.rnp.br;lango-go.bkb.rnp.br;No-Hostname;monipe-go-atraso.rnp.br
1749557134,2025-06-10 09:05:34,No-Hostname;No-Hostname;mxac-bac1.bkb.rnp.br;ro-ac-oi.bkb.rnp.br;cmt1-mxro-infobarra.bkb.rnp.br;mxgo-cmt1-acessonline.bkb.rnp.br;lango-go.bkb.rnp.br;No-Hostname;monipe-go-atraso.rnp.br
1749557528,2025-06-10 09:12:08,No-Hostname;No-Hostname;mxac-bac1.bkb.rnp.br;ro-ac-oi.bkb.rnp.br;cmt1-mxro-infobarra.bkb.rnp.br;mxgo-cmt1-acessonline.bkb.rnp.br;lango-go.bkb.rnp.br;No-Hostname;monipe-go-atraso.rnp.br
1749558258,2025-06-10 09:24:18,No-Hostname;No-Hostname;mxac-bac1.bkb.rnp.br;ro-ac-oi.bkb.rnp.br;cmt1-mxro-infobarra.bkb.rnp.br;mxgo-cmt1-acessonline.bkb.rnp.br;lango-go.bkb.rnp.br;No-Hostname;monipe-go-atraso.rnp.br
1749558914,2025-06-10 09:35:14,No-Hostname;No-Hostname;mxac-bac1.bkb.rnp.br;ro-ac-oi.bkb.rnp.br;cmt1-mxro-infobarra.bkb.rnp.br;mxgo-cmt1-acessonline.bkb.rnp.br;lango-go.bkb.rnp.br;No-Hostname;monipe-go-atraso.rnp.br
1749559411,2025-06-10 09:43:31,No-Hostname;No-Hostname;mxac-bac1.bkb.rnp.br;ro-ac-oi.bkb.rnp.br;cmt1-mxro-infobarra.bkb.rnp.br;mxgo-cmt1-acessonline.bkb.rnp.br;lango-go.bkb.rnp.br;No-Hostname;monipe-go-atraso.rnp.br
1749560055,2025-06-10 09:54:15,No-Hostname;No-Hostname;mxac-bac1.bkb.rnp.br;mxro-mxac-3g-allo.bkb.rnp.br;cmt1-mxro-infobarra.bkb.rnp.br;mxgo-cmt1-acessonline.bkb.rnp.br;lango-go.bkb.rnp.br;No-Hostname;monipe-go-atraso.rnp.br
1749560452,2025-06-10 10:00:52,No-Hostname;No-Hostname;mxac-bac1.bkb.rnp.br;mxro-mxac-3g-allo.bkb.rnp.br;cmt1-mxro-infobarra.bkb.rnp.br;mxgo-cmt1-acessonline.bkb.rnp.br;lango-go.bkb.rnp.br;No-Hostname;monipe-go-atraso.rnp.br
1749561804,2025-06-10 10:23:24,No-Hostname;No-Hostname;mxac-bac1.bkb.rnp.br;mxro-mxac-3g-allo.bkb.rnp.br;cmt1-mxro-infobarra.bkb.rnp.br;mxgo-cmt1-acessonline.bkb.rnp.br;lango-go.bkb.rnp.br;No-Hostname;monipe-go-atraso.rnp.br
1749562795,2025-06-10 10:39:55,No-Hostname;No-Hostname;mxac-bac1.bkb.rnp.br;mxro-mxac-3g-allo.bkb.rnp.br;cmt1-mxro-infobarra.bkb.rnp.br;mxgo-cmt1-acessonline.bkb.rnp.br;lango-go.bkb.rnp.br;No-Hostname;monipe-go-atraso.rnp.br
1749564637,2025-06-10 11:10:37,No-Hostname;No-Hostname;mxac-bac1.bkb.rnp.br;ro-ac-oi.bkb.rnp.br;cmt1-mxro-infobarra.bkb.rnp.br;mxgo-cmt1-acessonline.bkb.rnp.br;lango-go.bkb.rnp.br;No-Hostname;monipe-go-atraso.rnp.br
1749565365,2025-06-10 11:22:45,No-Hostname;No-Hostname;mxac-bac1.bkb.rnp.br;mxro-mxac-3g-allo.bkb.rnp.br;cmt1-mxro-infobarra.bkb.rnp.br;mxgo-cmt1-acessonline.bkb.rnp.br;No-Hostname;No-Hostname;monipe-go-atraso.rnp.br
1749566033,2025-06-10 11:33:53,No-Hostname;No-Hostname;mxac-bac1.bkb.rnp.br;csp2-mxac-3g-allo.bkb.rnp.br;cmg2-csp2-infobarra.bkb.rnp.br;cdf1-cmg1-mobiwire.bkb.rnp.br;mxgo-cdf1-brdigital.bkb.rnp.br;lango-go.bkb.rnp.br;No-Hostname;monipe-go-atraso.rnp.br
1749566756,2025-06-10 11:45:56,No-Hostname;No-Hostname;mxac-bac1.bkb.rnp.br;mxro-mxac-3g-allo.bkb.rnp.br;cmt1-mxro-infobarra.bkb.rnp.br;mxgo-cmt1-acessonline.bkb.rnp.br;lango-go.bkb.rnp.br;No-Hostname;monipe-go-atraso.rnp.br
1749567545,2025-06-10 11:59:05,No-Hostname;No-Hostname;mxac-bac1.bkb.rnp.br;mxro-mxac-3g-allo.bkb.rnp.br;cmt1-mxro-infobarra.bkb.rnp.br;mxgo-cmt1-acessonline.bkb.rnp.br;lango-go.bkb.rnp.br;No-Hostname;monipe-go-atraso.rnp.br
1749568221,2025-06-10 12:10:21,No-Hostname;No-Hostname;mxac-bac1.bkb.rnp.br;No-Hostname;cmt1-mxro-infobarra.bkb.rnp.br;No-Hostname;lango-go.bkb.rnp.br;No-Hostname;monipe-go-atraso.rnp.br
1749569007,2025-06-10 12:23:27,No-Hostname;No-Hostname;mxac-bac1.bkb.rnp.br;mxro-mxac-3g-allo.bkb.rnp.br;cmt1-mxro-infobarra.bkb.rnp.br;mxgo-cmt1-acessonline.bkb.rnp.br;lango-go.bkb.rnp.br;No-Hostname;monipe-go-atraso.rnp.br
1749569616,2025-06-10 12:33:36,No-Hostname;No-Hostname;mxac-bac1.bkb.rnp.br;mxro-mxac-3g-allo.bkb.rnp.br;cmt1-mxro-infobarra.bkb.rnp.br;mxgo-cmt1-acessonline.bkb.rnp.br;lango-go.bkb.rnp.br;No-Hostname;monipe-go-atraso.rnp.br
1749570328,2025-06-10 12:45:28,No-Hostname;No-Hostname;mxac-bac1.bkb.rnp.br;mxro-mxac-3g-allo.bkb.rnp.br;cmt1-mxro-infobarra.bkb.rnp.br;mxgo-cmt1-acessonline.bkb.rnp.br;lango-go.bkb.rnp.br;No-Hostname;monipe-go-atraso.rnp.br
1749570628,2025-06-10 12:50:28,No-Hostname;No-Hostname;mxac-bac1.bkb.rnp.br;mxro-mxac-3g-allo.bkb.rnp.br;cmt1-mxro-infobarra.bkb.rnp.br;mxgo-cmt1-acessonline.bkb.rnp.br;lango-go.bkb.rnp.br;No-Hostname;monipe-go-atraso.rnp.br
1749571196,2025-06-10 12:59:56,No-Hostname;No-Hostname;mxac-bac1.bkb.rnp.br;mxro-mxac-3g-allo.bkb.rnp.br;cmt1-mxro-infobarra.bkb.rnp.br;mxgo-cmt1-acessonline.bkb.rnp.br;lango-go.bkb.rnp.br;No-Hostname;monipe-go-atraso.rnp.br
1749571710,2025-06-10 13:08:30,No-Hostname;No-Hostname;mxac-bac1.bkb.rnp.br;mxro-mxac-3g-allo.bkb.rnp.br;cmt1-mxro-infobarra.bkb.rnp.br;mxgo-cmt1-acessonline.bkb.rnp.br;lango-go.bkb.rnp.br;No-Hostname;monipe-go-atraso.rnp.br
1749572357,2025-06-10 13:19:17,No-Hostname;No-Hostname;mxac-bac1.bkb.rnp.br;mxro-mxac-3g-allo.bkb.rnp.br;cmt1-mxro-infobarra.bkb.rnp.br;mxgo-cmt1-acessonline.bkb.rnp.br;lango-go.bkb.rnp.br;No-Hostname;monipe-go-atraso.rnp.br
1749572831,2025-06-10 13:27:11,No-Hostname;No-Hostname;mxac-bac1.bkb.rnp.br;mxro-mxac-3g-allo.bkb.rnp.br;cmt1-mxro-infobarra.bkb.rnp.br;mxgo-cmt1-acessonline.bkb.rnp.br;lango-go.bkb.rnp.br;No-Hostname;monipe-go-atraso.rnp.br
1749573615,2025-06-10 13:40:15,No-Hostname;No-Hostname;mxac-bac1.bkb.rnp.br;mxro-mxac-3g-allo.bkb.rnp.br;cmt1-mxro-infobarra.bkb.rnp.br;mxgo-cmt1-acessonline.bkb.rnp.br;lango-go.bkb.rnp.br;No-Hostname;monipe-go-atraso.rnp.br
1749574425,2025-06-10 13:53:45,No-Hostname;No-Hostname;mxac-bac1.bkb.rnp.br;mxro-mxac-3g-allo.bkb.rnp.br;cmt1-mxro-infobarra.bkb.rnp.br;mxgo-cmt1-acessonline.bkb.rnp.br;lango-go.bkb.rnp.br;No-Hostname;monipe-go-atraso.rnp.br
1749575019,2025-06-10 14:03:39,No-Hostname;No-Hostname;mxac-bac1.bkb.rnp.br;mxro-mxac-3g-allo.bkb.rnp.br;cmt1-mxro-infobarra.bkb.rnp.br;mxgo-cmt1-acessonline.bkb.rnp.br;lango-go.bkb.rnp.br;No-Hostname;monipe-go-atraso.rnp.br
1749575675,2025-06-10 14:14:35,No-Hostname;No-Hostname;mxac-bac1.bkb.rnp.br;mxro-mxac-3g-allo.bkb.rnp.br;cmt1-mxro-infobarra.bkb.rnp.br;mxgo-cmt1-acessonline.bkb.rnp.br;lango-go.bkb.rnp.br;No-Hostname;monipe-go-atraso.rnp.br
1749576919,2025-06-10 14:35:19,No-Hostname;No-Hostname;mxac-bac1.bkb.rnp.br;csp2-mxac-3g-allo.bkb.rnp.br;csp1-csp2-100g-via-sp2.bkb.rnp.br;cpr1-csp1-100g-brdigital.bkb.rnp.br;mxms-cpr1-acessoline.bkb.rnp.br;mxgo-mxms-brdigital.bkb.rnp.br;lango-go.bkb.rnp.br;No-Hostname;monipe-go-atraso.rnp.br
1749577285,2025-06-10 14:41:25,No-Hostname;No-Hostname;mxac-bac1.bkb.rnp.br;csp2-mxac-3g-allo.bkb.rnp.br;csp1-csp2-100g-via-sp2.bkb.rnp.br;cpr1-csp1-100g-brdigital.bkb.rnp.br;mxms-cpr1-acessoline.bkb.rnp.br;mxgo-mxms-brdigital.bkb.rnp.br;lango-go.bkb.rnp.br;No-Hostname;monipe-go-atraso.rnp.br
1749577949,2025-06-10 14:52:29,No-Hostname;No-Hostname;mxac-bac1.bkb.rnp.br;mxro-mxac-3g-allo.bkb.rnp.br;cmt1-mxro-infobarra.bkb.rnp.br;mxgo-cmt1-acessonline.bkb.rnp.br;lango-go.bkb.rnp.br;No-Hostname;monipe-go-atraso.rnp.br
1749578360,2025-06-10 14:59:20,No-Hostname;No-Hostname;mxac-bac1.bkb.rnp.br;mxro-mxac-3g-allo.bkb.rnp.br;cmt1-mxro-infobarra.bkb.rnp.br;mxgo-cmt1-acessonline.bkb.rnp.br;lango-go.bkb.rnp.br;No-Hostname;monipe-go-atraso.rnp.br
1749579260,2025-06-10 15:14:20,No-Hostname;No-Hostname;mxac-bac1.bkb.rnp.br;mxro-mxac-3g-allo.bkb.rnp.br;cmt1-mxro-infobarra.bkb.rnp.br;mxgo-cmt1-acessonline.bkb.rnp.br;lango-go.bkb.rnp.br;No-Hostname;monipe-go-atraso.rnp.br
1749579825,2025-06-10 15:23:45,No-Hostname;No-Hostname;mxac-bac1.bkb.rnp.br;csp2-mxac-3g-allo.bkb.rnp.br;cmg2-csp2-infobarra.bkb.rnp.br;cdf1-cmg1-mobiwire.bkb.rnp.br;mxgo-cdf1-brdigital.bkb.rnp.br;lango-go.bkb.rnp.br;No-Hostname;monipe-go-atraso.rnp.br
1749580489,2025-06-10 15:34:49,No-Hostname;No-Hostname;mxac-bac1.bkb.rnp.br;csp2-mxac-3g-allo.bkb.rnp.br;cmg2-csp2-infobarra.bkb.rnp.br;cdf1-cmg1-mobiwire.bkb.rnp.br;mxgo-cdf1-brdigital.bkb.rnp.br;lango-go.bkb.rnp.br;No-Hostname;monipe-go-atraso.rnp.br
1749581126,2025-06-10 15:45:26,No-Hostname;No-Hostname;mxac-bac1.bkb.rnp.br;csp2-mxac-3g-allo.bkb.rnp.br;cmg2-csp2-infobarra.bkb.rnp.br;cdf1-cmg1-mobiwire.bkb.rnp.br;mxgo-cdf1-brdigital.bkb.rnp.br;lango-go.bkb.rnp.br;No-Hostname;monipe-go-atraso.rnp.br
1749581677,2025-06-10 15:54:37,No-Hostname;No-Hostname;mxac-bac1.bkb.rnp.br;csp2-mxac-3g-allo.bkb.rnp.br;cmg2-csp2-infobarra.bkb.rnp.br;cdf1-cmg1-mobiwire.bkb.rnp.br;mxgo-cdf1-brdigital.bkb.rnp.br;lango-go.bkb.rnp.br;No-Hostname;monipe-go-atraso.rnp.br
1749582199,2025-06-10 16:03:19,No-Hostname;No-Hostname;mxac-bac1.bkb.rnp.br;csp2-mxac-3g-allo.bkb.rnp.br;cmg2-csp2-infobarra.bkb.rnp.br;cdf1-cmg1-mobiwire.bkb.rnp.br;mxgo-cdf1-brdigital.bkb.rnp.br;lango-go.bkb.rnp.br;No-Hostname;monipe-go-atraso.rnp.br
1749582626,2025-06-10 16:10:26,No-Hostname;No-Hostname;mxac-bac1.bkb.rnp.br;csp2-mxac-3g-allo.bkb.rnp.br;cmg2-csp2-infobarra.bkb.rnp.br;cdf1-cmg1-mobiwire.bkb.rnp.br;mxgo-cdf1-brdigital.bkb.rnp.br;lango-go.bkb.rnp.br;No-Hostname;monipe-go-atraso.rnp.br
1749583103,2025-06-10 16:18:23,No-Hostname;No-Hostname;mxac-bac1.bkb.rnp.br;csp2-mxac-3g-allo.bkb.rnp.br;cmg2-csp2-infobarra.bkb.rnp.br;cdf1-cmg1-mobiwire.bkb.rnp.br;mxgo-cdf1-brdigital.bkb.rnp.br;lango-go.bkb.rnp.br;No-Hostname;monipe-go-atraso.rnp.br
1749584157,2025-06-10 16:35:57,No-Hostname;No-Hostname;mxac-bac1.bkb.rnp.br;csp2-mxac-3g-allo.bkb.rnp.br;csp1-csp2.bkb.rnp.br;cpr1-csp1-100g-brdigital.bkb.rnp.br;mxms-cpr1-acessoline.bkb.rnp.br;mxgo-mxms-brdigital.bkb.rnp.br;lango-go.bkb.rnp.br;No-Hostname;monipe-go-atraso.rnp.br
1749584438,2025-06-10 16:40:38,No-Hostname;No-Hostname;mxac-bac1.bkb.rnp.br;csp2-mxac-3g-allo.bkb.rnp.br;csp1-csp2.bkb.rnp.br;cpr1-csp1-100g-brdigital.bkb.rnp.br;mxms-cpr1-acessoline.bkb.rnp.br;mxgo-mxms-brdigital.bkb.rnp.br;lango-go.bkb.rnp.br;No-Hostname;monipe-go-atraso.rnp.br
1749585927,2025-06-10 17:05:27,No-Hostname;No-Hostname;mxac-bac1.bkb.rnp.br;mxro-mxac-3g-allo.bkb.rnp.br;cmt1-mxro-infobarra.bkb.rnp.br;mxgo-cmt1-acessonline.bkb.rnp.br;lango-go.bkb.rnp.br;No-Hostname;monipe-go-atraso.rnp.br
1749586547,2025-06-10 17:15:47,No-Hostname;No-Hostname;mxac-bac1.bkb.rnp.br;mxro-mxac-3g-allo.bkb.rnp.br;cmt1-mxro-infobarra.bkb.rnp.br;mxgo-cmt1-acessonline.bkb.rnp.br;lango-go.bkb.rnp.br;No-Hostname;monipe-go-atraso.rnp.br
1749587088,2025-06-10 17:24:48,No-Hostname;No-Hostname;mxac-bac1.bkb.rnp.br;mxro-mxac-3g-allo.bkb.rnp.br;cmt1-mxro-infobarra.bkb.rnp.br;mxgo-cmt1-acessonline.bkb.rnp.br;lango-go.bkb.rnp.br;No-Hostname;monipe-go-atraso.rnp.br
1749587630,2025-06-10 17:33:50,No-Hostname;No-Hostname;mxac-bac1.bkb.rnp.br;mxro-mxac-3g-allo.bkb.rnp.br;cmt1-mxro-infobarra.bkb.rnp.br;mxgo-cmt1-acessonline.bkb.rnp.br;lango-go.bkb.rnp.br;No-Hostname;monipe-go-atraso.rnp.br
1749587964,2025-06-10 17:39:24,No-Hostname;No-Hostname;mxac-bac1.bkb.rnp.br;mxro-mxac-3g-allo.bkb.rnp.br;cmt1-mxro-infobarra.bkb.rnp.br;mxgo-cmt1-acessonline.bkb.rnp.br;lango-go.bkb.rnp.br;No-Hostname;monipe-go-atraso.rnp.br
1749588949,2025-06-10 17:55:49,No-Hostname;No-Hostname;mxac-bac1.bkb.rnp.br;mxro-mxac-3g-allo.bkb.rnp.br;cmt1-mxro-infobarra.bkb.rnp.br;mxgo-cmt1-acessonline.bkb.rnp.br;lango-go.bkb.rnp.br;No-Hostname;monipe-go-atraso.rnp.br
1749589533,2025-06-10 18:05:33,No-Hostname;No-Hostname;mxac-bac1.bkb.rnp.br;mxro-mxac-3g-allo.bkb.rnp.br;cmt1-mxro-infobarra.bkb.rnp.br;mxgo-cmt1-acessonline.bkb.rnp.br;lango-go.bkb.rnp.br;No-Hostname;monipe-go-atraso.rnp.br
1749589823,2025-06-10 18:10:23,No-Hostname;No-Hostname;mxac-bac1.bkb.rnp.br;mxro-mxac-3g-allo.bkb.rnp.br;cmt1-mxro-infobarra.bkb.rnp.br;mxgo-cmt1-acessonline.bkb.rnp.br;lango-go.bkb.rnp.br;No-Hostname;monipe-go-atraso.rnp.br
1749590313,2025-06-10 18:18:33,No-Hostname;No-Hostname;mxac-bac1.bkb.rnp.br;mxro-mxac-3g-allo.bkb.rnp.br;cmt1-mxro-infobarra.bkb.rnp.br;mxgo-cmt1-acessonline.bkb.rnp.br;lango-go.bkb.rnp.br;No-Hostname;monipe-go-atraso.rnp.br
1749591272,2025-06-10 18:34:32,No-Hostname;No-Hostname;mxac-bac1.bkb.rnp.br;mxro-mxac-3g-allo.bkb.rnp.br;cmt1-mxro-infobarra.bkb.rnp.br;mxgo-cmt1-acessonline.bkb.rnp.br;lango-go.bkb.rnp.br;No-Hostname;monipe-go-atraso.rnp.br
1749591514,2025-06-10 18:38:34,No-Hostname;No-Hostname;mxac-bac1.bkb.rnp.br;mxro-mxac-3g-allo.bkb.rnp.br;cmt1-mxro-infobarra.bkb.rnp.br;mxgo-cmt1-acessonline.bkb.rnp.br;lango-go.bkb.rnp.br;No-Hostname;monipe-go-atraso.rnp.br
1749592202,2025-06-10 18:50:02,No-Hostname;No-Hostname;mxac-bac1.bkb.rnp.br;mxro-mxac-3g-allo.bkb.rnp.br;cmt1-mxro-infobarra.bkb.rnp.br;mxgo-cmt1-acessonline.bkb.rnp.br;lango-go.bkb.rnp.br;No-Hostname;monipe-go-atraso.rnp.br
1749592878,2025-06-10 19:01:18,No-Hostname;No-Hostname;mxac-bac1.bkb.rnp.br;mxro-mxac-3g-allo.bkb.rnp.br;cmt1-mxro-infobarra.bkb.rnp.br;mxgo-cmt1-acessonline.bkb.rnp.br;lango-go.bkb.rnp.br;No-Hostname;monipe-go-atraso.rnp.br
1749593383,2025-06-10 19:09:43,No-Hostname;No-Hostname;mxac-bac1.bkb.rnp.br;mxro-mxac-3g-allo.bkb.rnp.br;cmt1-mxro-infobarra.bkb.rnp.br;mxgo-cmt1-acessonline.bkb.rnp.br;lango-go.bkb.rnp.br;No-Hostname;monipe-go-atraso.rnp.br
1749594343,2025-06-10 19:25:43,No-Hostname;No-Hostname;mxac-bac1.bkb.rnp.br;mxro-mxac-3g-allo.bkb.rnp.br;cmt1-mxro-infobarra.bkb.rnp.br;mxgo-cmt1-acessonline.bkb.rnp.br;lango-go.bkb.rnp.br;No-Hostname;monipe-go-atraso.rnp.br
1749594952,2025-06-10 19:35:52,No-Hostname;No-Hostname;mxac-bac1.bkb.rnp.br;mxro-mxac-3g-allo.bkb.rnp.br;cmt1-mxro-infobarra.bkb.rnp.br;mxgo-cmt1-acessonline.bkb.rnp.br;lango-go.bkb.rnp.br;No-Hostname;monipe-go-atraso.rnp.br
1749595188,2025-06-10 19:39:48,No-Hostname;No-Hostname;mxac-bac1.bkb.rnp.br;mxro-mxac-3g-allo.bkb.rnp.br;cmt1-mxro-infobarra.bkb.rnp.br;mxgo-cmt1-acessonline.bkb.rnp.br;lango-go.bkb.rnp.br;No-Hostname;monipe-go-atraso.rnp.br
1749596342,2025-06-10 19:59:02,No-Hostname;No-Hostname;mxac-bac1.bkb.rnp.br;mxro-mxac-3g-allo.bkb.rnp.br;cmt1-mxro-infobarra.bkb.rnp.br;mxgo-cmt1-acessonline.bkb.rnp.br;lango-go.bkb.rnp.br;No-Hostname;monipe-go-atraso.rnp.br
1749597187,2025-06-10 20:13:07,No-Hostname;No-Hostname;mxac-bac1.bkb.rnp.br;mxro-mxac-3g-allo.bkb.rnp.br;cmt1-mxro-infobarra.bkb.rnp.br;mxgo-cmt1-acessonline.bkb.rnp.br;lango-go.bkb.rnp.br;No-Hostname;monipe-go-atraso.rnp.br
1749597713,2025-06-10 20:21:53,No-Hostname;No-Hostname;mxac-bac1.bkb.rnp.br;mxro-mxac-3g-allo.bkb.rnp.br;cmt1-mxro-infobarra.bkb.rnp.br;mxgo-cmt1-acessonline.bkb.rnp.br;lango-go.bkb.rnp.br;No-Hostname;monipe-go-atraso.rnp.br
1749598124,2025-06-10 20:28:44,No-Hostname;No-Hostname;mxac-bac1.bkb.rnp.br;mxro-mxac-3g-allo.bkb.rnp.br;cmt1-mxro-infobarra.bkb.rnp.br;mxgo-cmt1-acessonline.bkb.rnp.br;lango-go.bkb.rnp.br;No-Hostname;monipe-go-atraso.rnp.br
1749598910,2025-06-10 20:41:50,No-Hostname;No-Hostname;mxac-bac1.bkb.rnp.br;mxro-mxac-3g-allo.bkb.rnp.br;cmt1-mxro-infobarra.bkb.rnp.br;mxgo-cmt1-acessonline.bkb.rnp.br;lango-go.bkb.rnp.br;No-Hostname;monipe-go-atraso.rnp.br
1749599515,2025-06-10 20:51:55,No-Hostname;No-Hostname;mxac-bac1.bkb.rnp.br;mxro-mxac-3g-allo.bkb.rnp.br;cmt1-mxro-infobarra.bkb.rnp.br;mxgo-cmt1-acessonline.bkb.rnp.br;lango-go.bkb.rnp.br;No-Hostname;monipe-go-atraso.rnp.br
1749600049,2025-06-10 21:00:49,No-Hostname;No-Hostname;mxac-bac1.bkb.rnp.br;mxro-mxac-3g-allo.bkb.rnp.br;cmt1-mxro-infobarra.bkb.rnp.br;mxgo-cmt1-acessonline.bkb.rnp.br;lango-go.bkb.rnp.br;No-Hostname;monipe-go-atraso.rnp.br
1749600748,2025-06-10 21:12:28,No-Hostname;No-Hostname;mxac-bac1.bkb.rnp.br;mxro-mxac-3g-allo.bkb.rnp.br;cmt1-mxro-infobarra.bkb.rnp.br;mxgo-cmt1-acessonline.bkb.rnp.br;lango-go.bkb.rnp.br;No-Hostname;monipe-go-atraso.rnp.br
1749601305,2025-06-10 21:21:45,No-Hostname;No-Hostname;mxac-bac1.bkb.rnp.br;mxro-mxac-3g-allo.bkb.rnp.br;cmt1-mxro-infobarra.bkb.rnp.br;mxgo-cmt1-acessonline.bkb.rnp.br;lango-go.bkb.rnp.br;No-Hostname;monipe-go-atraso.rnp.br
1749601753,2025-06-10 21:29:13,No-Hostname;No-Hostname;mxac-bac1.bkb.rnp.br;mxro-mxac-3g-allo.bkb.rnp.br;cmt1-mxro-infobarra.bkb.rnp.br;mxgo-cmt1-acessonline.bkb.rnp.br;lango-go.bkb.rnp.br;No-Hostname;monipe-go-atraso.rnp.br
1749602521,2025-06-10 21:42:01,No-Hostname;No-Hostname;mxac-bac1.bkb.rnp.br;mxro-mxac-3g-allo.bkb.rnp.br;cmt1-mxro-infobarra.bkb.rnp.br;mxgo-cmt1-acessonline.bkb.rnp.br;lango-go.bkb.rnp.br;No-Hostname;monipe-go-atraso.rnp.br
1749602864,2025-06-10 21:47:44,No-Hostname;No-Hostname;mxac-bac1.bkb.rnp.br;mxro-mxac-3g-allo.bkb.rnp.br;cmt1-mxro-infobarra.bkb.rnp.br;mxgo-cmt1-acessonline.bkb.rnp.br;lango-go.bkb.rnp.br;No-Hostname;monipe-go-atraso.rnp.br
1749603451,2025-06-10 21:57:31,No-Hostname;No-Hostname;mxac-bac1.bkb.rnp.br;mxro-mxac-3g-allo.bkb.rnp.br;cmt1-mxro-infobarra.bkb.rnp.br;mxgo-cmt1-acessonline.bkb.rnp.br;lango-go.bkb.rnp.br;No-Hostname;monipe-go-atraso.rnp.br
1749604533,2025-06-10 22:15:33,No-Hostname;No-Hostname;mxac-bac1.bkb.rnp.br;mxro-mxac-3g-allo.bkb.rnp.br;cmt1-mxro-infobarra.bkb.rnp.br;mxgo-cmt1-acessonline.bkb.rnp.br;lango-go.bkb.rnp.br;No-Hostname;monipe-go-atraso.rnp.br
1749605704,2025-06-10 22:35:04,No-Hostname;No-Hostname;mxac-bac1.bkb.rnp.br;mxro-mxac-3g-allo.bkb.rnp.br;cmt1-mxro-infobarra.bkb.rnp.br;mxgo-cmt1-acessonline.bkb.rnp.br;lango-go.bkb.rnp.br;No-Hostname;monipe-go-atraso.rnp.br
1749606267,2025-06-10 22:44:27,No-Hostname;No-Hostname;mxac-bac1.bkb.rnp.br;mxro-mxac-3g-allo.bkb.rnp.br;cmt1-mxro-infobarra.bkb.rnp.br;mxgo-cmt1-acessonline.bkb.rnp.br;lango-go.bkb.rnp.br;No-Hostname;monipe-go-atraso.rnp.br
1749606697,2025-06-10 22:51:37,No-Hostname;No-Hostname;mxac-bac1.bkb.rnp.br;mxro-mxac-3g-allo.bkb.rnp.br;cmt1-mxro-infobarra.bkb.rnp.br;mxgo-cmt1-acessonline.bkb.rnp.br;lango-go.bkb.rnp.br;No-Hostname;monipe-go-atraso.rnp.br
1749607227,2025-06-10 23:00:27,No-Hostname;No-Hostname;mxac-bac1.bkb.rnp.br;mxro-mxac-3g-allo.bkb.rnp.br;cmt1-mxro-infobarra.bkb.rnp.br;mxgo-cmt1-acessonline.bkb.rnp.br;lango-go.bkb.rnp.br;No-Hostname;monipe-go-atraso.rnp.br
1749607714,2025-06-10 23:08:34,No-Hostname;No-Hostname;mxac-bac1.bkb.rnp.br;mxro-mxac-3g-allo.bkb.rnp.br;cmt1-mxro-infobarra.bkb.rnp.br;mxgo-cmt1-acessonline.bkb.rnp.br;lango-go.bkb.rnp.br;No-Hostname;monipe-go-atraso.rnp.br
1749609580,2025-06-10 23:39:40,No-Hostname;No-Hostname;mxac-bac1.bkb.rnp.br;mxro-mxac-3g-allo.bkb.rnp.br;cmt1-mxro-infobarra.bkb.rnp.br;mxgo-cmt1-acessonline.bkb.rnp.br;lango-go.bkb.rnp.br;No-Hostname;monipe-go-atraso.rnp.br
1749610269,2025-06-10 23:51:09,No-Hostname;No-Hostname;mxac-bac1.bkb.rnp.br;mxro-mxac-3g-allo.bkb.rnp.br;cmt1-mxro-infobarra.bkb.rnp.br;mxgo-cmt1-acessonline.bkb.rnp.br;lango-go.bkb.rnp.br;No-Hostname;monipe-go-atraso.rnp.br
1749610683,2025-06-10 23:58:03,No-Hostname;No-Hostname;mxac-bac1.bkb.rnp.br;mxro-mxac-3g-allo.bkb.rnp.br;cmt1-mxro-infobarra.bkb.rnp.br;mxgo-cmt1-acessonline.bkb.rnp.br;lango-go.bkb.rnp.br;No-Hostname;monipe-go-atraso.rnp.br
1749611517,2025-06-11 00:11:57,No-Hostname;No-Hostname;mxac-bac1.bkb.rnp.br;mxro-mxac-3g-allo.bkb.rnp.br;cmt1-mxro-infobarra.bkb.rnp.br;mxgo-cmt1-acessonline.bkb.rnp.br;lango-go.bkb.rnp.br;No-Hostname;monipe-go-atraso.rnp.br
1749612307,2025-06-11 00:25:07,No-Hostname;No-Hostname;mxac-bac1.bkb.rnp.br;mxro-mxac-3g-allo.bkb.rnp.br;cmt1-mxro-infobarra.bkb.rnp.br;mxgo-cmt1-acessonline.bkb.rnp.br;lango-go.bkb.rnp.br;No-Hostname;monipe-go-atraso.rnp.br
1749612822,2025-06-11 00:33:42,No-Hostname;No-Hostname;mxac-bac1.bkb.rnp.br;mxro-mxac-3g-allo.bkb.rnp.br;cmt1-mxro-infobarra.bkb.rnp.br;mxgo-cmt1-acessonline.bkb.rnp.br;lango-go.bkb.rnp.br;No-Hostname;monipe-go-atraso.rnp.br
1749613535,2025-06-11 00:45:35,No-Hostname;No-Hostname;mxac-bac1.bkb.rnp.br;mxro-mxac-3g-allo.bkb.rnp.br;cmt1-mxro-infobarra.bkb.rnp.br;mxgo-cmt1-acessonline.bkb.rnp.br;lango-go.bkb.rnp.br;No-Hostname;monipe-go-atraso.rnp.br
1749613750,2025-06-11 00:49:10,No-Hostname;No-Hostname;mxac-bac1.bkb.rnp.br;mxro-mxac-3g-allo.bkb.rnp.br;cmt1-mxro-infobarra.bkb.rnp.br;mxgo-cmt1-acessonline.bkb.rnp.br;lango-go.bkb.rnp.br;No-Hostname;monipe-go-atraso.rnp.br
1749614497,2025-06-11 01:01:37,No-Hostname;No-Hostname;mxac-bac1.bkb.rnp.br;mxro-mxac-3g-allo.bkb.rnp.br;cmt1-mxro-infobarra.bkb.rnp.br;mxgo-cmt1-acessonline.bkb.rnp.br;lango-go.bkb.rnp.br;No-Hostname;monipe-go-atraso.rnp.br
1749615318,2025-06-11 01:15:18,No-Hostname;No-Hostname;mxac-bac1.bkb.rnp.br;mxro-mxac-3g-allo.bkb.rnp.br;cmt1-mxro-infobarra.bkb.rnp.br;mxgo-cmt1-acessonline.bkb.rnp.br;lango-go.bkb.rnp.br;No-Hostname;monipe-go-atraso.rnp.br
1749615640,2025-06-11 01:20:40,No-Hostname;No-Hostname;mxac-bac1.bkb.rnp.br;mxro-mxac-3g-allo.bkb.rnp.br;cmt1-mxro-infobarra.bkb.rnp.br;mxgo-cmt1-acessonline.bkb.rnp.br;lango-go.bkb.rnp.br;No-Hostname;monipe-go-atraso.rnp.br
1749616124,2025-06-11 01:28:44,No-Hostname;No-Hostname;mxac-bac1.bkb.rnp.br;mxro-mxac-3g-allo.bkb.rnp.br;cmt1-mxro-infobarra.bkb.rnp.br;No-Hostname;lango-go.bkb.rnp.br;No-Hostname;monipe-go-atraso.rnp.br
1749619047,2025-06-11 02:17:27,No-Hostname;No-Hostname;mxac-bac1.bkb.rnp.br;mxro-mxac-3g-allo.bkb.rnp.br;cmt1-mxro-infobarra.bkb.rnp.br;mxgo-cmt1-acessonline.bkb.rnp.br;lango-go.bkb.rnp.br;No-Hostname;monipe-go-atraso.rnp.br
1749619853,2025-06-11 02:30:53,No-Hostname;No-Hostname;mxac-bac1.bkb.rnp.br;mxro-mxac-3g-allo.bkb.rnp.br;cmt1-mxro-infobarra.bkb.rnp.br;mxms-cmt1-telebras.bkb.rnp.br;mxgo-mxms-brdigital.bkb.rnp.br;lango-go.bkb.rnp.br;No-Hostname;monipe-go-atraso.rnp.br
1749620624,2025-06-11 02:43:44,No-Hostname;No-Hostname;mxac-bac1.bkb.rnp.br;mxro-mxac-3g-allo.bkb.rnp.br;cmt1-mxro-infobarra.bkb.rnp.br;mxms-cmt1-telebras.bkb.rnp.br;mxgo-mxms-brdigital.bkb.rnp.br;lango-go.bkb.rnp.br;No-Hostname;monipe-go-atraso.rnp.br
1749621249,2025-06-11 02:54:09,No-Hostname;No-Hostname;mxac-bac1.bkb.rnp.br;mxro-mxac-3g-allo.bkb.rnp.br;cmt1-mxro-infobarra.bkb.rnp.br;mxgo-cmt1-acessonline.bkb.rnp.br;lango-go.bkb.rnp.br;No-Hostname;monipe-go-atraso.rnp.br
1749621795,2025-06-11 03:03:15,No-Hostname;No-Hostname;mxac-bac1.bkb.rnp.br;mxro-mxac-3g-allo.bkb.rnp.br;cmt1-mxro-infobarra.bkb.rnp.br;mxgo-cmt1-acessonline.bkb.rnp.br;lango-go.bkb.rnp.br;No-Hostname;monipe-go-atraso.rnp.br
1749622302,2025-06-11 03:11:42,No-Hostname;No-Hostname;mxac-bac1.bkb.rnp.br;mxro-mxac-3g-allo.bkb.rnp.br;cmt1-mxro-infobarra.bkb.rnp.br;mxgo-cmt1-acessonline.bkb.rnp.br;lango-go.bkb.rnp.br;No-Hostname;monipe-go-atraso.rnp.br
1749622886,2025-06-11 03:21:26,No-Hostname;No-Hostname;mxac-bac1.bkb.rnp.br;mxro-mxac-3g-allo.bkb.rnp.br;cmt1-mxro-infobarra.bkb.rnp.br;mxgo-cmt1-acessonline.bkb.rnp.br;lango-go.bkb.rnp.br;No-Hostname;monipe-go-atraso.rnp.br
1749623448,2025-06-11 03:30:48,No-Hostname;No-Hostname;mxac-bac1.bkb.rnp.br;mxro-mxac-3g-allo.bkb.rnp.br;cmt1-mxro-infobarra.bkb.rnp.br;mxgo-cmt1-acessonline.bkb.rnp.br;lango-go.bkb.rnp.br;No-Hostname;monipe-go-atraso.rnp.br
1749624872,2025-06-11 03:54:32,No-Hostname;No-Hostname;mxac-bac1.bkb.rnp.br;mxro-mxac-3g-allo.bkb.rnp.br;cmt1-mxro-infobarra.bkb.rnp.br;mxgo-cmt1-acessonline.bkb.rnp.br;lango-go.bkb.rnp.br;No-Hostname;monipe-go-atraso.rnp.br
1749626006,2025-06-11 04:13:26,No-Hostname;No-Hostname;mxac-bac1.bkb.rnp.br;mxro-mxac-3g-allo.bkb.rnp.br;cmt1-mxro-infobarra.bkb.rnp.br;mxms-cmt1-telebras.bkb.rnp.br;mxgo-mxms-brdigital.bkb.rnp.br;lango-go.bkb.rnp.br;No-Hostname;monipe-go-atraso.rnp.br
1749626465,2025-06-11 04:21:05,No-Hostname;No-Hostname;mxac-bac1.bkb.rnp.br;mxro-mxac-3g-allo.bkb.rnp.br;cmt1-mxro-infobarra.bkb.rnp.br;mxms-cmt1-telebras.bkb.rnp.br;mxgo-mxms-brdigital.bkb.rnp.br;lango-go.bkb.rnp.br;No-Hostname;monipe-go-atraso.rnp.br
1749627340,2025-06-11 04:35:40,No-Hostname;No-Hostname;mxac-bac1.bkb.rnp.br;mxro-mxac-3g-allo.bkb.rnp.br;cmt1-mxro-infobarra.bkb.rnp.br;mxms-cmt1-telebras.bkb.rnp.br;mxgo-mxms-brdigital.bkb.rnp.br;lango-go.bkb.rnp.br;No-Hostname;monipe-go-atraso.rnp.br
1749629124,2025-06-11 05:05:24,No-Hostname;No-Hostname;mxac-bac1.bkb.rnp.br;mxro-mxac-3g-allo.bkb.rnp.br;cmt1-mxro-infobarra.bkb.rnp.br;mxms-cmt1-telebras.bkb.rnp.br;mxgo-mxms-brdigital.bkb.rnp.br;lango-go.bkb.rnp.br;No-Hostname;monipe-go-atraso.rnp.br
1749629605,2025-06-11 05:13:25,No-Hostname;No-Hostname;mxac-bac1.bkb.rnp.br;mxro-mxac-3g-allo.bkb.rnp.br;cmt1-mxro-infobarra.bkb.rnp.br;mxms-cmt1-telebras.bkb.rnp.br;mxgo-mxms-brdigital.bkb.rnp.br;lango-go.bkb.rnp.br;No-Hostname;monipe-go-atraso.rnp.br
1749630236,2025-06-11 05:23:56,No-Hostname;No-Hostname;mxac-bac1.bkb.rnp.br;mxro-mxac-3g-allo.bkb.rnp.br;cmt1-mxro-infobarra.bkb.rnp.br;mxgo-cmt1-acessonline.bkb.rnp.br;lango-go.bkb.rnp.br;No-Hostname;monipe-go-atraso.rnp.br
1749630646,2025-06-11 05:30:46,No-Hostname;No-Hostname;mxac-bac1.bkb.rnp.br;mxro-mxac-3g-allo.bkb.rnp.br;cmt1-mxro-infobarra.bkb.rnp.br;mxgo-cmt1-acessonline.bkb.rnp.br;lango-go.bkb.rnp.br;No-Hostname;monipe-go-atraso.rnp.br
1749631129,2025-06-11 05:38:49,No-Hostname;No-Hostname;mxac-bac1.bkb.rnp.br;mxro-mxac-3g-allo.bkb.rnp.br;cmt1-mxro-infobarra.bkb.rnp.br;mxgo-cmt1-acessonline.bkb.rnp.br;lango-go.bkb.rnp.br;No-Hostname;monipe-go-atraso.rnp.br
1749631773,2025-06-11 05:49:33,No-Hostname;No-Hostname;mxac-bac1.bkb.rnp.br;mxro-mxac-3g-allo.bkb.rnp.br;cmt1-mxro-infobarra.bkb.rnp.br;mxgo-cmt1-acessonline.bkb.rnp.br;lango-go.bkb.rnp.br;No-Hostname;monipe-go-atraso.rnp.br
1749632756,2025-06-11 06:05:56,No-Hostname;No-Hostname;mxac-bac1.bkb.rnp.br;mxro-mxac-3g-allo.bkb.rnp.br;cmt1-mxro-infobarra.bkb.rnp.br;mxgo-cmt1-acessonline.bkb.rnp.br;lango-go.bkb.rnp.br;No-Hostname;monipe-go-atraso.rnp.br
1749633244,2025-06-11 06:14:04,No-Hostname;No-Hostname;mxac-bac1.bkb.rnp.br;mxro-mxac-3g-allo.bkb.rnp.br;cmt1-mxro-infobarra.bkb.rnp.br;mxgo-cmt1-acessonline.bkb.rnp.br;lango-go.bkb.rnp.br;No-Hostname;monipe-go-atraso.rnp.br
1749633488,2025-06-11 06:18:08,No-Hostname;No-Hostname;mxac-bac1.bkb.rnp.br;mxro-mxac-3g-allo.bkb.rnp.br;cmt1-mxro-infobarra.bkb.rnp.br;mxgo-cmt1-acessonline.bkb.rnp.br;lango-go.bkb.rnp.br;No-Hostname;monipe-go-atraso.rnp.br
1749634290,2025-06-11 06:31:30,No-Hostname;No-Hostname;mxac-bac1.bkb.rnp.br;mxro-mxac-3g-allo.bkb.rnp.br;cmt1-mxro-infobarra.bkb.rnp.br;mxms-cmt1-telebras.bkb.rnp.br;mxgo-mxms-brdigital.bkb.rnp.br;lango-go.bkb.rnp.br;No-Hostname;monipe-go-atraso.rnp.br
1749635000,2025-06-11 06:43:20,No-Hostname;No-Hostname;mxac-bac1.bkb.rnp.br;mxro-mxac-3g-allo.bkb.rnp.br;cmt1-mxro-infobarra.bkb.rnp.br;mxms-cmt1-telebras.bkb.rnp.br;mxgo-mxms-brdigital.bkb.rnp.br;lango-go.bkb.rnp.br;No-Hostname;monipe-go-atraso.rnp.br
1749635714,2025-06-11 06:55:14,No-Hostname;No-Hostname;mxac-bac1.bkb.rnp.br;mxro-mxac-3g-allo.bkb.rnp.br;cmt1-mxro-infobarra.bkb.rnp.br;mxgo-cmt1-acessonline.bkb.rnp.br;lango-go.bkb.rnp.br;No-Hostname;monipe-go-atraso.rnp.br
1749636068,2025-06-11 07:01:08,No-Hostname;No-Hostname;mxac-bac1.bkb.rnp.br;mxro-mxac-3g-allo.bkb.rnp.br;cmt1-mxro-infobarra.bkb.rnp.br;mxgo-cmt1-acessonline.bkb.rnp.br;lango-go.bkb.rnp.br;No-Hostname;monipe-go-atraso.rnp.br
1749636752,2025-06-11 07:12:32,No-Hostname;No-Hostname;mxac-bac1.bkb.rnp.br;mxro-mxac-3g-allo.bkb.rnp.br;cmt1-mxro-infobarra.bkb.rnp.br;mxgo-cmt1-acessonline.bkb.rnp.br;No-Hostname;No-Hostname;No-Hostname;No-Hostname;No-Hostname;No-Hostname;No-Hostname;No-Hostname;No-Hostname;No-Hostname;No-Hostname;No-Hostname;No-Hostname;No-Hostname;No-Hostname;No-Hostname;No-Hostname;No-Hostname;No-Hostname;No-Hostname;No-Hostname;No-Hostname;No-Hostname;No-Hostname
1749637138,2025-06-11 07:18:58,No-Hostname;No-Hostname;mxac-bac1.bkb.rnp.br;mxro-mxac-3g-allo.bkb.rnp.br;cmt1-mxro-infobarra.bkb.rnp.br;No-Hostname;lango-go.bkb.rnp.br;No-Hostname;monipe-go-atraso.rnp.br
1749637724,2025-06-11 07:28:44,No-Hostname;No-Hostname;mxac-bac1.bkb.rnp.br;mxro-mxac-3g-allo.bkb.rnp.br;cmt1-mxro-infobarra.bkb.rnp.br;mxms-cmt1-telebras.bkb.rnp.br;mxgo-mxms-brdigital.bkb.rnp.br;lango-go.bkb.rnp.br;No-Hostname;monipe-go-atraso.rnp.br
1749638433,2025-06-11 07:40:33,No-Hostname;No-Hostname;mxac-bac1.bkb.rnp.br;mxro-mxac-3g-allo.bkb.rnp.br;cmt1-mxro-infobarra.bkb.rnp.br;mxms-cmt1-telebras.bkb.rnp.br;mxgo-mxms-brdigital.bkb.rnp.br;lango-go.bkb.rnp.br;No-Hostname;monipe-go-atraso.rnp.br
1749639196,2025-06-11 07:53:16,No-Hostname;No-Hostname;mxac-bac1.bkb.rnp.br;mxro-mxac-3g-allo.bkb.rnp.br;cmt1-mxro-infobarra.bkb.rnp.br;mxms-cmt1-telebras.bkb.rnp.br;mxgo-mxms-brdigital.bkb.rnp.br;lango-go.bkb.rnp.br;No-Hostname;monipe-go-atraso.rnp.br
1749639501,2025-06-11 07:58:21,No-Hostname;No-Hostname;mxac-bac1.bkb.rnp.br;mxro-mxac-3g-allo.bkb.rnp.br;cmt1-mxro-infobarra.bkb.rnp.br;mxms-cmt1-telebras.bkb.rnp.br;mxgo-mxms-brdigital.bkb.rnp.br;lango-go.bkb.rnp.br;No-Hostname;monipe-go-atraso.rnp.br
1749640209,2025-06-11 08:10:09,No-Hostname;No-Hostname;mxac-bac1.bkb.rnp.br;mxro-mxac-3g-allo.bkb.rnp.br;cmt1-mxro-infobarra.bkb.rnp.br;mxms-cmt1-telebras.bkb.rnp.br;mxgo-mxms-brdigital.bkb.rnp.br;lango-go.bkb.rnp.br;No-Hostname;monipe-go-atraso.rnp.br
1749641027,2025-06-11 08:23:47,No-Hostname;No-Hostname;mxac-bac1.bkb.rnp.br;mxro-mxac-3g-allo.bkb.rnp.br;cmt1-mxro-infobarra.bkb.rnp.br;mxms-cmt1-telebras.bkb.rnp.br;mxgo-mxms-brdigital.bkb.rnp.br;lango-go.bkb.rnp.br;No-Hostname;monipe-go-atraso.rnp.br
1749641549,2025-06-11 08:32:29,No-Hostname;No-Hostname;mxac-bac1.bkb.rnp.br;mxro-mxac-3g-allo.bkb.rnp.br;cmt1-mxro-infobarra.bkb.rnp.br;mxms-cmt1-telebras.bkb.rnp.br;mxgo-mxms-brdigital.bkb.rnp.br;lango-go.bkb.rnp.br;No-Hostname;monipe-go-atraso.rnp.br
1749642270,2025-06-11 08:44:30,No-Hostname;No-Hostname;mxac-bac1.bkb.rnp.br;mxro-mxac-3g-allo.bkb.rnp.br;cmt1-mxro-infobarra.bkb.rnp.br;mxms-cmt1-telebras.bkb.rnp.br;mxgo-mxms-brdigital.bkb.rnp.br;lango-go.bkb.rnp.br;No-Hostname;monipe-go-atraso.rnp.br
1749642844,2025-06-11 08:54:04,No-Hostname;No-Hostname;mxac-bac1.bkb.rnp.br;mxro-mxac-3g-allo.bkb.rnp.br;cmt1-mxro-infobarra.bkb.rnp.br;mxms-cmt1-telebras.bkb.rnp.br;mxgo-mxms-brdigital.bkb.rnp.br;lango-go.bkb.rnp.br;No-Hostname;monipe-go-atraso.rnp.br
1749643135,2025-06-11 08:58:55,No-Hostname;No-Hostname;mxac-bac1.bkb.rnp.br;mxro-mxac-3g-allo.bkb.rnp.br;cmt1-mxro-infobarra.bkb.rnp.br;mxms-cmt1-telebras.bkb.rnp.br;mxgo-mxms-brdigital.bkb.rnp.br;lango-go.bkb.rnp.br;No-Hostname;monipe-go-atraso.rnp.br
1749643903,2025-06-11 09:11:43,No-Hostname;No-Hostname;mxac-bac1.bkb.rnp.br;mxro-mxac-3g-allo.bkb.rnp.br;cmt1-mxro-infobarra.bkb.rnp.br;mxgo-cmt1-acessonline.bkb.rnp.br;lango-go.bkb.rnp.br;No-Hostname;monipe-go-atraso.rnp.br
1749644421,2025-06-11 09:20:21,No-Hostname;No-Hostname;mxac-bac1.bkb.rnp.br;mxro-mxac-3g-allo.bkb.rnp.br;cmt1-mxro-infobarra.bkb.rnp.br;mxgo-cmt1-acessonline.bkb.rnp.br;lango-go.bkb.rnp.br;No-Hostname;monipe-go-atraso.rnp.br
1749644879,2025-06-11 09:27:59,No-Hostname;No-Hostname;mxac-bac1.bkb.rnp.br;mxro-mxac-3g-allo.bkb.rnp.br;cmt1-mxro-infobarra.bkb.rnp.br;mxgo-cmt1-acessonline.bkb.rnp.br;lango-go.bkb.rnp.br;No-Hostname;monipe-go-atraso.rnp.br
1749645467,2025-06-11 09:37:47,No-Hostname;No-Hostname;mxac-bac1.bkb.rnp.br;mxro-mxac-3g-allo.bkb.rnp.br;cmt1-mxro-infobarra.bkb.rnp.br;mxms-cmt1-telebras.bkb.rnp.br;mxgo-mxms-brdigital.bkb.rnp.br;lango-go.bkb.rnp.br;No-Hostname;monipe-go-atraso.rnp.br
1749646354,2025-06-11 09:52:34,No-Hostname;No-Hostname;No-Hostname;mxro-mxac-3g-allo.bkb.rnp.br;cmt1-mxro-infobarra.bkb.rnp.br;No-Hostname;No-Hostname;csp2-cpr1-tlb.bkb.rnp.br;cce1-csp2-100g-monet.bkb.rnp.br;No-Hostname;cdf2-cba1-taesa.bkb.rnp.br;go-cdf2-tlbrs.bkb.rnp.br;lango-go.bkb.rnp.br;No-Hostname;monipe-go-atraso.rnp.br
1749646851,2025-06-11 10:00:51,No-Hostname;No-Hostname;mxac-bac1.bkb.rnp.br;mxro-mxac-3g-allo.bkb.rnp.br;cmt1-mxro-infobarra.bkb.rnp.br;mxms-cmt1-telebras.bkb.rnp.br;mxgo-mxms-brdigital.bkb.rnp.br;lango-go.bkb.rnp.br;No-Hostname;monipe-go-atraso.rnp.br
1749647398,2025-06-11 10:09:58,No-Hostname;No-Hostname;mxac-bac1.bkb.rnp.br;mxro-mxac-3g-allo.bkb.rnp.br;cmt1-mxro-infobarra.bkb.rnp.br;mxms-cmt1-telebras.bkb.rnp.br;mxgo-mxms-brdigital.bkb.rnp.br;lango-go.bkb.rnp.br;No-Hostname;monipe-go-atraso.rnp.br
1749648261,2025-06-11 10:24:21,No-Hostname;No-Hostname;mxac-bac1.bkb.rnp.br;mxro-mxac-3g-allo.bkb.rnp.br;cmt1-mxro-infobarra.bkb.rnp.br;mxgo-cmt1-acessonline.bkb.rnp.br;lango-go.bkb.rnp.br;No-Hostname;monipe-go-atraso.rnp.br
1749648454,2025-06-11 10:27:34,No-Hostname;No-Hostname;mxac-bac1.bkb.rnp.br;mxro-mxac-3g-allo.bkb.rnp.br;cmt1-mxro-infobarra.bkb.rnp.br;mxgo-cmt1-acessonline.bkb.rnp.br;lango-go.bkb.rnp.br;No-Hostname;monipe-go-atraso.rnp.br
1749649407,2025-06-11 10:43:27,No-Hostname;No-Hostname;mxac-bac1.bkb.rnp.br;mxro-mxac-3g-allo.bkb.rnp.br;cmt1-mxro-infobarra.bkb.rnp.br;mxgo-cmt1-acessonline.bkb.rnp.br;No-Hostname;No-Hostname;monipe-go-atraso.rnp.br
1749649928,2025-06-11 10:52:08,No-Hostname;No-Hostname;mxac-bac1.bkb.rnp.br;mxro-mxac-3g-allo.bkb.rnp.br;cmt1-mxro-infobarra.bkb.rnp.br;mxgo-cmt1-acessonline.bkb.rnp.br;lango-go.bkb.rnp.br;No-Hostname;monipe-go-atraso.rnp.br
1749650511,2025-06-11 11:01:51,No-Hostname;No-Hostname;mxac-bac1.bkb.rnp.br;mxro-mxac-3g-allo.bkb.rnp.br;cmt1-mxro-infobarra.bkb.rnp.br;mxgo-cmt1-acessonline.bkb.rnp.br;lango-go.bkb.rnp.br;No-Hostname;monipe-go-atraso.rnp.br
1749650989,2025-06-11 11:09:49,No-Hostname;No-Hostname;mxac-bac1.bkb.rnp.br;mxro-mxac-3g-allo.bkb.rnp.br;cmt1-mxro-infobarra.bkb.rnp.br;mxgo-cmt1-acessonline.bkb.rnp.br;lango-go.bkb.rnp.br;No-Hostname;monipe-go-atraso.rnp.br
1749651613,2025-06-11 11:20:13,No-Hostname;No-Hostname;mxac-bac1.bkb.rnp.br;mxro-mxac-3g-allo.bkb.rnp.br;cmt1-mxro-infobarra.bkb.rnp.br;mxgo-cmt1-acessonline.bkb.rnp.br;lango-go.bkb.rnp.br;No-Hostname;monipe-go-atraso.rnp.br
1749652265,2025-06-11 11:31:05,No-Hostname;No-Hostname;mxac-bac1.bkb.rnp.br;mxro-mxac-3g-allo.bkb.rnp.br;cmt1-mxro-infobarra.bkb.rnp.br;mxgo-cmt1-acessonline.bkb.rnp.br;lango-go.bkb.rnp.br;No-Hostname;monipe-go-atraso.rnp.br
1749653132,2025-06-11 11:45:32,No-Hostname;No-Hostname;mxac-bac1.bkb.rnp.br;mxro-mxac-3g-allo.bkb.rnp.br;cmt1-mxro-infobarra.bkb.rnp.br;mxgo-cmt1-acessonline.bkb.rnp.br;lango-go.bkb.rnp.br;No-Hostname;monipe-go-atraso.rnp.br
1749653264,2025-06-11 11:47:44,No-Hostname;No-Hostname;mxac-bac1.bkb.rnp.br;mxro-mxac-3g-allo.bkb.rnp.br;cmt1-mxro-infobarra.bkb.rnp.br;mxgo-cmt1-acessonline.bkb.rnp.br;lango-go.bkb.rnp.br;No-Hostname;monipe-go-atraso.rnp.br
1749654329,2025-06-11 12:05:29,No-Hostname;No-Hostname;mxac-bac1.bkb.rnp.br;mxro-mxac-3g-allo.bkb.rnp.br;cmt1-mxro-infobarra.bkb.rnp.br;mxgo-cmt1-acessonline.bkb.rnp.br;lango-go.bkb.rnp.br;No-Hostname;monipe-go-atraso.rnp.br
1749654672,2025-06-11 12:11:12,No-Hostname;No-Hostname;mxac-bac1.bkb.rnp.br;mxro-mxac-3g-allo.bkb.rnp.br;cmt1-mxro-infobarra.bkb.rnp.br;mxgo-cmt1-acessonline.bkb.rnp.br;lango-go.bkb.rnp.br;No-Hostname;monipe-go-atraso.rnp.br
1749655530,2025-06-11 12:25:30,No-Hostname;No-Hostname;mxac-bac1.bkb.rnp.br;mxro-mxac-3g-allo.bkb.rnp.br;cmt1-mxro-infobarra.bkb.rnp.br;mxms-cmt1-telebras.bkb.rnp.br;mxgo-mxms-brdigital.bkb.rnp.br;lango-go.bkb.rnp.br;No-Hostname;monipe-go-atraso.rnp.br
1749655923,2025-06-11 12:32:03,No-Hostname;No-Hostname;mxac-bac1.bkb.rnp.br;mxro-mxac-3g-allo.bkb.rnp.br;cmt1-mxro-infobarra.bkb.rnp.br;mxms-cmt1-telebras.bkb.rnp.br;mxgo-mxms-brdigital.bkb.rnp.br;lango-go.bkb.rnp.br;No-Hostname;monipe-go-atraso.rnp.br
1749656580,2025-06-11 12:43:00,No-Hostname;No-Hostname;mxac-bac1.bkb.rnp.br;mxro-mxac-3g-allo.bkb.rnp.br;cmt1-mxro-infobarra.bkb.rnp.br;mxms-cmt1-telebras.bkb.rnp.br;cpr1-mxms-acessoline.bkb.rnp.br;csp1-cpr1-100g-brdigital.bkb.rnp.br;cdf1-csp1-claro.bkb.rnp.br;mxgo-cdf1-brdigital.bkb.rnp.br;lango-go.bkb.rnp.br;No-Hostname;monipe-go-atraso.rnp.br
1749657085,2025-06-11 12:51:25,No-Hostname;No-Hostname;mxac-bac1.bkb.rnp.br;mxro-mxac-3g-allo.bkb.rnp.br;cmt1-mxro-infobarra.bkb.rnp.br;mxms-cmt1-telebras.bkb.rnp.br;mxgo-mxms-brdigital.bkb.rnp.br;lango-go.bkb.rnp.br;No-Hostname;monipe-go-atraso.rnp.br
1749657444,2025-06-11 12:57:24,No-Hostname;No-Hostname;mxac-bac1.bkb.rnp.br;mxro-mxac-3g-allo.bkb.rnp.br;cmt1-mxro-infobarra.bkb.rnp.br;mxms-cmt1-telebras.bkb.rnp.br;mxgo-mxms-brdigital.bkb.rnp.br;lango-go.bkb.rnp.br;No-Hostname;monipe-go-atraso.rnp.br
1749658155,2025-06-11 13:09:15,No-Hostname;No-Hostname;mxac-bac1.bkb.rnp.br;mxro-mxac-3g-allo.bkb.rnp.br;cmt1-mxro-infobarra.bkb.rnp.br;mxgo-cmt1-acessonline.bkb.rnp.br;lango-go.bkb.rnp.br;No-Hostname;monipe-go-atraso.rnp.br
1749658701,2025-06-11 13:18:21,No-Hostname;No-Hostname;mxac-bac1.bkb.rnp.br;mxro-mxac-3g-allo.bkb.rnp.br;cmt1-mxro-infobarra.bkb.rnp.br;mxms-cmt1-telebras.bkb.rnp.br;mxgo-mxms-brdigital.bkb.rnp.br;No-Hostname;No-Hostname;monipe-go-atraso.rnp.br
1749659484,2025-06-11 13:31:24,No-Hostname;No-Hostname;mxac-bac1.bkb.rnp.br;mxro-mxac-3g-allo.bkb.rnp.br;cmt1-mxro-infobarra.bkb.rnp.br;mxgo-cmt1-acessonline.bkb.rnp.br;lango-go.bkb.rnp.br;No-Hostname;monipe-go-atraso.rnp.br
1749660130,2025-06-11 13:42:10,No-Hostname;No-Hostname;mxac-bac1.bkb.rnp.br;mxro-mxac-3g-allo.bkb.rnp.br;cmt1-mxro-infobarra.bkb.rnp.br;mxms-cmt1-telebras.bkb.rnp.br;mxgo-mxms-brdigital.bkb.rnp.br;lango-go.bkb.rnp.br;No-Hostname;monipe-go-atraso.rnp.br
1749660660,2025-06-11 13:51:00,No-Hostname;No-Hostname;mxac-bac1.bkb.rnp.br;mxro-mxac-3g-allo.bkb.rnp.br;cmt1-mxro-infobarra.bkb.rnp.br;mxgo-cmt1-acessonline.bkb.rnp.br;lango-go.bkb.rnp.br;No-Hostname;monipe-go-atraso.rnp.br
1749661087,2025-06-11 13:58:07,No-Hostname;No-Hostname;mxac-bac1.bkb.rnp.br;mxro-mxac-3g-allo.bkb.rnp.br;cmt1-mxro-infobarra.bkb.rnp.br;mxgo-cmt1-acessonline.bkb.rnp.br;lango-go.bkb.rnp.br;No-Hostname;monipe-go-atraso.rnp.br
1749662134,2025-06-11 14:15:34,No-Hostname;No-Hostname;mxac-bac1.bkb.rnp.br;mxro-mxac-3g-allo.bkb.rnp.br;cmt1-mxro-infobarra.bkb.rnp.br;mxgo-cmt1-acessonline.bkb.rnp.br;lango-go.bkb.rnp.br;No-Hostname;monipe-go-atraso.rnp.br
1749663315,2025-06-11 14:35:15,No-Hostname;No-Hostname;mxac-bac1.bkb.rnp.br;mxro-mxac-3g-allo.bkb.rnp.br;cmt1-mxro-infobarra.bkb.rnp.br;mxgo-cmt1-acessonline.bkb.rnp.br;lango-go.bkb.rnp.br;No-Hostname;monipe-go-atraso.rnp.br
1749663935,2025-06-11 14:45:35,No-Hostname;No-Hostname;mxac-bac1.bkb.rnp.br;mxro-mxac-3g-allo.bkb.rnp.br;cmt1-mxro-infobarra.bkb.rnp.br;mxgo-cmt1-acessonline.bkb.rnp.br;lango-go.bkb.rnp.br;No-Hostname;monipe-go-atraso.rnp.br
1749664261,2025-06-11 14:51:01,No-Hostname;No-Hostname;mxac-bac1.bkb.rnp.br;mxro-mxac-3g-allo.bkb.rnp.br;cmt1-mxro-infobarra.bkb.rnp.br;mxgo-cmt1-acessonline.bkb.rnp.br;lango-go.bkb.rnp.br;No-Hostname;monipe-go-atraso.rnp.br
1749664835,2025-06-11 15:00:35,No-Hostname;No-Hostname;mxac-bac1.bkb.rnp.br;mxro-mxac-3g-allo.bkb.rnp.br;cmt1-mxro-infobarra.bkb.rnp.br;mxgo-cmt1-acessonline.bkb.rnp.br;lango-go.bkb.rnp.br;No-Hostname;monipe-go-atraso.rnp.br
1749665716,2025-06-11 15:15:16,No-Hostname;No-Hostname;mxac-bac1.bkb.rnp.br;mxro-mxac-3g-allo.bkb.rnp.br;cmt1-mxro-infobarra.bkb.rnp.br;mxgo-cmt1-acessonline.bkb.rnp.br;No-Hostname;No-Hostname;monipe-go-atraso.rnp.br
1749666269,2025-06-11 15:24:29,No-Hostname;No-Hostname;mxac-bac1.bkb.rnp.br;mxro-mxac-3g-allo.bkb.rnp.br;cmt1-mxro-infobarra.bkb.rnp.br;mxgo-cmt1-acessonline.bkb.rnp.br;lango-go.bkb.rnp.br;No-Hostname;monipe-go-atraso.rnp.br
1749666878,2025-06-11 15:34:38,No-Hostname;No-Hostname;mxac-bac1.bkb.rnp.br;mxro-mxac-3g-allo.bkb.rnp.br;cmt1-mxro-infobarra.bkb.rnp.br;mxgo-cmt1-acessonline.bkb.rnp.br;lango-go.bkb.rnp.br;No-Hostname;monipe-go-atraso.rnp.br
1749667271,2025-06-11 15:41:11,No-Hostname;No-Hostname;mxac-bac1.bkb.rnp.br;mxro-mxac-3g-allo.bkb.rnp.br;cmt1-mxro-infobarra.bkb.rnp.br;mxgo-cmt1-acessonline.bkb.rnp.br;lango-go.bkb.rnp.br;No-Hostname;monipe-go-atraso.rnp.br
1749667835,2025-06-11 15:50:35,No-Hostname;No-Hostname;mxac-bac1.bkb.rnp.br;mxro-mxac-3g-allo.bkb.rnp.br;cmt1-mxro-infobarra.bkb.rnp.br;mxgo-cmt1-acessonline.bkb.rnp.br;lango-go.bkb.rnp.br;No-Hostname;monipe-go-atraso.rnp.br
1749668370,2025-06-11 15:59:30,No-Hostname;No-Hostname;mxac-bac1.bkb.rnp.br;mxro-mxac-3g-allo.bkb.rnp.br;cmt1-mxro-infobarra.bkb.rnp.br;mxgo-cmt1-acessonline.bkb.rnp.br;lango-go.bkb.rnp.br;No-Hostname;monipe-go-atraso.rnp.br
1749668852,2025-06-11 16:07:32,No-Hostname;No-Hostname;mxac-bac1.bkb.rnp.br;mxro-mxac-3g-allo.bkb.rnp.br;cmt1-mxro-infobarra.bkb.rnp.br;mxgo-cmt1-acessonline.bkb.rnp.br;lango-go.bkb.rnp.br;No-Hostname;monipe-go-atraso.rnp.br
1749669748,2025-06-11 16:22:28,No-Hostname;No-Hostname;mxac-bac1.bkb.rnp.br;mxro-mxac-3g-allo.bkb.rnp.br;cmt1-mxro-infobarra.bkb.rnp.br;mxgo-cmt1-acessonline.bkb.rnp.br;lango-go.bkb.rnp.br;No-Hostname;monipe-go-atraso.rnp.br
1749670493,2025-06-11 16:34:53,No-Hostname;No-Hostname;mxac-bac1.bkb.rnp.br;mxro-mxac-3g-allo.bkb.rnp.br;cmt1-mxro-infobarra.bkb.rnp.br;mxgo-cmt1-acessonline.bkb.rnp.br;lango-go.bkb.rnp.br;No-Hostname;monipe-go-atraso.rnp.br
1749670976,2025-06-11 16:42:56,No-Hostname;No-Hostname;mxac-bac1.bkb.rnp.br;mxro-mxac-3g-allo.bkb.rnp.br;cmt1-mxro-infobarra.bkb.rnp.br;mxgo-cmt1-acessonline.bkb.rnp.br;lango-go.bkb.rnp.br;No-Hostname;monipe-go-atraso.rnp.br
1749671274,2025-06-11 16:47:54,No-Hostname;No-Hostname;mxac-bac1.bkb.rnp.br;mxro-mxac-3g-allo.bkb.rnp.br;cmt1-mxro-infobarra.bkb.rnp.br;mxgo-cmt1-acessonline.bkb.rnp.br;lango-go.bkb.rnp.br;No-Hostname;monipe-go-atraso.rnp.br
1749672020,2025-06-11 17:00:20,No-Hostname;No-Hostname;mxac-bac1.bkb.rnp.br;mxro-mxac-3g-allo.bkb.rnp.br;cmt1-mxro-infobarra.bkb.rnp.br;mxgo-cmt1-acessonline.bkb.rnp.br;lango-go.bkb.rnp.br;No-Hostname;monipe-go-atraso.rnp.br
1749672553,2025-06-11 17:09:13,No-Hostname;No-Hostname;mxac-bac1.bkb.rnp.br;mxro-mxac-3g-allo.bkb.rnp.br;cmt1-mxro-infobarra.bkb.rnp.br;mxgo-cmt1-acessonline.bkb.rnp.br;lango-go.bkb.rnp.br;No-Hostname;monipe-go-atraso.rnp.br
1749673553,2025-06-11 17:25:53,No-Hostname;No-Hostname;mxac-bac1.bkb.rnp.br;mxro-mxac-3g-allo.bkb.rnp.br;cmt1-mxro-infobarra.bkb.rnp.br;mxgo-cmt1-acessonline.bkb.rnp.br;lango-go.bkb.rnp.br;No-Hostname;monipe-go-atraso.rnp.br
1749673905,2025-06-11 17:31:45,No-Hostname;No-Hostname;mxac-bac1.bkb.rnp.br;mxro-mxac-3g-allo.bkb.rnp.br;cmt1-mxro-infobarra.bkb.rnp.br;mxgo-cmt1-acessonline.bkb.rnp.br;lango-go.bkb.rnp.br;No-Hostname;monipe-go-atraso.rnp.br
1749674757,2025-06-11 17:45:57,No-Hostname;No-Hostname;mxac-bac1.bkb.rnp.br;mxro-mxac-3g-allo.bkb.rnp.br;cmt1-mxro-infobarra.bkb.rnp.br;mxgo-cmt1-acessonline.bkb.rnp.br;lango-go.bkb.rnp.br;No-Hostname;monipe-go-atraso.rnp.br
1749675016,2025-06-11 17:50:16,No-Hostname;No-Hostname;mxac-bac1.bkb.rnp.br;mxro-mxac-3g-allo.bkb.rnp.br;cmt1-mxro-infobarra.bkb.rnp.br;mxgo-cmt1-acessonline.bkb.rnp.br;lango-go.bkb.rnp.br;No-Hostname;monipe-go-atraso.rnp.br
1749675765,2025-06-11 18:02:45,No-Hostname;No-Hostname;mxac-bac1.bkb.rnp.br;mxro-mxac-3g-allo.bkb.rnp.br;cmt1-mxro-infobarra.bkb.rnp.br;mxgo-cmt1-acessonline.bkb.rnp.br;lango-go.bkb.rnp.br;No-Hostname;monipe-go-atraso.rnp.br
1749676202,2025-06-11 18:10:02,No-Hostname;No-Hostname;mxac-bac1.bkb.rnp.br;mxro-mxac-3g-allo.bkb.rnp.br;cmt1-mxro-infobarra.bkb.rnp.br;mxgo-cmt1-acessonline.bkb.rnp.br;lango-go.bkb.rnp.br;No-Hostname;monipe-go-atraso.rnp.br
1749676891,2025-06-11 18:21:31,No-Hostname;No-Hostname;mxac-bac1.bkb.rnp.br;mxro-mxac-3g-allo.bkb.rnp.br;cmt1-mxro-infobarra.bkb.rnp.br;mxgo-cmt1-acessonline.bkb.rnp.br;lango-go.bkb.rnp.br;No-Hostname;monipe-go-atraso.rnp.br
1749677611,2025-06-11 18:33:31,No-Hostname;No-Hostname;mxac-bac1.bkb.rnp.br;mxro-mxac-3g-allo.bkb.rnp.br;cmt1-mxro-infobarra.bkb.rnp.br;mxgo-cmt1-acessonline.bkb.rnp.br;lango-go.bkb.rnp.br;No-Hostname;monipe-go-atraso.rnp.br
1749677912,2025-06-11 18:38:32,No-Hostname;No-Hostname;mxac-bac1.bkb.rnp.br;mxro-mxac-3g-allo.bkb.rnp.br;cmt1-mxro-infobarra.bkb.rnp.br;mxgo-cmt1-acessonline.bkb.rnp.br;lango-go.bkb.rnp.br;No-Hostname;monipe-go-atraso.rnp.br
1749678703,2025-06-11 18:51:43,No-Hostname;No-Hostname;mxac-bac1.bkb.rnp.br;mxro-mxac-3g-allo.bkb.rnp.br;cmt1-mxro-infobarra.bkb.rnp.br;mxgo-cmt1-acessonline.bkb.rnp.br;lango-go.bkb.rnp.br;No-Hostname;monipe-go-atraso.rnp.br
1749679222,2025-06-11 19:00:22,No-Hostname;No-Hostname;mxac-bac1.bkb.rnp.br;mxro-mxac-3g-allo.bkb.rnp.br;cmt1-mxro-infobarra.bkb.rnp.br;mxgo-cmt1-acessonline.bkb.rnp.br;lango-go.bkb.rnp.br;No-Hostname;monipe-go-atraso.rnp.br
1749679986,2025-06-11 19:13:06,No-Hostname;No-Hostname;mxac-bac1.bkb.rnp.br;mxro-mxac-3g-allo.bkb.rnp.br;cmt1-mxro-infobarra.bkb.rnp.br;mxgo-cmt1-acessonline.bkb.rnp.br;lango-go.bkb.rnp.br;No-Hostname;monipe-go-atraso.rnp.br
1749680350,2025-06-11 19:19:10,No-Hostname;No-Hostname;mxac-bac1.bkb.rnp.br;mxro-mxac-3g-allo.bkb.rnp.br;cmt1-mxro-infobarra.bkb.rnp.br;mxgo-cmt1-acessonline.bkb.rnp.br;lango-go.bkb.rnp.br;No-Hostname;monipe-go-atraso.rnp.br
1749681241,2025-06-11 19:34:01,No-Hostname;No-Hostname;mxac-bac1.bkb.rnp.br;mxro-mxac-3g-allo.bkb.rnp.br;cmt1-mxro-infobarra.bkb.rnp.br;mxgo-cmt1-acessonline.bkb.rnp.br;lango-go.bkb.rnp.br;No-Hostname;monipe-go-atraso.rnp.br
1749681660,2025-06-11 19:41:00,No-Hostname;No-Hostname;mxac-bac1.bkb.rnp.br;mxro-mxac-3g-allo.bkb.rnp.br;cmt1-mxro-infobarra.bkb.rnp.br;mxgo-cmt1-acessonline.bkb.rnp.br;lango-go.bkb.rnp.br;No-Hostname;monipe-go-atraso.rnp.br
1749682451,2025-06-11 19:54:11,No-Hostname;No-Hostname;mxac-bac1.bkb.rnp.br;mxro-mxac-3g-allo.bkb.rnp.br;cmt1-mxro-infobarra.bkb.rnp.br;mxgo-cmt1-acessonline.bkb.rnp.br;lango-go.bkb.rnp.br;No-Hostname;monipe-go-atraso.rnp.br
1749682687,2025-06-11 19:58:07,No-Hostname;No-Hostname;mxac-bac1.bkb.rnp.br;mxro-mxac-3g-allo.bkb.rnp.br;cmt1-mxro-infobarra.bkb.rnp.br;mxgo-cmt1-acessonline.bkb.rnp.br;lango-go.bkb.rnp.br;No-Hostname;monipe-go-atraso.rnp.br
1749683419,2025-06-11 20:10:19,No-Hostname;No-Hostname;mxac-bac1.bkb.rnp.br;mxro-mxac-3g-allo.bkb.rnp.br;cmt1-mxro-infobarra.bkb.rnp.br;mxgo-cmt1-acessonline.bkb.rnp.br;lango-go.bkb.rnp.br;No-Hostname;monipe-go-atraso.rnp.br
1749683865,2025-06-11 20:17:45,No-Hostname;No-Hostname;mxac-bac1.bkb.rnp.br;mxro-mxac-3g-allo.bkb.rnp.br;cmt1-mxro-infobarra.bkb.rnp.br;mxgo-cmt1-acessonline.bkb.rnp.br;lango-go.bkb.rnp.br;No-Hostname;monipe-go-atraso.rnp.br
1749684665,2025-06-11 20:31:05,No-Hostname;No-Hostname;mxac-bac1.bkb.rnp.br;mxro-mxac-3g-allo.bkb.rnp.br;cmt1-mxro-infobarra.bkb.rnp.br;mxms-cmt1-telebras.bkb.rnp.br;mxgo-mxms-brdigital.bkb.rnp.br;lango-go.bkb.rnp.br;No-Hostname;monipe-go-atraso.rnp.br
1749685393,2025-06-11 20:43:13,No-Hostname;No-Hostname;mxac-bac1.bkb.rnp.br;mxro-mxac-3g-allo.bkb.rnp.br;cmt1-mxro-infobarra.bkb.rnp.br;mxgo-cmt1-acessonline.bkb.rnp.br;lango-go.bkb.rnp.br;No-Hostname;monipe-go-atraso.rnp.br
1749685773,2025-06-11 20:49:33,No-Hostname;No-Hostname;mxac-bac1.bkb.rnp.br;mxro-mxac-3g-allo.bkb.rnp.br;cmt1-mxro-infobarra.bkb.rnp.br;mxgo-cmt1-acessonline.bkb.rnp.br;lango-go.bkb.rnp.br;No-Hostname;monipe-go-atraso.rnp.br
1749686311,2025-06-11 20:58:31,No-Hostname;No-Hostname;mxac-bac1.bkb.rnp.br;mxro-mxac-3g-allo.bkb.rnp.br;cmt1-mxro-infobarra.bkb.rnp.br;mxgo-cmt1-acessonline.bkb.rnp.br;lango-go.bkb.rnp.br;No-Hostname;monipe-go-atraso.rnp.br
1749687083,2025-06-11 21:11:23,No-Hostname;No-Hostname;mxac-bac1.bkb.rnp.br;mxro-mxac-3g-allo.bkb.rnp.br;cmt1-mxro-infobarra.bkb.rnp.br;mxgo-cmt1-acessonline.bkb.rnp.br;lango-go.bkb.rnp.br;No-Hostname;monipe-go-atraso.rnp.br
1749687624,2025-06-11 21:20:24,No-Hostname;No-Hostname;mxac-bac1.bkb.rnp.br;mxro-mxac-3g-allo.bkb.rnp.br;cmt1-mxro-infobarra.bkb.rnp.br;mxgo-cmt1-acessonline.bkb.rnp.br;lango-go.bkb.rnp.br;No-Hostname;monipe-go-atraso.rnp.br
1749688540,2025-06-11 21:35:40,No-Hostname;No-Hostname;mxac-bac1.bkb.rnp.br;mxro-mxac-3g-allo.bkb.rnp.br;cmt1-mxro-infobarra.bkb.rnp.br;mxgo-cmt1-acessonline.bkb.rnp.br;lango-go.bkb.rnp.br;No-Hostname;monipe-go-atraso.rnp.br
1749689144,2025-06-11 21:45:44,No-Hostname;No-Hostname;mxac-bac1.bkb.rnp.br;mxro-mxac-3g-allo.bkb.rnp.br;cmt1-mxro-infobarra.bkb.rnp.br;mxgo-cmt1-acessonline.bkb.rnp.br;lango-go.bkb.rnp.br;No-Hostname;monipe-go-atraso.rnp.br
1749689268,2025-06-11 21:47:48,No-Hostname;No-Hostname;mxac-bac1.bkb.rnp.br;mxro-mxac-3g-allo.bkb.rnp.br;cmt1-mxro-infobarra.bkb.rnp.br;mxgo-cmt1-acessonline.bkb.rnp.br;lango-go.bkb.rnp.br;No-Hostname;monipe-go-atraso.rnp.br
1749690094,2025-06-11 22:01:34,No-Hostname;No-Hostname;mxac-bac1.bkb.rnp.br;mxro-mxac-3g-allo.bkb.rnp.br;cmt1-mxro-infobarra.bkb.rnp.br;mxgo-cmt1-acessonline.bkb.rnp.br;lango-go.bkb.rnp.br;No-Hostname;monipe-go-atraso.rnp.br
1749690445,2025-06-11 22:07:25,No-Hostname;No-Hostname;mxac-bac1.bkb.rnp.br;mxro-mxac-3g-allo.bkb.rnp.br;cmt1-mxro-infobarra.bkb.rnp.br;mxgo-cmt1-acessonline.bkb.rnp.br;lango-go.bkb.rnp.br;No-Hostname;monipe-go-atraso.rnp.br
1749691175,2025-06-11 22:19:35,No-Hostname;No-Hostname;mxac-bac1.bkb.rnp.br;mxro-mxac-3g-allo.bkb.rnp.br;cmt1-mxro-infobarra.bkb.rnp.br;mxgo-cmt1-acessonline.bkb.rnp.br;lango-go.bkb.rnp.br;No-Hostname;monipe-go-atraso.rnp.br
1749691710,2025-06-11 22:28:30,No-Hostname;No-Hostname;mxac-bac1.bkb.rnp.br;mxro-mxac-3g-allo.bkb.rnp.br;cmt1-mxro-infobarra.bkb.rnp.br;mxgo-cmt1-acessonline.bkb.rnp.br;lango-go.bkb.rnp.br;No-Hostname;monipe-go-atraso.rnp.br
1749692528,2025-06-11 22:42:08,No-Hostname;No-Hostname;mxac-bac1.bkb.rnp.br;mxro-mxac-3g-allo.bkb.rnp.br;cmt1-mxro-infobarra.bkb.rnp.br;mxgo-cmt1-acessonline.bkb.rnp.br;lango-go.bkb.rnp.br;No-Hostname;monipe-go-atraso.rnp.br
1749693314,2025-06-11 22:55:14,No-Hostname;No-Hostname;mxac-bac1.bkb.rnp.br;mxro-mxac-3g-allo.bkb.rnp.br;cmt1-mxro-infobarra.bkb.rnp.br;mxgo-cmt1-acessonline.bkb.rnp.br;lango-go.bkb.rnp.br;No-Hostname;monipe-go-atraso.rnp.br
1749693928,2025-06-11 23:05:28,No-Hostname;No-Hostname;mxac-bac1.bkb.rnp.br;mxro-mxac-3g-allo.bkb.rnp.br;cmt1-mxro-infobarra.bkb.rnp.br;mxgo-cmt1-acessonline.bkb.rnp.br;lango-go.bkb.rnp.br;No-Hostname;monipe-go-atraso.rnp.br
1749694100,2025-06-11 23:08:20,No-Hostname;No-Hostname;mxac-bac1.bkb.rnp.br;mxro-mxac-3g-allo.bkb.rnp.br;cmt1-mxro-infobarra.bkb.rnp.br;mxgo-cmt1-acessonline.bkb.rnp.br;lango-go.bkb.rnp.br;No-Hostname;monipe-go-atraso.rnp.br
1749694876,2025-06-11 23:21:16,No-Hostname;No-Hostname;mxac-bac1.bkb.rnp.br;mxro-mxac-3g-allo.bkb.rnp.br;cmt1-mxro-infobarra.bkb.rnp.br;mxgo-cmt1-acessonline.bkb.rnp.br;lango-go.bkb.rnp.br;No-Hostname;monipe-go-atraso.rnp.br
1749695332,2025-06-11 23:28:52,No-Hostname;No-Hostname;mxac-bac1.bkb.rnp.br;mxro-mxac-3g-allo.bkb.rnp.br;cmt1-mxro-infobarra.bkb.rnp.br;mxgo-cmt1-acessonline.bkb.rnp.br;lango-go.bkb.rnp.br;No-Hostname;monipe-go-atraso.rnp.br
1749695964,2025-06-11 23:39:24,No-Hostname;No-Hostname;mxac-bac1.bkb.rnp.br;mxro-mxac-3g-allo.bkb.rnp.br;cmt1-mxro-infobarra.bkb.rnp.br;mxgo-cmt1-acessonline.bkb.rnp.br;lango-go.bkb.rnp.br;No-Hostname;monipe-go-atraso.rnp.br
1749697476,2025-06-12 00:04:36,No-Hostname;No-Hostname;mxac-bac1.bkb.rnp.br;mxro-mxac-3g-allo.bkb.rnp.br;cmt1-mxro-infobarra.bkb.rnp.br;mxgo-cmt1-acessonline.bkb.rnp.br;lango-go.bkb.rnp.br;No-Hostname;monipe-go-atraso.rnp.br
1749697804,2025-06-12 00:10:04,No-Hostname;No-Hostname;mxac-bac1.bkb.rnp.br;mxro-mxac-3g-allo.bkb.rnp.br;cmt1-mxro-infobarra.bkb.rnp.br;mxgo-cmt1-acessonline.bkb.rnp.br;lango-go.bkb.rnp.br;No-Hostname;monipe-go-atraso.rnp.br
1749698616,2025-06-12 00:23:36,No-Hostname;No-Hostname;mxac-bac1.bkb.rnp.br;mxro-mxac-3g-allo.bkb.rnp.br;cmt1-mxro-infobarra.bkb.rnp.br;mxgo-cmt1-acessonline.bkb.rnp.br;lango-go.bkb.rnp.br;No-Hostname;monipe-go-atraso.rnp.br
1749699236,2025-06-12 00:33:56,No-Hostname;No-Hostname;mxac-bac1.bkb.rnp.br;mxro-mxac-3g-allo.bkb.rnp.br;cmt1-mxro-infobarra.bkb.rnp.br;mxgo-cmt1-acessonline.bkb.rnp.br;lango-go.bkb.rnp.br;No-Hostname;monipe-go-atraso.rnp.br
1749699773,2025-06-12 00:42:53,No-Hostname;No-Hostname;mxac-bac1.bkb.rnp.br;mxro-mxac-3g-allo.bkb.rnp.br;cmt1-mxro-infobarra.bkb.rnp.br;mxgo-cmt1-acessonline.bkb.rnp.br;lango-go.bkb.rnp.br;No-Hostname;monipe-go-atraso.rnp.br
1749700276,2025-06-12 00:51:16,No-Hostname;No-Hostname;mxac-bac1.bkb.rnp.br;mxro-mxac-3g-allo.bkb.rnp.br;cmt1-mxro-infobarra.bkb.rnp.br;mxgo-cmt1-acessonline.bkb.rnp.br;lango-go.bkb.rnp.br;No-Hostname;monipe-go-atraso.rnp.br
1749701154,2025-06-12 01:05:54,No-Hostname;No-Hostname;mxac-bac1.bkb.rnp.br;mxro-mxac-3g-allo.bkb.rnp.br;cmt1-mxro-infobarra.bkb.rnp.br;mxgo-cmt1-acessonline.bkb.rnp.br;lango-go.bkb.rnp.br;No-Hostname;monipe-go-atraso.rnp.br
1749701737,2025-06-12 01:15:37,No-Hostname;No-Hostname;mxac-bac1.bkb.rnp.br;mxro-mxac-3g-allo.bkb.rnp.br;cmt1-mxro-infobarra.bkb.rnp.br;mxgo-cmt1-acessonline.bkb.rnp.br;lango-go.bkb.rnp.br;No-Hostname;monipe-go-atraso.rnp.br
1749702638,2025-06-12 01:30:38,No-Hostname;No-Hostname;mxac-bac1.bkb.rnp.br;mxro-mxac-3g-allo.bkb.rnp.br;cmt1-mxro-infobarra.bkb.rnp.br;mxgo-cmt1-acessonline.bkb.rnp.br;lango-go.bkb.rnp.br;No-Hostname;monipe-go-atraso.rnp.br
1749703132,2025-06-12 01:38:52,No-Hostname;No-Hostname;mxac-bac1.bkb.rnp.br;mxro-mxac-3g-allo.bkb.rnp.br;cmt1-mxro-infobarra.bkb.rnp.br;mxgo-cmt1-acessonline.bkb.rnp.br;lango-go.bkb.rnp.br;No-Hostname;monipe-go-atraso.rnp.br
1749704469,2025-06-12 02:01:09,No-Hostname;No-Hostname;mxac-bac1.bkb.rnp.br;mxro-mxac-3g-allo.bkb.rnp.br;cmt1-mxro-infobarra.bkb.rnp.br;mxgo-cmt1-acessonline.bkb.rnp.br;lango-go.bkb.rnp.br;No-Hostname;monipe-go-atraso.rnp.br
1749705314,2025-06-12 02:15:14,No-Hostname;No-Hostname;mxac-bac1.bkb.rnp.br;mxro-mxac-3g-allo.bkb.rnp.br;cmt1-mxro-infobarra.bkb.rnp.br;mxgo-cmt1-acessonline.bkb.rnp.br;lango-go.bkb.rnp.br;No-Hostname;monipe-go-atraso.rnp.br
1749705628,2025-06-12 02:20:28,No-Hostname;No-Hostname;mxac-bac1.bkb.rnp.br;mxro-mxac-3g-allo.bkb.rnp.br;cmt1-mxro-infobarra.bkb.rnp.br;mxgo-cmt1-acessonline.bkb.rnp.br;lango-go.bkb.rnp.br;No-Hostname;monipe-go-atraso.rnp.br
1749706274,2025-06-12 02:31:14,No-Hostname;No-Hostname;mxac-bac1.bkb.rnp.br;mxro-mxac-3g-allo.bkb.rnp.br;cmt1-mxro-infobarra.bkb.rnp.br;mxgo-cmt1-acessonline.bkb.rnp.br;lango-go.bkb.rnp.br;No-Hostname;monipe-go-atraso.rnp.br
1749707018,2025-06-12 02:43:38,No-Hostname;No-Hostname;mxac-bac1.bkb.rnp.br;mxro-mxac-3g-allo.bkb.rnp.br;cmt1-mxro-infobarra.bkb.rnp.br;mxgo-cmt1-acessonline.bkb.rnp.br;lango-go.bkb.rnp.br;No-Hostname;monipe-go-atraso.rnp.br
1749707637,2025-06-12 02:53:57,No-Hostname;No-Hostname;mxac-bac1.bkb.rnp.br;mxro-mxac-3g-allo.bkb.rnp.br;cmt1-mxro-infobarra.bkb.rnp.br;mxgo-cmt1-acessonline.bkb.rnp.br;lango-go.bkb.rnp.br;No-Hostname;monipe-go-atraso.rnp.br
1749708059,2025-06-12 03:00:59,No-Hostname;No-Hostname;mxac-bac1.bkb.rnp.br;mxro-mxac-3g-allo.bkb.rnp.br;cmt1-mxro-infobarra.bkb.rnp.br;mxgo-cmt1-acessonline.bkb.rnp.br;lango-go.bkb.rnp.br;No-Hostname;monipe-go-atraso.rnp.br
1749708637,2025-06-12 03:10:37,No-Hostname;No-Hostname;mxac-bac1.bkb.rnp.br;mxro-mxac-3g-allo.bkb.rnp.br;cmt1-mxro-infobarra.bkb.rnp.br;mxgo-cmt1-acessonline.bkb.rnp.br;lango-go.bkb.rnp.br;No-Hostname;monipe-go-atraso.rnp.br
1749709522,2025-06-12 03:25:22,No-Hostname;No-Hostname;mxac-bac1.bkb.rnp.br;mxro-mxac-3g-allo.bkb.rnp.br;cmt1-mxro-infobarra.bkb.rnp.br;mxgo-cmt1-acessonline.bkb.rnp.br;lango-go.bkb.rnp.br;No-Hostname;monipe-go-atraso.rnp.br
1749710077,2025-06-12 03:34:37,No-Hostname;No-Hostname;mxac-bac1.bkb.rnp.br;mxro-mxac-3g-allo.bkb.rnp.br;cmt1-mxro-infobarra.bkb.rnp.br;mxgo-cmt1-acessonline.bkb.rnp.br;lango-go.bkb.rnp.br;No-Hostname;monipe-go-atraso.rnp.br
1749710683,2025-06-12 03:44:43,No-Hostname;No-Hostname;mxac-bac1.bkb.rnp.br;mxro-mxac-3g-allo.bkb.rnp.br;cmt1-mxro-infobarra.bkb.rnp.br;mxgo-cmt1-acessonline.bkb.rnp.br;lango-go.bkb.rnp.br;No-Hostname;monipe-go-atraso.rnp.br
1749710852,2025-06-12 03:47:32,No-Hostname;No-Hostname;mxac-bac1.bkb.rnp.br;mxro-mxac-3g-allo.bkb.rnp.br;cmt1-mxro-infobarra.bkb.rnp.br;mxgo-cmt1-acessonline.bkb.rnp.br;lango-go.bkb.rnp.br;No-Hostname;monipe-go-atraso.rnp.br
1749711566,2025-06-12 03:59:26,No-Hostname;No-Hostname;mxac-bac1.bkb.rnp.br;mxro-mxac-3g-allo.bkb.rnp.br;cmt1-mxro-infobarra.bkb.rnp.br;mxgo-cmt1-acessonline.bkb.rnp.br;lango-go.bkb.rnp.br;No-Hostname;monipe-go-atraso.rnp.br
1749712461,2025-06-12 04:14:21,No-Hostname;No-Hostname;mxac-bac1.bkb.rnp.br;mxro-mxac-3g-allo.bkb.rnp.br;cmt1-mxro-infobarra.bkb.rnp.br;mxgo-cmt1-acessonline.bkb.rnp.br;lango-go.bkb.rnp.br;No-Hostname;monipe-go-atraso.rnp.br
1749712740,2025-06-12 04:19:00,No-Hostname;No-Hostname;mxac-bac1.bkb.rnp.br;mxro-mxac-3g-allo.bkb.rnp.br;cmt1-mxro-infobarra.bkb.rnp.br;mxgo-cmt1-acessonline.bkb.rnp.br;lango-go.bkb.rnp.br;No-Hostname;monipe-go-atraso.rnp.br
1749713372,2025-06-12 04:29:32,No-Hostname;No-Hostname;mxac-bac1.bkb.rnp.br;mxro-mxac-3g-allo.bkb.rnp.br;cmt1-mxro-infobarra.bkb.rnp.br;mxgo-cmt1-acessonline.bkb.rnp.br;lango-go.bkb.rnp.br;No-Hostname;monipe-go-atraso.rnp.br
1749713896,2025-06-12 04:38:16,No-Hostname;No-Hostname;mxac-bac1.bkb.rnp.br;mxro-mxac-3g-allo.bkb.rnp.br;cmt1-mxro-infobarra.bkb.rnp.br;mxgo-cmt1-acessonline.bkb.rnp.br;lango-go.bkb.rnp.br;No-Hostname;monipe-go-atraso.rnp.br
1749714684,2025-06-12 04:51:24,No-Hostname;No-Hostname;mxac-bac1.bkb.rnp.br;mxro-mxac-3g-allo.bkb.rnp.br;cmt1-mxro-infobarra.bkb.rnp.br;mxgo-cmt1-acessonline.bkb.rnp.br;lango-go.bkb.rnp.br;No-Hostname;monipe-go-atraso.rnp.br
1749715950,2025-06-12 05:12:30,No-Hostname;No-Hostname;mxac-bac1.bkb.rnp.br;mxro-mxac-3g-allo.bkb.rnp.br;cmt1-mxro-infobarra.bkb.rnp.br;mxgo-cmt1-acessonline.bkb.rnp.br;lango-go.bkb.rnp.br;No-Hostname;monipe-go-atraso.rnp.br
1749716291,2025-06-12 05:18:11,No-Hostname;No-Hostname;mxac-bac1.bkb.rnp.br;mxro-mxac-3g-allo.bkb.rnp.br;cmt1-mxro-infobarra.bkb.rnp.br;mxgo-cmt1-acessonline.bkb.rnp.br;lango-go.bkb.rnp.br;No-Hostname;monipe-go-atraso.rnp.br
1749717337,2025-06-12 05:35:37,No-Hostname;No-Hostname;mxac-bac1.bkb.rnp.br;mxro-mxac-3g-allo.bkb.rnp.br;cmt1-mxro-infobarra.bkb.rnp.br;mxgo-cmt1-acessonline.bkb.rnp.br;lango-go.bkb.rnp.br;No-Hostname;monipe-go-atraso.rnp.br
1749717662,2025-06-12 05:41:02,No-Hostname;No-Hostname;mxac-bac1.bkb.rnp.br;mxro-mxac-3g-allo.bkb.rnp.br;cmt1-mxro-infobarra.bkb.rnp.br;mxgo-cmt1-acessonline.bkb.rnp.br;lango-go.bkb.rnp.br;No-Hostname;monipe-go-atraso.rnp.br
1749718350,2025-06-12 05:52:30,No-Hostname;No-Hostname;mxac-bac1.bkb.rnp.br;mxro-mxac-3g-allo.bkb.rnp.br;cmt1-mxro-infobarra.bkb.rnp.br;mxgo-cmt1-acessonline.bkb.rnp.br;lango-go.bkb.rnp.br;No-Hostname;monipe-go-atraso.rnp.br
1749719113,2025-06-12 06:05:13,No-Hostname;No-Hostname;mxac-bac1.bkb.rnp.br;mxro-mxac-3g-allo.bkb.rnp.br;cmt1-mxro-infobarra.bkb.rnp.br;mxgo-cmt1-acessonline.bkb.rnp.br;lango-go.bkb.rnp.br;No-Hostname;monipe-go-atraso.rnp.br
1749719279,2025-06-12 06:07:59,No-Hostname;No-Hostname;mxac-bac1.bkb.rnp.br;mxro-mxac-3g-allo.bkb.rnp.br;cmt1-mxro-infobarra.bkb.rnp.br;mxgo-cmt1-acessonline.bkb.rnp.br;lango-go.bkb.rnp.br;No-Hostname;monipe-go-atraso.rnp.br
1749720199,2025-06-12 06:23:19,No-Hostname;No-Hostname;mxac-bac1.bkb.rnp.br;mxro-mxac-3g-allo.bkb.rnp.br;cmt1-mxro-infobarra.bkb.rnp.br;mxgo-cmt1-acessonline.bkb.rnp.br;lango-go.bkb.rnp.br;No-Hostname;monipe-go-atraso.rnp.br
1749720822,2025-06-12 06:33:42,No-Hostname;No-Hostname;mxac-bac1.bkb.rnp.br;mxro-mxac-3g-allo.bkb.rnp.br;cmt1-mxro-infobarra.bkb.rnp.br;mxgo-cmt1-acessonline.bkb.rnp.br;lango-go.bkb.rnp.br;No-Hostname;monipe-go-atraso.rnp.br
1749721256,2025-06-12 06:40:56,No-Hostname;No-Hostname;mxac-bac1.bkb.rnp.br;mxro-mxac-3g-allo.bkb.rnp.br;cmt1-mxro-infobarra.bkb.rnp.br;mxgo-cmt1-acessonline.bkb.rnp.br;lango-go.bkb.rnp.br;No-Hostname;monipe-go-atraso.rnp.br
1749721804,2025-06-12 06:50:04,No-Hostname;No-Hostname;mxac-bac1.bkb.rnp.br;mxro-mxac-3g-allo.bkb.rnp.br;cmt1-mxro-infobarra.bkb.rnp.br;mxgo-cmt1-acessonline.bkb.rnp.br;lango-go.bkb.rnp.br;No-Hostname;monipe-go-atraso.rnp.br
1749722573,2025-06-12 07:02:53,No-Hostname;No-Hostname;mxac-bac1.bkb.rnp.br;mxro-mxac-3g-allo.bkb.rnp.br;cmt1-mxro-infobarra.bkb.rnp.br;mxgo-cmt1-acessonline.bkb.rnp.br;lango-go.bkb.rnp.br;No-Hostname;monipe-go-atraso.rnp.br
1749723267,2025-06-12 07:14:27,No-Hostname;No-Hostname;mxac-bac1.bkb.rnp.br;mxro-mxac-3g-allo.bkb.rnp.br;cmt1-mxro-infobarra.bkb.rnp.br;mxgo-cmt1-acessonline.bkb.rnp.br;lango-go.bkb.rnp.br;No-Hostname;monipe-go-atraso.rnp.br
1749723625,2025-06-12 07:20:25,No-Hostname;No-Hostname;mxac-bac1.bkb.rnp.br;mxro-mxac-3g-allo.bkb.rnp.br;cmt1-mxro-infobarra.bkb.rnp.br;mxgo-cmt1-acessonline.bkb.rnp.br;lango-go.bkb.rnp.br;No-Hostname;monipe-go-atraso.rnp.br
1749724156,2025-06-12 07:29:16,No-Hostname;No-Hostname;mxac-bac1.bkb.rnp.br;mxro-mxac-3g-allo.bkb.rnp.br;cmt1-mxro-infobarra.bkb.rnp.br;mxgo-cmt1-acessonline.bkb.rnp.br;lango-go.bkb.rnp.br;No-Hostname;monipe-go-atraso.rnp.br
1749725055,2025-06-12 07:44:15,No-Hostname;No-Hostname;mxac-bac1.bkb.rnp.br;mxro-mxac-3g-allo.bkb.rnp.br;cmt1-mxro-infobarra.bkb.rnp.br;mxgo-cmt1-acessonline.bkb.rnp.br;lango-go.bkb.rnp.br;No-Hostname;monipe-go-atraso.rnp.br
1749725334,2025-06-12 07:48:54,No-Hostname;No-Hostname;mxac-bac1.bkb.rnp.br;mxro-mxac-3g-allo.bkb.rnp.br;cmt1-mxro-infobarra.bkb.rnp.br;mxgo-cmt1-acessonline.bkb.rnp.br;lango-go.bkb.rnp.br;No-Hostname;monipe-go-atraso.rnp.br
1749726144,2025-06-12 08:02:24,No-Hostname;No-Hostname;mxac-bac1.bkb.rnp.br;mxro-mxac-3g-allo.bkb.rnp.br;cmt1-mxro-infobarra.bkb.rnp.br;mxgo-cmt1-acessonline.bkb.rnp.br;lango-go.bkb.rnp.br;No-Hostname;monipe-go-atraso.rnp.br
1749726577,2025-06-12 08:09:37,No-Hostname;No-Hostname;mxac-bac1.bkb.rnp.br;mxro-mxac-3g-allo.bkb.rnp.br;cmt1-mxro-infobarra.bkb.rnp.br;mxgo-cmt1-acessonline.bkb.rnp.br;lango-go.bkb.rnp.br;No-Hostname;monipe-go-atraso.rnp.br
1749727516,2025-06-12 08:25:16,No-Hostname;No-Hostname;mxac-bac1.bkb.rnp.br;mxro-mxac-3g-allo.bkb.rnp.br;cmt1-mxro-infobarra.bkb.rnp.br;mxgo-cmt1-acessonline.bkb.rnp.br;lango-go.bkb.rnp.br;No-Hostname;monipe-go-atraso.rnp.br
1749728056,2025-06-12 08:34:16,No-Hostname;No-Hostname;mxac-bac1.bkb.rnp.br;mxro-mxac-3g-allo.bkb.rnp.br;cmt1-mxro-infobarra.bkb.rnp.br;mxgo-cmt1-acessonline.bkb.rnp.br;lango-go.bkb.rnp.br;No-Hostname;monipe-go-atraso.rnp.br
1749728604,2025-06-12 08:43:24,No-Hostname;No-Hostname;mxac-bac1.bkb.rnp.br;mxro-mxac-3g-allo.bkb.rnp.br;cmt1-mxro-infobarra.bkb.rnp.br;mxgo-cmt1-acessonline.bkb.rnp.br;lango-go.bkb.rnp.br;No-Hostname;monipe-go-atraso.rnp.br
1749729071,2025-06-12 08:51:11,No-Hostname;No-Hostname;mxac-bac1.bkb.rnp.br;mxro-mxac-3g-allo.bkb.rnp.br;cmt1-mxro-infobarra.bkb.rnp.br;mxgo-cmt1-acessonline.bkb.rnp.br;lango-go.bkb.rnp.br;No-Hostname;monipe-go-atraso.rnp.br
1749730078,2025-06-12 09:07:58,No-Hostname;No-Hostname;mxac-bac1.bkb.rnp.br;mxro-mxac-3g-allo.bkb.rnp.br;cmt1-mxro-infobarra.bkb.rnp.br;mxgo-cmt1-acessonline.bkb.rnp.br;lango-go.bkb.rnp.br;No-Hostname;monipe-go-atraso.rnp.br
1749731085,2025-06-12 09:24:45,No-Hostname;No-Hostname;mxac-bac1.bkb.rnp.br;mxro-mxac-3g-allo.bkb.rnp.br;cmt1-mxro-infobarra.bkb.rnp.br;mxgo-cmt1-acessonline.bkb.rnp.br;lango-go.bkb.rnp.br;No-Hostname;monipe-go-atraso.rnp.br
1749731583,2025-06-12 09:33:03,No-Hostname;No-Hostname;mxac-bac1.bkb.rnp.br;mxro-mxac-3g-allo.bkb.rnp.br;cmt1-mxro-infobarra.bkb.rnp.br;mxgo-cmt1-acessonline.bkb.rnp.br;lango-go.bkb.rnp.br;No-Hostname;monipe-go-atraso.rnp.br
1749732073,2025-06-12 09:41:13,No-Hostname;No-Hostname;mxac-bac1.bkb.rnp.br;mxro-mxac-3g-allo.bkb.rnp.br;cmt1-mxro-infobarra.bkb.rnp.br;mxgo-cmt1-acessonline.bkb.rnp.br;lango-go.bkb.rnp.br;No-Hostname;monipe-go-atraso.rnp.br
1749732581,2025-06-12 09:49:41,No-Hostname;No-Hostname;mxac-bac1.bkb.rnp.br;mxro-mxac-3g-allo.bkb.rnp.br;cmt1-mxro-infobarra.bkb.rnp.br;mxgo-cmt1-acessonline.bkb.rnp.br;lango-go.bkb.rnp.br;No-Hostname;monipe-go-atraso.rnp.br
1749733135,2025-06-12 09:58:55,No-Hostname;No-Hostname;mxac-bac1.bkb.rnp.br;mxro-mxac-3g-allo.bkb.rnp.br;cmt1-mxro-infobarra.bkb.rnp.br;mxgo-cmt1-acessonline.bkb.rnp.br;lango-go.bkb.rnp.br;No-Hostname;monipe-go-atraso.rnp.br
1749733954,2025-06-12 10:12:34,No-Hostname;No-Hostname;mxac-bac1.bkb.rnp.br;mxro-mxac-3g-allo.bkb.rnp.br;cmt1-mxro-infobarra.bkb.rnp.br;mxgo-cmt1-acessonline.bkb.rnp.br;lango-go.bkb.rnp.br;No-Hostname;monipe-go-atraso.rnp.br
1749734617,2025-06-12 10:23:37,No-Hostname;No-Hostname;mxac-bac1.bkb.rnp.br;mxro-mxac-3g-allo.bkb.rnp.br;cmt1-mxro-infobarra.bkb.rnp.br;mxgo-cmt1-acessonline.bkb.rnp.br;lango-go.bkb.rnp.br;No-Hostname;monipe-go-atraso.rnp.br
1749735072,2025-06-12 10:31:12,No-Hostname;No-Hostname;mxac-bac1.bkb.rnp.br;mxro-mxac-3g-allo.bkb.rnp.br;cmt1-mxro-infobarra.bkb.rnp.br;mxgo-cmt1-acessonline.bkb.rnp.br;lango-go.bkb.rnp.br;No-Hostname;monipe-go-atraso.rnp.br
1749735913,2025-06-12 10:45:13,No-Hostname;No-Hostname;mxac-bac1.bkb.rnp.br;mxro-mxac-3g-allo.bkb.rnp.br;cmt1-mxro-infobarra.bkb.rnp.br;mxgo-cmt1-acessonline.bkb.rnp.br;lango-go.bkb.rnp.br;No-Hostname;monipe-go-atraso.rnp.br
1749736134,2025-06-12 10:48:54,No-Hostname;No-Hostname;mxac-bac1.bkb.rnp.br;mxro-mxac-3g-allo.bkb.rnp.br;cmt1-mxro-infobarra.bkb.rnp.br;mxgo-cmt1-acessonline.bkb.rnp.br;lango-go.bkb.rnp.br;No-Hostname;monipe-go-atraso.rnp.br
1749737101,2025-06-12 11:05:01,No-Hostname;No-Hostname;mxac-bac1.bkb.rnp.br;mxro-mxac-3g-allo.bkb.rnp.br;cmt1-mxro-infobarra.bkb.rnp.br;mxgo-cmt1-acessonline.bkb.rnp.br;lango-go.bkb.rnp.br;No-Hostname;monipe-go-atraso.rnp.br
1749737386,2025-06-12 11:09:46,No-Hostname;No-Hostname;mxac-bac1.bkb.rnp.br;mxro-mxac-3g-allo.bkb.rnp.br;cmt1-mxro-infobarra.bkb.rnp.br;mxgo-cmt1-acessonline.bkb.rnp.br;lango-go.bkb.rnp.br;No-Hostname;monipe-go-atraso.rnp.br
1749738030,2025-06-12 11:20:30,No-Hostname;No-Hostname;mxac-bac1.bkb.rnp.br;mxro-mxac-3g-allo.bkb.rnp.br;cmt1-mxro-infobarra.bkb.rnp.br;mxgo-cmt1-acessonline.bkb.rnp.br;lango-go.bkb.rnp.br;No-Hostname;monipe-go-atraso.rnp.br
1749738671,2025-06-12 11:31:11,No-Hostname;No-Hostname;mxac-bac1.bkb.rnp.br;mxro-mxac-3g-allo.bkb.rnp.br;cmt1-mxro-infobarra.bkb.rnp.br;mxgo-cmt1-acessonline.bkb.rnp.br;lango-go.bkb.rnp.br;No-Hostname;monipe-go-atraso.rnp.br
1749739303,2025-06-12 11:41:43,No-Hostname;No-Hostname;mxac-bac1.bkb.rnp.br;mxro-mxac-3g-allo.bkb.rnp.br;cmt1-mxro-infobarra.bkb.rnp.br;mxgo-cmt1-acessonline.bkb.rnp.br;lango-go.bkb.rnp.br;No-Hostname;monipe-go-atraso.rnp.br
1749739951,2025-06-12 11:52:31,No-Hostname;No-Hostname;mxac-bac1.bkb.rnp.br;mxro-mxac-3g-allo.bkb.rnp.br;cmt1-mxro-infobarra.bkb.rnp.br;mxgo-cmt1-acessonline.bkb.rnp.br;lango-go.bkb.rnp.br;No-Hostname;monipe-go-atraso.rnp.br
1749740319,2025-06-12 11:58:39,No-Hostname;No-Hostname;mxac-bac1.bkb.rnp.br;mxro-mxac-3g-allo.bkb.rnp.br;cmt1-mxro-infobarra.bkb.rnp.br;mxgo-cmt1-acessonline.bkb.rnp.br;lango-go.bkb.rnp.br;No-Hostname;monipe-go-atraso.rnp.br
1749740965,2025-06-12 12:09:25,No-Hostname;No-Hostname;mxac-bac1.bkb.rnp.br;mxro-mxac-3g-allo.bkb.rnp.br;cmt1-mxro-infobarra.bkb.rnp.br;mxgo-cmt1-acessonline.bkb.rnp.br;lango-go.bkb.rnp.br;No-Hostname;monipe-go-atraso.rnp.br
1749741826,2025-06-12 12:23:46,No-Hostname;No-Hostname;mxac-bac1.bkb.rnp.br;mxro-mxac-3g-allo.bkb.rnp.br;cmt1-mxro-infobarra.bkb.rnp.br;mxgo-cmt1-acessonline.bkb.rnp.br;lango-go.bkb.rnp.br;No-Hostname;monipe-go-atraso.rnp.br
1749742292,2025-06-12 12:31:32,No-Hostname;No-Hostname;mxac-bac1.bkb.rnp.br;mxro-mxac-3g-allo.bkb.rnp.br;cmt1-mxro-infobarra.bkb.rnp.br;mxgo-cmt1-acessonline.bkb.rnp.br;lango-go.bkb.rnp.br;No-Hostname;monipe-go-atraso.rnp.br
1749743116,2025-06-12 12:45:16,No-Hostname;No-Hostname;mxac-bac1.bkb.rnp.br;mxro-mxac-3g-allo.bkb.rnp.br;cmt1-mxro-infobarra.bkb.rnp.br;mxgo-cmt1-acessonline.bkb.rnp.br;lango-go.bkb.rnp.br;No-Hostname;monipe-go-atraso.rnp.br
1749743455,2025-06-12 12:50:55,No-Hostname;No-Hostname;mxac-bac1.bkb.rnp.br;mxro-mxac-3g-allo.bkb.rnp.br;cmt1-mxro-infobarra.bkb.rnp.br;mxgo-cmt1-acessonline.bkb.rnp.br;lango-go.bkb.rnp.br;No-Hostname;monipe-go-atraso.rnp.br
1749744062,2025-06-12 13:01:02,No-Hostname;No-Hostname;mxac-bac1.bkb.rnp.br;mxro-mxac-3g-allo.bkb.rnp.br;cmt1-mxro-infobarra.bkb.rnp.br;mxgo-cmt1-acessonline.bkb.rnp.br;lango-go.bkb.rnp.br;No-Hostname;monipe-go-atraso.rnp.br
1749744802,2025-06-12 13:13:22,No-Hostname;No-Hostname;mxac-bac1.bkb.rnp.br;mxro-mxac-3g-allo.bkb.rnp.br;cmt1-mxro-infobarra.bkb.rnp.br;mxgo-cmt1-acessonline.bkb.rnp.br;lango-go.bkb.rnp.br;No-Hostname;monipe-go-atraso.rnp.br
1749745254,2025-06-12 13:20:54,No-Hostname;No-Hostname;mxac-bac1.bkb.rnp.br;mxro-mxac-3g-allo.bkb.rnp.br;cmt1-mxro-infobarra.bkb.rnp.br;mxgo-cmt1-acessonline.bkb.rnp.br;lango-go.bkb.rnp.br;No-Hostname;monipe-go-atraso.rnp.br
1749745687,2025-06-12 13:28:07,No-Hostname;No-Hostname;mxac-bac1.bkb.rnp.br;mxro-mxac-3g-allo.bkb.rnp.br;cmt1-mxro-infobarra.bkb.rnp.br;mxgo-cmt1-acessonline.bkb.rnp.br;lango-go.bkb.rnp.br;No-Hostname;monipe-go-atraso.rnp.br
1749746243,2025-06-12 13:37:23,No-Hostname;No-Hostname;mxac-bac1.bkb.rnp.br;ro-ac-oi.bkb.rnp.br;cmt1-mxro-infobarra.bkb.rnp.br;mxgo-cmt1-acessonline.bkb.rnp.br;lango-go.bkb.rnp.br;No-Hostname;monipe-go-atraso.rnp.br
1749747066,2025-06-12 13:51:06,No-Hostname;No-Hostname;mxac-bac1.bkb.rnp.br;ro-ac-oi.bkb.rnp.br;cmt1-mxro-infobarra.bkb.rnp.br;mxgo-cmt1-acessonline.bkb.rnp.br;lango-go.bkb.rnp.br;No-Hostname;monipe-go-atraso.rnp.br
1749747807,2025-06-12 14:03:27,No-Hostname;No-Hostname;mxac-bac1.bkb.rnp.br;ro-ac-oi.bkb.rnp.br;cmt1-mxro-infobarra.bkb.rnp.br;mxgo-cmt1-acessonline.bkb.rnp.br;lango-go.bkb.rnp.br;No-Hostname;monipe-go-atraso.rnp.br
1749748150,2025-06-12 14:09:10,No-Hostname;No-Hostname;mxac-bac1.bkb.rnp.br;ro-ac-oi.bkb.rnp.br;cmt1-mxro-infobarra.bkb.rnp.br;mxgo-cmt1-acessonline.bkb.rnp.br;lango-go.bkb.rnp.br;No-Hostname;monipe-go-atraso.rnp.br
1749749143,2025-06-12 14:25:43,No-Hostname;No-Hostname;mxac-bac1.bkb.rnp.br;mxro-mxac-3g-allo.bkb.rnp.br;cmt1-mxro-infobarra.bkb.rnp.br;mxgo-cmt1-acessonline.bkb.rnp.br;lango-go.bkb.rnp.br;No-Hostname;monipe-go-atraso.rnp.br
1749749726,2025-06-12 14:35:26,No-Hostname;No-Hostname;mxac-bac1.bkb.rnp.br;mxro-mxac-3g-allo.bkb.rnp.br;cmt1-mxro-infobarra.bkb.rnp.br;mxgo-cmt1-acessonline.bkb.rnp.br;lango-go.bkb.rnp.br;No-Hostname;monipe-go-atraso.rnp.br
1749750296,2025-06-12 14:44:56,No-Hostname;No-Hostname;mxac-bac1.bkb.rnp.br;ro-ac-oi.bkb.rnp.br;cmt1-mxro-infobarra.bkb.rnp.br;cdf1-cmt1-telebras.bkb.rnp.br;mxgo-cdf1-brdigital.bkb.rnp.br;lango-go.bkb.rnp.br;No-Hostname;monipe-go-atraso.rnp.br
1749750774,2025-06-12 14:52:54,No-Hostname;No-Hostname;mxac-bac1.bkb.rnp.br;mxro-mxac-3g-allo.bkb.rnp.br;cmt1-mxro-infobarra.bkb.rnp.br;mxgo-cmt1-acessonline.bkb.rnp.br;lango-go.bkb.rnp.br;No-Hostname;monipe-go-atraso.rnp.br
1749751158,2025-06-12 14:59:18,No-Hostname;No-Hostname;mxac-bac1.bkb.rnp.br;mxro-mxac-3g-allo.bkb.rnp.br;cmt1-mxro-infobarra.bkb.rnp.br;mxgo-cmt1-acessonline.bkb.rnp.br;lango-go.bkb.rnp.br;No-Hostname;monipe-go-atraso.rnp.br
1749751695,2025-06-12 15:08:15,No-Hostname;No-Hostname;mxac-bac1.bkb.rnp.br;mxro-mxac-3g-allo.bkb.rnp.br;cmt1-mxro-infobarra.bkb.rnp.br;mxgo-cmt1-acessonline.bkb.rnp.br;lango-go.bkb.rnp.br;No-Hostname;monipe-go-atraso.rnp.br
1749752580,2025-06-12 15:23:00,No-Hostname;No-Hostname;mxac-bac1.bkb.rnp.br;ro-ac-oi.bkb.rnp.br;cmt1-mxro-infobarra.bkb.rnp.br;mxgo-cmt1-acessonline.bkb.rnp.br;lango-go.bkb.rnp.br;No-Hostname;monipe-go-atraso.rnp.br
1749752893,2025-06-12 15:28:13,No-Hostname;No-Hostname;mxac-bac1.bkb.rnp.br;ro-ac-oi.bkb.rnp.br;cmt1-mxro-infobarra.bkb.rnp.br;mxgo-cmt1-acessonline.bkb.rnp.br;lango-go.bkb.rnp.br;No-Hostname;monipe-go-atraso.rnp.br
1749753637,2025-06-12 15:40:37,No-Hostname;No-Hostname;mxac-bac1.bkb.rnp.br;ro-ac-oi.bkb.rnp.br;cmt1-mxro-infobarra.bkb.rnp.br;mxgo-cmt1-acessonline.bkb.rnp.br;lango-go.bkb.rnp.br;No-Hostname;monipe-go-atraso.rnp.br
1749754417,2025-06-12 15:53:37,No-Hostname;No-Hostname;mxac-bac1.bkb.rnp.br;mxro-mxac-3g-allo.bkb.rnp.br;cmt1-mxro-infobarra.bkb.rnp.br;mxgo-cmt1-acessonline.bkb.rnp.br;lango-go.bkb.rnp.br;No-Hostname;monipe-go-atraso.rnp.br
1749754735,2025-06-12 15:58:55,No-Hostname;No-Hostname;mxac-bac1.bkb.rnp.br;mxro-mxac-3g-allo.bkb.rnp.br;cmt1-mxro-infobarra.bkb.rnp.br;mxgo-cmt1-acessonline.bkb.rnp.br;lango-go.bkb.rnp.br;No-Hostname;monipe-go-atraso.rnp.br
1749755681,2025-06-12 16:14:41,No-Hostname;No-Hostname;mxac-bac1.bkb.rnp.br;mxro-mxac-3g-allo.bkb.rnp.br;cmt1-mxro-infobarra.bkb.rnp.br;mxgo-cmt1-acessonline.bkb.rnp.br;lango-go.bkb.rnp.br;No-Hostname;monipe-go-atraso.rnp.br
1749755865,2025-06-12 16:17:45,No-Hostname;No-Hostname;mxac-bac1.bkb.rnp.br;mxro-mxac-3g-allo.bkb.rnp.br;cmt1-mxro-infobarra.bkb.rnp.br;mxgo-cmt1-acessonline.bkb.rnp.br;lango-go.bkb.rnp.br;No-Hostname;monipe-go-atraso.rnp.br
1749756671,2025-06-12 16:31:11,No-Hostname;No-Hostname;mxac-bac1.bkb.rnp.br;mxro-mxac-3g-allo.bkb.rnp.br;cmt1-mxro-infobarra.bkb.rnp.br;mxgo-cmt1-acessonline.bkb.rnp.br;lango-go.bkb.rnp.br;No-Hostname;monipe-go-atraso.rnp.br
1749757521,2025-06-12 16:45:21,No-Hostname;No-Hostname;mxac-bac1.bkb.rnp.br;ro-ac-oi.bkb.rnp.br;cmt1-mxro-infobarra.bkb.rnp.br;mxgo-cmt1-acessonline.bkb.rnp.br;lango-go.bkb.rnp.br;No-Hostname;monipe-go-atraso.rnp.br
1749758109,2025-06-12 16:55:09,No-Hostname;No-Hostname;mxac-bac1.bkb.rnp.br;mxro-mxac-3g-allo.bkb.rnp.br;cmt1-mxro-infobarra.bkb.rnp.br;mxgo-cmt1-acessonline.bkb.rnp.br;lango-go.bkb.rnp.br;No-Hostname;monipe-go-atraso.rnp.br
1749758341,2025-06-12 16:59:01,No-Hostname;No-Hostname;mxac-bac1.bkb.rnp.br;mxro-mxac-3g-allo.bkb.rnp.br;cmt1-mxro-infobarra.bkb.rnp.br;mxgo-cmt1-acessonline.bkb.rnp.br;lango-go.bkb.rnp.br;No-Hostname;monipe-go-atraso.rnp.br
1749759205,2025-06-12 17:13:25,No-Hostname;No-Hostname;mxac-bac1.bkb.rnp.br;mxro-mxac-3g-allo.bkb.rnp.br;cmt1-mxro-infobarra.bkb.rnp.br;mxgo-cmt1-acessonline.bkb.rnp.br;lango-go.bkb.rnp.br;No-Hostname;monipe-go-atraso.rnp.br
1749759454,2025-06-12 17:17:34,No-Hostname;No-Hostname;mxac-bac1.bkb.rnp.br;mxro-mxac-3g-allo.bkb.rnp.br;cmt1-mxro-infobarra.bkb.rnp.br;mxgo-cmt1-acessonline.bkb.rnp.br;lango-go.bkb.rnp.br;No-Hostname;monipe-go-atraso.rnp.br
1749760140,2025-06-12 17:29:00,No-Hostname;No-Hostname;mxac-bac1.bkb.rnp.br;ro-ac-oi.bkb.rnp.br;cmt1-mxro-infobarra.bkb.rnp.br;mxgo-cmt1-acessonline.bkb.rnp.br;lango-go.bkb.rnp.br;No-Hostname;monipe-go-atraso.rnp.br
1749760940,2025-06-12 17:42:20,No-Hostname;No-Hostname;mxac-bac1.bkb.rnp.br;ro-ac-oi.bkb.rnp.br;cmt1-mxro-infobarra.bkb.rnp.br;mxgo-cmt1-acessonline.bkb.rnp.br;lango-go.bkb.rnp.br;No-Hostname;monipe-go-atraso.rnp.br
1749761641,2025-06-12 17:54:01,No-Hostname;No-Hostname;mxac-bac1.bkb.rnp.br;mxro-mxac-3g-allo.bkb.rnp.br;cmt1-mxro-infobarra.bkb.rnp.br;mxgo-cmt1-acessonline.bkb.rnp.br;lango-go.bkb.rnp.br;No-Hostname;monipe-go-atraso.rnp.br
1749762030,2025-06-12 18:00:30,No-Hostname;No-Hostname;mxac-bac1.bkb.rnp.br;mxro-mxac-3g-allo.bkb.rnp.br;cmt1-mxro-infobarra.bkb.rnp.br;No-Hostname;lango-go.bkb.rnp.br;No-Hostname;monipe-go-atraso.rnp.br
1749762522,2025-06-12 18:08:42,No-Hostname;No-Hostname;mxac-bac1.bkb.rnp.br;mxro-mxac-3g-allo.bkb.rnp.br;cmt1-mxro-infobarra.bkb.rnp.br;mxgo-cmt1-acessonline.bkb.rnp.br;lango-go.bkb.rnp.br;No-Hostname;monipe-go-atraso.rnp.br
1749763338,2025-06-12 18:22:18,No-Hostname;No-Hostname;mxac-bac1.bkb.rnp.br;ro-ac-oi.bkb.rnp.br;cmt1-mxro-infobarra.bkb.rnp.br;mxgo-cmt1-acessonline.bkb.rnp.br;lango-go.bkb.rnp.br;No-Hostname;monipe-go-atraso.rnp.br
1749763712,2025-06-12 18:28:32,No-Hostname;No-Hostname;mxac-bac1.bkb.rnp.br;ro-ac-oi.bkb.rnp.br;cmt1-mxro-infobarra.bkb.rnp.br;mxgo-cmt1-acessonline.bkb.rnp.br;lango-go.bkb.rnp.br;No-Hostname;monipe-go-atraso.rnp.br
1749764343,2025-06-12 18:39:03,No-Hostname;No-Hostname;mxac-bac1.bkb.rnp.br;ro-ac-oi.bkb.rnp.br;cmt1-mxro-infobarra.bkb.rnp.br;mxgo-cmt1-acessonline.bkb.rnp.br;lango-go.bkb.rnp.br;No-Hostname;monipe-go-atraso.rnp.br
1749764849,2025-06-12 18:47:29,No-Hostname;No-Hostname;mxac-bac1.bkb.rnp.br;ro-ac-oi.bkb.rnp.br;cmt1-mxro-infobarra.bkb.rnp.br;mxgo-cmt1-acessonline.bkb.rnp.br;lango-go.bkb.rnp.br;No-Hostname;monipe-go-atraso.rnp.br
1749765636,2025-06-12 19:00:36,No-Hostname;No-Hostname;mxac-bac1.bkb.rnp.br;ro-ac-oi.bkb.rnp.br;cmt1-mxro-infobarra.bkb.rnp.br;mxgo-cmt1-acessonline.bkb.rnp.br;lango-go.bkb.rnp.br;No-Hostname;monipe-go-atraso.rnp.br
1749766306,2025-06-12 19:11:46,No-Hostname;No-Hostname;mxac-bac1.bkb.rnp.br;mxro-mxac-3g-allo.bkb.rnp.br;cmt1-mxro-infobarra.bkb.rnp.br;mxgo-cmt1-acessonline.bkb.rnp.br;lango-go.bkb.rnp.br;No-Hostname;monipe-go-atraso.rnp.br
1749767111,2025-06-12 19:25:11,No-Hostname;No-Hostname;mxac-bac1.bkb.rnp.br;ro-ac-oi.bkb.rnp.br;cmt1-mxro-infobarra.bkb.rnp.br;mxgo-cmt1-acessonline.bkb.rnp.br;lango-go.bkb.rnp.br;No-Hostname;monipe-go-atraso.rnp.br
1749767367,2025-06-12 19:29:27,No-Hostname;No-Hostname;mxac-bac1.bkb.rnp.br;ro-ac-oi.bkb.rnp.br;cmt1-mxro-infobarra.bkb.rnp.br;mxgo-cmt1-acessonline.bkb.rnp.br;lango-go.bkb.rnp.br;No-Hostname;monipe-go-atraso.rnp.br
1749767956,2025-06-12 19:39:16,No-Hostname;No-Hostname;mxac-bac1.bkb.rnp.br;ro-ac-oi.bkb.rnp.br;cmt1-mxro-infobarra.bkb.rnp.br;mxgo-cmt1-acessonline.bkb.rnp.br;lango-go.bkb.rnp.br;No-Hostname;monipe-go-atraso.rnp.br
1749768461,2025-06-12 19:47:41,No-Hostname;No-Hostname;mxac-bac1.bkb.rnp.br;ro-ac-oi.bkb.rnp.br;cmt1-mxro-infobarra.bkb.rnp.br;mxgo-cmt1-acessonline.bkb.rnp.br;lango-go.bkb.rnp.br;No-Hostname;monipe-go-atraso.rnp.br
1749769473,2025-06-12 20:04:33,No-Hostname;No-Hostname;mxac-bac1.bkb.rnp.br;mxro-mxac-3g-allo.bkb.rnp.br;cmt1-mxro-infobarra.bkb.rnp.br;mxgo-cmt1-acessonline.bkb.rnp.br;lango-go.bkb.rnp.br;No-Hostname;monipe-go-atraso.rnp.br
1749769732,2025-06-12 20:08:52,No-Hostname;No-Hostname;mxac-bac1.bkb.rnp.br;mxro-mxac-3g-allo.bkb.rnp.br;cmt1-mxro-infobarra.bkb.rnp.br;mxgo-cmt1-acessonline.bkb.rnp.br;lango-go.bkb.rnp.br;No-Hostname;monipe-go-atraso.rnp.br
1749770644,2025-06-12 20:24:04,No-Hostname;No-Hostname;mxac-bac1.bkb.rnp.br;ro-ac-oi.bkb.rnp.br;cmt1-mxro-infobarra.bkb.rnp.br;mxgo-cmt1-acessonline.bkb.rnp.br;lango-go.bkb.rnp.br;No-Hostname;monipe-go-atraso.rnp.br
1749771098,2025-06-12 20:31:38,No-Hostname;No-Hostname;mxac-bac1.bkb.rnp.br;ro-ac-oi.bkb.rnp.br;cmt1-mxro-infobarra.bkb.rnp.br;mxgo-cmt1-acessonline.bkb.rnp.br;lango-go.bkb.rnp.br;No-Hostname;monipe-go-atraso.rnp.br
1749771901,2025-06-12 20:45:01,No-Hostname;No-Hostname;mxac-bac1.bkb.rnp.br;mxro-mxac-3g-allo.bkb.rnp.br;cmt1-mxro-infobarra.bkb.rnp.br;mxgo-cmt1-acessonline.bkb.rnp.br;lango-go.bkb.rnp.br;No-Hostname;monipe-go-atraso.rnp.br
1749772313,2025-06-12 20:51:53,No-Hostname;No-Hostname;mxac-bac1.bkb.rnp.br;mxro-mxac-3g-allo.bkb.rnp.br;cmt1-mxro-infobarra.bkb.rnp.br;mxgo-cmt1-acessonline.bkb.rnp.br;lango-go.bkb.rnp.br;No-Hostname;monipe-go-atraso.rnp.br
1749772705,2025-06-12 20:58:25,No-Hostname;No-Hostname;mxac-bac1.bkb.rnp.br;mxro-mxac-3g-allo.bkb.rnp.br;cmt1-mxro-infobarra.bkb.rnp.br;mxgo-cmt1-acessonline.bkb.rnp.br;lango-go.bkb.rnp.br;No-Hostname;monipe-go-atraso.rnp.br
1749773409,2025-06-12 21:10:09,No-Hostname;No-Hostname;mxac-bac1.bkb.rnp.br;mxro-mxac-3g-allo.bkb.rnp.br;cmt1-mxro-infobarra.bkb.rnp.br;mxgo-cmt1-acessonline.bkb.rnp.br;lango-go.bkb.rnp.br;No-Hostname;monipe-go-atraso.rnp.br
1749774220,2025-06-12 21:23:40,No-Hostname;No-Hostname;mxac-bac1.bkb.rnp.br;ro-ac-oi.bkb.rnp.br;cmt1-mxro-infobarra.bkb.rnp.br;mxgo-cmt1-acessonline.bkb.rnp.br;lango-go.bkb.rnp.br;No-Hostname;monipe-go-atraso.rnp.br
1749774945,2025-06-12 21:35:45,No-Hostname;No-Hostname;mxac-bac1.bkb.rnp.br;ro-ac-oi.bkb.rnp.br;cmt1-mxro-infobarra.bkb.rnp.br;mxgo-cmt1-acessonline.bkb.rnp.br;lango-go.bkb.rnp.br;No-Hostname;monipe-go-atraso.rnp.br
1749775221,2025-06-12 21:40:21,No-Hostname;No-Hostname;mxac-bac1.bkb.rnp.br;ro-ac-oi.bkb.rnp.br;cmt1-mxro-infobarra.bkb.rnp.br;mxgo-cmt1-acessonline.bkb.rnp.br;lango-go.bkb.rnp.br;No-Hostname;monipe-go-atraso.rnp.br
1749775700,2025-06-12 21:48:20,No-Hostname;No-Hostname;mxac-bac1.bkb.rnp.br;ro-ac-oi.bkb.rnp.br;cmt1-mxro-infobarra.bkb.rnp.br;mxgo-cmt1-acessonline.bkb.rnp.br;lango-go.bkb.rnp.br;No-Hostname;monipe-go-atraso.rnp.br
1749777088,2025-06-12 22:11:28,No-Hostname;No-Hostname;mxac-bac1.bkb.rnp.br;ro-ac-oi.bkb.rnp.br;cmt1-mxro-infobarra.bkb.rnp.br;mxgo-cmt1-acessonline.bkb.rnp.br;lango-go.bkb.rnp.br;No-Hostname;monipe-go-atraso.rnp.br
1749777609,2025-06-12 22:20:09,No-Hostname;No-Hostname;mxac-bac1.bkb.rnp.br;ro-ac-oi.bkb.rnp.br;cmt1-mxro-infobarra.bkb.rnp.br;mxgo-cmt1-acessonline.bkb.rnp.br;lango-go.bkb.rnp.br;No-Hostname;monipe-go-atraso.rnp.br
1749778211,2025-06-12 22:30:11,No-Hostname;No-Hostname;mxac-bac1.bkb.rnp.br;mxro-mxac-3g-allo.bkb.rnp.br;cmt1-mxro-infobarra.bkb.rnp.br;mxgo-cmt1-acessonline.bkb.rnp.br;lango-go.bkb.rnp.br;No-Hostname;monipe-go-atraso.rnp.br
1749778779,2025-06-12 22:39:39,No-Hostname;No-Hostname;mxac-bac1.bkb.rnp.br;mxro-mxac-3g-allo.bkb.rnp.br;cmt1-mxro-infobarra.bkb.rnp.br;mxgo-cmt1-acessonline.bkb.rnp.br;lango-go.bkb.rnp.br;No-Hostname;monipe-go-atraso.rnp.br
1749779746,2025-06-12 22:55:46,No-Hostname;No-Hostname;mxac-bac1.bkb.rnp.br;ro-ac-oi.bkb.rnp.br;cmt1-mxro-infobarra.bkb.rnp.br;mxgo-cmt1-acessonline.bkb.rnp.br;lango-go.bkb.rnp.br;No-Hostname;monipe-go-atraso.rnp.br
1749779909,2025-06-12 22:58:29,No-Hostname;No-Hostname;mxac-bac1.bkb.rnp.br;ro-ac-oi.bkb.rnp.br;cmt1-mxro-infobarra.bkb.rnp.br;mxgo-cmt1-acessonline.bkb.rnp.br;lango-go.bkb.rnp.br;No-Hostname;monipe-go-atraso.rnp.br
1749780551,2025-06-12 23:09:11,No-Hostname;No-Hostname;mxac-bac1.bkb.rnp.br;ro-ac-oi.bkb.rnp.br;cmt1-mxro-infobarra.bkb.rnp.br;mxgo-cmt1-acessonline.bkb.rnp.br;lango-go.bkb.rnp.br;No-Hostname;monipe-go-atraso.rnp.br
1749781081,2025-06-12 23:18:01,No-Hostname;No-Hostname;mxac-bac1.bkb.rnp.br;ro-ac-oi.bkb.rnp.br;cmt1-mxro-infobarra.bkb.rnp.br;mxgo-cmt1-acessonline.bkb.rnp.br;lango-go.bkb.rnp.br;No-Hostname;monipe-go-atraso.rnp.br
1749781781,2025-06-12 23:29:41,No-Hostname;No-Hostname;mxac-bac1.bkb.rnp.br;mxro-mxac-3g-allo.bkb.rnp.br;cmt1-mxro-infobarra.bkb.rnp.br;mxgo-cmt1-acessonline.bkb.rnp.br;lango-go.bkb.rnp.br;No-Hostname;monipe-go-atraso.rnp.br
1749782287,2025-06-12 23:38:07,No-Hostname;No-Hostname;mxac-bac1.bkb.rnp.br;ro-ac-oi.bkb.rnp.br;cmt1-mxro-infobarra.bkb.rnp.br;mxms-cmt1-telebras.bkb.rnp.br;mxgo-mxms-brdigital.bkb.rnp.br;lango-go.bkb.rnp.br;No-Hostname;monipe-go-atraso.rnp.br
1749783213,2025-06-12 23:53:33,No-Hostname;No-Hostname;mxac-bac1.bkb.rnp.br;ro-ac-oi.bkb.rnp.br;cmt1-mxro-infobarra.bkb.rnp.br;mxgo-cmt1-acessonline.bkb.rnp.br;lango-go.bkb.rnp.br;No-Hostname;monipe-go-atraso.rnp.br
1749783933,2025-06-13 00:05:33,No-Hostname;No-Hostname;mxac-bac1.bkb.rnp.br;ro-ac-oi.bkb.rnp.br;cmt1-mxro-infobarra.bkb.rnp.br;mxgo-cmt1-acessonline.bkb.rnp.br;lango-go.bkb.rnp.br;No-Hostname;monipe-go-atraso.rnp.br
1749784548,2025-06-13 00:15:48,No-Hostname;No-Hostname;mxac-bac1.bkb.rnp.br;ro-ac-oi.bkb.rnp.br;cmt1-mxro-infobarra.bkb.rnp.br;mxgo-cmt1-acessonline.bkb.rnp.br;lango-go.bkb.rnp.br;No-Hostname;monipe-go-atraso.rnp.br
1749784824,2025-06-13 00:20:24,No-Hostname;No-Hostname;mxac-bac1.bkb.rnp.br;ro-ac-oi.bkb.rnp.br;cmt1-mxro-infobarra.bkb.rnp.br;mxgo-cmt1-acessonline.bkb.rnp.br;lango-go.bkb.rnp.br;No-Hostname;monipe-go-atraso.rnp.br
1749785707,2025-06-13 00:35:07,No-Hostname;No-Hostname;mxac-bac1.bkb.rnp.br;mxro-mxac-3g-allo.bkb.rnp.br;cmt1-mxro-infobarra.bkb.rnp.br;mxms-cmt1-telebras.bkb.rnp.br;mxgo-mxms-brdigital.bkb.rnp.br;lango-go.bkb.rnp.br;No-Hostname;monipe-go-atraso.rnp.br
1749786034,2025-06-13 00:40:34,No-Hostname;No-Hostname;mxac-bac1.bkb.rnp.br;mxro-mxac-3g-allo.bkb.rnp.br;cmt1-mxro-infobarra.bkb.rnp.br;mxgo-cmt1-acessonline.bkb.rnp.br;lango-go.bkb.rnp.br;No-Hostname;monipe-go-atraso.rnp.br
1749786558,2025-06-13 00:49:18,No-Hostname;No-Hostname;mxac-bac1.bkb.rnp.br;mxro-mxac-3g-allo.bkb.rnp.br;cmt1-mxro-infobarra.bkb.rnp.br;mxgo-cmt1-acessonline.bkb.rnp.br;lango-go.bkb.rnp.br;No-Hostname;monipe-go-atraso.rnp.br
1749787871,2025-06-13 01:11:11,No-Hostname;No-Hostname;mxac-bac1.bkb.rnp.br;ro-ac-oi.bkb.rnp.br;cmt1-mxro-infobarra.bkb.rnp.br;mxgo-cmt1-acessonline.bkb.rnp.br;lango-go.bkb.rnp.br;No-Hostname;monipe-go-atraso.rnp.br
1749788474,2025-06-13 01:21:14,No-Hostname;No-Hostname;mxac-bac1.bkb.rnp.br;ro-ac-oi.bkb.rnp.br;cmt1-mxro-infobarra.bkb.rnp.br;mxgo-cmt1-acessonline.bkb.rnp.br;lango-go.bkb.rnp.br;No-Hostname;monipe-go-atraso.rnp.br
1749789696,2025-06-13 01:41:36,No-Hostname;No-Hostname;mxac-bac1.bkb.rnp.br;mxro-mxac-3g-allo.bkb.rnp.br;cmt1-mxro-infobarra.bkb.rnp.br;mxgo-cmt1-acessonline.bkb.rnp.br;lango-go.bkb.rnp.br;No-Hostname;monipe-go-atraso.rnp.br
1749791592,2025-06-13 02:13:12,No-Hostname;No-Hostname;mxac-bac1.bkb.rnp.br;ro-ac-oi.bkb.rnp.br;cmt1-mxro-infobarra.bkb.rnp.br;mxgo-cmt1-acessonline.bkb.rnp.br;lango-go.bkb.rnp.br;No-Hostname;monipe-go-atraso.rnp.br
1749791991,2025-06-13 02:19:51,No-Hostname;No-Hostname;mxac-bac1.bkb.rnp.br;ro-ac-oi.bkb.rnp.br;cmt1-mxro-infobarra.bkb.rnp.br;mxgo-cmt1-acessonline.bkb.rnp.br;lango-go.bkb.rnp.br;No-Hostname;monipe-go-atraso.rnp.br
1749792877,2025-06-13 02:34:37,No-Hostname;No-Hostname;mxac-bac1.bkb.rnp.br;mxro-mxac-3g-allo.bkb.rnp.br;cmt1-mxro-infobarra.bkb.rnp.br;mxgo-cmt1-acessonline.bkb.rnp.br;lango-go.bkb.rnp.br;No-Hostname;monipe-go-atraso.rnp.br
1749793704,2025-06-13 02:48:24,No-Hostname;No-Hostname;mxac-bac1.bkb.rnp.br;mxro-mxac-3g-allo.bkb.rnp.br;cmt1-mxro-infobarra.bkb.rnp.br;mxgo-cmt1-acessonline.bkb.rnp.br;lango-go.bkb.rnp.br;No-Hostname;monipe-go-atraso.rnp.br
1749794372,2025-06-13 02:59:32,No-Hostname;No-Hostname;mxac-bac1.bkb.rnp.br;ro-ac-oi.bkb.rnp.br;cmt1-mxro-infobarra.bkb.rnp.br;mxgo-cmt1-acessonline.bkb.rnp.br;lango-go.bkb.rnp.br;No-Hostname;monipe-go-atraso.rnp.br
1749794827,2025-06-13 03:07:07,No-Hostname;No-Hostname;mxac-bac1.bkb.rnp.br;ro-ac-oi.bkb.rnp.br;cmt1-mxro-infobarra.bkb.rnp.br;mxgo-cmt1-acessonline.bkb.rnp.br;lango-go.bkb.rnp.br;No-Hostname;monipe-go-atraso.rnp.br
1749795578,2025-06-13 03:19:38,No-Hostname;No-Hostname;mxac-bac1.bkb.rnp.br;ro-ac-oi.bkb.rnp.br;cmt1-mxro-infobarra.bkb.rnp.br;mxgo-cmt1-acessonline.bkb.rnp.br;lango-go.bkb.rnp.br;No-Hostname;monipe-go-atraso.rnp.br
1749796288,2025-06-13 03:31:28,No-Hostname;No-Hostname;mxac-bac1.bkb.rnp.br;ro-ac-oi.bkb.rnp.br;cmt1-mxro-infobarra.bkb.rnp.br;mxgo-cmt1-acessonline.bkb.rnp.br;lango-go.bkb.rnp.br;No-Hostname;monipe-go-atraso.rnp.br
1749796782,2025-06-13 03:39:42,No-Hostname;No-Hostname;mxac-bac1.bkb.rnp.br;ro-ac-oi.bkb.rnp.br;cmt1-mxro-infobarra.bkb.rnp.br;mxgo-cmt1-acessonline.bkb.rnp.br;lango-go.bkb.rnp.br;No-Hostname;monipe-go-atraso.rnp.br
1749797598,2025-06-13 03:53:18,No-Hostname;No-Hostname;mxac-bac1.bkb.rnp.br;ro-ac-oi.bkb.rnp.br;cmt1-mxro-infobarra.bkb.rnp.br;mxgo-cmt1-acessonline.bkb.rnp.br;lango-go.bkb.rnp.br;No-Hostname;monipe-go-atraso.rnp.br
1749797827,2025-06-13 03:57:07,No-Hostname;No-Hostname;mxac-bac1.bkb.rnp.br;ro-ac-oi.bkb.rnp.br;cmt1-mxro-infobarra.bkb.rnp.br;mxgo-cmt1-acessonline.bkb.rnp.br;lango-go.bkb.rnp.br;No-Hostname;monipe-go-atraso.rnp.br
1749799478,2025-06-13 04:24:38,No-Hostname;No-Hostname;mxac-bac1.bkb.rnp.br;ro-ac-oi.bkb.rnp.br;cmt1-mxro-infobarra.bkb.rnp.br;mxgo-cmt1-acessonline.bkb.rnp.br;lango-go.bkb.rnp.br;No-Hostname;monipe-go-atraso.rnp.br
1749800087,2025-06-13 04:34:47,No-Hostname;No-Hostname;mxac-bac1.bkb.rnp.br;ro-ac-oi.bkb.rnp.br;cmt1-mxro-infobarra.bkb.rnp.br;mxgo-cmt1-acessonline.bkb.rnp.br;lango-go.bkb.rnp.br;No-Hostname;monipe-go-atraso.rnp.br
1749800237,2025-06-13 04:37:17,No-Hostname;No-Hostname;mxac-bac1.bkb.rnp.br;mxro-mxac-3g-allo.bkb.rnp.br;cmt1-mxro-infobarra.bkb.rnp.br;mxgo-cmt1-acessonline.bkb.rnp.br;lango-go.bkb.rnp.br;No-Hostname;monipe-go-atraso.rnp.br
1749801065,2025-06-13 04:51:05,No-Hostname;No-Hostname;mxac-bac1.bkb.rnp.br;mxro-mxac-3g-allo.bkb.rnp.br;cmt1-mxro-infobarra.bkb.rnp.br;mxgo-cmt1-acessonline.bkb.rnp.br;lango-go.bkb.rnp.br;No-Hostname;monipe-go-atraso.rnp.br
1749801898,2025-06-13 05:04:58,No-Hostname;No-Hostname;mxac-bac1.bkb.rnp.br;mxro-mxac-3g-allo.bkb.rnp.br;cmt1-mxro-infobarra.bkb.rnp.br;mxgo-cmt1-acessonline.bkb.rnp.br;lango-go.bkb.rnp.br;No-Hostname;monipe-go-atraso.rnp.br
1749802434,2025-06-13 05:13:54,No-Hostname;No-Hostname;mxac-bac1.bkb.rnp.br;mxro-mxac-3g-allo.bkb.rnp.br;cmt1-mxro-infobarra.bkb.rnp.br;mxgo-cmt1-acessonline.bkb.rnp.br;lango-go.bkb.rnp.br;No-Hostname;monipe-go-atraso.rnp.br
1749802747,2025-06-13 05:19:07,No-Hostname;No-Hostname;mxac-bac1.bkb.rnp.br;mxro-mxac-3g-allo.bkb.rnp.br;cmt1-mxro-infobarra.bkb.rnp.br;mxgo-cmt1-acessonline.bkb.rnp.br;lango-go.bkb.rnp.br;No-Hostname;monipe-go-atraso.rnp.br
1749803465,2025-06-13 05:31:05,No-Hostname;No-Hostname;mxac-bac1.bkb.rnp.br;mxro-mxac-3g-allo.bkb.rnp.br;cmt1-mxro-infobarra.bkb.rnp.br;mxgo-cmt1-acessonline.bkb.rnp.br;lango-go.bkb.rnp.br;No-Hostname;monipe-go-atraso.rnp.br
1749804277,2025-06-13 05:44:37,No-Hostname;No-Hostname;mxac-bac1.bkb.rnp.br;mxro-mxac-3g-allo.bkb.rnp.br;cmt1-mxro-infobarra.bkb.rnp.br;mxgo-cmt1-acessonline.bkb.rnp.br;lango-go.bkb.rnp.br;No-Hostname;monipe-go-atraso.rnp.br
1749804781,2025-06-13 05:53:01,No-Hostname;No-Hostname;mxac-bac1.bkb.rnp.br;mxro-mxac-3g-allo.bkb.rnp.br;cmt1-mxro-infobarra.bkb.rnp.br;mxgo-cmt1-acessonline.bkb.rnp.br;lango-go.bkb.rnp.br;No-Hostname;monipe-go-atraso.rnp.br
1749806393,2025-06-13 06:19:53,No-Hostname;No-Hostname;mxac-bac1.bkb.rnp.br;ro-ac-oi.bkb.rnp.br;cmt1-mxro-infobarra.bkb.rnp.br;mxgo-cmt1-acessonline.bkb.rnp.br;lango-go.bkb.rnp.br;No-Hostname;monipe-go-atraso.rnp.br
1749806955,2025-06-13 06:29:15,No-Hostname;No-Hostname;mxac-bac1.bkb.rnp.br;ro-ac-oi.bkb.rnp.br;cmt1-mxro-infobarra.bkb.rnp.br;mxgo-cmt1-acessonline.bkb.rnp.br;lango-go.bkb.rnp.br;No-Hostname;monipe-go-atraso.rnp.br
1749807757,2025-06-13 06:42:37,No-Hostname;No-Hostname;mxac-bac1.bkb.rnp.br;mxro-mxac-3g-allo.bkb.rnp.br;cmt1-mxro-infobarra.bkb.rnp.br;mxgo-cmt1-acessonline.bkb.rnp.br;lango-go.bkb.rnp.br;No-Hostname;monipe-go-atraso.rnp.br
1749808061,2025-06-13 06:47:41,No-Hostname;No-Hostname;mxac-bac1.bkb.rnp.br;mxro-mxac-3g-allo.bkb.rnp.br;cmt1-mxro-infobarra.bkb.rnp.br;mxgo-cmt1-acessonline.bkb.rnp.br;lango-go.bkb.rnp.br;No-Hostname;monipe-go-atraso.rnp.br
1749808717,2025-06-13 06:58:37,No-Hostname;No-Hostname;mxac-bac1.bkb.rnp.br;mxro-mxac-3g-allo.bkb.rnp.br;cmt1-mxro-infobarra.bkb.rnp.br;mxgo-cmt1-acessonline.bkb.rnp.br;lango-go.bkb.rnp.br;No-Hostname;monipe-go-atraso.rnp.br
1749809662,2025-06-13 07:14:22,No-Hostname;No-Hostname;mxac-bac1.bkb.rnp.br;mxro-mxac-3g-allo.bkb.rnp.br;cmt1-mxro-infobarra.bkb.rnp.br;mxgo-cmt1-acessonline.bkb.rnp.br;lango-go.bkb.rnp.br;No-Hostname;monipe-go-atraso.rnp.br
1749810089,2025-06-13 07:21:29,No-Hostname;No-Hostname;mxac-bac1.bkb.rnp.br;mxro-mxac-3g-allo.bkb.rnp.br;cmt1-mxro-infobarra.bkb.rnp.br;mxgo-cmt1-acessonline.bkb.rnp.br;lango-go.bkb.rnp.br;No-Hostname;monipe-go-atraso.rnp.br
1749810910,2025-06-13 07:35:10,No-Hostname;No-Hostname;mxac-bac1.bkb.rnp.br;mxro-mxac-3g-allo.bkb.rnp.br;cmt1-mxro-infobarra.bkb.rnp.br;mxgo-cmt1-acessonline.bkb.rnp.br;lango-go.bkb.rnp.br;No-Hostname;monipe-go-atraso.rnp.br
1749811325,2025-06-13 07:42:05,No-Hostname;No-Hostname;mxac-bac1.bkb.rnp.br;mxro-mxac-3g-allo.bkb.rnp.br;cmt1-mxro-infobarra.bkb.rnp.br;mxgo-cmt1-acessonline.bkb.rnp.br;lango-go.bkb.rnp.br;No-Hostname;monipe-go-atraso.rnp.br
1749811837,2025-06-13 07:50:37,No-Hostname;No-Hostname;mxac-bac1.bkb.rnp.br;mxro-mxac-3g-allo.bkb.rnp.br;cmt1-mxro-infobarra.bkb.rnp.br;mxgo-cmt1-acessonline.bkb.rnp.br;lango-go.bkb.rnp.br;No-Hostname;monipe-go-atraso.rnp.br
1749812515,2025-06-13 08:01:55,No-Hostname;No-Hostname;mxac-bac1.bkb.rnp.br;mxro-mxac-3g-allo.bkb.rnp.br;cmt1-mxro-infobarra.bkb.rnp.br;mxgo-cmt1-acessonline.bkb.rnp.br;lango-go.bkb.rnp.br;No-Hostname;monipe-go-atraso.rnp.br
1749813121,2025-06-13 08:12:01,No-Hostname;No-Hostname;mxac-bac1.bkb.rnp.br;mxro-mxac-3g-allo.bkb.rnp.br;cmt1-mxro-infobarra.bkb.rnp.br;mxgo-cmt1-acessonline.bkb.rnp.br;lango-go.bkb.rnp.br;No-Hostname;monipe-go-atraso.rnp.br
1749813745,2025-06-13 08:22:25,No-Hostname;No-Hostname;mxac-bac1.bkb.rnp.br;ro-ac-oi.bkb.rnp.br;cmt1-mxro-infobarra.bkb.rnp.br;mxgo-cmt1-acessonline.bkb.rnp.br;lango-go.bkb.rnp.br;No-Hostname;monipe-go-atraso.rnp.br
1749814278,2025-06-13 08:31:18,No-Hostname;No-Hostname;mxac-bac1.bkb.rnp.br;ro-ac-oi.bkb.rnp.br;cmt1-mxro-infobarra.bkb.rnp.br;mxgo-cmt1-acessonline.bkb.rnp.br;lango-go.bkb.rnp.br;No-Hostname;monipe-go-atraso.rnp.br
1749814923,2025-06-13 08:42:03,No-Hostname;No-Hostname;mxac-bac1.bkb.rnp.br;mxro-mxac-3g-allo.bkb.rnp.br;cmt1-mxro-infobarra.bkb.rnp.br;mxgo-cmt1-acessonline.bkb.rnp.br;lango-go.bkb.rnp.br;No-Hostname;monipe-go-atraso.rnp.br
1749815522,2025-06-13 08:52:02,No-Hostname;No-Hostname;mxac-bac1.bkb.rnp.br;ro-ac-oi.bkb.rnp.br;cmt1-mxro-infobarra.bkb.rnp.br;mxgo-cmt1-acessonline.bkb.rnp.br;lango-go.bkb.rnp.br;No-Hostname;monipe-go-atraso.rnp.br
1749815844,2025-06-13 08:57:24,No-Hostname;No-Hostname;mxac-bac1.bkb.rnp.br;ro-ac-oi.bkb.rnp.br;cmt1-mxro-infobarra.bkb.rnp.br;mxgo-cmt1-acessonline.bkb.rnp.br;lango-go.bkb.rnp.br;No-Hostname;monipe-go-atraso.rnp.br
1749816510,2025-06-13 09:08:30,No-Hostname;No-Hostname;mxac-bac1.bkb.rnp.br;ro-ac-oi.bkb.rnp.br;cmt1-mxro-infobarra.bkb.rnp.br;mxgo-cmt1-acessonline.bkb.rnp.br;lango-go.bkb.rnp.br;No-Hostname;monipe-go-atraso.rnp.br
1749817553,2025-06-13 09:25:53,No-Hostname;No-Hostname;mxac-bac1.bkb.rnp.br;mxro-mxac-3g-allo.bkb.rnp.br;cmt1-mxro-infobarra.bkb.rnp.br;mxgo-cmt1-acessonline.bkb.rnp.br;lango-go.bkb.rnp.br;No-Hostname;monipe-go-atraso.rnp.br
1749818117,2025-06-13 09:35:17,No-Hostname;No-Hostname;mxac-bac1.bkb.rnp.br;mxro-mxac-3g-allo.bkb.rnp.br;cmt1-mxro-infobarra.bkb.rnp.br;mxgo-cmt1-acessonline.bkb.rnp.br;lango-go.bkb.rnp.br;No-Hostname;monipe-go-atraso.rnp.br
1749818539,2025-06-13 09:42:19,No-Hostname;No-Hostname;mxac-bac1.bkb.rnp.br;mxro-mxac-3g-allo.bkb.rnp.br;cmt1-mxro-infobarra.bkb.rnp.br;mxgo-cmt1-acessonline.bkb.rnp.br;lango-go.bkb.rnp.br;No-Hostname;monipe-go-atraso.rnp.br
1749819017,2025-06-13 09:50:17,No-Hostname;No-Hostname;mxac-bac1.bkb.rnp.br;mxro-mxac-3g-allo.bkb.rnp.br;cmt1-mxro-infobarra.bkb.rnp.br;mxgo-cmt1-acessonline.bkb.rnp.br;lango-go.bkb.rnp.br;No-Hostname;monipe-go-atraso.rnp.br
1749819639,2025-06-13 10:00:39,No-Hostname;No-Hostname;mxac-bac1.bkb.rnp.br;mxro-mxac-3g-allo.bkb.rnp.br;cmt1-mxro-infobarra.bkb.rnp.br;mxgo-cmt1-acessonline.bkb.rnp.br;lango-go.bkb.rnp.br;No-Hostname;monipe-go-atraso.rnp.br
1749820445,2025-06-13 10:14:05,No-Hostname;No-Hostname;mxac-bac1.bkb.rnp.br;ro-ac-oi.bkb.rnp.br;cmt1-mxro-infobarra.bkb.rnp.br;mxgo-cmt1-acessonline.bkb.rnp.br;lango-go.bkb.rnp.br;No-Hostname;monipe-go-atraso.rnp.br
1749820924,2025-06-13 10:22:04,No-Hostname;No-Hostname;mxac-bac1.bkb.rnp.br;mxro-mxac-3g-allo.bkb.rnp.br;cmt1-mxro-infobarra.bkb.rnp.br;mxgo-cmt1-acessonline.bkb.rnp.br;lango-go.bkb.rnp.br;No-Hostname;monipe-go-atraso.rnp.br
1749821485,2025-06-13 10:31:25,No-Hostname;No-Hostname;mxac-bac1.bkb.rnp.br;mxro-mxac-3g-allo.bkb.rnp.br;cmt1-mxro-infobarra.bkb.rnp.br;mxgo-cmt1-acessonline.bkb.rnp.br;lango-go.bkb.rnp.br;No-Hostname;monipe-go-atraso.rnp.br
1749822230,2025-06-13 10:43:50,No-Hostname;No-Hostname;mxac-bac1.bkb.rnp.br;ro-ac-oi.bkb.rnp.br;cmt1-mxro-infobarra.bkb.rnp.br;mxgo-cmt1-acessonline.bkb.rnp.br;lango-go.bkb.rnp.br;No-Hostname;monipe-go-atraso.rnp.br
1749822487,2025-06-13 10:48:07,No-Hostname;No-Hostname;mxac-bac1.bkb.rnp.br;ro-ac-oi.bkb.rnp.br;cmt1-mxro-infobarra.bkb.rnp.br;mxgo-cmt1-acessonline.bkb.rnp.br;lango-go.bkb.rnp.br;No-Hostname;monipe-go-atraso.rnp.br
1749823313,2025-06-13 11:01:53,No-Hostname;No-Hostname;mxac-bac1.bkb.rnp.br;mxro-mxac-3g-allo.bkb.rnp.br;cmt1-mxro-infobarra.bkb.rnp.br;mxms-cmt1-telebras.bkb.rnp.br;mxgo-mxms-brdigital.bkb.rnp.br;lango-go.bkb.rnp.br;No-Hostname;monipe-go-atraso.rnp.br
1749823914,2025-06-13 11:11:54,No-Hostname;No-Hostname;mxac-bac1.bkb.rnp.br;mxro-mxac-3g-allo.bkb.rnp.br;cmt1-mxro-infobarra.bkb.rnp.br;mxms-cmt1-telebras.bkb.rnp.br;mxgo-mxms-brdigital.bkb.rnp.br;lango-go.bkb.rnp.br;No-Hostname;monipe-go-atraso.rnp.br
1749825082,2025-06-13 11:31:22,No-Hostname;No-Hostname;mxac-bac1.bkb.rnp.br;ro-ac-oi.bkb.rnp.br;cmt1-mxro-infobarra.bkb.rnp.br;mxms-cmt1-telebras.bkb.rnp.br;mxgo-mxms-brdigital.bkb.rnp.br;lango-go.bkb.rnp.br;No-Hostname;monipe-go-atraso.rnp.br
1749825798,2025-06-13 11:43:18,No-Hostname;No-Hostname;mxac-bac1.bkb.rnp.br;mxro-mxac-3g-allo.bkb.rnp.br;cmt1-mxro-infobarra.bkb.rnp.br;mxms-cmt1-telebras.bkb.rnp.br;mxgo-mxms-brdigital.bkb.rnp.br;lango-go.bkb.rnp.br;No-Hostname;monipe-go-atraso.rnp.br
1749826468,2025-06-13 11:54:28,No-Hostname;No-Hostname;mxac-bac1.bkb.rnp.br;ro-ac-oi.bkb.rnp.br;cmt1-mxro-infobarra.bkb.rnp.br;mxgo-cmt1-acessonline.bkb.rnp.br;lango-go.bkb.rnp.br;No-Hostname;monipe-go-atraso.rnp.br
1749826690,2025-06-13 11:58:10,No-Hostname;No-Hostname;mxac-bac1.bkb.rnp.br;ro-ac-oi.bkb.rnp.br;cmt1-mxro-infobarra.bkb.rnp.br;mxgo-cmt1-acessonline.bkb.rnp.br;lango-go.bkb.rnp.br;No-Hostname;monipe-go-atraso.rnp.br
1749827629,2025-06-13 12:13:49,No-Hostname;No-Hostname;mxac-bac1.bkb.rnp.br;ro-ac-oi.bkb.rnp.br;cmt1-mxro-infobarra.bkb.rnp.br;mxgo-cmt1-acessonline.bkb.rnp.br;lango-go.bkb.rnp.br;No-Hostname;monipe-go-atraso.rnp.br
1749827974,2025-06-13 12:19:34,No-Hostname;No-Hostname;mxac-bac1.bkb.rnp.br;mxro-mxac-3g-allo.bkb.rnp.br;cmt1-mxro-infobarra.bkb.rnp.br;mxgo-cmt1-acessonline.bkb.rnp.br;lango-go.bkb.rnp.br;No-Hostname;monipe-go-atraso.rnp.br
1749828551,2025-06-13 12:29:11,No-Hostname;No-Hostname;mxac-bac1.bkb.rnp.br;ro-ac-oi.bkb.rnp.br;cmt1-mxro-infobarra.bkb.rnp.br;mxgo-cmt1-acessonline.bkb.rnp.br;lango-go.bkb.rnp.br;No-Hostname;monipe-go-atraso.rnp.br
1749829495,2025-06-13 12:44:55,No-Hostname;No-Hostname;mxac-bac1.bkb.rnp.br;ro-ac-oi.bkb.rnp.br;cmt1-mxro-infobarra.bkb.rnp.br;mxgo-cmt1-acessonline.bkb.rnp.br;lango-go.bkb.rnp.br;No-Hostname;monipe-go-atraso.rnp.br
1749829908,2025-06-13 12:51:48,No-Hostname;No-Hostname;mxac-bac1.bkb.rnp.br;ro-ac-oi.bkb.rnp.br;cmt1-mxro-infobarra.bkb.rnp.br;mxgo-cmt1-acessonline.bkb.rnp.br;lango-go.bkb.rnp.br;No-Hostname;monipe-go-atraso.rnp.br
1749830603,2025-06-13 13:03:23,No-Hostname;No-Hostname;mxac-bac1.bkb.rnp.br;mxro-mxac-3g-allo.bkb.rnp.br;cmt1-mxro-infobarra.bkb.rnp.br;mxgo-cmt1-acessonline.bkb.rnp.br;lango-go.bkb.rnp.br;No-Hostname;monipe-go-atraso.rnp.br
1749831092,2025-06-13 13:11:32,No-Hostname;No-Hostname;mxac-bac1.bkb.rnp.br;mxro-mxac-3g-allo.bkb.rnp.br;cmt1-mxro-infobarra.bkb.rnp.br;mxgo-cmt1-acessonline.bkb.rnp.br;lango-go.bkb.rnp.br;No-Hostname;monipe-go-atraso.rnp.br
1749831867,2025-06-13 13:24:27,No-Hostname;No-Hostname;mxac-bac1.bkb.rnp.br;mxro-mxac-3g-allo.bkb.rnp.br;cmt1-mxro-infobarra.bkb.rnp.br;mxgo-cmt1-acessonline.bkb.rnp.br;lango-go.bkb.rnp.br;No-Hostname;monipe-go-atraso.rnp.br
1749833109,2025-06-13 13:45:09,No-Hostname;No-Hostname;mxac-bac1.bkb.rnp.br;mxro-mxac-3g-allo.bkb.rnp.br;cmt1-mxro-infobarra.bkb.rnp.br;mxgo-cmt1-acessonline.bkb.rnp.br;lango-go.bkb.rnp.br;No-Hostname;monipe-go-atraso.rnp.br
1749833474,2025-06-13 13:51:14,No-Hostname;No-Hostname;mxac-bac1.bkb.rnp.br;mxro-mxac-3g-allo.bkb.rnp.br;cmt1-mxro-infobarra.bkb.rnp.br;mxgo-cmt1-acessonline.bkb.rnp.br;lango-go.bkb.rnp.br;No-Hostname;monipe-go-atraso.rnp.br
1749833841,2025-06-13 13:57:21,No-Hostname;No-Hostname;mxac-bac1.bkb.rnp.br;mxro-mxac-3g-allo.bkb.rnp.br;cmt1-mxro-infobarra.bkb.rnp.br;mxgo-cmt1-acessonline.bkb.rnp.br;lango-go.bkb.rnp.br;No-Hostname;monipe-go-atraso.rnp.br
1749834765,2025-06-13 14:12:45,No-Hostname;No-Hostname;mxac-bac1.bkb.rnp.br;mxro-mxac-3g-allo.bkb.rnp.br;cmt1-mxro-infobarra.bkb.rnp.br;mxgo-cmt1-acessonline.bkb.rnp.br;lango-go.bkb.rnp.br;No-Hostname;monipe-go-atraso.rnp.br
1749835351,2025-06-13 14:22:31,No-Hostname;No-Hostname;mxac-bac1.bkb.rnp.br;mxro-mxac-3g-allo.bkb.rnp.br;cmt1-mxro-infobarra.bkb.rnp.br;mxgo-cmt1-acessonline.bkb.rnp.br;lango-go.bkb.rnp.br;No-Hostname;monipe-go-atraso.rnp.br
1749835684,2025-06-13 14:28:04,No-Hostname;No-Hostname;mxac-bac1.bkb.rnp.br;mxro-mxac-3g-allo.bkb.rnp.br;cmt1-mxro-infobarra.bkb.rnp.br;mxgo-cmt1-acessonline.bkb.rnp.br;lango-go.bkb.rnp.br;No-Hostname;monipe-go-atraso.rnp.br
1749836354,2025-06-13 14:39:14,No-Hostname;No-Hostname;mxac-bac1.bkb.rnp.br;ro-ac-oi.bkb.rnp.br;cmt1-mxro-infobarra.bkb.rnp.br;mxgo-cmt1-acessonline.bkb.rnp.br;lango-go.bkb.rnp.br;No-Hostname;monipe-go-atraso.rnp.br
1749836908,2025-06-13 14:48:28,No-Hostname;No-Hostname;mxac-bac1.bkb.rnp.br;ro-ac-oi.bkb.rnp.br;cmt1-mxro-infobarra.bkb.rnp.br;mxgo-cmt1-acessonline.bkb.rnp.br;lango-go.bkb.rnp.br;No-Hostname;monipe-go-atraso.rnp.br
1749837729,2025-06-13 15:02:09,No-Hostname;No-Hostname;mxac-bac1.bkb.rnp.br;mxro-mxac-3g-allo.bkb.rnp.br;cmt1-mxro-infobarra.bkb.rnp.br;mxgo-cmt1-acessonline.bkb.rnp.br;lango-go.bkb.rnp.br;No-Hostname;monipe-go-atraso.rnp.br
1749838405,2025-06-13 15:13:25,No-Hostname;No-Hostname;mxac-bac1.bkb.rnp.br;mxro-mxac-3g-allo.bkb.rnp.br;cmt1-mxro-infobarra.bkb.rnp.br;mxgo-cmt1-acessonline.bkb.rnp.br;lango-go.bkb.rnp.br;No-Hostname;monipe-go-atraso.rnp.br
1749839033,2025-06-13 15:23:53,No-Hostname;No-Hostname;mxac-bac1.bkb.rnp.br;ro-ac-oi.bkb.rnp.br;cmt1-mxro-infobarra.bkb.rnp.br;mxgo-cmt1-acessonline.bkb.rnp.br;lango-go.bkb.rnp.br;No-Hostname;monipe-go-atraso.rnp.br
1749839308,2025-06-13 15:28:28,No-Hostname;No-Hostname;mxac-bac1.bkb.rnp.br;ro-ac-oi.bkb.rnp.br;cmt1-mxro-infobarra.bkb.rnp.br;mxgo-cmt1-acessonline.bkb.rnp.br;lango-go.bkb.rnp.br;No-Hostname;monipe-go-atraso.rnp.br
1749839979,2025-06-13 15:39:39,No-Hostname;No-Hostname;mxac-bac1.bkb.rnp.br;mxro-mxac-3g-allo.bkb.rnp.br;cmt1-mxro-infobarra.bkb.rnp.br;mxgo-cmt1-acessonline.bkb.rnp.br;lango-go.bkb.rnp.br;No-Hostname;monipe-go-atraso.rnp.br
1749840882,2025-06-13 15:54:42,No-Hostname;No-Hostname;mxac-bac1.bkb.rnp.br;mxro-mxac-3g-allo.bkb.rnp.br;cmt1-mxro-infobarra.bkb.rnp.br;mxms-cmt1-telebras.bkb.rnp.br;mxgo-mxms-brdigital.bkb.rnp.br;lango-go.bkb.rnp.br;No-Hostname;monipe-go-atraso.rnp.br
1749841475,2025-06-13 16:04:35,No-Hostname;No-Hostname;mxac-bac1.bkb.rnp.br;mxro-mxac-3g-allo.bkb.rnp.br;cmt1-mxro-infobarra.bkb.rnp.br;mxms-cmt1-telebras.bkb.rnp.br;mxgo-mxms-brdigital.bkb.rnp.br;lango-go.bkb.rnp.br;No-Hostname;monipe-go-atraso.rnp.br
1749842582,2025-06-13 16:23:02,No-Hostname;No-Hostname;mxac-bac1.bkb.rnp.br;mxro-mxac-3g-allo.bkb.rnp.br;cmt1-mxro-infobarra.bkb.rnp.br;mxgo-cmt1-acessonline.bkb.rnp.br;lango-go.bkb.rnp.br;No-Hostname;monipe-go-atraso.rnp.br
1749843123,2025-06-13 16:32:03,No-Hostname;No-Hostname;mxac-bac1.bkb.rnp.br;mxro-mxac-3g-allo.bkb.rnp.br;cmt1-mxro-infobarra.bkb.rnp.br;mxgo-cmt1-acessonline.bkb.rnp.br;lango-go.bkb.rnp.br;No-Hostname;monipe-go-atraso.rnp.br
1749843764,2025-06-13 16:42:44,No-Hostname;No-Hostname;mxac-bac1.bkb.rnp.br;ro-ac-oi.bkb.rnp.br;cmt1-mxro-infobarra.bkb.rnp.br;mxgo-cmt1-acessonline.bkb.rnp.br;lango-go.bkb.rnp.br;No-Hostname;monipe-go-atraso.rnp.br
1749844549,2025-06-13 16:55:49,No-Hostname;No-Hostname;mxac-bac1.bkb.rnp.br;ro-ac-oi.bkb.rnp.br;cmt1-mxro-infobarra.bkb.rnp.br;mxgo-cmt1-acessonline.bkb.rnp.br;lango-go.bkb.rnp.br;No-Hostname;monipe-go-atraso.rnp.br
1749844780,2025-06-13 16:59:40,No-Hostname;No-Hostname;mxac-bac1.bkb.rnp.br;ro-ac-oi.bkb.rnp.br;cmt1-mxro-infobarra.bkb.rnp.br;mxgo-cmt1-acessonline.bkb.rnp.br;lango-go.bkb.rnp.br;No-Hostname;monipe-go-atraso.rnp.br
1749845709,2025-06-13 17:15:09,No-Hostname;No-Hostname;mxac-bac1.bkb.rnp.br;ro-ac-oi.bkb.rnp.br;cmt1-mxro-infobarra.bkb.rnp.br;mxgo-cmt1-acessonline.bkb.rnp.br;lango-go.bkb.rnp.br;No-Hostname;monipe-go-atraso.rnp.br
1749845932,2025-06-13 17:18:52,No-Hostname;No-Hostname;mxac-bac1.bkb.rnp.br;ro-ac-oi.bkb.rnp.br;cmt1-mxro-infobarra.bkb.rnp.br;mxgo-cmt1-acessonline.bkb.rnp.br;lango-go.bkb.rnp.br;No-Hostname;monipe-go-atraso.rnp.br
1749846957,2025-06-13 17:35:57,No-Hostname;No-Hostname;mxac-bac1.bkb.rnp.br;mxro-mxac-3g-allo.bkb.rnp.br;cmt1-mxro-infobarra.bkb.rnp.br;mxgo-cmt1-acessonline.bkb.rnp.br;lango-go.bkb.rnp.br;No-Hostname;monipe-go-atraso.rnp.br
1749847525,2025-06-13 17:45:25,No-Hostname;No-Hostname;mxac-bac1.bkb.rnp.br;mxro-mxac-3g-allo.bkb.rnp.br;cmt1-mxro-infobarra.bkb.rnp.br;mxgo-cmt1-acessonline.bkb.rnp.br;lango-go.bkb.rnp.br;No-Hostname;monipe-go-atraso.rnp.br
1749847809,2025-06-13 17:50:09,No-Hostname;No-Hostname;mxac-bac1.bkb.rnp.br;mxro-mxac-3g-allo.bkb.rnp.br;cmt1-mxro-infobarra.bkb.rnp.br;mxgo-cmt1-acessonline.bkb.rnp.br;lango-go.bkb.rnp.br;No-Hostname;monipe-go-atraso.rnp.br
1749848682,2025-06-13 18:04:42,No-Hostname;No-Hostname;mxac-bac1.bkb.rnp.br;mxro-mxac-3g-allo.bkb.rnp.br;cmt1-mxro-infobarra.bkb.rnp.br;mxgo-cmt1-acessonline.bkb.rnp.br;lango-go.bkb.rnp.br;No-Hostname;monipe-go-atraso.rnp.br
1749849199,2025-06-13 18:13:19,No-Hostname;No-Hostname;mxac-bac1.bkb.rnp.br;mxro-mxac-3g-allo.bkb.rnp.br;cmt1-mxro-infobarra.bkb.rnp.br;mxgo-cmt1-acessonline.bkb.rnp.br;lango-go.bkb.rnp.br;No-Hostname;monipe-go-atraso.rnp.br
1749849602,2025-06-13 18:20:02,No-Hostname;No-Hostname;mxac-bac1.bkb.rnp.br;ro-ac-oi.bkb.rnp.br;cmt1-mxro-infobarra.bkb.rnp.br;mxgo-cmt1-acessonline.bkb.rnp.br;lango-go.bkb.rnp.br;No-Hostname;monipe-go-atraso.rnp.br
1749850363,2025-06-13 18:32:43,No-Hostname;No-Hostname;mxac-bac1.bkb.rnp.br;ro-ac-oi.bkb.rnp.br;cmt1-mxro-infobarra.bkb.rnp.br;mxgo-cmt1-acessonline.bkb.rnp.br;lango-go.bkb.rnp.br;No-Hostname;monipe-go-atraso.rnp.br
1749850938,2025-06-13 18:42:18,No-Hostname;No-Hostname;mxac-bac1.bkb.rnp.br;mxro-mxac-3g-allo.bkb.rnp.br;cmt1-mxro-infobarra.bkb.rnp.br;mxgo-cmt1-acessonline.bkb.rnp.br;lango-go.bkb.rnp.br;No-Hostname;monipe-go-atraso.rnp.br
1749851302,2025-06-13 18:48:22,No-Hostname;No-Hostname;mxac-bac1.bkb.rnp.br;mxro-mxac-3g-allo.bkb.rnp.br;cmt1-mxro-infobarra.bkb.rnp.br;mxgo-cmt1-acessonline.bkb.rnp.br;lango-go.bkb.rnp.br;No-Hostname;monipe-go-atraso.rnp.br
1749851986,2025-06-13 18:59:46,No-Hostname;No-Hostname;mxac-bac1.bkb.rnp.br;mxro-mxac-3g-allo.bkb.rnp.br;cmt1-mxro-infobarra.bkb.rnp.br;mxgo-cmt1-acessonline.bkb.rnp.br;lango-go.bkb.rnp.br;No-Hostname;monipe-go-atraso.rnp.br
1749852833,2025-06-13 19:13:53,No-Hostname;No-Hostname;mxac-bac1.bkb.rnp.br;mxro-mxac-3g-allo.bkb.rnp.br;cmt1-mxro-infobarra.bkb.rnp.br;mxgo-cmt1-acessonline.bkb.rnp.br;lango-go.bkb.rnp.br;No-Hostname;monipe-go-atraso.rnp.br
1749853252,2025-06-13 19:20:52,No-Hostname;No-Hostname;mxac-bac1.bkb.rnp.br;mxro-mxac-3g-allo.bkb.rnp.br;cmt1-mxro-infobarra.bkb.rnp.br;mxgo-cmt1-acessonline.bkb.rnp.br;lango-go.bkb.rnp.br;No-Hostname;monipe-go-atraso.rnp.br
1749854003,2025-06-13 19:33:23,No-Hostname;No-Hostname;mxac-bac1.bkb.rnp.br;mxro-mxac-3g-allo.bkb.rnp.br;cmt1-mxro-infobarra.bkb.rnp.br;mxgo-cmt1-acessonline.bkb.rnp.br;lango-go.bkb.rnp.br;No-Hostname;monipe-go-atraso.rnp.br
1749854718,2025-06-13 19:45:18,No-Hostname;No-Hostname;mxac-bac1.bkb.rnp.br;mxro-mxac-3g-allo.bkb.rnp.br;cmt1-mxro-infobarra.bkb.rnp.br;mxgo-cmt1-acessonline.bkb.rnp.br;lango-go.bkb.rnp.br;No-Hostname;monipe-go-atraso.rnp.br
1749855059,2025-06-13 19:50:59,No-Hostname;No-Hostname;mxac-bac1.bkb.rnp.br;mxro-mxac-3g-allo.bkb.rnp.br;cmt1-mxro-infobarra.bkb.rnp.br;mxgo-cmt1-acessonline.bkb.rnp.br;lango-go.bkb.rnp.br;No-Hostname;monipe-go-atraso.rnp.br
