Timestamp,Datetime,HopHostnames
1749271024,2025-06-07 01:37:04,gateway;No-Hostname;cal1-mxse-chesf.bkb.rnp.br;cal1-cpe1-chesf.bkb.rnp.br;cpb1-pe-chesf.bkb.rnp.br;crn1-cpb1-chesf.bkb.rnp.br;cce2-crn1-chesf.bkb.rnp.br;cce1-cce2.bkb.rnp.br;cpi1-cce1-chesf.bkb.rnp.br;cma1-cpi1-tlb.bkb.rnp.br;cpa1-cma1-mobwire.bkb.rnp.br;bpa1-cpa1.bkb.rnp.br;No-Hostname;monipe-pa-atraso.rnp.br
1749271286,2025-06-07 01:41:26,gateway;No-Hostname;cal1-mxse-chesf.bkb.rnp.br;cal1-cpe1-chesf.bkb.rnp.br;cpb1-pe-chesf.bkb.rnp.br;crn1-cpb1-chesf.bkb.rnp.br;cce2-crn1-chesf.bkb.rnp.br;cce1-cce2.bkb.rnp.br;cpi1-cce1-chesf.bkb.rnp.br;cma1-cpi1-tlb.bkb.rnp.br;cpa1-cma1-mobwire.bkb.rnp.br;bpa1-cpa1.bkb.rnp.br;No-Hostname;monipe-pa-atraso.rnp.br
1749272136,2025-06-07 01:55:36,gateway;No-Hostname;cal1-mxse-chesf.bkb.rnp.br;cal1-cpe1-chesf.bkb.rnp.br;cpb1-pe-chesf.bkb.rnp.br;crn1-cpb1-chesf.bkb.rnp.br;cce2-crn1-chesf.bkb.rnp.br;cce1-cce2.bkb.rnp.br;cpi1-cce1-chesf.bkb.rnp.br;cma1-cpi1-tlb.bkb.rnp.br;cpa1-cma1-mobwire.bkb.rnp.br;bpa1-cpa1.bkb.rnp.br;No-Hostname;monipe-pa-atraso.rnp.br
1749272546,2025-06-07 02:02:26,gateway;No-Hostname;cal1-mxse-chesf.bkb.rnp.br;cal1-cpe1-chesf.bkb.rnp.br;cpb1-pe-chesf.bkb.rnp.br;crn1-cpb1-chesf.bkb.rnp.br;cce2-crn1-chesf.bkb.rnp.br;cce1-cce2.bkb.rnp.br;cpi1-cce1-chesf.bkb.rnp.br;cma1-cpi1-tlb.bkb.rnp.br;cpa1-cma1-mobwire.bkb.rnp.br;bpa1-cpa1.bkb.rnp.br;No-Hostname;monipe-pa-atraso.rnp.br
1749272967,2025-06-07 02:09:27,gateway;No-Hostname;cal1-mxse-chesf.bkb.rnp.br;cal1-cpe1-chesf.bkb.rnp.br;cpb1-pe-chesf.bkb.rnp.br;crn1-cpb1-chesf.bkb.rnp.br;cce2-crn1-chesf.bkb.rnp.br;cce1-cce2.bkb.rnp.br;cpi1-cce1-chesf.bkb.rnp.br;cma1-cpi1-tlb.bkb.rnp.br;cpa1-cma1-mobwire.bkb.rnp.br;bpa1-cpa1.bkb.rnp.br;No-Hostname;monipe-pa-atraso.rnp.br
1749273644,2025-06-07 02:20:44,gateway;No-Hostname;cal1-mxse-chesf.bkb.rnp.br;cal1-cpe1-chesf.bkb.rnp.br;cpb1-pe-chesf.bkb.rnp.br;crn1-cpb1-chesf.bkb.rnp.br;cce2-crn1-chesf.bkb.rnp.br;cce1-cce2.bkb.rnp.br;cpi1-cce1-chesf.bkb.rnp.br;cma1-cpi1-tlb.bkb.rnp.br;cpa1-cma1-mobwire.bkb.rnp.br;bpa1-cpa1.bkb.rnp.br;No-Hostname;monipe-pa-atraso.rnp.br
1749274492,2025-06-07 02:34:52,gateway;No-Hostname;cal1-mxse-chesf.bkb.rnp.br;cal1-cpe1-chesf.bkb.rnp.br;cpb1-pe-chesf.bkb.rnp.br;crn1-cpb1-chesf.bkb.rnp.br;cce2-crn1-chesf.bkb.rnp.br;cce1-cce2.bkb.rnp.br;cpi1-cce1-chesf.bkb.rnp.br;cma1-cpi1-tlb.bkb.rnp.br;cpa1-cma1-mobwire.bkb.rnp.br;bpa1-cpa1.bkb.rnp.br;No-Hostname;monipe-pa-atraso.rnp.br
1749275127,2025-06-07 02:45:27,gateway;No-Hostname;cal1-mxse-chesf.bkb.rnp.br;cal1-cpe1-chesf.bkb.rnp.br;cpb1-pe-chesf.bkb.rnp.br;crn1-cpb1-chesf.bkb.rnp.br;cce2-crn1-chesf.bkb.rnp.br;cce1-cce2.bkb.rnp.br;cpi1-cce1-chesf.bkb.rnp.br;cma1-cpi1-tlb.bkb.rnp.br;cpa1-cma1-mobwire.bkb.rnp.br;bpa1-cpa1.bkb.rnp.br;No-Hostname;monipe-pa-atraso.rnp.br
1749275773,2025-06-07 02:56:13,gateway;No-Hostname;cal1-mxse-chesf.bkb.rnp.br;cal1-cpe1-chesf.bkb.rnp.br;cpb1-pe-chesf.bkb.rnp.br;crn1-cpb1-chesf.bkb.rnp.br;cce2-crn1-chesf.bkb.rnp.br;cce1-cce2.bkb.rnp.br;cpi1-cce1-chesf.bkb.rnp.br;cma1-cpi1-tlb.bkb.rnp.br;cpa1-cma1-mobwire.bkb.rnp.br;bpa1-cpa1.bkb.rnp.br;No-Hostname;monipe-pa-atraso.rnp.br
1749276015,2025-06-07 03:00:15,gateway;No-Hostname;cal1-mxse-chesf.bkb.rnp.br;cal1-cpe1-chesf.bkb.rnp.br;cpb1-pe-chesf.bkb.rnp.br;crn1-cpb1-chesf.bkb.rnp.br;cce2-crn1-chesf.bkb.rnp.br;cce1-cce2.bkb.rnp.br;cpi1-cce1-chesf.bkb.rnp.br;cma1-cpi1-tlb.bkb.rnp.br;cpa1-cma1-mobwire.bkb.rnp.br;bpa1-cpa1.bkb.rnp.br;No-Hostname;monipe-pa-atraso.rnp.br
1749276702,2025-06-07 03:11:42,gateway;No-Hostname;cal1-mxse-chesf.bkb.rnp.br;cal1-cpe1-chesf.bkb.rnp.br;cpb1-pe-chesf.bkb.rnp.br;crn1-cpb1-chesf.bkb.rnp.br;cce2-crn1-chesf.bkb.rnp.br;cce1-cce2.bkb.rnp.br;cpi1-cce1-chesf.bkb.rnp.br;cma1-cpi1-tlb.bkb.rnp.br;cpa1-cma1-mobwire.bkb.rnp.br;bpa1-cpa1.bkb.rnp.br;No-Hostname;monipe-pa-atraso.rnp.br
1749277333,2025-06-07 03:22:13,gateway;No-Hostname;cal1-mxse-chesf.bkb.rnp.br;cal1-cpe1-chesf.bkb.rnp.br;cpb1-pe-chesf.bkb.rnp.br;crn1-cpb1-chesf.bkb.rnp.br;cce2-crn1-chesf.bkb.rnp.br;cce1-cce2.bkb.rnp.br;cpi1-cce1-chesf.bkb.rnp.br;cma1-cpi1-tlb.bkb.rnp.br;cpa1-cma1-mobwire.bkb.rnp.br;bpa1-cpa1.bkb.rnp.br;No-Hostname;monipe-pa-atraso.rnp.br
1749278166,2025-06-07 03:36:06,gateway;No-Hostname;cal1-mxse-chesf.bkb.rnp.br;cal1-cpe1-chesf.bkb.rnp.br;cpb1-pe-chesf.bkb.rnp.br;crn1-cpb1-chesf.bkb.rnp.br;cce2-crn1-chesf.bkb.rnp.br;cce1-cce2.bkb.rnp.br;cpi1-cce1-chesf.bkb.rnp.br;cma1-cpi1-tlb.bkb.rnp.br;cpa1-cma1-mobwire.bkb.rnp.br;bpa1-cpa1.bkb.rnp.br;No-Hostname;monipe-pa-atraso.rnp.br
1749278409,2025-06-07 03:40:09,gateway;No-Hostname;cal1-mxse-chesf.bkb.rnp.br;cal1-cpe1-chesf.bkb.rnp.br;cpb1-pe-chesf.bkb.rnp.br;crn1-cpb1-chesf.bkb.rnp.br;cce2-crn1-chesf.bkb.rnp.br;cce1-cce2.bkb.rnp.br;cpi1-cce1-chesf.bkb.rnp.br;cma1-cpi1-tlb.bkb.rnp.br;cpa1-cma1-mobwire.bkb.rnp.br;bpa1-cpa1.bkb.rnp.br;No-Hostname;monipe-pa-atraso.rnp.br
1749279448,2025-06-07 03:57:28,gateway;No-Hostname;cal1-mxse-chesf.bkb.rnp.br;cal1-cpe1-chesf.bkb.rnp.br;cpb1-pe-chesf.bkb.rnp.br;crn1-cpb1-chesf.bkb.rnp.br;cce2-crn1-chesf.bkb.rnp.br;cce1-cce2.bkb.rnp.br;cpi1-cce1-chesf.bkb.rnp.br;cma1-cpi1-tlb.bkb.rnp.br;cpa1-cma1-mobwire.bkb.rnp.br;bpa1-cpa1.bkb.rnp.br;No-Hostname;monipe-pa-atraso.rnp.br
1749279985,2025-06-07 04:06:25,gateway;No-Hostname;cal1-mxse-chesf.bkb.rnp.br;cal1-cpe1-chesf.bkb.rnp.br;cpb1-pe-chesf.bkb.rnp.br;crn1-cpb1-chesf.bkb.rnp.br;cce2-crn1-chesf.bkb.rnp.br;cce1-cce2.bkb.rnp.br;cpi1-cce1-chesf.bkb.rnp.br;cma1-cpi1-tlb.bkb.rnp.br;cpa1-cma1-mobwire.bkb.rnp.br;bpa1-cpa1.bkb.rnp.br;No-Hostname;monipe-pa-atraso.rnp.br
1749280592,2025-06-07 04:16:32,gateway;No-Hostname;cal1-mxse-chesf.bkb.rnp.br;cal1-cpe1-chesf.bkb.rnp.br;cpb1-pe-chesf.bkb.rnp.br;crn1-cpb1-chesf.bkb.rnp.br;cce2-crn1-chesf.bkb.rnp.br;cce1-cce2.bkb.rnp.br;cpi1-cce1-chesf.bkb.rnp.br;cma1-cpi1-tlb.bkb.rnp.br;cpa1-cma1-mobwire.bkb.rnp.br;bpa1-cpa1.bkb.rnp.br;No-Hostname;monipe-pa-atraso.rnp.br
1749281014,2025-06-07 04:23:34,gateway;No-Hostname;cal1-mxse-chesf.bkb.rnp.br;cal1-cpe1-chesf.bkb.rnp.br;cpb1-pe-chesf.bkb.rnp.br;crn1-cpb1-chesf.bkb.rnp.br;cce2-crn1-chesf.bkb.rnp.br;cce1-cce2.bkb.rnp.br;cpi1-cce1-chesf.bkb.rnp.br;cma1-cpi1-tlb.bkb.rnp.br;cpa1-cma1-mobwire.bkb.rnp.br;bpa1-cpa1.bkb.rnp.br;No-Hostname;monipe-pa-atraso.rnp.br
1749281514,2025-06-07 04:31:54,gateway;No-Hostname;cal1-mxse-chesf.bkb.rnp.br;cal1-cpe1-chesf.bkb.rnp.br;cpb1-pe-chesf.bkb.rnp.br;crn1-cpb1-chesf.bkb.rnp.br;cce2-crn1-chesf.bkb.rnp.br;cce1-cce2.bkb.rnp.br;cpi1-cce1-chesf.bkb.rnp.br;cma1-cpi1-tlb.bkb.rnp.br;cpa1-cma1-mobwire.bkb.rnp.br;bpa1-cpa1.bkb.rnp.br;No-Hostname;monipe-pa-atraso.rnp.br
1749282134,2025-06-07 04:42:14,gateway;No-Hostname;cal1-mxse-chesf.bkb.rnp.br;cal1-cpe1-chesf.bkb.rnp.br;cpb1-pe-chesf.bkb.rnp.br;crn1-cpb1-chesf.bkb.rnp.br;cce2-crn1-chesf.bkb.rnp.br;cce1-cce2.bkb.rnp.br;cpi1-cce1-chesf.bkb.rnp.br;cma1-cpi1-tlb.bkb.rnp.br;cpa1-cma1-mobwire.bkb.rnp.br;bpa1-cpa1.bkb.rnp.br;No-Hostname;monipe-pa-atraso.rnp.br
1749282702,2025-06-07 04:51:42,gateway;No-Hostname;cal1-mxse-chesf.bkb.rnp.br;cal1-cpe1-chesf.bkb.rnp.br;cpb1-pe-chesf.bkb.rnp.br;crn1-cpb1-chesf.bkb.rnp.br;cce2-crn1-chesf.bkb.rnp.br;cce1-cce2.bkb.rnp.br;cpi1-cce1-chesf.bkb.rnp.br;cma1-cpi1-tlb.bkb.rnp.br;cpa1-cma1-mobwire.bkb.rnp.br;bpa1-cpa1.bkb.rnp.br;No-Hostname;monipe-pa-atraso.rnp.br
1749283599,2025-06-07 05:06:39,gateway;No-Hostname;cal1-mxse-chesf.bkb.rnp.br;cal1-cpe1-chesf.bkb.rnp.br;cpb1-pe-chesf.bkb.rnp.br;crn1-cpb1-chesf.bkb.rnp.br;cce2-crn1-chesf.bkb.rnp.br;cce1-cce2.bkb.rnp.br;cpi1-cce1-chesf.bkb.rnp.br;cma1-cpi1-tlb.bkb.rnp.br;cpa1-cma1-mobwire.bkb.rnp.br;bpa1-cpa1.bkb.rnp.br;No-Hostname;monipe-pa-atraso.rnp.br
1749284076,2025-06-07 05:14:36,gateway;No-Hostname;cal1-mxse-chesf.bkb.rnp.br;cal1-cpe1-chesf.bkb.rnp.br;cpb1-pe-chesf.bkb.rnp.br;crn1-cpb1-chesf.bkb.rnp.br;cce2-crn1-chesf.bkb.rnp.br;cce1-cce2.bkb.rnp.br;cpi1-cce1-chesf.bkb.rnp.br;cma1-cpi1-tlb.bkb.rnp.br;cpa1-cma1-mobwire.bkb.rnp.br;bpa1-cpa1.bkb.rnp.br;No-Hostname;monipe-pa-atraso.rnp.br
1749284454,2025-06-07 05:20:54,gateway;No-Hostname;cal1-mxse-chesf.bkb.rnp.br;cal1-cpe1-chesf.bkb.rnp.br;cpb1-pe-chesf.bkb.rnp.br;crn1-cpb1-chesf.bkb.rnp.br;cce2-crn1-chesf.bkb.rnp.br;cce1-cce2.bkb.rnp.br;cpi1-cce1-chesf.bkb.rnp.br;cma1-cpi1-tlb.bkb.rnp.br;cpa1-cma1-mobwire.bkb.rnp.br;bpa1-cpa1.bkb.rnp.br;No-Hostname;monipe-pa-atraso.rnp.br
1749285433,2025-06-07 05:37:13,gateway;No-Hostname;cal1-mxse-chesf.bkb.rnp.br;cal1-cpe1-chesf.bkb.rnp.br;cpb1-pe-chesf.bkb.rnp.br;crn1-cpb1-chesf.bkb.rnp.br;cce2-crn1-chesf.bkb.rnp.br;cce1-cce2.bkb.rnp.br;cpi1-cce1-chesf.bkb.rnp.br;cma1-cpi1-tlb.bkb.rnp.br;cpa1-cma1-mobwire.bkb.rnp.br;bpa1-cpa1.bkb.rnp.br;No-Hostname;monipe-pa-atraso.rnp.br
1749285922,2025-06-07 05:45:22,gateway;No-Hostname;cal1-mxse-chesf.bkb.rnp.br;cal1-cpe1-chesf.bkb.rnp.br;cpb1-pe-chesf.bkb.rnp.br;crn1-cpb1-chesf.bkb.rnp.br;cce2-crn1-chesf.bkb.rnp.br;cce1-cce2.bkb.rnp.br;cpi1-cce1-chesf.bkb.rnp.br;cma1-cpi1-tlb.bkb.rnp.br;cpa1-cma1-mobwire.bkb.rnp.br;bpa1-cpa1.bkb.rnp.br;No-Hostname;monipe-pa-atraso.rnp.br
1749286253,2025-06-07 05:50:53,gateway;No-Hostname;cal1-mxse-chesf.bkb.rnp.br;cal1-cpe1-chesf.bkb.rnp.br;cpb1-pe-chesf.bkb.rnp.br;crn1-cpb1-chesf.bkb.rnp.br;cce2-crn1-chesf.bkb.rnp.br;cce1-cce2.bkb.rnp.br;cpi1-cce1-chesf.bkb.rnp.br;cma1-cpi1-tlb.bkb.rnp.br;cpa1-cma1-mobwire.bkb.rnp.br;bpa1-cpa1.bkb.rnp.br;No-Hostname;monipe-pa-atraso.rnp.br
1749286880,2025-06-07 06:01:20,gateway;No-Hostname;cal1-mxse-chesf.bkb.rnp.br;cal1-cpe1-chesf.bkb.rnp.br;cpb1-pe-chesf.bkb.rnp.br;crn1-cpb1-chesf.bkb.rnp.br;cce2-crn1-chesf.bkb.rnp.br;cce1-cce2.bkb.rnp.br;cpi1-cce1-chesf.bkb.rnp.br;cma1-cpi1-tlb.bkb.rnp.br;cpa1-cma1-mobwire.bkb.rnp.br;bpa1-cpa1.bkb.rnp.br;No-Hostname;monipe-pa-atraso.rnp.br
1749287339,2025-06-07 06:08:59,gateway;No-Hostname;cal1-mxse-chesf.bkb.rnp.br;cal1-cpe1-chesf.bkb.rnp.br;cpb1-pe-chesf.bkb.rnp.br;crn1-cpb1-chesf.bkb.rnp.br;cce2-crn1-chesf.bkb.rnp.br;cce1-cce2.bkb.rnp.br;cpi1-cce1-chesf.bkb.rnp.br;cma1-cpi1-tlb.bkb.rnp.br;cpa1-cma1-mobwire.bkb.rnp.br;bpa1-cpa1.bkb.rnp.br;No-Hostname;monipe-pa-atraso.rnp.br
1749287966,2025-06-07 06:19:26,gateway;No-Hostname;cal1-mxse-chesf.bkb.rnp.br;cal1-cpe1-chesf.bkb.rnp.br;cpb1-pe-chesf.bkb.rnp.br;crn1-cpb1-chesf.bkb.rnp.br;cce2-crn1-chesf.bkb.rnp.br;cce1-cce2.bkb.rnp.br;cpi1-cce1-chesf.bkb.rnp.br;cma1-cpi1-tlb.bkb.rnp.br;cpa1-cma1-mobwire.bkb.rnp.br;bpa1-cpa1.bkb.rnp.br;No-Hostname;monipe-pa-atraso.rnp.br
1749288950,2025-06-07 06:35:50,gateway;No-Hostname;cal1-mxse-chesf.bkb.rnp.br;cal1-cpe1-chesf.bkb.rnp.br;cpb1-pe-chesf.bkb.rnp.br;crn1-cpb1-chesf.bkb.rnp.br;cce2-crn1-chesf.bkb.rnp.br;cce1-cce2.bkb.rnp.br;cpi1-cce1-chesf.bkb.rnp.br;cma1-cpi1-tlb.bkb.rnp.br;cpa1-cma1-mobwire.bkb.rnp.br;bpa1-cpa1.bkb.rnp.br;No-Hostname;monipe-pa-atraso.rnp.br
1749289329,2025-06-07 06:42:09,gateway;No-Hostname;cal1-mxse-chesf.bkb.rnp.br;cal1-cpe1-chesf.bkb.rnp.br;cpb1-pe-chesf.bkb.rnp.br;crn1-cpb1-chesf.bkb.rnp.br;cce2-crn1-chesf.bkb.rnp.br;cce1-cce2.bkb.rnp.br;cpi1-cce1-chesf.bkb.rnp.br;cma1-cpi1-tlb.bkb.rnp.br;cpa1-cma1-mobwire.bkb.rnp.br;bpa1-cpa1.bkb.rnp.br;No-Hostname;monipe-pa-atraso.rnp.br
1749289957,2025-06-07 06:52:37,gateway;No-Hostname;cal1-mxse-chesf.bkb.rnp.br;cal1-cpe1-chesf.bkb.rnp.br;cpb1-pe-chesf.bkb.rnp.br;crn1-cpb1-chesf.bkb.rnp.br;cce2-crn1-chesf.bkb.rnp.br;cce1-cce2.bkb.rnp.br;cpi1-cce1-chesf.bkb.rnp.br;cma1-cpi1-tlb.bkb.rnp.br;cpa1-cma1-mobwire.bkb.rnp.br;bpa1-cpa1.bkb.rnp.br;No-Hostname;monipe-pa-atraso.rnp.br
1749290449,2025-06-07 07:00:49,gateway;No-Hostname;cal1-mxse-chesf.bkb.rnp.br;cal1-cpe1-chesf.bkb.rnp.br;cpb1-pe-chesf.bkb.rnp.br;crn1-cpb1-chesf.bkb.rnp.br;cce2-crn1-chesf.bkb.rnp.br;cce1-cce2.bkb.rnp.br;cpi1-cce1-chesf.bkb.rnp.br;cma1-cpi1-tlb.bkb.rnp.br;cpa1-cma1-mobwire.bkb.rnp.br;bpa1-cpa1.bkb.rnp.br;No-Hostname;monipe-pa-atraso.rnp.br
1749291071,2025-06-07 07:11:11,gateway;No-Hostname;cal1-mxse-chesf.bkb.rnp.br;cal1-cpe1-chesf.bkb.rnp.br;cpb1-pe-chesf.bkb.rnp.br;crn1-cpb1-chesf.bkb.rnp.br;cce2-crn1-chesf.bkb.rnp.br;cce1-cce2.bkb.rnp.br;cpi1-cce1-chesf.bkb.rnp.br;cma1-cpi1-tlb.bkb.rnp.br;cpa1-cma1-mobwire.bkb.rnp.br;bpa1-cpa1.bkb.rnp.br;No-Hostname;monipe-pa-atraso.rnp.br
1749291718,2025-06-07 07:21:58,gateway;No-Hostname;cal1-mxse-chesf.bkb.rnp.br;cal1-cpe1-chesf.bkb.rnp.br;cpb1-pe-chesf.bkb.rnp.br;crn1-cpb1-chesf.bkb.rnp.br;cce2-crn1-chesf.bkb.rnp.br;cce1-cce2.bkb.rnp.br;cpi1-cce1-chesf.bkb.rnp.br;cma1-cpi1-tlb.bkb.rnp.br;cpa1-cma1-mobwire.bkb.rnp.br;bpa1-cpa1.bkb.rnp.br;No-Hostname;monipe-pa-atraso.rnp.br
1749292482,2025-06-07 07:34:42,gateway;No-Hostname;cal1-mxse-chesf.bkb.rnp.br;cal1-cpe1-chesf.bkb.rnp.br;cpb1-pe-chesf.bkb.rnp.br;crn1-cpb1-chesf.bkb.rnp.br;cce2-crn1-chesf.bkb.rnp.br;cce1-cce2.bkb.rnp.br;cpi1-cce1-chesf.bkb.rnp.br;cma1-cpi1-tlb.bkb.rnp.br;cpa1-cma1-mobwire.bkb.rnp.br;bpa1-cpa1.bkb.rnp.br;No-Hostname;monipe-pa-atraso.rnp.br
1749293080,2025-06-07 07:44:40,gateway;No-Hostname;cal1-mxse-chesf.bkb.rnp.br;cal1-cpe1-chesf.bkb.rnp.br;cpb1-pe-chesf.bkb.rnp.br;crn1-cpb1-chesf.bkb.rnp.br;cce2-crn1-chesf.bkb.rnp.br;cce1-cce2.bkb.rnp.br;cpi1-cce1-chesf.bkb.rnp.br;cma1-cpi1-tlb.bkb.rnp.br;cpa1-cma1-mobwire.bkb.rnp.br;bpa1-cpa1.bkb.rnp.br;No-Hostname;monipe-pa-atraso.rnp.br
1749293815,2025-06-07 07:56:55,gateway;No-Hostname;cal1-mxse-chesf.bkb.rnp.br;cal1-cpe1-chesf.bkb.rnp.br;cpb1-pe-chesf.bkb.rnp.br;cba1-cpb1-chesf.bkb.rnp.br;cce1-cba1-chesf.bkb.rnp.br;cpi1-cce1-chesf.bkb.rnp.br;cma1-cpi1-tlb.bkb.rnp.br;cpa1-cma1-mobwire.bkb.rnp.br;bpa1-cpa1.bkb.rnp.br;No-Hostname;monipe-pa-atraso.rnp.br
1749294202,2025-06-07 08:03:22,gateway;No-Hostname;cal1-mxse-chesf.bkb.rnp.br;cal1-cpe1-chesf.bkb.rnp.br;cpb1-pe-chesf.bkb.rnp.br;cba1-cpb1-chesf.bkb.rnp.br;cce1-cba1-chesf.bkb.rnp.br;cpi1-cce1-chesf.bkb.rnp.br;cma1-cpi1-tlb.bkb.rnp.br;cpa1-cma1-mobwire.bkb.rnp.br;bpa1-cpa1.bkb.rnp.br;No-Hostname;monipe-pa-atraso.rnp.br
1749294557,2025-06-07 08:09:17,gateway;No-Hostname;cal1-mxse-chesf.bkb.rnp.br;cal1-cpe1-chesf.bkb.rnp.br;cpb1-pe-chesf.bkb.rnp.br;cba1-cpb1-chesf.bkb.rnp.br;cce1-cba1-chesf.bkb.rnp.br;cpi1-cce1-chesf.bkb.rnp.br;cma1-cpi1-tlb.bkb.rnp.br;cpa1-cma1-mobwire.bkb.rnp.br;bpa1-cpa1.bkb.rnp.br;No-Hostname;monipe-pa-atraso.rnp.br
1749295243,2025-06-07 08:20:43,gateway;No-Hostname;cal1-mxse-chesf.bkb.rnp.br;cal1-cpe1-chesf.bkb.rnp.br;cpb1-pe-chesf.bkb.rnp.br;crn1-cpb1-chesf.bkb.rnp.br;cce2-crn1-chesf.bkb.rnp.br;cce1-cce2.bkb.rnp.br;cpi1-cce1-chesf.bkb.rnp.br;cma1-cpi1-tlb.bkb.rnp.br;cpa1-cma1-mobwire.bkb.rnp.br;bpa1-cpa1.bkb.rnp.br;No-Hostname;monipe-pa-atraso.rnp.br
1749295769,2025-06-07 08:29:29,gateway;No-Hostname;cal1-mxse-chesf.bkb.rnp.br;cal1-cpe1-chesf.bkb.rnp.br;cpb1-pe-chesf.bkb.rnp.br;crn1-cpb1-chesf.bkb.rnp.br;cce2-crn1-chesf.bkb.rnp.br;cce1-cce2.bkb.rnp.br;cpi1-cce1-chesf.bkb.rnp.br;cma1-cpi1-tlb.bkb.rnp.br;cpa1-cma1-mobwire.bkb.rnp.br;bpa1-cpa1.bkb.rnp.br;No-Hostname;monipe-pa-atraso.rnp.br
1749296635,2025-06-07 08:43:55,gateway;No-Hostname;cal1-mxse-chesf.bkb.rnp.br;cal1-cpe1-chesf.bkb.rnp.br;cpb1-pe-chesf.bkb.rnp.br;crn1-cpb1-chesf.bkb.rnp.br;cce2-crn1-chesf.bkb.rnp.br;cce1-cce2.bkb.rnp.br;cpi1-cce1-chesf.bkb.rnp.br;cma1-cpi1-tlb.bkb.rnp.br;cpa1-cma1-mobwire.bkb.rnp.br;bpa1-cpa1.bkb.rnp.br;No-Hostname;monipe-pa-atraso.rnp.br
1749297115,2025-06-07 08:51:55,gateway;No-Hostname;cal1-mxse-chesf.bkb.rnp.br;cal1-cpe1-chesf.bkb.rnp.br;cpb1-pe-chesf.bkb.rnp.br;crn1-cpb1-chesf.bkb.rnp.br;cce2-crn1-chesf.bkb.rnp.br;cce1-cce2.bkb.rnp.br;cpi1-cce1-chesf.bkb.rnp.br;cma1-cpi1-tlb.bkb.rnp.br;cpa1-cma1-mobwire.bkb.rnp.br;bpa1-cpa1.bkb.rnp.br;No-Hostname;monipe-pa-atraso.rnp.br
1749297806,2025-06-07 09:03:26,gateway;No-Hostname;cal1-mxse-chesf.bkb.rnp.br;cal1-cpe1-chesf.bkb.rnp.br;cpb1-pe-chesf.bkb.rnp.br;crn1-cpb1-chesf.bkb.rnp.br;cce2-crn1-chesf.bkb.rnp.br;cce1-cce2.bkb.rnp.br;cpi1-cce1-chesf.bkb.rnp.br;cma1-cpi1-tlb.bkb.rnp.br;cpa1-cma1-mobwire.bkb.rnp.br;bpa1-cpa1.bkb.rnp.br;No-Hostname;monipe-pa-atraso.rnp.br
1749298326,2025-06-07 09:12:06,gateway;No-Hostname;cal1-mxse-chesf.bkb.rnp.br;cal1-cpe1-chesf.bkb.rnp.br;cpb1-pe-chesf.bkb.rnp.br;crn1-cpb1-chesf.bkb.rnp.br;cce2-crn1-chesf.bkb.rnp.br;cce1-cce2.bkb.rnp.br;cpi1-cce1-chesf.bkb.rnp.br;cma1-cpi1-tlb.bkb.rnp.br;cpa1-cma1-mobwire.bkb.rnp.br;bpa1-cpa1.bkb.rnp.br;No-Hostname;monipe-pa-atraso.rnp.br
1749299216,2025-06-07 09:26:56,gateway;No-Hostname;cal1-mxse-chesf.bkb.rnp.br;cal1-cpe1-chesf.bkb.rnp.br;cpb1-pe-chesf.bkb.rnp.br;cba1-cpb1-chesf.bkb.rnp.br;cpi1-cba1-chesf.bkb.rnp.br;cma1-cpi1-tlb.bkb.rnp.br;cpa1-cma1-mobwire.bkb.rnp.br;bpa1-cpa1.bkb.rnp.br;No-Hostname;monipe-pa-atraso.rnp.br
1749299594,2025-06-07 09:33:14,gateway;No-Hostname;cal1-mxse-chesf.bkb.rnp.br;cal1-cpe1-chesf.bkb.rnp.br;cpb1-pe-chesf.bkb.rnp.br;cba1-cpb1-chesf.bkb.rnp.br;cpi1-cba1-chesf.bkb.rnp.br;cma1-cpi1-tlb.bkb.rnp.br;cpa1-cma1-mobwire.bkb.rnp.br;bpa1-cpa1.bkb.rnp.br;No-Hostname;monipe-pa-atraso.rnp.br
1749300220,2025-06-07 09:43:40,gateway;No-Hostname;cal1-mxse-chesf.bkb.rnp.br;cal1-cpe1-chesf.bkb.rnp.br;cpb1-pe-chesf.bkb.rnp.br;cba1-cpb1-chesf.bkb.rnp.br;cpi1-cba1-chesf.bkb.rnp.br;cma1-cpi1-tlb.bkb.rnp.br;cpa1-cma1-mobwire.bkb.rnp.br;bpa1-cpa1.bkb.rnp.br;No-Hostname;monipe-pa-atraso.rnp.br
1749300737,2025-06-07 09:52:17,gateway;No-Hostname;cal1-mxse-chesf.bkb.rnp.br;cal1-cpe1-chesf.bkb.rnp.br;cpb1-pe-chesf.bkb.rnp.br;cba1-cpb1-chesf.bkb.rnp.br;cpi1-cba1-chesf.bkb.rnp.br;cma1-cpi1-tlb.bkb.rnp.br;cpa1-cma1-mobwire.bkb.rnp.br;bpa1-cpa1.bkb.rnp.br;No-Hostname;monipe-pa-atraso.rnp.br
1749301610,2025-06-07 10:06:50,gateway;No-Hostname;cal1-mxse-chesf.bkb.rnp.br;cal1-cpe1-chesf.bkb.rnp.br;cpb1-pe-chesf.bkb.rnp.br;cba1-cpb1-chesf.bkb.rnp.br;cpi1-cba1-chesf.bkb.rnp.br;cma1-cpi1-tlb.bkb.rnp.br;cpa1-cma1-mobwire.bkb.rnp.br;bpa1-cpa1.bkb.rnp.br;No-Hostname;monipe-pa-atraso.rnp.br
1749302132,2025-06-07 10:15:32,gateway;No-Hostname;cal1-mxse-chesf.bkb.rnp.br;cal1-cpe1-chesf.bkb.rnp.br;cpb1-pe-chesf.bkb.rnp.br;cba1-cpb1-chesf.bkb.rnp.br;cpi1-cba1-chesf.bkb.rnp.br;cma1-cpi1-tlb.bkb.rnp.br;cpa1-cma1-mobwire.bkb.rnp.br;bpa1-cpa1.bkb.rnp.br;No-Hostname;monipe-pa-atraso.rnp.br
1749302531,2025-06-07 10:22:11,gateway;No-Hostname;cal1-mxse-chesf.bkb.rnp.br;cal1-cpe1-chesf.bkb.rnp.br;cpb1-pe-chesf.bkb.rnp.br;crn1-cpb1-chesf.bkb.rnp.br;cce2-crn1-chesf.bkb.rnp.br;cce1-cce2.bkb.rnp.br;cpi1-cce1-chesf.bkb.rnp.br;cma1-cpi1-tlb.bkb.rnp.br;cpa1-cma1-mobwire.bkb.rnp.br;bpa1-cpa1.bkb.rnp.br;No-Hostname;monipe-pa-atraso.rnp.br
1749303201,2025-06-07 10:33:21,gateway;No-Hostname;cal1-mxse-chesf.bkb.rnp.br;cal1-cpe1-chesf.bkb.rnp.br;cpb1-pe-chesf.bkb.rnp.br;crn1-cpb1-chesf.bkb.rnp.br;cce2-crn1-chesf.bkb.rnp.br;cce1-cce2.bkb.rnp.br;cpi1-cce1-chesf.bkb.rnp.br;cma1-cpi1-tlb.bkb.rnp.br;cpa1-cma1-mobwire.bkb.rnp.br;bpa1-cpa1.bkb.rnp.br;No-Hostname;monipe-pa-atraso.rnp.br
1749303803,2025-06-07 10:43:23,gateway;No-Hostname;cal1-mxse-chesf.bkb.rnp.br;cal1-cpe1-chesf.bkb.rnp.br;cpb1-pe-chesf.bkb.rnp.br;crn1-cpb1-chesf.bkb.rnp.br;cce2-crn1-chesf.bkb.rnp.br;cce1-cce2.bkb.rnp.br;cpi1-cce1-chesf.bkb.rnp.br;cma1-cpi1-tlb.bkb.rnp.br;cpa1-cma1-mobwire.bkb.rnp.br;bpa1-cpa1.bkb.rnp.br;No-Hostname;monipe-pa-atraso.rnp.br
1749304166,2025-06-07 10:49:26,gateway;No-Hostname;cal1-mxse-chesf.bkb.rnp.br;cal1-cpe1-chesf.bkb.rnp.br;cpb1-pe-chesf.bkb.rnp.br;crn1-cpb1-chesf.bkb.rnp.br;cce2-crn1-chesf.bkb.rnp.br;cce1-cce2.bkb.rnp.br;cpi1-cce1-chesf.bkb.rnp.br;cma1-cpi1-tlb.bkb.rnp.br;cpa1-cma1-mobwire.bkb.rnp.br;bpa1-cpa1.bkb.rnp.br;No-Hostname;monipe-pa-atraso.rnp.br
1749304979,2025-06-07 11:02:59,gateway;No-Hostname;cal1-mxse-chesf.bkb.rnp.br;cal1-cpe1-chesf.bkb.rnp.br;cpb1-pe-chesf.bkb.rnp.br;crn1-cpb1-chesf.bkb.rnp.br;cce2-crn1-chesf.bkb.rnp.br;cce1-cce2.bkb.rnp.br;cpi1-cce1-chesf.bkb.rnp.br;cma1-cpi1-tlb.bkb.rnp.br;cpa1-cma1-mobwire.bkb.rnp.br;bpa1-cpa1.bkb.rnp.br;No-Hostname;monipe-pa-atraso.rnp.br
1749305706,2025-06-07 11:15:06,gateway;No-Hostname;cal1-mxse-chesf.bkb.rnp.br;cal1-cpe1-chesf.bkb.rnp.br;cpb1-pe-chesf.bkb.rnp.br;cba1-cpb1-chesf.bkb.rnp.br;cpi1-cba1-chesf.bkb.rnp.br;cma1-cpi1-tlb.bkb.rnp.br;cpa1-cma1-mobwire.bkb.rnp.br;bpa1-cpa1.bkb.rnp.br;No-Hostname;monipe-pa-atraso.rnp.br
1749306171,2025-06-07 11:22:51,gateway;No-Hostname;cal1-mxse-chesf.bkb.rnp.br;cal1-cpe1-chesf.bkb.rnp.br;cpb1-pe-chesf.bkb.rnp.br;crn1-cpb1-chesf.bkb.rnp.br;cce2-crn1-chesf.bkb.rnp.br;cce1-cce2.bkb.rnp.br;cpi1-cce1-chesf.bkb.rnp.br;cma1-cpi1-tlb.bkb.rnp.br;cpa1-cma1-mobwire.bkb.rnp.br;bpa1-cpa1.bkb.rnp.br;No-Hostname;monipe-pa-atraso.rnp.br
1749306629,2025-06-07 11:30:29,gateway;No-Hostname;cal1-mxse-chesf.bkb.rnp.br;cal1-cpe1-chesf.bkb.rnp.br;cpb1-pe-chesf.bkb.rnp.br;crn1-cpb1-chesf.bkb.rnp.br;cce2-crn1-chesf.bkb.rnp.br;cce1-cce2.bkb.rnp.br;cpi1-cce1-chesf.bkb.rnp.br;cma1-cpi1-tlb.bkb.rnp.br;cpa1-cma1-mobwire.bkb.rnp.br;bpa1-cpa1.bkb.rnp.br;No-Hostname;monipe-pa-atraso.rnp.br
1749307280,2025-06-07 11:41:20,gateway;No-Hostname;cal1-mxse-chesf.bkb.rnp.br;cal1-cpe1-chesf.bkb.rnp.br;cpb1-pe-chesf.bkb.rnp.br;crn1-cpb1-chesf.bkb.rnp.br;cce2-crn1-chesf.bkb.rnp.br;cce1-cce2.bkb.rnp.br;cpi1-cce1-chesf.bkb.rnp.br;cma1-cpi1-tlb.bkb.rnp.br;cpa1-cma1-mobwire.bkb.rnp.br;bpa1-cpa1.bkb.rnp.br;No-Hostname;monipe-pa-atraso.rnp.br
1749308098,2025-06-07 11:54:58,gateway;No-Hostname;cal1-mxse-chesf.bkb.rnp.br;cal1-cpe1-chesf.bkb.rnp.br;cpb1-pe-chesf.bkb.rnp.br;crn1-cpb1-chesf.bkb.rnp.br;cce2-crn1-chesf.bkb.rnp.br;cce1-cce2.bkb.rnp.br;cpi1-cce1-chesf.bkb.rnp.br;cma1-cpi1-tlb.bkb.rnp.br;cpa1-cma1-mobwire.bkb.rnp.br;bpa1-cpa1.bkb.rnp.br;No-Hostname;monipe-pa-atraso.rnp.br
1749308838,2025-06-07 12:07:18,gateway;No-Hostname;cal1-mxse-chesf.bkb.rnp.br;cal1-cpe1-chesf.bkb.rnp.br;cpb1-pe-chesf.bkb.rnp.br;crn1-cpb1-chesf.bkb.rnp.br;cce2-crn1-chesf.bkb.rnp.br;cce1-cce2.bkb.rnp.br;cpi1-cce1-chesf.bkb.rnp.br;cma1-cpi1-tlb.bkb.rnp.br;cpa1-cma1-mobwire.bkb.rnp.br;bpa1-cpa1.bkb.rnp.br;No-Hostname;monipe-pa-atraso.rnp.br
1749309244,2025-06-07 12:14:04,gateway;No-Hostname;cal1-mxse-chesf.bkb.rnp.br;cal1-cpe1-chesf.bkb.rnp.br;cpb1-pe-chesf.bkb.rnp.br;crn1-cpb1-chesf.bkb.rnp.br;cce2-crn1-chesf.bkb.rnp.br;cce1-cce2.bkb.rnp.br;cpi1-cce1-chesf.bkb.rnp.br;cma1-cpi1-tlb.bkb.rnp.br;cpa1-cma1-mobwire.bkb.rnp.br;bpa1-cpa1.bkb.rnp.br;No-Hostname;monipe-pa-atraso.rnp.br
1749309736,2025-06-07 12:22:16,gateway;No-Hostname;cal1-mxse-chesf.bkb.rnp.br;cal1-cpe1-chesf.bkb.rnp.br;cpb1-pe-chesf.bkb.rnp.br;crn1-cpb1-chesf.bkb.rnp.br;cce2-crn1-chesf.bkb.rnp.br;cce1-cce2.bkb.rnp.br;cpi1-cce1-chesf.bkb.rnp.br;cma1-cpi1-tlb.bkb.rnp.br;cpa1-cma1-mobwire.bkb.rnp.br;bpa1-cpa1.bkb.rnp.br;No-Hostname;monipe-pa-atraso.rnp.br
1749310326,2025-06-07 12:32:06,gateway;No-Hostname;cal1-mxse-chesf.bkb.rnp.br;cal1-cpe1-chesf.bkb.rnp.br;cpb1-pe-chesf.bkb.rnp.br;crn1-cpb1-chesf.bkb.rnp.br;cce2-crn1-chesf.bkb.rnp.br;cce1-cce2.bkb.rnp.br;cpi1-cce1-chesf.bkb.rnp.br;cma1-cpi1-tlb.bkb.rnp.br;cpa1-cma1-mobwire.bkb.rnp.br;bpa1-cpa1.bkb.rnp.br;No-Hostname;monipe-pa-atraso.rnp.br
1749310804,2025-06-07 12:40:04,gateway;No-Hostname;cal1-mxse-chesf.bkb.rnp.br;cal1-cpe1-chesf.bkb.rnp.br;cpb1-pe-chesf.bkb.rnp.br;crn1-cpb1-chesf.bkb.rnp.br;cce2-crn1-chesf.bkb.rnp.br;cce1-cce2.bkb.rnp.br;cpi1-cce1-chesf.bkb.rnp.br;cma1-cpi1-tlb.bkb.rnp.br;cpa1-cma1-mobwire.bkb.rnp.br;bpa1-cpa1.bkb.rnp.br;No-Hostname;monipe-pa-atraso.rnp.br
1749311769,2025-06-07 12:56:09,gateway;No-Hostname;cal1-mxse-chesf.bkb.rnp.br;cal1-cpe1-chesf.bkb.rnp.br;cpb1-pe-chesf.bkb.rnp.br;cba1-cpb1-chesf.bkb.rnp.br;cpi1-cba1-chesf.bkb.rnp.br;cma1-cpi1-tlb.bkb.rnp.br;cpa1-cma1-mobwire.bkb.rnp.br;bpa1-cpa1.bkb.rnp.br;No-Hostname;monipe-pa-atraso.rnp.br
1749312397,2025-06-07 13:06:37,gateway;No-Hostname;cal1-mxse-chesf.bkb.rnp.br;cal1-cpe1-chesf.bkb.rnp.br;cpb1-pe-chesf.bkb.rnp.br;cba1-cpb1-chesf.bkb.rnp.br;cpi1-cba1-chesf.bkb.rnp.br;cma1-cpi1-tlb.bkb.rnp.br;cpa1-cma1-mobwire.bkb.rnp.br;bpa1-cpa1.bkb.rnp.br;No-Hostname;monipe-pa-atraso.rnp.br
1749312982,2025-06-07 13:16:22,gateway;No-Hostname;cal1-mxse-chesf.bkb.rnp.br;cal1-cpe1-chesf.bkb.rnp.br;cpb1-pe-chesf.bkb.rnp.br;cba1-cpb1-chesf.bkb.rnp.br;cpi1-cba1-chesf.bkb.rnp.br;cma1-cpi1-tlb.bkb.rnp.br;cpa1-cma1-mobwire.bkb.rnp.br;bpa1-cpa1.bkb.rnp.br;No-Hostname;monipe-pa-atraso.rnp.br
1749313383,2025-06-07 13:23:03,gateway;No-Hostname;cal1-mxse-chesf.bkb.rnp.br;cal1-cpe1-chesf.bkb.rnp.br;cpb1-pe-chesf.bkb.rnp.br;crn1-cpb1-chesf.bkb.rnp.br;cce2-crn1-chesf.bkb.rnp.br;cce1-cce2.bkb.rnp.br;cpi1-cce1-chesf.bkb.rnp.br;cma1-cpi1-tlb.bkb.rnp.br;cpa1-cma1-mobwire.bkb.rnp.br;bpa1-cpa1.bkb.rnp.br;No-Hostname;monipe-pa-atraso.rnp.br
1749314219,2025-06-07 13:36:59,gateway;No-Hostname;cal1-mxse-chesf.bkb.rnp.br;cal1-cpe1-chesf.bkb.rnp.br;cpb1-pe-chesf.bkb.rnp.br;crn1-cpb1-chesf.bkb.rnp.br;cce2-crn1-chesf.bkb.rnp.br;cce1-cce2.bkb.rnp.br;cpi1-cce1-chesf.bkb.rnp.br;cma1-cpi1-tlb.bkb.rnp.br;cpa1-cma1-mobwire.bkb.rnp.br;bpa1-cpa1.bkb.rnp.br;No-Hostname;monipe-pa-atraso.rnp.br
1749315105,2025-06-07 13:51:45,gateway;No-Hostname;cal1-mxse-chesf.bkb.rnp.br;cal1-cpe1-chesf.bkb.rnp.br;cpb1-pe-chesf.bkb.rnp.br;crn1-cpb1-chesf.bkb.rnp.br;cce2-crn1-chesf.bkb.rnp.br;cce1-cce2.bkb.rnp.br;cpi1-cce1-chesf.bkb.rnp.br;cma1-cpi1-tlb.bkb.rnp.br;cpa1-cma1-mobwire.bkb.rnp.br;bpa1-cpa1.bkb.rnp.br;No-Hostname;monipe-pa-atraso.rnp.br
1749316287,2025-06-07 14:11:27,gateway;No-Hostname;cal1-mxse-chesf.bkb.rnp.br;cal1-cpe1-chesf.bkb.rnp.br;cpb1-pe-chesf.bkb.rnp.br;crn1-cpb1-chesf.bkb.rnp.br;cce2-crn1-chesf.bkb.rnp.br;cce1-cce2.bkb.rnp.br;cpi1-cce1-chesf.bkb.rnp.br;cma1-cpi1-tlb.bkb.rnp.br;cpa1-cma1-mobwire.bkb.rnp.br;bpa1-cpa1.bkb.rnp.br;No-Hostname;monipe-pa-atraso.rnp.br
1749318698,2025-06-07 14:51:38,gateway;No-Hostname;cal1-mxse-chesf.bkb.rnp.br;cal1-cpe1-chesf.bkb.rnp.br;cpb1-pe-chesf.bkb.rnp.br;cba1-cpb1-chesf.bkb.rnp.br;cpi1-cba1-chesf.bkb.rnp.br;cma1-cpi1-tlb.bkb.rnp.br;cpa1-cma1-mobwire.bkb.rnp.br;bpa1-cpa1.bkb.rnp.br;No-Hostname;monipe-pa-atraso.rnp.br
1749319313,2025-06-07 15:01:53,gateway;No-Hostname;cal1-mxse-chesf.bkb.rnp.br;cal1-cpe1-chesf.bkb.rnp.br;cpb1-pe-chesf.bkb.rnp.br;cba1-cpb1-chesf.bkb.rnp.br;cpi1-cba1-chesf.bkb.rnp.br;cma1-cpi1-tlb.bkb.rnp.br;cpa1-cma1-mobwire.bkb.rnp.br;bpa1-cpa1.bkb.rnp.br;No-Hostname;monipe-pa-atraso.rnp.br
1749319736,2025-06-07 15:08:56,gateway;No-Hostname;cal1-mxse-chesf.bkb.rnp.br;cal1-cpe1-chesf.bkb.rnp.br;cpb1-pe-chesf.bkb.rnp.br;cba1-cpb1-chesf.bkb.rnp.br;cpi1-cba1-chesf.bkb.rnp.br;cma1-cpi1-tlb.bkb.rnp.br;cpa1-cma1-mobwire.bkb.rnp.br;bpa1-cpa1.bkb.rnp.br;No-Hostname;monipe-pa-atraso.rnp.br
1749320415,2025-06-07 15:20:15,gateway;No-Hostname;cal1-mxse-chesf.bkb.rnp.br;cal1-cpe1-chesf.bkb.rnp.br;cpb1-pe-chesf.bkb.rnp.br;cba1-cpb1-chesf.bkb.rnp.br;cpi1-cba1-chesf.bkb.rnp.br;cma1-cpi1-tlb.bkb.rnp.br;cpa1-cma1-mobwire.bkb.rnp.br;bpa1-cpa1.bkb.rnp.br;No-Hostname;monipe-pa-atraso.rnp.br
1749321085,2025-06-07 15:31:25,gateway;No-Hostname;cal1-mxse-chesf.bkb.rnp.br;cal1-cpe1-chesf.bkb.rnp.br;cpb1-pe-chesf.bkb.rnp.br;crn1-cpb1-chesf.bkb.rnp.br;cce2-crn1-chesf.bkb.rnp.br;cce1-cce2.bkb.rnp.br;cpi1-cce1-chesf.bkb.rnp.br;cma1-cpi1-tlb.bkb.rnp.br;cpa1-cma1-mobwire.bkb.rnp.br;bpa1-cpa1.bkb.rnp.br;No-Hostname;monipe-pa-atraso.rnp.br
1749322023,2025-06-07 15:47:03,gateway;No-Hostname;cal1-mxse-chesf.bkb.rnp.br;cal1-cpe1-chesf.bkb.rnp.br;cpb1-pe-chesf.bkb.rnp.br;crn1-cpb1-chesf.bkb.rnp.br;cce2-crn1-chesf.bkb.rnp.br;cce1-cce2.bkb.rnp.br;cpi1-cce1-chesf.bkb.rnp.br;cma1-cpi1-tlb.bkb.rnp.br;cpa1-cma1-mobwire.bkb.rnp.br;bpa1-cpa1.bkb.rnp.br;No-Hostname;monipe-pa-atraso.rnp.br
1749322521,2025-06-07 15:55:21,gateway;No-Hostname;cba1-mxse-chesf.bkb.rnp.br;cce1-cba1-chesf.bkb.rnp.br;cpi1-cce1-chesf.bkb.rnp.br;cma1-cpi1-tlb.bkb.rnp.br;cpa1-cma1-mobwire.bkb.rnp.br;bpa1-cpa1.bkb.rnp.br;No-Hostname;monipe-pa-atraso.rnp.br
1749322771,2025-06-07 15:59:31,gateway;No-Hostname;cba1-mxse-chesf.bkb.rnp.br;cpi1-cba1-chesf.bkb.rnp.br;cma1-cpi1-tlb.bkb.rnp.br;cpa1-cma1-mobwire.bkb.rnp.br;bpa1-cpa1.bkb.rnp.br;No-Hostname;monipe-pa-atraso.rnp.br
1749323513,2025-06-07 16:11:53,gateway;No-Hostname;cba1-mxse-chesf.bkb.rnp.br;cpi1-cba1-chesf.bkb.rnp.br;cma1-cpi1-tlb.bkb.rnp.br;cpa1-cma1-mobwire.bkb.rnp.br;bpa1-cpa1.bkb.rnp.br;No-Hostname;monipe-pa-atraso.rnp.br
1749324325,2025-06-07 16:25:25,gateway;No-Hostname;cba1-mxse-chesf.bkb.rnp.br;cce1-cba1-chesf.bkb.rnp.br;cpi1-cce1-chesf.bkb.rnp.br;cma1-cpi1-tlb.bkb.rnp.br;cpa1-cma1-mobwire.bkb.rnp.br;bpa1-cpa1.bkb.rnp.br;No-Hostname;monipe-pa-atraso.rnp.br
1749325467,2025-06-07 16:44:27,gateway;No-Hostname;cba1-mxse-chesf.bkb.rnp.br;cce1-cba1-chesf.bkb.rnp.br;cpi1-cce1-chesf.bkb.rnp.br;cma1-cpi1-tlb.bkb.rnp.br;cpa1-cma1-mobwire.bkb.rnp.br;bpa1-cpa1.bkb.rnp.br;No-Hostname;monipe-pa-atraso.rnp.br
1749325824,2025-06-07 16:50:24,gateway;No-Hostname;cba1-mxse-chesf.bkb.rnp.br;cpi1-cba1-chesf.bkb.rnp.br;cma1-cpi1-tlb.bkb.rnp.br;cpa1-cma1-mobwire.bkb.rnp.br;bpa1-cpa1.bkb.rnp.br;No-Hostname;monipe-pa-atraso.rnp.br
1749326491,2025-06-07 17:01:31,gateway;No-Hostname;cba1-mxse-chesf.bkb.rnp.br;cpi1-cba1-chesf.bkb.rnp.br;cma1-cpi1-tlb.bkb.rnp.br;cpa1-cma1-mobwire.bkb.rnp.br;bpa1-cpa1.bkb.rnp.br;No-Hostname;monipe-pa-atraso.rnp.br
1749327088,2025-06-07 17:11:28,gateway;No-Hostname;cba1-mxse-chesf.bkb.rnp.br;cpi1-cba1-chesf.bkb.rnp.br;cma1-cpi1-tlb.bkb.rnp.br;cpa1-cma1-mobwire.bkb.rnp.br;bpa1-cpa1.bkb.rnp.br;No-Hostname;monipe-pa-atraso.rnp.br
1749327993,2025-06-07 17:26:33,gateway;No-Hostname;cba1-mxse-chesf.bkb.rnp.br;cce1-cba1-chesf.bkb.rnp.br;cpi1-cce1-chesf.bkb.rnp.br;cma1-cpi1-tlb.bkb.rnp.br;cpa1-cma1-mobwire.bkb.rnp.br;bpa1-cpa1.bkb.rnp.br;No-Hostname;monipe-pa-atraso.rnp.br
1749328460,2025-06-07 17:34:20,gateway;No-Hostname;cba1-mxse-chesf.bkb.rnp.br;cce1-cba1-chesf.bkb.rnp.br;cpi1-cce1-chesf.bkb.rnp.br;cma1-cpi1-tlb.bkb.rnp.br;cpa1-cma1-mobwire.bkb.rnp.br;bpa1-cpa1.bkb.rnp.br;No-Hostname;monipe-pa-atraso.rnp.br
1749329850,2025-06-07 17:57:30,gateway;No-Hostname;cba1-mxse-chesf.bkb.rnp.br;cce1-cba1-chesf.bkb.rnp.br;cpi1-cce1-chesf.bkb.rnp.br;cma1-cpi1-tlb.bkb.rnp.br;cpa1-cma1-mobwire.bkb.rnp.br;bpa1-cpa1.bkb.rnp.br;No-Hostname;monipe-pa-atraso.rnp.br
1749330874,2025-06-07 18:14:34,gateway;No-Hostname;cba1-mxse-chesf.bkb.rnp.br;cce1-cba1-chesf.bkb.rnp.br;cpi1-cce1-chesf.bkb.rnp.br;cma1-cpi1-tlb.bkb.rnp.br;cpa1-cma1-mobwire.bkb.rnp.br;bpa1-cpa1.bkb.rnp.br;No-Hostname;monipe-pa-atraso.rnp.br
1749331499,2025-06-07 18:24:59,gateway;No-Hostname;cba1-mxse-chesf.bkb.rnp.br;cpi1-cba1-chesf.bkb.rnp.br;cma1-cpi1-tlb.bkb.rnp.br;cpa1-cma1-mobwire.bkb.rnp.br;bpa1-cpa1.bkb.rnp.br;No-Hostname;monipe-pa-atraso.rnp.br
1749331824,2025-06-07 18:30:24,gateway;No-Hostname;cba1-mxse-chesf.bkb.rnp.br;cpi1-cba1-chesf.bkb.rnp.br;cma1-cpi1-tlb.bkb.rnp.br;cpa1-cma1-mobwire.bkb.rnp.br;bpa1-cpa1.bkb.rnp.br;No-Hostname;monipe-pa-atraso.rnp.br
1749332414,2025-06-07 18:40:14,gateway;No-Hostname;cba1-mxse-chesf.bkb.rnp.br;cpi1-cba1-chesf.bkb.rnp.br;cma1-cpi1-tlb.bkb.rnp.br;cpa1-cma1-mobwire.bkb.rnp.br;bpa1-cpa1.bkb.rnp.br;No-Hostname;monipe-pa-atraso.rnp.br
1749333316,2025-06-07 18:55:16,gateway;No-Hostname;cba1-mxse-chesf.bkb.rnp.br;cdf2-cba1-taesa.bkb.rnp.br;cto1-cdf2-tlb.bkb.rnp.br;cpa1-cto1-tlb.bkb.rnp.br;bpa1-cpa1.bkb.rnp.br;No-Hostname;monipe-pa-atraso.rnp.br
1749333573,2025-06-07 18:59:33,gateway;No-Hostname;cba1-mxse-chesf.bkb.rnp.br;cdf2-cba1-taesa.bkb.rnp.br;cto1-cdf2-tlb.bkb.rnp.br;cpa1-cto1-tlb.bkb.rnp.br;bpa1-cpa1.bkb.rnp.br;No-Hostname;monipe-pa-atraso.rnp.br
1749334318,2025-06-07 19:11:58,gateway;No-Hostname;cba1-mxse-chesf.bkb.rnp.br;cdf2-cba1-taesa.bkb.rnp.br;cto1-cdf2-tlb.bkb.rnp.br;cpa1-cto1-tlb.bkb.rnp.br;bpa1-cpa1.bkb.rnp.br;No-Hostname;monipe-pa-atraso.rnp.br
1749335001,2025-06-07 19:23:21,gateway;No-Hostname;cba1-mxse-chesf.bkb.rnp.br;cce1-cba1-chesf.bkb.rnp.br;cpi1-cce1-chesf.bkb.rnp.br;cma1-cpi1-tlb.bkb.rnp.br;cpa1-cma1-mobwire.bkb.rnp.br;bpa1-cpa1.bkb.rnp.br;No-Hostname;monipe-pa-atraso.rnp.br
1749335413,2025-06-07 19:30:13,gateway;No-Hostname;cba1-mxse-chesf.bkb.rnp.br;cce1-cba1-chesf.bkb.rnp.br;cpi1-cce1-chesf.bkb.rnp.br;cma1-cpi1-tlb.bkb.rnp.br;cpa1-cma1-mobwire.bkb.rnp.br;bpa1-cpa1.bkb.rnp.br;No-Hostname;monipe-pa-atraso.rnp.br
1749336290,2025-06-07 19:44:50,gateway;No-Hostname;cba1-mxse-chesf.bkb.rnp.br;cce1-cba1-chesf.bkb.rnp.br;cpi1-cce1-chesf.bkb.rnp.br;cma1-cpi1-tlb.bkb.rnp.br;cpa1-cma1-mobwire.bkb.rnp.br;bpa1-cpa1.bkb.rnp.br;No-Hostname;monipe-pa-atraso.rnp.br
1749336670,2025-06-07 19:51:10,gateway;No-Hostname;cba1-mxse-chesf.bkb.rnp.br;cce1-cba1-chesf.bkb.rnp.br;cpi1-cce1-chesf.bkb.rnp.br;cma1-cpi1-tlb.bkb.rnp.br;cpa1-cma1-mobwire.bkb.rnp.br;bpa1-cpa1.bkb.rnp.br;No-Hostname;monipe-pa-atraso.rnp.br
1749337328,2025-06-07 20:02:08,gateway;No-Hostname;cba1-mxse-chesf.bkb.rnp.br;cpi1-cba1-chesf.bkb.rnp.br;cma1-cpi1-tlb.bkb.rnp.br;cpa1-cma1-mobwire.bkb.rnp.br;bpa1-cpa1.bkb.rnp.br;No-Hostname;monipe-pa-atraso.rnp.br
1749337814,2025-06-07 20:10:14,gateway;No-Hostname;cba1-mxse-chesf.bkb.rnp.br;cpi1-cba1-chesf.bkb.rnp.br;cma1-cpi1-tlb.bkb.rnp.br;cpa1-cma1-mobwire.bkb.rnp.br;bpa1-cpa1.bkb.rnp.br;No-Hostname;monipe-pa-atraso.rnp.br
1749338813,2025-06-07 20:26:53,gateway;No-Hostname;cba1-mxse-chesf.bkb.rnp.br;cce1-cba1-chesf.bkb.rnp.br;cpi1-cce1-chesf.bkb.rnp.br;cma1-cpi1-tlb.bkb.rnp.br;cpa1-cma1-mobwire.bkb.rnp.br;bpa1-cpa1.bkb.rnp.br;No-Hostname;monipe-pa-atraso.rnp.br
1749339327,2025-06-07 20:35:27,gateway;No-Hostname;cba1-mxse-chesf.bkb.rnp.br;cce1-cba1-chesf.bkb.rnp.br;cpi1-cce1-chesf.bkb.rnp.br;cma1-cpi1-tlb.bkb.rnp.br;cpa1-cma1-mobwire.bkb.rnp.br;bpa1-cpa1.bkb.rnp.br;No-Hostname;monipe-pa-atraso.rnp.br
1749339748,2025-06-07 20:42:28,gateway;No-Hostname;cba1-mxse-chesf.bkb.rnp.br;cce1-cba1-chesf.bkb.rnp.br;cpi1-cce1-chesf.bkb.rnp.br;cma1-cpi1-tlb.bkb.rnp.br;cpa1-cma1-mobwire.bkb.rnp.br;bpa1-cpa1.bkb.rnp.br;No-Hostname;monipe-pa-atraso.rnp.br
1749340239,2025-06-07 20:50:39,gateway;No-Hostname;cba1-mxse-chesf.bkb.rnp.br;cpi1-cba1-chesf.bkb.rnp.br;cma1-cpi1-tlb.bkb.rnp.br;cpa1-cma1-mobwire.bkb.rnp.br;bpa1-cpa1.bkb.rnp.br;No-Hostname;monipe-pa-atraso.rnp.br
1749340827,2025-06-07 21:00:27,gateway;No-Hostname;cba1-mxse-chesf.bkb.rnp.br;cpi1-cba1-chesf.bkb.rnp.br;cma1-cpi1-tlb.bkb.rnp.br;cpa1-cma1-mobwire.bkb.rnp.br;bpa1-cpa1.bkb.rnp.br;No-Hostname;monipe-pa-atraso.rnp.br
1749341588,2025-06-07 21:13:08,gateway;No-Hostname;cba1-mxse-chesf.bkb.rnp.br;cpi1-cba1-chesf.bkb.rnp.br;cma1-cpi1-tlb.bkb.rnp.br;cpa1-cma1-mobwire.bkb.rnp.br;bpa1-cpa1.bkb.rnp.br;No-Hostname;monipe-pa-atraso.rnp.br
1749342118,2025-06-07 21:21:58,gateway;No-Hostname;cba1-mxse-chesf.bkb.rnp.br;cce1-cba1-chesf.bkb.rnp.br;cpi1-cce1-chesf.bkb.rnp.br;cma1-cpi1-tlb.bkb.rnp.br;cpa1-cma1-mobwire.bkb.rnp.br;bpa1-cpa1.bkb.rnp.br;No-Hostname;monipe-pa-atraso.rnp.br
1749342766,2025-06-07 21:32:46,gateway;No-Hostname;cba1-mxse-chesf.bkb.rnp.br;cce1-cba1-chesf.bkb.rnp.br;cpi1-cce1-chesf.bkb.rnp.br;cma1-cpi1-tlb.bkb.rnp.br;cpa1-cma1-mobwire.bkb.rnp.br;bpa1-cpa1.bkb.rnp.br;No-Hostname;monipe-pa-atraso.rnp.br
1749343312,2025-06-07 21:41:52,gateway;No-Hostname;cba1-mxse-chesf.bkb.rnp.br;cce1-cba1-chesf.bkb.rnp.br;cpi1-cce1-chesf.bkb.rnp.br;cma1-cpi1-tlb.bkb.rnp.br;cpa1-cma1-mobwire.bkb.rnp.br;bpa1-cpa1.bkb.rnp.br;No-Hostname;monipe-pa-atraso.rnp.br
1749343949,2025-06-07 21:52:29,gateway;No-Hostname;cba1-mxse-chesf.bkb.rnp.br;cce1-cba1-chesf.bkb.rnp.br;cpi1-cce1-chesf.bkb.rnp.br;cma1-cpi1-tlb.bkb.rnp.br;cpa1-cma1-mobwire.bkb.rnp.br;bpa1-cpa1.bkb.rnp.br;No-Hostname;monipe-pa-atraso.rnp.br
1749344414,2025-06-07 22:00:14,gateway;No-Hostname;cba1-mxse-chesf.bkb.rnp.br;cce1-cba1-chesf.bkb.rnp.br;cpi1-cce1-chesf.bkb.rnp.br;cma1-cpi1-tlb.bkb.rnp.br;cpa1-cma1-mobwire.bkb.rnp.br;bpa1-cpa1.bkb.rnp.br;No-Hostname;monipe-pa-atraso.rnp.br
1749345050,2025-06-07 22:10:50,gateway;No-Hostname;cba1-mxse-chesf.bkb.rnp.br;cce1-cba1-chesf.bkb.rnp.br;cpi1-cce1-chesf.bkb.rnp.br;cma1-cpi1-tlb.bkb.rnp.br;cpa1-cma1-mobwire.bkb.rnp.br;bpa1-cpa1.bkb.rnp.br;No-Hostname;monipe-pa-atraso.rnp.br
1749346052,2025-06-07 22:27:32,gateway;No-Hostname;cba1-mxse-chesf.bkb.rnp.br;cce1-cba1-chesf.bkb.rnp.br;cpi1-cce1-chesf.bkb.rnp.br;cma1-cpi1-tlb.bkb.rnp.br;cpa1-cma1-mobwire.bkb.rnp.br;bpa1-cpa1.bkb.rnp.br;No-Hostname;monipe-pa-atraso.rnp.br
1749346264,2025-06-07 22:31:04,gateway;No-Hostname;cba1-mxse-chesf.bkb.rnp.br;cce1-cba1-chesf.bkb.rnp.br;cpi1-cce1-chesf.bkb.rnp.br;cma1-cpi1-tlb.bkb.rnp.br;cpa1-cma1-mobwire.bkb.rnp.br;bpa1-cpa1.bkb.rnp.br;No-Hostname;monipe-pa-atraso.rnp.br
1749347233,2025-06-07 22:47:13,gateway;No-Hostname;cba1-mxse-chesf.bkb.rnp.br;cce1-cba1-chesf.bkb.rnp.br;cpi1-cce1-chesf.bkb.rnp.br;cma1-cpi1-tlb.bkb.rnp.br;cpa1-cma1-mobwire.bkb.rnp.br;bpa1-cpa1.bkb.rnp.br;No-Hostname;monipe-pa-atraso.rnp.br
1749347419,2025-06-07 22:50:19,gateway;No-Hostname;cba1-mxse-chesf.bkb.rnp.br;cdf2-cba1-taesa.bkb.rnp.br;cto1-cdf2-tlb.bkb.rnp.br;cpa1-cto1-tlb.bkb.rnp.br;bpa1-cpa1.bkb.rnp.br;No-Hostname;monipe-pa-atraso.rnp.br
1749348063,2025-06-07 23:01:03,gateway;No-Hostname;cba1-mxse-chesf.bkb.rnp.br;cdf2-cba1-taesa.bkb.rnp.br;cto1-cdf2-tlb.bkb.rnp.br;cpa1-cto1-tlb.bkb.rnp.br;bpa1-cpa1.bkb.rnp.br;No-Hostname;monipe-pa-atraso.rnp.br
1749348665,2025-06-07 23:11:05,gateway;No-Hostname;cba1-mxse-chesf.bkb.rnp.br;cdf2-cba1-taesa.bkb.rnp.br;cto1-cdf2-tlb.bkb.rnp.br;cpa1-cto1-tlb.bkb.rnp.br;bpa1-cpa1.bkb.rnp.br;No-Hostname;monipe-pa-atraso.rnp.br
1749349401,2025-06-07 23:23:21,gateway;No-Hostname;cba1-mxse-chesf.bkb.rnp.br;cpi1-cba1-chesf.bkb.rnp.br;cma1-cpi1-tlb.bkb.rnp.br;cpa1-cma1-mobwire.bkb.rnp.br;bpa1-cpa1.bkb.rnp.br;No-Hostname;monipe-pa-atraso.rnp.br
1749349804,2025-06-07 23:30:04,gateway;No-Hostname;cba1-mxse-chesf.bkb.rnp.br;cpi1-cba1-chesf.bkb.rnp.br;cma1-cpi1-tlb.bkb.rnp.br;cpa1-cma1-mobwire.bkb.rnp.br;bpa1-cpa1.bkb.rnp.br;No-Hostname;monipe-pa-atraso.rnp.br
1749350614,2025-06-07 23:43:34,gateway;No-Hostname;cba1-mxse-chesf.bkb.rnp.br;cpi1-cba1-chesf.bkb.rnp.br;cma1-cpi1-tlb.bkb.rnp.br;cpa1-cma1-mobwire.bkb.rnp.br;bpa1-cpa1.bkb.rnp.br;No-Hostname;monipe-pa-atraso.rnp.br
1749350939,2025-06-07 23:48:59,gateway;No-Hostname;cba1-mxse-chesf.bkb.rnp.br;cpi1-cba1-chesf.bkb.rnp.br;cma1-cpi1-tlb.bkb.rnp.br;cpa1-cma1-mobwire.bkb.rnp.br;bpa1-cpa1.bkb.rnp.br;No-Hostname;monipe-pa-atraso.rnp.br
1749351694,2025-06-08 00:01:34,gateway;No-Hostname;cba1-mxse-chesf.bkb.rnp.br;cce1-cba1-chesf.bkb.rnp.br;cpi1-cce1-chesf.bkb.rnp.br;cma1-cpi1-tlb.bkb.rnp.br;cpa1-cma1-mobwire.bkb.rnp.br;bpa1-cpa1.bkb.rnp.br;No-Hostname;monipe-pa-atraso.rnp.br
1749352638,2025-06-08 00:17:18,gateway;No-Hostname;cba1-mxse-chesf.bkb.rnp.br;cce1-cba1-chesf.bkb.rnp.br;cpi1-cce1-chesf.bkb.rnp.br;cma1-cpi1-tlb.bkb.rnp.br;cpa1-cma1-mobwire.bkb.rnp.br;bpa1-cpa1.bkb.rnp.br;No-Hostname;monipe-pa-atraso.rnp.br
1749352753,2025-06-08 00:19:13,gateway;No-Hostname;cba1-mxse-chesf.bkb.rnp.br;cce1-cba1-chesf.bkb.rnp.br;cpi1-cce1-chesf.bkb.rnp.br;cma1-cpi1-tlb.bkb.rnp.br;cpa1-cma1-mobwire.bkb.rnp.br;bpa1-cpa1.bkb.rnp.br;No-Hostname;monipe-pa-atraso.rnp.br
1749353602,2025-06-08 00:33:22,gateway;No-Hostname;cba1-mxse-chesf.bkb.rnp.br;cce1-cba1-chesf.bkb.rnp.br;cpi1-cce1-chesf.bkb.rnp.br;cma1-cpi1-tlb.bkb.rnp.br;cpa1-cma1-mobwire.bkb.rnp.br;bpa1-cpa1.bkb.rnp.br;No-Hostname;monipe-pa-atraso.rnp.br
1749354229,2025-06-08 00:43:49,gateway;No-Hostname;cba1-mxse-chesf.bkb.rnp.br;cce1-cba1-chesf.bkb.rnp.br;cpi1-cce1-chesf.bkb.rnp.br;cma1-cpi1-tlb.bkb.rnp.br;cpa1-cma1-mobwire.bkb.rnp.br;bpa1-cpa1.bkb.rnp.br;No-Hostname;monipe-pa-atraso.rnp.br
1749354578,2025-06-08 00:49:38,gateway;No-Hostname;cba1-mxse-chesf.bkb.rnp.br;cce1-cba1-chesf.bkb.rnp.br;cpi1-cce1-chesf.bkb.rnp.br;cma1-cpi1-tlb.bkb.rnp.br;cpa1-cma1-mobwire.bkb.rnp.br;bpa1-cpa1.bkb.rnp.br;No-Hostname;monipe-pa-atraso.rnp.br
1749355392,2025-06-08 01:03:12,gateway;No-Hostname;cba1-mxse-chesf.bkb.rnp.br;cpi1-cba1-chesf.bkb.rnp.br;cma1-cpi1-tlb.bkb.rnp.br;cpa1-cma1-mobwire.bkb.rnp.br;bpa1-cpa1.bkb.rnp.br;No-Hostname;monipe-pa-atraso.rnp.br
1749355760,2025-06-08 01:09:20,gateway;No-Hostname;cba1-mxse-chesf.bkb.rnp.br;cpi1-cba1-chesf.bkb.rnp.br;cma1-cpi1-tlb.bkb.rnp.br;cpa1-cma1-mobwire.bkb.rnp.br;bpa1-cpa1.bkb.rnp.br;No-Hostname;monipe-pa-atraso.rnp.br
1749356793,2025-06-08 01:26:33,gateway;No-Hostname;cba1-mxse-chesf.bkb.rnp.br;cpi1-cba1-chesf.bkb.rnp.br;cma1-cpi1-tlb.bkb.rnp.br;cpa1-cma1-mobwire.bkb.rnp.br;bpa1-cpa1.bkb.rnp.br;No-Hostname;monipe-pa-atraso.rnp.br
1749356985,2025-06-08 01:29:45,gateway;No-Hostname;cba1-mxse-chesf.bkb.rnp.br;cpi1-cba1-chesf.bkb.rnp.br;cma1-cpi1-tlb.bkb.rnp.br;cpa1-cma1-mobwire.bkb.rnp.br;bpa1-cpa1.bkb.rnp.br;No-Hostname;monipe-pa-atraso.rnp.br
1749357590,2025-06-08 01:39:50,gateway;No-Hostname;cba1-mxse-chesf.bkb.rnp.br;cpi1-cba1-chesf.bkb.rnp.br;cma1-cpi1-tlb.bkb.rnp.br;cpa1-cma1-mobwire.bkb.rnp.br;bpa1-cpa1.bkb.rnp.br;No-Hostname;monipe-pa-atraso.rnp.br
1749358356,2025-06-08 01:52:36,gateway;No-Hostname;cba1-mxse-chesf.bkb.rnp.br;cdf2-cba1-taesa.bkb.rnp.br;cto1-cdf2-tlb.bkb.rnp.br;cpa1-cto1-tlb.bkb.rnp.br;bpa1-cpa1.bkb.rnp.br;No-Hostname;monipe-pa-atraso.rnp.br
1749359220,2025-06-08 02:07:00,gateway;No-Hostname;cba1-mxse-chesf.bkb.rnp.br;cdf2-cba1-taesa.bkb.rnp.br;cto1-cdf2-tlb.bkb.rnp.br;cpa1-cto1-tlb.bkb.rnp.br;bpa1-cpa1.bkb.rnp.br;No-Hostname;monipe-pa-atraso.rnp.br
1749359530,2025-06-08 02:12:10,gateway;No-Hostname;cba1-mxse-chesf.bkb.rnp.br;cdf2-cba1-taesa.bkb.rnp.br;cto1-cdf2-tlb.bkb.rnp.br;cpa1-cto1-tlb.bkb.rnp.br;bpa1-cpa1.bkb.rnp.br;No-Hostname;monipe-pa-atraso.rnp.br
1749360358,2025-06-08 02:25:58,gateway;No-Hostname;cba1-mxse-chesf.bkb.rnp.br;cpi1-cba1-chesf.bkb.rnp.br;cma1-cpi1-tlb.bkb.rnp.br;cpa1-cma1-mobwire.bkb.rnp.br;bpa1-cpa1.bkb.rnp.br;No-Hostname;monipe-pa-atraso.rnp.br
1749360858,2025-06-08 02:34:18,gateway;No-Hostname;cba1-mxse-chesf.bkb.rnp.br;cpi1-cba1-chesf.bkb.rnp.br;cma1-cpi1-tlb.bkb.rnp.br;cpa1-cma1-mobwire.bkb.rnp.br;bpa1-cpa1.bkb.rnp.br;No-Hostname;monipe-pa-atraso.rnp.br
1749361518,2025-06-08 02:45:18,gateway;No-Hostname;cba1-mxse-chesf.bkb.rnp.br;cpi1-cba1-chesf.bkb.rnp.br;cma1-cpi1-tlb.bkb.rnp.br;cpa1-cma1-mobwire.bkb.rnp.br;bpa1-cpa1.bkb.rnp.br;No-Hostname;monipe-pa-atraso.rnp.br
1749361829,2025-06-08 02:50:29,gateway;No-Hostname;cba1-mxse-chesf.bkb.rnp.br;cce1-cba1-chesf.bkb.rnp.br;cpi1-cce1-chesf.bkb.rnp.br;cma1-cpi1-tlb.bkb.rnp.br;cpa1-cma1-mobwire.bkb.rnp.br;bpa1-cpa1.bkb.rnp.br;No-Hostname;monipe-pa-atraso.rnp.br
1749362727,2025-06-08 03:05:27,gateway;No-Hostname;cba1-mxse-chesf.bkb.rnp.br;cce1-cba1-chesf.bkb.rnp.br;cpi1-cce1-chesf.bkb.rnp.br;cma1-cpi1-tlb.bkb.rnp.br;cpa1-cma1-mobwire.bkb.rnp.br;bpa1-cpa1.bkb.rnp.br;No-Hostname;monipe-pa-atraso.rnp.br
1749363211,2025-06-08 03:13:31,gateway;No-Hostname;cba1-mxse-chesf.bkb.rnp.br;cce1-cba1-chesf.bkb.rnp.br;cpi1-cce1-chesf.bkb.rnp.br;cma1-cpi1-tlb.bkb.rnp.br;cpa1-cma1-mobwire.bkb.rnp.br;bpa1-cpa1.bkb.rnp.br;No-Hostname;monipe-pa-atraso.rnp.br
1749363750,2025-06-08 03:22:30,gateway;No-Hostname;cba1-mxse-chesf.bkb.rnp.br;cce1-cba1-chesf.bkb.rnp.br;cpi1-cce1-chesf.bkb.rnp.br;cma1-cpi1-tlb.bkb.rnp.br;cpa1-cma1-mobwire.bkb.rnp.br;bpa1-cpa1.bkb.rnp.br;No-Hostname;monipe-pa-atraso.rnp.br
1749364213,2025-06-08 03:30:13,gateway;No-Hostname;cba1-mxse-chesf.bkb.rnp.br;cce1-cba1-chesf.bkb.rnp.br;cpi1-cce1-chesf.bkb.rnp.br;cma1-cpi1-tlb.bkb.rnp.br;cpa1-cma1-mobwire.bkb.rnp.br;bpa1-cpa1.bkb.rnp.br;No-Hostname;monipe-pa-atraso.rnp.br
1749365140,2025-06-08 03:45:40,gateway;No-Hostname;cba1-mxse-chesf.bkb.rnp.br;cce1-cba1-chesf.bkb.rnp.br;cpi1-cce1-chesf.bkb.rnp.br;cma1-cpi1-tlb.bkb.rnp.br;cpa1-cma1-mobwire.bkb.rnp.br;bpa1-cpa1.bkb.rnp.br;No-Hostname;monipe-pa-atraso.rnp.br
1749365417,2025-06-08 03:50:17,gateway;No-Hostname;cba1-mxse-chesf.bkb.rnp.br;cce1-cba1-chesf.bkb.rnp.br;cpi1-cce1-chesf.bkb.rnp.br;cma1-cpi1-tlb.bkb.rnp.br;cpa1-cma1-mobwire.bkb.rnp.br;bpa1-cpa1.bkb.rnp.br;No-Hostname;monipe-pa-atraso.rnp.br
1749366173,2025-06-08 04:02:53,gateway;No-Hostname;cba1-mxse-chesf.bkb.rnp.br;cce1-cba1-chesf.bkb.rnp.br;cpi1-cce1-chesf.bkb.rnp.br;cma1-cpi1-tlb.bkb.rnp.br;cpa1-cma1-mobwire.bkb.rnp.br;bpa1-cpa1.bkb.rnp.br;No-Hostname;monipe-pa-atraso.rnp.br
1749366628,2025-06-08 04:10:28,gateway;No-Hostname;cba1-mxse-chesf.bkb.rnp.br;cce1-cba1-chesf.bkb.rnp.br;cpi1-cce1-chesf.bkb.rnp.br;cma1-cpi1-tlb.bkb.rnp.br;cpa1-cma1-mobwire.bkb.rnp.br;bpa1-cpa1.bkb.rnp.br;No-Hostname;monipe-pa-atraso.rnp.br
1749367201,2025-06-08 04:20:01,gateway;No-Hostname;cba1-mxse-chesf.bkb.rnp.br;cce1-cba1-chesf.bkb.rnp.br;cpi1-cce1-chesf.bkb.rnp.br;cma1-cpi1-tlb.bkb.rnp.br;cpa1-cma1-mobwire.bkb.rnp.br;bpa1-cpa1.bkb.rnp.br;No-Hostname;monipe-pa-atraso.rnp.br
1749368061,2025-06-08 04:34:21,gateway;No-Hostname;cba1-mxse-chesf.bkb.rnp.br;cce1-cba1-chesf.bkb.rnp.br;cpi1-cce1-chesf.bkb.rnp.br;cma1-cpi1-tlb.bkb.rnp.br;cpa1-cma1-mobwire.bkb.rnp.br;bpa1-cpa1.bkb.rnp.br;No-Hostname;monipe-pa-atraso.rnp.br
1749368750,2025-06-08 04:45:50,gateway;No-Hostname;cba1-mxse-chesf.bkb.rnp.br;cce1-cba1-chesf.bkb.rnp.br;cpi1-cce1-chesf.bkb.rnp.br;cma1-cpi1-tlb.bkb.rnp.br;cpa1-cma1-mobwire.bkb.rnp.br;bpa1-cpa1.bkb.rnp.br;No-Hostname;monipe-pa-atraso.rnp.br
1749369076,2025-06-08 04:51:16,gateway;No-Hostname;cba1-mxse-chesf.bkb.rnp.br;cce1-cba1-chesf.bkb.rnp.br;cpi1-cce1-chesf.bkb.rnp.br;cma1-cpi1-tlb.bkb.rnp.br;cpa1-cma1-mobwire.bkb.rnp.br;bpa1-cpa1.bkb.rnp.br;No-Hostname;monipe-pa-atraso.rnp.br
1749369620,2025-06-08 05:00:20,gateway;No-Hostname;cba1-mxse-chesf.bkb.rnp.br;cce1-cba1-chesf.bkb.rnp.br;cpi1-cce1-chesf.bkb.rnp.br;cma1-cpi1-tlb.bkb.rnp.br;cpa1-cma1-mobwire.bkb.rnp.br;bpa1-cpa1.bkb.rnp.br;No-Hostname;monipe-pa-atraso.rnp.br
1749370418,2025-06-08 05:13:38,gateway;No-Hostname;cba1-mxse-chesf.bkb.rnp.br;cce1-cba1-chesf.bkb.rnp.br;cpi1-cce1-chesf.bkb.rnp.br;cma1-cpi1-tlb.bkb.rnp.br;cpa1-cma1-mobwire.bkb.rnp.br;bpa1-cpa1.bkb.rnp.br;No-Hostname;monipe-pa-atraso.rnp.br
1749371014,2025-06-08 05:23:34,gateway;No-Hostname;cba1-mxse-chesf.bkb.rnp.br;cce1-cba1-chesf.bkb.rnp.br;cpi1-cce1-chesf.bkb.rnp.br;cma1-cpi1-tlb.bkb.rnp.br;cpa1-cma1-mobwire.bkb.rnp.br;bpa1-cpa1.bkb.rnp.br;No-Hostname;monipe-pa-atraso.rnp.br
1749371856,2025-06-08 05:37:36,gateway;No-Hostname;cba1-mxse-chesf.bkb.rnp.br;cce1-cba1-chesf.bkb.rnp.br;cpi1-cce1-chesf.bkb.rnp.br;cma1-cpi1-tlb.bkb.rnp.br;cpa1-cma1-mobwire.bkb.rnp.br;bpa1-cpa1.bkb.rnp.br;No-Hostname;monipe-pa-atraso.rnp.br
1749372227,2025-06-08 05:43:47,gateway;No-Hostname;cba1-mxse-chesf.bkb.rnp.br;cce1-cba1-chesf.bkb.rnp.br;cpi1-cce1-chesf.bkb.rnp.br;cma1-cpi1-tlb.bkb.rnp.br;cpa1-cma1-mobwire.bkb.rnp.br;bpa1-cpa1.bkb.rnp.br;No-Hostname;monipe-pa-atraso.rnp.br
1749372984,2025-06-08 05:56:24,gateway;No-Hostname;cba1-mxse-chesf.bkb.rnp.br;cce1-cba1-chesf.bkb.rnp.br;cpi1-cce1-chesf.bkb.rnp.br;cma1-cpi1-tlb.bkb.rnp.br;cpa1-cma1-mobwire.bkb.rnp.br;bpa1-cpa1.bkb.rnp.br;No-Hostname;monipe-pa-atraso.rnp.br
1749373431,2025-06-08 06:03:51,gateway;No-Hostname;cba1-mxse-chesf.bkb.rnp.br;cce1-cba1-chesf.bkb.rnp.br;cpi1-cce1-chesf.bkb.rnp.br;cma1-cpi1-tlb.bkb.rnp.br;cpa1-cma1-mobwire.bkb.rnp.br;bpa1-cpa1.bkb.rnp.br;No-Hostname;monipe-pa-atraso.rnp.br
1749373770,2025-06-08 06:09:30,gateway;No-Hostname;cba1-mxse-chesf.bkb.rnp.br;cce1-cba1-chesf.bkb.rnp.br;cpi1-cce1-chesf.bkb.rnp.br;cma1-cpi1-tlb.bkb.rnp.br;cpa1-cma1-mobwire.bkb.rnp.br;bpa1-cpa1.bkb.rnp.br;No-Hostname;monipe-pa-atraso.rnp.br
1749374781,2025-06-08 06:26:21,gateway;No-Hostname;cba1-mxse-chesf.bkb.rnp.br;cce1-cba1-chesf.bkb.rnp.br;cpi1-cce1-chesf.bkb.rnp.br;cma1-cpi1-tlb.bkb.rnp.br;cpa1-cma1-mobwire.bkb.rnp.br;bpa1-cpa1.bkb.rnp.br;No-Hostname;monipe-pa-atraso.rnp.br
1749374995,2025-06-08 06:29:55,gateway;No-Hostname;cba1-mxse-chesf.bkb.rnp.br;cce1-cba1-chesf.bkb.rnp.br;cpi1-cce1-chesf.bkb.rnp.br;cma1-cpi1-tlb.bkb.rnp.br;cpa1-cma1-mobwire.bkb.rnp.br;bpa1-cpa1.bkb.rnp.br;No-Hostname;monipe-pa-atraso.rnp.br
1749375757,2025-06-08 06:42:37,gateway;No-Hostname;cba1-mxse-chesf.bkb.rnp.br;cce1-cba1-chesf.bkb.rnp.br;cpi1-cce1-chesf.bkb.rnp.br;cma1-cpi1-tlb.bkb.rnp.br;cpa1-cma1-mobwire.bkb.rnp.br;bpa1-cpa1.bkb.rnp.br;No-Hostname;monipe-pa-atraso.rnp.br
1749376893,2025-06-08 07:01:33,gateway;No-Hostname;cba1-mxse-chesf.bkb.rnp.br;cce1-cba1-chesf.bkb.rnp.br;cpi1-cce1-chesf.bkb.rnp.br;cma1-cpi1-tlb.bkb.rnp.br;cpa1-cma1-mobwire.bkb.rnp.br;bpa1-cpa1.bkb.rnp.br;No-Hostname;monipe-pa-atraso.rnp.br
1749377602,2025-06-08 07:13:22,gateway;No-Hostname;cba1-mxse-chesf.bkb.rnp.br;cce1-cba1-chesf.bkb.rnp.br;cpi1-cce1-chesf.bkb.rnp.br;cma1-cpi1-tlb.bkb.rnp.br;cpa1-cma1-mobwire.bkb.rnp.br;bpa1-cpa1.bkb.rnp.br;No-Hostname;monipe-pa-atraso.rnp.br
1749378346,2025-06-08 07:25:46,gateway;No-Hostname;cba1-mxse-chesf.bkb.rnp.br;cce1-cba1-chesf.bkb.rnp.br;cpi1-cce1-chesf.bkb.rnp.br;cma1-cpi1-tlb.bkb.rnp.br;cpa1-cma1-mobwire.bkb.rnp.br;bpa1-cpa1.bkb.rnp.br;No-Hostname;monipe-pa-atraso.rnp.br
1749378994,2025-06-08 07:36:34,gateway;No-Hostname;cba1-mxse-chesf.bkb.rnp.br;cce1-cba1-chesf.bkb.rnp.br;cpi1-cce1-chesf.bkb.rnp.br;cma1-cpi1-tlb.bkb.rnp.br;cpa1-cma1-mobwire.bkb.rnp.br;bpa1-cpa1.bkb.rnp.br;No-Hostname;monipe-pa-atraso.rnp.br
1749379187,2025-06-08 07:39:47,gateway;No-Hostname;cba1-mxse-chesf.bkb.rnp.br;cce1-cba1-chesf.bkb.rnp.br;cpi1-cce1-chesf.bkb.rnp.br;cma1-cpi1-tlb.bkb.rnp.br;cpa1-cma1-mobwire.bkb.rnp.br;bpa1-cpa1.bkb.rnp.br;No-Hostname;monipe-pa-atraso.rnp.br
1749379876,2025-06-08 07:51:16,gateway;No-Hostname;cba1-mxse-chesf.bkb.rnp.br;cce1-cba1-chesf.bkb.rnp.br;cpi1-cce1-chesf.bkb.rnp.br;cma1-cpi1-tlb.bkb.rnp.br;cpa1-cma1-mobwire.bkb.rnp.br;bpa1-cpa1.bkb.rnp.br;No-Hostname;monipe-pa-atraso.rnp.br
1749380523,2025-06-08 08:02:03,gateway;No-Hostname;cba1-mxse-chesf.bkb.rnp.br;cce1-cba1-chesf.bkb.rnp.br;cpi1-cce1-chesf.bkb.rnp.br;cma1-cpi1-tlb.bkb.rnp.br;cpa1-cma1-mobwire.bkb.rnp.br;bpa1-cpa1.bkb.rnp.br;No-Hostname;monipe-pa-atraso.rnp.br
1749381319,2025-06-08 08:15:19,gateway;No-Hostname;cba1-mxse-chesf.bkb.rnp.br;cce1-cba1-chesf.bkb.rnp.br;cpi1-cce1-chesf.bkb.rnp.br;cma1-cpi1-tlb.bkb.rnp.br;cpa1-cma1-mobwire.bkb.rnp.br;bpa1-cpa1.bkb.rnp.br;No-Hostname;monipe-pa-atraso.rnp.br
1749381851,2025-06-08 08:24:11,gateway;No-Hostname;cba1-mxse-chesf.bkb.rnp.br;cce1-cba1-chesf.bkb.rnp.br;cpi1-cce1-chesf.bkb.rnp.br;cma1-cpi1-tlb.bkb.rnp.br;cpa1-cma1-mobwire.bkb.rnp.br;bpa1-cpa1.bkb.rnp.br;No-Hostname;monipe-pa-atraso.rnp.br
1749382471,2025-06-08 08:34:31,gateway;No-Hostname;cba1-mxse-chesf.bkb.rnp.br;cce1-cba1-chesf.bkb.rnp.br;cpi1-cce1-chesf.bkb.rnp.br;cma1-cpi1-tlb.bkb.rnp.br;cpa1-cma1-mobwire.bkb.rnp.br;bpa1-cpa1.bkb.rnp.br;No-Hostname;monipe-pa-atraso.rnp.br
1749382832,2025-06-08 08:40:32,gateway;No-Hostname;cba1-mxse-chesf.bkb.rnp.br;cce1-cba1-chesf.bkb.rnp.br;cpi1-cce1-chesf.bkb.rnp.br;cma1-cpi1-tlb.bkb.rnp.br;cpa1-cma1-mobwire.bkb.rnp.br;bpa1-cpa1.bkb.rnp.br;No-Hostname;monipe-pa-atraso.rnp.br
1749383334,2025-06-08 08:48:54,gateway;No-Hostname;cba1-mxse-chesf.bkb.rnp.br;cce1-cba1-chesf.bkb.rnp.br;cpi1-cce1-chesf.bkb.rnp.br;cma1-cpi1-tlb.bkb.rnp.br;cpa1-cma1-mobwire.bkb.rnp.br;bpa1-cpa1.bkb.rnp.br;No-Hostname;monipe-pa-atraso.rnp.br
1749383981,2025-06-08 08:59:41,gateway;No-Hostname;cba1-mxse-chesf.bkb.rnp.br;cce1-cba1-chesf.bkb.rnp.br;cpi1-cce1-chesf.bkb.rnp.br;cma1-cpi1-tlb.bkb.rnp.br;cpa1-cma1-mobwire.bkb.rnp.br;bpa1-cpa1.bkb.rnp.br;No-Hostname;monipe-pa-atraso.rnp.br
1749384952,2025-06-08 09:15:52,gateway;No-Hostname;cba1-mxse-chesf.bkb.rnp.br;cce1-cba1-chesf.bkb.rnp.br;cpi1-cce1-chesf.bkb.rnp.br;cma1-cpi1-tlb.bkb.rnp.br;cpa1-cma1-mobwire.bkb.rnp.br;bpa1-cpa1.bkb.rnp.br;No-Hostname;monipe-pa-atraso.rnp.br
1749385128,2025-06-08 09:18:48,gateway;No-Hostname;cba1-mxse-chesf.bkb.rnp.br;cce1-cba1-chesf.bkb.rnp.br;cpi1-cce1-chesf.bkb.rnp.br;cma1-cpi1-tlb.bkb.rnp.br;cpa1-cma1-mobwire.bkb.rnp.br;bpa1-cpa1.bkb.rnp.br;No-Hostname;monipe-pa-atraso.rnp.br
1749385814,2025-06-08 09:30:14,gateway;No-Hostname;cba1-mxse-chesf.bkb.rnp.br;cce1-cba1-chesf.bkb.rnp.br;cpi1-cce1-chesf.bkb.rnp.br;cma1-cpi1-tlb.bkb.rnp.br;cpa1-cma1-mobwire.bkb.rnp.br;bpa1-cpa1.bkb.rnp.br;No-Hostname;monipe-pa-atraso.rnp.br
1749386345,2025-06-08 09:39:05,gateway;No-Hostname;cba1-mxse-chesf.bkb.rnp.br;cdf2-cba1-taesa.bkb.rnp.br;cto1-cdf2-aloha.bkb.rnp.br;cpa1-cto1-tlb.bkb.rnp.br;bpa1-cpa1.bkb.rnp.br;No-Hostname;monipe-pa-atraso.rnp.br
1749387445,2025-06-08 09:57:25,gateway;No-Hostname;cba1-mxse-chesf.bkb.rnp.br;cdf2-cba1-taesa.bkb.rnp.br;cto1-cdf2-aloha.bkb.rnp.br;cpa1-cto1-tlb.bkb.rnp.br;bpa1-cpa1.bkb.rnp.br;No-Hostname;monipe-pa-atraso.rnp.br
1749387656,2025-06-08 10:00:56,gateway;No-Hostname;cba1-mxse-chesf.bkb.rnp.br;cdf2-cba1-taesa.bkb.rnp.br;cto1-cdf2-aloha.bkb.rnp.br;cpa1-cto1-tlb.bkb.rnp.br;bpa1-cpa1.bkb.rnp.br;No-Hostname;monipe-pa-atraso.rnp.br
1749388436,2025-06-08 10:13:56,gateway;No-Hostname;cba1-mxse-chesf.bkb.rnp.br;cdf2-cba1-taesa.bkb.rnp.br;cto1-cdf2-aloha.bkb.rnp.br;cpa1-cto1-tlb.bkb.rnp.br;bpa1-cpa1.bkb.rnp.br;No-Hostname;monipe-pa-atraso.rnp.br
1749388960,2025-06-08 10:22:40,gateway;No-Hostname;cba1-mxse-chesf.bkb.rnp.br;cce1-cba1-chesf.bkb.rnp.br;cpi1-cce1-chesf.bkb.rnp.br;cma1-cpi1-tlb.bkb.rnp.br;cpa1-cma1-mobwire.bkb.rnp.br;bpa1-cpa1.bkb.rnp.br;No-Hostname;monipe-pa-atraso.rnp.br
1749389549,2025-06-08 10:32:29,gateway;No-Hostname;cba1-mxse-chesf.bkb.rnp.br;cce1-cba1-chesf.bkb.rnp.br;cpi1-cce1-chesf.bkb.rnp.br;cma1-cpi1-tlb.bkb.rnp.br;cpa1-cma1-mobwire.bkb.rnp.br;bpa1-cpa1.bkb.rnp.br;No-Hostname;monipe-pa-atraso.rnp.br
1749390315,2025-06-08 10:45:15,gateway;No-Hostname;cba1-mxse-chesf.bkb.rnp.br;cce1-cba1-chesf.bkb.rnp.br;cpi1-cce1-chesf.bkb.rnp.br;cma1-cpi1-tlb.bkb.rnp.br;cpa1-cma1-mobwire.bkb.rnp.br;bpa1-cpa1.bkb.rnp.br;No-Hostname;monipe-pa-atraso.rnp.br
1749390754,2025-06-08 10:52:34,gateway;No-Hostname;cba1-mxse-chesf.bkb.rnp.br;cce1-cba1-chesf.bkb.rnp.br;cpi1-cce1-chesf.bkb.rnp.br;cma1-cpi1-tlb.bkb.rnp.br;cpa1-cma1-mobwire.bkb.rnp.br;bpa1-cpa1.bkb.rnp.br;No-Hostname;monipe-pa-atraso.rnp.br
1749391540,2025-06-08 11:05:40,gateway;No-Hostname;cba1-mxse-chesf.bkb.rnp.br;cce1-cba1-chesf.bkb.rnp.br;cpi1-cce1-chesf.bkb.rnp.br;cma1-cpi1-tlb.bkb.rnp.br;cpa1-cma1-mobwire.bkb.rnp.br;bpa1-cpa1.bkb.rnp.br;No-Hostname;monipe-pa-atraso.rnp.br
1749392098,2025-06-08 11:14:58,gateway;No-Hostname;cba1-mxse-chesf.bkb.rnp.br;cce1-cba1-chesf.bkb.rnp.br;cpi1-cce1-chesf.bkb.rnp.br;cma1-cpi1-tlb.bkb.rnp.br;cpa1-cma1-mobwire.bkb.rnp.br;bpa1-cpa1.bkb.rnp.br;No-Hostname;monipe-pa-atraso.rnp.br
1749392558,2025-06-08 11:22:38,gateway;No-Hostname;cba1-mxse-chesf.bkb.rnp.br;cce1-cba1-chesf.bkb.rnp.br;cpi1-cce1-chesf.bkb.rnp.br;cma1-cpi1-tlb.bkb.rnp.br;cpa1-cma1-mobwire.bkb.rnp.br;bpa1-cpa1.bkb.rnp.br;No-Hostname;monipe-pa-atraso.rnp.br
1749393069,2025-06-08 11:31:09,gateway;No-Hostname;cba1-mxse-chesf.bkb.rnp.br;cce1-cba1-chesf.bkb.rnp.br;cpi1-cce1-chesf.bkb.rnp.br;cma1-cpi1-tlb.bkb.rnp.br;cpa1-cma1-mobwire.bkb.rnp.br;bpa1-cpa1.bkb.rnp.br;No-Hostname;monipe-pa-atraso.rnp.br
1749394031,2025-06-08 11:47:11,gateway;No-Hostname;cba1-mxse-chesf.bkb.rnp.br;cce1-cba1-chesf.bkb.rnp.br;cpi1-cce1-chesf.bkb.rnp.br;cma1-cpi1-tlb.bkb.rnp.br;cpa1-cma1-mobwire.bkb.rnp.br;bpa1-cpa1.bkb.rnp.br;No-Hostname;monipe-pa-atraso.rnp.br
1749394601,2025-06-08 11:56:41,gateway;No-Hostname;cba1-mxse-chesf.bkb.rnp.br;cdf2-cba1-taesa.bkb.rnp.br;cto1-cdf2-tlb.bkb.rnp.br;cpa1-cto1-tlb.bkb.rnp.br;bpa1-cpa1.bkb.rnp.br;No-Hostname;monipe-pa-atraso.rnp.br
1749394922,2025-06-08 12:02:02,gateway;No-Hostname;cba1-mxse-chesf.bkb.rnp.br;cdf2-cba1-taesa.bkb.rnp.br;cto1-cdf2-tlb.bkb.rnp.br;cpa1-cto1-tlb.bkb.rnp.br;bpa1-cpa1.bkb.rnp.br;No-Hostname;monipe-pa-atraso.rnp.br
1749395399,2025-06-08 12:09:59,gateway;No-Hostname;cba1-mxse-chesf.bkb.rnp.br;cdf2-cba1-taesa.bkb.rnp.br;cto1-cdf2-tlb.bkb.rnp.br;cpa1-cto1-tlb.bkb.rnp.br;bpa1-cpa1.bkb.rnp.br;No-Hostname;monipe-pa-atraso.rnp.br
1749396429,2025-06-08 12:27:09,gateway;No-Hostname;cba1-mxse-chesf.bkb.rnp.br;cce1-cba1-chesf.bkb.rnp.br;cpi1-cce1-chesf.bkb.rnp.br;cma1-cpi1-tlb.bkb.rnp.br;cpa1-cma1-mobwire.bkb.rnp.br;bpa1-cpa1.bkb.rnp.br;No-Hostname;monipe-pa-atraso.rnp.br
1749396634,2025-06-08 12:30:34,gateway;No-Hostname;cba1-mxse-chesf.bkb.rnp.br;cce1-cba1-chesf.bkb.rnp.br;cpi1-cce1-chesf.bkb.rnp.br;cma1-cpi1-tlb.bkb.rnp.br;cpa1-cma1-mobwire.bkb.rnp.br;bpa1-cpa1.bkb.rnp.br;No-Hostname;monipe-pa-atraso.rnp.br
1749397397,2025-06-08 12:43:17,gateway;No-Hostname;cba1-mxse-chesf.bkb.rnp.br;cce1-cba1-chesf.bkb.rnp.br;cpi1-cce1-chesf.bkb.rnp.br;cma1-cpi1-tlb.bkb.rnp.br;cpa1-cma1-mobwire.bkb.rnp.br;bpa1-cpa1.bkb.rnp.br;No-Hostname;monipe-pa-atraso.rnp.br
1749397976,2025-06-08 12:52:56,gateway;No-Hostname;cba1-mxse-chesf.bkb.rnp.br;cpi1-cba1-chesf.bkb.rnp.br;cma1-cpi1-tlb.bkb.rnp.br;cpa1-cma1-mobwire.bkb.rnp.br;bpa1-cpa1.bkb.rnp.br;No-Hostname;monipe-pa-atraso.rnp.br
1749399314,2025-06-08 13:15:14,gateway;No-Hostname;cba1-mxse-chesf.bkb.rnp.br;cpi1-cba1-chesf.bkb.rnp.br;cma1-cpi1-tlb.bkb.rnp.br;cpa1-cma1-mobwire.bkb.rnp.br;bpa1-cpa1.bkb.rnp.br;No-Hostname;monipe-pa-atraso.rnp.br
1749399883,2025-06-08 13:24:43,gateway;No-Hostname;cba1-mxse-chesf.bkb.rnp.br;cpi1-cba1-chesf.bkb.rnp.br;cma1-cpi1-tlb.bkb.rnp.br;cpa1-cma1-mobwire.bkb.rnp.br;bpa1-cpa1.bkb.rnp.br;No-Hostname;monipe-pa-atraso.rnp.br
1749400631,2025-06-08 13:37:11,gateway;No-Hostname;cba1-mxse-chesf.bkb.rnp.br;cpi1-cba1-chesf.bkb.rnp.br;cma1-cpi1-tlb.bkb.rnp.br;cpa1-cma1-mobwire.bkb.rnp.br;bpa1-cpa1.bkb.rnp.br;No-Hostname;monipe-pa-atraso.rnp.br
1749400735,2025-06-08 13:38:55,gateway;No-Hostname;cba1-mxse-chesf.bkb.rnp.br;cpi1-cba1-chesf.bkb.rnp.br;cma1-cpi1-tlb.bkb.rnp.br;cpa1-cma1-mobwire.bkb.rnp.br;bpa1-cpa1.bkb.rnp.br;No-Hostname;monipe-pa-atraso.rnp.br
1749401629,2025-06-08 13:53:49,gateway;No-Hostname;cba1-mxse-chesf.bkb.rnp.br;cce1-cba1-chesf.bkb.rnp.br;cpi1-cce1-chesf.bkb.rnp.br;cma1-cpi1-tlb.bkb.rnp.br;cpa1-cma1-mobwire.bkb.rnp.br;bpa1-cpa1.bkb.rnp.br;No-Hostname;monipe-pa-atraso.rnp.br
1749402358,2025-06-08 14:05:58,gateway;No-Hostname;cba1-mxse-chesf.bkb.rnp.br;cce1-cba1-chesf.bkb.rnp.br;cpi1-cce1-chesf.bkb.rnp.br;cma1-cpi1-tlb.bkb.rnp.br;cpa1-cma1-mobwire.bkb.rnp.br;bpa1-cpa1.bkb.rnp.br;No-Hostname;monipe-pa-atraso.rnp.br
1749402920,2025-06-08 14:15:20,gateway;No-Hostname;cba1-mxse-chesf.bkb.rnp.br;cce1-cba1-chesf.bkb.rnp.br;cpi1-cce1-chesf.bkb.rnp.br;cma1-cpi1-tlb.bkb.rnp.br;cpa1-cma1-mobwire.bkb.rnp.br;bpa1-cpa1.bkb.rnp.br;No-Hostname;monipe-pa-atraso.rnp.br
1749403222,2025-06-08 14:20:22,gateway;No-Hostname;cba1-mxse-chesf.bkb.rnp.br;cce1-cba1-chesf.bkb.rnp.br;cpi1-cce1-chesf.bkb.rnp.br;cma1-cpi1-tlb.bkb.rnp.br;cpa1-cma1-mobwire.bkb.rnp.br;bpa1-cpa1.bkb.rnp.br;No-Hostname;monipe-pa-atraso.rnp.br
1749404534,2025-06-08 14:42:14,gateway;No-Hostname;cba1-mxse-chesf.bkb.rnp.br;cce1-cba1-chesf.bkb.rnp.br;cpi1-cce1-chesf.bkb.rnp.br;cma1-cpi1-tlb.bkb.rnp.br;cpa1-cma1-mobwire.bkb.rnp.br;bpa1-cpa1.bkb.rnp.br;No-Hostname;monipe-pa-atraso.rnp.br
1749404994,2025-06-08 14:49:54,gateway;No-Hostname;cba1-mxse-chesf.bkb.rnp.br;cce1-cba1-chesf.bkb.rnp.br;cpi1-cce1-chesf.bkb.rnp.br;cma1-cpi1-tlb.bkb.rnp.br;cpa1-cma1-mobwire.bkb.rnp.br;bpa1-cpa1.bkb.rnp.br;No-Hostname;monipe-pa-atraso.rnp.br
1749405846,2025-06-08 15:04:06,gateway;No-Hostname;cba1-mxse-chesf.bkb.rnp.br;cce1-cba1-chesf.bkb.rnp.br;cpi1-cce1-chesf.bkb.rnp.br;cma1-cpi1-tlb.bkb.rnp.br;cpa1-cma1-mobwire.bkb.rnp.br;bpa1-cpa1.bkb.rnp.br;No-Hostname;monipe-pa-atraso.rnp.br
1749406282,2025-06-08 15:11:22,gateway;No-Hostname;cba1-mxse-chesf.bkb.rnp.br;cce1-cba1-chesf.bkb.rnp.br;cpi1-cce1-chesf.bkb.rnp.br;cma1-cpi1-tlb.bkb.rnp.br;cpa1-cma1-mobwire.bkb.rnp.br;bpa1-cpa1.bkb.rnp.br;No-Hostname;monipe-pa-atraso.rnp.br
1749407031,2025-06-08 15:23:51,gateway;No-Hostname;cba1-mxse-chesf.bkb.rnp.br;cdf2-cba1-taesa.bkb.rnp.br;cto1-cdf2-aloha.bkb.rnp.br;cpa1-cto1-tlb.bkb.rnp.br;bpa1-cpa1.bkb.rnp.br;No-Hostname;monipe-pa-atraso.rnp.br
1749407629,2025-06-08 15:33:49,gateway;No-Hostname;cba1-mxse-chesf.bkb.rnp.br;cdf2-cba1-taesa.bkb.rnp.br;cto1-cdf2-aloha.bkb.rnp.br;cpa1-cto1-tlb.bkb.rnp.br;bpa1-cpa1.bkb.rnp.br;No-Hostname;monipe-pa-atraso.rnp.br
1749408104,2025-06-08 15:41:44,gateway;No-Hostname;cba1-mxse-chesf.bkb.rnp.br;cdf2-cba1-taesa.bkb.rnp.br;cto1-cdf2-aloha.bkb.rnp.br;cpa1-cto1-tlb.bkb.rnp.br;bpa1-cpa1.bkb.rnp.br;No-Hostname;monipe-pa-atraso.rnp.br
1749408782,2025-06-08 15:53:02,gateway;No-Hostname;cba1-mxse-chesf.bkb.rnp.br;cce1-cba1-chesf.bkb.rnp.br;cpi1-cce1-chesf.bkb.rnp.br;cma1-cpi1-tlb.bkb.rnp.br;cpa1-cma1-mobwire.bkb.rnp.br;bpa1-cpa1.bkb.rnp.br;No-Hostname;monipe-pa-atraso.rnp.br
1749409815,2025-06-08 16:10:15,gateway;No-Hostname;cba1-mxse-chesf.bkb.rnp.br;cce1-cba1-chesf.bkb.rnp.br;cpi1-cce1-chesf.bkb.rnp.br;cma1-cpi1-tlb.bkb.rnp.br;cpa1-cma1-mobwire.bkb.rnp.br;bpa1-cpa1.bkb.rnp.br;No-Hostname;monipe-pa-atraso.rnp.br
1749410402,2025-06-08 16:20:02,gateway;No-Hostname;cba1-mxse-chesf.bkb.rnp.br;cce1-cba1-chesf.bkb.rnp.br;cpi1-cce1-chesf.bkb.rnp.br;cma1-cpi1-tlb.bkb.rnp.br;cpa1-cma1-mobwire.bkb.rnp.br;bpa1-cpa1.bkb.rnp.br;No-Hostname;monipe-pa-atraso.rnp.br
1749411005,2025-06-08 16:30:05,gateway;No-Hostname;cba1-mxse-chesf.bkb.rnp.br;cce1-cba1-chesf.bkb.rnp.br;cpi1-cce1-chesf.bkb.rnp.br;cma1-cpi1-tlb.bkb.rnp.br;cpa1-cma1-mobwire.bkb.rnp.br;bpa1-cpa1.bkb.rnp.br;No-Hostname;monipe-pa-atraso.rnp.br
1749411735,2025-06-08 16:42:15,gateway;No-Hostname;cba1-mxse-chesf.bkb.rnp.br;cce1-cba1-chesf.bkb.rnp.br;cpi1-cce1-chesf.bkb.rnp.br;cma1-cpi1-tlb.bkb.rnp.br;cpa1-cma1-mobwire.bkb.rnp.br;bpa1-cpa1.bkb.rnp.br;No-Hostname;monipe-pa-atraso.rnp.br
1749412231,2025-06-08 16:50:31,gateway;No-Hostname;cba1-mxse-chesf.bkb.rnp.br;cce1-cba1-chesf.bkb.rnp.br;cpi1-cce1-chesf.bkb.rnp.br;cma1-cpi1-tlb.bkb.rnp.br;cpa1-cma1-mobwire.bkb.rnp.br;bpa1-cpa1.bkb.rnp.br;No-Hostname;monipe-pa-atraso.rnp.br
1749413098,2025-06-08 17:04:58,gateway;No-Hostname;cba1-mxse-chesf.bkb.rnp.br;cce1-cba1-chesf.bkb.rnp.br;cpi1-cce1-chesf.bkb.rnp.br;cma1-cpi1-tlb.bkb.rnp.br;cpa1-cma1-mobwire.bkb.rnp.br;bpa1-cpa1.bkb.rnp.br;No-Hostname;monipe-pa-atraso.rnp.br
1749413642,2025-06-08 17:14:02,gateway;No-Hostname;cba1-mxse-chesf.bkb.rnp.br;cce1-cba1-chesf.bkb.rnp.br;cpi1-cce1-chesf.bkb.rnp.br;cma1-cpi1-tlb.bkb.rnp.br;cpa1-cma1-mobwire.bkb.rnp.br;bpa1-cpa1.bkb.rnp.br;No-Hostname;monipe-pa-atraso.rnp.br
1749414418,2025-06-08 17:26:58,gateway;No-Hostname;cba1-mxse-chesf.bkb.rnp.br;cce1-cba1-chesf.bkb.rnp.br;cpi1-cce1-chesf.bkb.rnp.br;cma1-cpi1-tlb.bkb.rnp.br;cpa1-cma1-mobwire.bkb.rnp.br;bpa1-cpa1.bkb.rnp.br;No-Hostname;monipe-pa-atraso.rnp.br
1749414577,2025-06-08 17:29:37,gateway;No-Hostname;cba1-mxse-chesf.bkb.rnp.br;cce1-cba1-chesf.bkb.rnp.br;cpi1-cce1-chesf.bkb.rnp.br;cma1-cpi1-tlb.bkb.rnp.br;cpa1-cma1-mobwire.bkb.rnp.br;bpa1-cpa1.bkb.rnp.br;No-Hostname;monipe-pa-atraso.rnp.br
1749415538,2025-06-08 17:45:38,gateway;No-Hostname;cba1-mxse-chesf.bkb.rnp.br;cce1-cba1-chesf.bkb.rnp.br;cpi1-cce1-chesf.bkb.rnp.br;cma1-cpi1-tlb.bkb.rnp.br;cpa1-cma1-mobwire.bkb.rnp.br;bpa1-cpa1.bkb.rnp.br;No-Hostname;monipe-pa-atraso.rnp.br
1749415894,2025-06-08 17:51:34,gateway;No-Hostname;cba1-mxse-chesf.bkb.rnp.br;cce1-cba1-chesf.bkb.rnp.br;cpi1-cce1-chesf.bkb.rnp.br;cma1-cpi1-tlb.bkb.rnp.br;cpa1-cma1-mobwire.bkb.rnp.br;bpa1-cpa1.bkb.rnp.br;No-Hostname;monipe-pa-atraso.rnp.br
1749416840,2025-06-08 18:07:20,gateway;No-Hostname;cba1-mxse-chesf.bkb.rnp.br;cce1-cba1-chesf.bkb.rnp.br;cpi1-cce1-chesf.bkb.rnp.br;cma1-cpi1-tlb.bkb.rnp.br;cpa1-cma1-mobwire.bkb.rnp.br;bpa1-cpa1.bkb.rnp.br;No-Hostname;monipe-pa-atraso.rnp.br
1749417191,2025-06-08 18:13:11,gateway;No-Hostname;cba1-mxse-chesf.bkb.rnp.br;cce1-cba1-chesf.bkb.rnp.br;cpi1-cce1-chesf.bkb.rnp.br;cma1-cpi1-tlb.bkb.rnp.br;cpa1-cma1-mobwire.bkb.rnp.br;bpa1-cpa1.bkb.rnp.br;No-Hostname;monipe-pa-atraso.rnp.br
1749417970,2025-06-08 18:26:10,gateway;No-Hostname;cba1-mxse-chesf.bkb.rnp.br;cpi1-cba1-chesf.bkb.rnp.br;cma1-cpi1-tlb.bkb.rnp.br;cpa1-cma1-mobwire.bkb.rnp.br;bpa1-cpa1.bkb.rnp.br;No-Hostname;monipe-pa-atraso.rnp.br
1749418218,2025-06-08 18:30:18,gateway;No-Hostname;cba1-mxse-chesf.bkb.rnp.br;cpi1-cba1-chesf.bkb.rnp.br;cma1-cpi1-tlb.bkb.rnp.br;cpa1-cma1-mobwire.bkb.rnp.br;bpa1-cpa1.bkb.rnp.br;No-Hostname;monipe-pa-atraso.rnp.br
1749419200,2025-06-08 18:46:40,gateway;No-Hostname;cba1-mxse-chesf.bkb.rnp.br;cpi1-cba1-chesf.bkb.rnp.br;cma1-cpi1-tlb.bkb.rnp.br;cpa1-cma1-mobwire.bkb.rnp.br;bpa1-cpa1.bkb.rnp.br;No-Hostname;monipe-pa-atraso.rnp.br
1749419336,2025-06-08 18:48:56,gateway;No-Hostname;cba1-mxse-chesf.bkb.rnp.br;cpi1-cba1-chesf.bkb.rnp.br;cma1-cpi1-tlb.bkb.rnp.br;cpa1-cma1-mobwire.bkb.rnp.br;bpa1-cpa1.bkb.rnp.br;No-Hostname;monipe-pa-atraso.rnp.br
1749420296,2025-06-08 19:04:56,gateway;No-Hostname;cba1-mxse-chesf.bkb.rnp.br;cpi1-cba1-chesf.bkb.rnp.br;cma1-cpi1-tlb.bkb.rnp.br;cpa1-cma1-mobwire.bkb.rnp.br;bpa1-cpa1.bkb.rnp.br;No-Hostname;monipe-pa-atraso.rnp.br
1749420872,2025-06-08 19:14:32,gateway;No-Hostname;cba1-mxse-chesf.bkb.rnp.br;cpi1-cba1-chesf.bkb.rnp.br;cma1-cpi1-tlb.bkb.rnp.br;cpa1-cma1-mobwire.bkb.rnp.br;bpa1-cpa1.bkb.rnp.br;No-Hostname;monipe-pa-atraso.rnp.br
1749421427,2025-06-08 19:23:47,gateway;No-Hostname;cba1-mxse-chesf.bkb.rnp.br;cpi1-cba1-chesf.bkb.rnp.br;cma1-cpi1-tlb.bkb.rnp.br;cpa1-cma1-mobwire.bkb.rnp.br;bpa1-cpa1.bkb.rnp.br;No-Hostname;monipe-pa-atraso.rnp.br
1749421884,2025-06-08 19:31:24,gateway;No-Hostname;cba1-mxse-chesf.bkb.rnp.br;cpi1-cba1-chesf.bkb.rnp.br;cma1-cpi1-tlb.bkb.rnp.br;cpa1-cma1-mobwire.bkb.rnp.br;bpa1-cpa1.bkb.rnp.br;No-Hostname;monipe-pa-atraso.rnp.br
1749422526,2025-06-08 19:42:06,gateway;No-Hostname;cba1-mxse-chesf.bkb.rnp.br;cpi1-cba1-chesf.bkb.rnp.br;cma1-cpi1-tlb.bkb.rnp.br;cpa1-cma1-mobwire.bkb.rnp.br;bpa1-cpa1.bkb.rnp.br;No-Hostname;monipe-pa-atraso.rnp.br
1749423326,2025-06-08 19:55:26,gateway;No-Hostname;cba1-mxse-chesf.bkb.rnp.br;cce1-cba1-chesf.bkb.rnp.br;cpi1-cce1-chesf.bkb.rnp.br;cma1-cpi1-tlb.bkb.rnp.br;cpa1-cma1-mobwire.bkb.rnp.br;bpa1-cpa1.bkb.rnp.br;No-Hostname;monipe-pa-atraso.rnp.br
1749423580,2025-06-08 19:59:40,gateway;No-Hostname;cba1-mxse-chesf.bkb.rnp.br;cce1-cba1-chesf.bkb.rnp.br;cpi1-cce1-chesf.bkb.rnp.br;cma1-cpi1-tlb.bkb.rnp.br;cpa1-cma1-mobwire.bkb.rnp.br;bpa1-cpa1.bkb.rnp.br;No-Hostname;monipe-pa-atraso.rnp.br
1749424262,2025-06-08 20:11:02,gateway;No-Hostname;cba1-mxse-chesf.bkb.rnp.br;cce1-cba1-chesf.bkb.rnp.br;cpi1-cce1-chesf.bkb.rnp.br;cma1-cpi1-tlb.bkb.rnp.br;cpa1-cma1-mobwire.bkb.rnp.br;bpa1-cpa1.bkb.rnp.br;No-Hostname;monipe-pa-atraso.rnp.br
1749424830,2025-06-08 20:20:30,gateway;No-Hostname;cba1-mxse-chesf.bkb.rnp.br;cce1-cba1-chesf.bkb.rnp.br;cpi1-cce1-chesf.bkb.rnp.br;cma1-cpi1-tlb.bkb.rnp.br;cpa1-cma1-mobwire.bkb.rnp.br;bpa1-cpa1.bkb.rnp.br;No-Hostname;monipe-pa-atraso.rnp.br
1749425486,2025-06-08 20:31:26,gateway;No-Hostname;cba1-mxse-chesf.bkb.rnp.br;cce1-cba1-chesf.bkb.rnp.br;cpi1-cce1-chesf.bkb.rnp.br;cma1-cpi1-tlb.bkb.rnp.br;cpa1-cma1-mobwire.bkb.rnp.br;bpa1-cpa1.bkb.rnp.br;No-Hostname;monipe-pa-atraso.rnp.br
1749426345,2025-06-08 20:45:45,gateway;No-Hostname;cba1-mxse-chesf.bkb.rnp.br;cce1-cba1-chesf.bkb.rnp.br;cpi1-cce1-chesf.bkb.rnp.br;cma1-cpi1-tlb.bkb.rnp.br;cpa1-cma1-mobwire.bkb.rnp.br;bpa1-cpa1.bkb.rnp.br;No-Hostname;monipe-pa-atraso.rnp.br
1749426982,2025-06-08 20:56:22,gateway;No-Hostname;cba1-mxse-chesf.bkb.rnp.br;cce1-cba1-chesf.bkb.rnp.br;cpi1-cce1-chesf.bkb.rnp.br;cma1-cpi1-tlb.bkb.rnp.br;cpa1-cma1-mobwire.bkb.rnp.br;bpa1-cpa1.bkb.rnp.br;No-Hostname;monipe-pa-atraso.rnp.br
1749427347,2025-06-08 21:02:27,gateway;No-Hostname;cba1-mxse-chesf.bkb.rnp.br;cce1-cba1-chesf.bkb.rnp.br;cpi1-cce1-chesf.bkb.rnp.br;cma1-cpi1-tlb.bkb.rnp.br;cpa1-cma1-mobwire.bkb.rnp.br;bpa1-cpa1.bkb.rnp.br;No-Hostname;monipe-pa-atraso.rnp.br
1749428192,2025-06-08 21:16:32,gateway;No-Hostname;cba1-mxse-chesf.bkb.rnp.br;cce1-cba1-chesf.bkb.rnp.br;cpi1-cce1-chesf.bkb.rnp.br;cma1-cpi1-tlb.bkb.rnp.br;cpa1-cma1-mobwire.bkb.rnp.br;bpa1-cpa1.bkb.rnp.br;No-Hostname;monipe-pa-atraso.rnp.br
1749429124,2025-06-08 21:32:04,gateway;No-Hostname;cba1-mxse-chesf.bkb.rnp.br;cce1-cba1-chesf.bkb.rnp.br;cpi1-cce1-chesf.bkb.rnp.br;cma1-cpi1-tlb.bkb.rnp.br;cpa1-cma1-mobwire.bkb.rnp.br;bpa1-cpa1.bkb.rnp.br;No-Hostname;monipe-pa-atraso.rnp.br
1749429536,2025-06-08 21:38:56,gateway;No-Hostname;cba1-mxse-chesf.bkb.rnp.br;cce1-cba1-chesf.bkb.rnp.br;cpi1-cce1-chesf.bkb.rnp.br;cma1-cpi1-tlb.bkb.rnp.br;cpa1-cma1-mobwire.bkb.rnp.br;bpa1-cpa1.bkb.rnp.br;No-Hostname;monipe-pa-atraso.rnp.br
1749430425,2025-06-08 21:53:45,gateway;No-Hostname;cba1-mxse-chesf.bkb.rnp.br;cce1-cba1-chesf.bkb.rnp.br;cpi1-cce1-chesf.bkb.rnp.br;cma1-cpi1-tlb.bkb.rnp.br;cpa1-cma1-mobwire.bkb.rnp.br;bpa1-cpa1.bkb.rnp.br;No-Hostname;monipe-pa-atraso.rnp.br
1749431115,2025-06-08 22:05:15,gateway;No-Hostname;cba1-mxse-chesf.bkb.rnp.br;cce1-cba1-chesf.bkb.rnp.br;cpi1-cce1-chesf.bkb.rnp.br;cma1-cpi1-tlb.bkb.rnp.br;cpa1-cma1-mobwire.bkb.rnp.br;bpa1-cpa1.bkb.rnp.br;No-Hostname;monipe-pa-atraso.rnp.br
1749431330,2025-06-08 22:08:50,gateway;No-Hostname;cba1-mxse-chesf.bkb.rnp.br;cce1-cba1-chesf.bkb.rnp.br;cpi1-cce1-chesf.bkb.rnp.br;cma1-cpi1-tlb.bkb.rnp.br;cpa1-cma1-mobwire.bkb.rnp.br;bpa1-cpa1.bkb.rnp.br;No-Hostname;monipe-pa-atraso.rnp.br
1749432288,2025-06-08 22:24:48,gateway;No-Hostname;cba1-mxse-chesf.bkb.rnp.br;cpi1-cba1-chesf.bkb.rnp.br;cma1-cpi1-tlb.bkb.rnp.br;cpa1-cma1-mobwire.bkb.rnp.br;bpa1-cpa1.bkb.rnp.br;No-Hostname;monipe-pa-atraso.rnp.br
1749432646,2025-06-08 22:30:46,gateway;No-Hostname;cba1-mxse-chesf.bkb.rnp.br;cpi1-cba1-chesf.bkb.rnp.br;cma1-cpi1-tlb.bkb.rnp.br;cpa1-cma1-mobwire.bkb.rnp.br;bpa1-cpa1.bkb.rnp.br;No-Hostname;monipe-pa-atraso.rnp.br
1749433373,2025-06-08 22:42:53,gateway;No-Hostname;cba1-mxse-chesf.bkb.rnp.br;cpi1-cba1-chesf.bkb.rnp.br;cma1-cpi1-tlb.bkb.rnp.br;cpa1-cma1-mobwire.bkb.rnp.br;bpa1-cpa1.bkb.rnp.br;No-Hostname;monipe-pa-atraso.rnp.br
1749434191,2025-06-08 22:56:31,gateway;No-Hostname;cba1-mxse-chesf.bkb.rnp.br;cpi1-cba1-chesf.bkb.rnp.br;cma1-cpi1-tlb.bkb.rnp.br;cpa1-cma1-mobwire.bkb.rnp.br;bpa1-cpa1.bkb.rnp.br;No-Hostname;monipe-pa-atraso.rnp.br
1749434541,2025-06-08 23:02:21,gateway;No-Hostname;cba1-mxse-chesf.bkb.rnp.br;cpi1-cba1-chesf.bkb.rnp.br;cma1-cpi1-tlb.bkb.rnp.br;cpa1-cma1-mobwire.bkb.rnp.br;bpa1-cpa1.bkb.rnp.br;No-Hostname;monipe-pa-atraso.rnp.br
1749435337,2025-06-08 23:15:37,gateway;No-Hostname;cba1-mxse-chesf.bkb.rnp.br;cpi1-cba1-chesf.bkb.rnp.br;cma1-cpi1-tlb.bkb.rnp.br;cpa1-cma1-mobwire.bkb.rnp.br;bpa1-cpa1.bkb.rnp.br;No-Hostname;monipe-pa-atraso.rnp.br
1749435640,2025-06-08 23:20:40,gateway;No-Hostname;cba1-mxse-chesf.bkb.rnp.br;cpi1-cba1-chesf.bkb.rnp.br;cma1-cpi1-tlb.bkb.rnp.br;cpa1-cma1-mobwire.bkb.rnp.br;bpa1-cpa1.bkb.rnp.br;No-Hostname;monipe-pa-atraso.rnp.br
1749436569,2025-06-08 23:36:09,gateway;No-Hostname;cba1-mxse-chesf.bkb.rnp.br;cce1-cba1-chesf.bkb.rnp.br;cpi1-cce1-chesf.bkb.rnp.br;cma1-cpi1-tlb.bkb.rnp.br;cpa1-cma1-mobwire.bkb.rnp.br;bpa1-cpa1.bkb.rnp.br;No-Hostname;monipe-pa-atraso.rnp.br
1749437531,2025-06-08 23:52:11,gateway;No-Hostname;cba1-mxse-chesf.bkb.rnp.br;cce1-cba1-chesf.bkb.rnp.br;cpi1-cce1-chesf.bkb.rnp.br;cma1-cpi1-tlb.bkb.rnp.br;cpa1-cma1-mobwire.bkb.rnp.br;bpa1-cpa1.bkb.rnp.br;No-Hostname;monipe-pa-atraso.rnp.br
1749438045,2025-06-09 00:00:45,gateway;No-Hostname;cba1-mxse-chesf.bkb.rnp.br;cce1-cba1-chesf.bkb.rnp.br;cpi1-cce1-chesf.bkb.rnp.br;cma1-cpi1-tlb.bkb.rnp.br;cpa1-cma1-mobwire.bkb.rnp.br;bpa1-cpa1.bkb.rnp.br;No-Hostname;monipe-pa-atraso.rnp.br
1749438795,2025-06-09 00:13:15,gateway;No-Hostname;cba1-mxse-chesf.bkb.rnp.br;cpi1-cba1-chesf.bkb.rnp.br;cma1-cpi1-tlb.bkb.rnp.br;cpa1-cma1-mobwire.bkb.rnp.br;bpa1-cpa1.bkb.rnp.br;No-Hostname;monipe-pa-atraso.rnp.br
1749439204,2025-06-09 00:20:04,gateway;No-Hostname;cba1-mxse-chesf.bkb.rnp.br;cpi1-cba1-chesf.bkb.rnp.br;cma1-cpi1-tlb.bkb.rnp.br;cpa1-cma1-mobwire.bkb.rnp.br;bpa1-cpa1.bkb.rnp.br;No-Hostname;monipe-pa-atraso.rnp.br
1749440083,2025-06-09 00:34:43,gateway;No-Hostname;cba1-mxse-chesf.bkb.rnp.br;cpi1-cba1-chesf.bkb.rnp.br;cma1-cpi1-tlb.bkb.rnp.br;cpa1-cma1-mobwire.bkb.rnp.br;bpa1-cpa1.bkb.rnp.br;No-Hostname;monipe-pa-atraso.rnp.br
1749440464,2025-06-09 00:41:04,gateway;No-Hostname;cba1-mxse-chesf.bkb.rnp.br;cce1-cba1-chesf.bkb.rnp.br;cpi1-cce1-chesf.bkb.rnp.br;cma1-cpi1-tlb.bkb.rnp.br;cpa1-cma1-mobwire.bkb.rnp.br;bpa1-cpa1.bkb.rnp.br;No-Hostname;monipe-pa-atraso.rnp.br
1749441085,2025-06-09 00:51:25,gateway;No-Hostname;cba1-mxse-chesf.bkb.rnp.br;cce1-cba1-chesf.bkb.rnp.br;cpi1-cce1-chesf.bkb.rnp.br;cma1-cpi1-tlb.bkb.rnp.br;cpa1-cma1-mobwire.bkb.rnp.br;bpa1-cpa1.bkb.rnp.br;No-Hostname;monipe-pa-atraso.rnp.br
1749441704,2025-06-09 01:01:44,gateway;No-Hostname;cba1-mxse-chesf.bkb.rnp.br;cce1-cba1-chesf.bkb.rnp.br;cpi1-cce1-chesf.bkb.rnp.br;cma1-cpi1-tlb.bkb.rnp.br;cpa1-cma1-mobwire.bkb.rnp.br;bpa1-cpa1.bkb.rnp.br;No-Hostname;monipe-pa-atraso.rnp.br
1749442596,2025-06-09 01:16:36,gateway;No-Hostname;cba1-mxse-chesf.bkb.rnp.br;cce1-cba1-chesf.bkb.rnp.br;cpi1-cce1-chesf.bkb.rnp.br;cma1-cpi1-tlb.bkb.rnp.br;cpa1-cma1-mobwire.bkb.rnp.br;bpa1-cpa1.bkb.rnp.br;No-Hostname;monipe-pa-atraso.rnp.br
1749443128,2025-06-09 01:25:28,gateway;No-Hostname;cba1-mxse-chesf.bkb.rnp.br;cce1-cba1-chesf.bkb.rnp.br;cpi1-cce1-chesf.bkb.rnp.br;cma1-cpi1-tlb.bkb.rnp.br;cpa1-cma1-mobwire.bkb.rnp.br;bpa1-cpa1.bkb.rnp.br;No-Hostname;monipe-pa-atraso.rnp.br
1749443492,2025-06-09 01:31:32,gateway;No-Hostname;cba1-mxse-chesf.bkb.rnp.br;cce1-cba1-chesf.bkb.rnp.br;cpi1-cce1-chesf.bkb.rnp.br;cma1-cpi1-tlb.bkb.rnp.br;cpa1-cma1-mobwire.bkb.rnp.br;bpa1-cpa1.bkb.rnp.br;No-Hostname;monipe-pa-atraso.rnp.br
1749444800,2025-06-09 01:53:20,gateway;No-Hostname;cba1-mxse-chesf.bkb.rnp.br;cce1-cba1-chesf.bkb.rnp.br;cpi1-cce1-chesf.bkb.rnp.br;cma1-cpi1-tlb.bkb.rnp.br;cpa1-cma1-mobwire.bkb.rnp.br;bpa1-cpa1.bkb.rnp.br;No-Hostname;monipe-pa-atraso.rnp.br
1749445479,2025-06-09 02:04:39,gateway;No-Hostname;cba1-mxse-chesf.bkb.rnp.br;cce1-cba1-chesf.bkb.rnp.br;cpi1-cce1-chesf.bkb.rnp.br;cma1-cpi1-tlb.bkb.rnp.br;cpa1-cma1-mobwire.bkb.rnp.br;bpa1-cpa1.bkb.rnp.br;No-Hostname;monipe-pa-atraso.rnp.br
1749446188,2025-06-09 02:16:28,gateway;No-Hostname;cba1-mxse-chesf.bkb.rnp.br;cce1-cba1-chesf.bkb.rnp.br;cpi1-cce1-chesf.bkb.rnp.br;cma1-cpi1-tlb.bkb.rnp.br;cpa1-cma1-mobwire.bkb.rnp.br;bpa1-cpa1.bkb.rnp.br;No-Hostname;monipe-pa-atraso.rnp.br
1749447112,2025-06-09 02:31:52,gateway;No-Hostname;cba1-mxse-chesf.bkb.rnp.br;cce1-cba1-chesf.bkb.rnp.br;cpi1-cce1-chesf.bkb.rnp.br;cma1-cpi1-tlb.bkb.rnp.br;cpa1-cma1-mobwire.bkb.rnp.br;bpa1-cpa1.bkb.rnp.br;No-Hostname;monipe-pa-atraso.rnp.br
1749447714,2025-06-09 02:41:54,gateway;No-Hostname;cba1-mxse-chesf.bkb.rnp.br;cce1-cba1-chesf.bkb.rnp.br;cpi1-cce1-chesf.bkb.rnp.br;cma1-cpi1-tlb.bkb.rnp.br;cpa1-cma1-mobwire.bkb.rnp.br;bpa1-cpa1.bkb.rnp.br;No-Hostname;monipe-pa-atraso.rnp.br
1749448607,2025-06-09 02:56:47,gateway;No-Hostname;cba1-mxse-chesf.bkb.rnp.br;cce1-cba1-chesf.bkb.rnp.br;cpi1-cce1-chesf.bkb.rnp.br;cma1-cpi1-tlb.bkb.rnp.br;cpa1-cma1-mobwire.bkb.rnp.br;bpa1-cpa1.bkb.rnp.br;No-Hostname;monipe-pa-atraso.rnp.br
1749448839,2025-06-09 03:00:39,gateway;No-Hostname;cba1-mxse-chesf.bkb.rnp.br;cce1-cba1-chesf.bkb.rnp.br;cpi1-cce1-chesf.bkb.rnp.br;cma1-cpi1-tlb.bkb.rnp.br;cpa1-cma1-mobwire.bkb.rnp.br;bpa1-cpa1.bkb.rnp.br;No-Hostname;monipe-pa-atraso.rnp.br
1749449754,2025-06-09 03:15:54,gateway;No-Hostname;cba1-mxse-chesf.bkb.rnp.br;cce1-cba1-chesf.bkb.rnp.br;cpi1-cce1-chesf.bkb.rnp.br;cma1-cpi1-tlb.bkb.rnp.br;cpa1-cma1-mobwire.bkb.rnp.br;bpa1-cpa1.bkb.rnp.br;No-Hostname;monipe-pa-atraso.rnp.br
1749450356,2025-06-09 03:25:56,gateway;No-Hostname;cba1-mxse-chesf.bkb.rnp.br;cpi1-cba1-chesf.bkb.rnp.br;cma1-cpi1-tlb.bkb.rnp.br;cpa1-cma1-mobwire.bkb.rnp.br;bpa1-cpa1.bkb.rnp.br;No-Hostname;monipe-pa-atraso.rnp.br
1749450803,2025-06-09 03:33:23,gateway;No-Hostname;cba1-mxse-chesf.bkb.rnp.br;cpi1-cba1-chesf.bkb.rnp.br;cma1-cpi1-tlb.bkb.rnp.br;cpa1-cma1-mobwire.bkb.rnp.br;bpa1-cpa1.bkb.rnp.br;No-Hostname;monipe-pa-atraso.rnp.br
1749451418,2025-06-09 03:43:38,gateway;No-Hostname;cba1-mxse-chesf.bkb.rnp.br;cpi1-cba1-chesf.bkb.rnp.br;cma1-cpi1-tlb.bkb.rnp.br;cpa1-cma1-mobwire.bkb.rnp.br;bpa1-cpa1.bkb.rnp.br;No-Hostname;monipe-pa-atraso.rnp.br
1749451768,2025-06-09 03:49:28,gateway;No-Hostname;cba1-mxse-chesf.bkb.rnp.br;cpi1-cba1-chesf.bkb.rnp.br;cma1-cpi1-tlb.bkb.rnp.br;cpa1-cma1-mobwire.bkb.rnp.br;bpa1-cpa1.bkb.rnp.br;No-Hostname;monipe-pa-atraso.rnp.br
1749452569,2025-06-09 04:02:49,gateway;No-Hostname;cba1-mxse-chesf.bkb.rnp.br;cpi1-cba1-chesf.bkb.rnp.br;cma1-cpi1-tlb.bkb.rnp.br;cpa1-cma1-mobwire.bkb.rnp.br;bpa1-cpa1.bkb.rnp.br;No-Hostname;monipe-pa-atraso.rnp.br
1749453458,2025-06-09 04:17:38,gateway;No-Hostname;cba1-mxse-chesf.bkb.rnp.br;cpi1-cba1-chesf.bkb.rnp.br;cma1-cpi1-tlb.bkb.rnp.br;cpa1-cma1-mobwire.bkb.rnp.br;bpa1-cpa1.bkb.rnp.br;No-Hostname;monipe-pa-atraso.rnp.br
1749453750,2025-06-09 04:22:30,gateway;No-Hostname;cba1-mxse-chesf.bkb.rnp.br;cce1-cba1-chesf.bkb.rnp.br;cpi1-cce1-chesf.bkb.rnp.br;cma1-cpi1-tlb.bkb.rnp.br;cpa1-cma1-mobwire.bkb.rnp.br;bpa1-cpa1.bkb.rnp.br;No-Hostname;monipe-pa-atraso.rnp.br
1749454344,2025-06-09 04:32:24,gateway;No-Hostname;cba1-mxse-chesf.bkb.rnp.br;cce1-cba1-chesf.bkb.rnp.br;cpi1-cce1-chesf.bkb.rnp.br;cma1-cpi1-tlb.bkb.rnp.br;cpa1-cma1-mobwire.bkb.rnp.br;bpa1-cpa1.bkb.rnp.br;No-Hostname;monipe-pa-atraso.rnp.br
1749455095,2025-06-09 04:44:55,gateway;No-Hostname;cba1-mxse-chesf.bkb.rnp.br;cce1-cba1-chesf.bkb.rnp.br;cpi1-cce1-chesf.bkb.rnp.br;cma1-cpi1-tlb.bkb.rnp.br;cpa1-cma1-mobwire.bkb.rnp.br;bpa1-cpa1.bkb.rnp.br;No-Hostname;monipe-pa-atraso.rnp.br
1749455524,2025-06-09 04:52:04,gateway;No-Hostname;cba1-mxse-chesf.bkb.rnp.br;cce1-cba1-chesf.bkb.rnp.br;cpi1-cce1-chesf.bkb.rnp.br;cma1-cpi1-tlb.bkb.rnp.br;cpa1-cma1-mobwire.bkb.rnp.br;bpa1-cpa1.bkb.rnp.br;No-Hostname;monipe-pa-atraso.rnp.br
1749456312,2025-06-09 05:05:12,gateway;No-Hostname;cba1-mxse-chesf.bkb.rnp.br;cce1-cba1-chesf.bkb.rnp.br;cpi1-cce1-chesf.bkb.rnp.br;cma1-cpi1-tlb.bkb.rnp.br;cpa1-cma1-mobwire.bkb.rnp.br;bpa1-cpa1.bkb.rnp.br;No-Hostname;monipe-pa-atraso.rnp.br
1749456753,2025-06-09 05:12:33,gateway;No-Hostname;cba1-mxse-chesf.bkb.rnp.br;cce1-cba1-chesf.bkb.rnp.br;cpi1-cce1-chesf.bkb.rnp.br;cma1-cpi1-tlb.bkb.rnp.br;cpa1-cma1-mobwire.bkb.rnp.br;bpa1-cpa1.bkb.rnp.br;No-Hostname;monipe-pa-atraso.rnp.br
1749457294,2025-06-09 05:21:34,gateway;No-Hostname;cba1-mxse-chesf.bkb.rnp.br;cce1-cba1-chesf.bkb.rnp.br;cpi1-cce1-chesf.bkb.rnp.br;cma1-cpi1-tlb.bkb.rnp.br;cpa1-cma1-mobwire.bkb.rnp.br;bpa1-cpa1.bkb.rnp.br;No-Hostname;monipe-pa-atraso.rnp.br
1749457978,2025-06-09 05:32:58,gateway;No-Hostname;cba1-mxse-chesf.bkb.rnp.br;cce1-cba1-chesf.bkb.rnp.br;cpi1-cce1-chesf.bkb.rnp.br;cma1-cpi1-tlb.bkb.rnp.br;cpa1-cma1-mobwire.bkb.rnp.br;bpa1-cpa1.bkb.rnp.br;No-Hostname;monipe-pa-atraso.rnp.br
1749458698,2025-06-09 05:44:58,gateway;No-Hostname;cba1-mxse-chesf.bkb.rnp.br;cce1-cba1-chesf.bkb.rnp.br;cpi1-cce1-chesf.bkb.rnp.br;cma1-cpi1-tlb.bkb.rnp.br;cpa1-cma1-mobwire.bkb.rnp.br;bpa1-cpa1.bkb.rnp.br;No-Hostname;monipe-pa-atraso.rnp.br
1749459041,2025-06-09 05:50:41,gateway;No-Hostname;cba1-mxse-chesf.bkb.rnp.br;cce1-cba1-chesf.bkb.rnp.br;cpi1-cce1-chesf.bkb.rnp.br;cma1-cpi1-tlb.bkb.rnp.br;cpa1-cma1-mobwire.bkb.rnp.br;bpa1-cpa1.bkb.rnp.br;No-Hostname;monipe-pa-atraso.rnp.br
1749459808,2025-06-09 06:03:28,gateway;No-Hostname;cba1-mxse-chesf.bkb.rnp.br;cce1-cba1-chesf.bkb.rnp.br;cpi1-cce1-chesf.bkb.rnp.br;cma1-cpi1-tlb.bkb.rnp.br;cpa1-cma1-mobwire.bkb.rnp.br;bpa1-cpa1.bkb.rnp.br;No-Hostname;monipe-pa-atraso.rnp.br
1749460313,2025-06-09 06:11:53,gateway;No-Hostname;cba1-mxse-chesf.bkb.rnp.br;cce1-cba1-chesf.bkb.rnp.br;cpi1-cce1-chesf.bkb.rnp.br;cma1-cpi1-tlb.bkb.rnp.br;cpa1-cma1-mobwire.bkb.rnp.br;bpa1-cpa1.bkb.rnp.br;No-Hostname;monipe-pa-atraso.rnp.br
1749460986,2025-06-09 06:23:06,gateway;No-Hostname;cba1-mxse-chesf.bkb.rnp.br;cce1-cba1-chesf.bkb.rnp.br;cpi1-cce1-chesf.bkb.rnp.br;cma1-cpi1-tlb.bkb.rnp.br;cpa1-cma1-mobwire.bkb.rnp.br;bpa1-cpa1.bkb.rnp.br;No-Hostname;monipe-pa-atraso.rnp.br
1749461458,2025-06-09 06:30:58,gateway;No-Hostname;cba1-mxse-chesf.bkb.rnp.br;cce1-cba1-chesf.bkb.rnp.br;cpi1-cce1-chesf.bkb.rnp.br;cma1-cpi1-tlb.bkb.rnp.br;cpa1-cma1-mobwire.bkb.rnp.br;bpa1-cpa1.bkb.rnp.br;No-Hostname;monipe-pa-atraso.rnp.br
1749462082,2025-06-09 06:41:22,gateway;No-Hostname;cba1-mxse-chesf.bkb.rnp.br;cce1-cba1-chesf.bkb.rnp.br;cpi1-cce1-chesf.bkb.rnp.br;cma1-cpi1-tlb.bkb.rnp.br;cpa1-cma1-mobwire.bkb.rnp.br;bpa1-cpa1.bkb.rnp.br;No-Hostname;monipe-pa-atraso.rnp.br
1749462571,2025-06-09 06:49:31,gateway;No-Hostname;cba1-mxse-chesf.bkb.rnp.br;cce1-cba1-chesf.bkb.rnp.br;cpi1-cce1-chesf.bkb.rnp.br;cma1-cpi1-tlb.bkb.rnp.br;cpa1-cma1-mobwire.bkb.rnp.br;bpa1-cpa1.bkb.rnp.br;No-Hostname;monipe-pa-atraso.rnp.br
1749463437,2025-06-09 07:03:57,gateway;No-Hostname;cba1-mxse-chesf.bkb.rnp.br;cpi1-cba1-chesf.bkb.rnp.br;cma1-cpi1-tlb.bkb.rnp.br;cpa1-cma1-mobwire.bkb.rnp.br;bpa1-cpa1.bkb.rnp.br;No-Hostname;monipe-pa-atraso.rnp.br
1749464202,2025-06-09 07:16:42,gateway;No-Hostname;cba1-mxse-chesf.bkb.rnp.br;cpi1-cba1-chesf.bkb.rnp.br;cma1-cpi1-tlb.bkb.rnp.br;cpa1-cma1-mobwire.bkb.rnp.br;bpa1-cpa1.bkb.rnp.br;No-Hostname;monipe-pa-atraso.rnp.br
1749464713,2025-06-09 07:25:13,gateway;No-Hostname;cba1-mxse-chesf.bkb.rnp.br;cpi1-cba1-chesf.bkb.rnp.br;cma1-cpi1-tlb.bkb.rnp.br;cpa1-cma1-mobwire.bkb.rnp.br;bpa1-cpa1.bkb.rnp.br;No-Hostname;monipe-pa-atraso.rnp.br
1749465300,2025-06-09 07:35:00,gateway;No-Hostname;cba1-mxse-chesf.bkb.rnp.br;cpi1-cba1-chesf.bkb.rnp.br;cma1-cpi1-tlb.bkb.rnp.br;cpa1-cma1-mobwire.bkb.rnp.br;bpa1-cpa1.bkb.rnp.br;No-Hostname;monipe-pa-atraso.rnp.br
1749465757,2025-06-09 07:42:37,gateway;No-Hostname;cba1-mxse-chesf.bkb.rnp.br;cpi1-cba1-chesf.bkb.rnp.br;cma1-cpi1-tlb.bkb.rnp.br;cpa1-cma1-mobwire.bkb.rnp.br;bpa1-cpa1.bkb.rnp.br;No-Hostname;monipe-pa-atraso.rnp.br
1749466258,2025-06-09 07:50:58,gateway;No-Hostname;cba1-mxse-chesf.bkb.rnp.br;cce1-cba1-chesf.bkb.rnp.br;cpi1-cce1-chesf.bkb.rnp.br;cma1-cpi1-tlb.bkb.rnp.br;cpa1-cma1-mobwire.bkb.rnp.br;bpa1-cpa1.bkb.rnp.br;No-Hostname;monipe-pa-atraso.rnp.br
1749467221,2025-06-09 08:07:01,gateway;No-Hostname;cba1-mxse-chesf.bkb.rnp.br;cce1-cba1-chesf.bkb.rnp.br;cpi1-cce1-chesf.bkb.rnp.br;cma1-cpi1-tlb.bkb.rnp.br;cpa1-cma1-mobwire.bkb.rnp.br;bpa1-cpa1.bkb.rnp.br;No-Hostname;monipe-pa-atraso.rnp.br
1749467566,2025-06-09 08:12:46,gateway;No-Hostname;cba1-mxse-chesf.bkb.rnp.br;cce1-cba1-chesf.bkb.rnp.br;cpi1-cce1-chesf.bkb.rnp.br;cma1-cpi1-tlb.bkb.rnp.br;cpa1-cma1-mobwire.bkb.rnp.br;bpa1-cpa1.bkb.rnp.br;No-Hostname;monipe-pa-atraso.rnp.br
1749468429,2025-06-09 08:27:09,gateway;No-Hostname;cba1-mxse-chesf.bkb.rnp.br;cpi1-cba1-chesf.bkb.rnp.br;cma1-cpi1-tlb.bkb.rnp.br;cpa1-cma1-mobwire.bkb.rnp.br;bpa1-cpa1.bkb.rnp.br;No-Hostname;monipe-pa-atraso.rnp.br
1749468655,2025-06-09 08:30:55,gateway;No-Hostname;cba1-mxse-chesf.bkb.rnp.br;cpi1-cba1-chesf.bkb.rnp.br;cma1-cpi1-tlb.bkb.rnp.br;cpa1-cma1-mobwire.bkb.rnp.br;bpa1-cpa1.bkb.rnp.br;No-Hostname;monipe-pa-atraso.rnp.br
1749469285,2025-06-09 08:41:25,gateway;No-Hostname;cba1-mxse-chesf.bkb.rnp.br;cpi1-cba1-chesf.bkb.rnp.br;cma1-cpi1-tlb.bkb.rnp.br;cpa1-cma1-mobwire.bkb.rnp.br;bpa1-cpa1.bkb.rnp.br;No-Hostname;monipe-pa-atraso.rnp.br
1749470087,2025-06-09 08:54:47,gateway;No-Hostname;cba1-mxse-chesf.bkb.rnp.br;cdf2-cba1-taesa.bkb.rnp.br;cto1-cdf2-tlb.bkb.rnp.br;cpa1-cto1-tlb.bkb.rnp.br;bpa1-cpa1.bkb.rnp.br;No-Hostname;monipe-pa-atraso.rnp.br
1749470350,2025-06-09 08:59:10,gateway;No-Hostname;cba1-mxse-chesf.bkb.rnp.br;cdf2-cba1-taesa.bkb.rnp.br;cto1-cdf2-tlb.bkb.rnp.br;cpa1-cto1-tlb.bkb.rnp.br;bpa1-cpa1.bkb.rnp.br;No-Hostname;monipe-pa-atraso.rnp.br
1749471276,2025-06-09 09:14:36,gateway;No-Hostname;cba1-mxse-chesf.bkb.rnp.br;cdf2-cba1-taesa.bkb.rnp.br;cto1-cdf2-tlb.bkb.rnp.br;cpa1-cto1-tlb.bkb.rnp.br;bpa1-cpa1.bkb.rnp.br;No-Hostname;monipe-pa-atraso.rnp.br
1749471875,2025-06-09 09:24:35,gateway;No-Hostname;cba1-mxse-chesf.bkb.rnp.br;cdf2-cba1-taesa.bkb.rnp.br;cto1-cdf2-tlb.bkb.rnp.br;cpa1-cto1-tlb.bkb.rnp.br;bpa1-cpa1.bkb.rnp.br;No-Hostname;monipe-pa-atraso.rnp.br
1749472348,2025-06-09 09:32:28,gateway;No-Hostname;cba1-mxse-chesf.bkb.rnp.br;cdf2-cba1-taesa.bkb.rnp.br;cto1-cdf2-tlb.bkb.rnp.br;cpa1-cto1-tlb.bkb.rnp.br;bpa1-cpa1.bkb.rnp.br;No-Hostname;monipe-pa-atraso.rnp.br
1749473140,2025-06-09 09:45:40,gateway;No-Hostname;cba1-mxse-chesf.bkb.rnp.br;cdf2-cba1-taesa.bkb.rnp.br;cto1-cdf2-tlb.bkb.rnp.br;cpa1-cto1-tlb.bkb.rnp.br;bpa1-cpa1.bkb.rnp.br;No-Hostname;monipe-pa-atraso.rnp.br
1749473831,2025-06-09 09:57:11,gateway;No-Hostname;cba1-mxse-chesf.bkb.rnp.br;cpi1-cba1-chesf.bkb.rnp.br;cma1-cpi1-tlb.bkb.rnp.br;cpa1-cma1-mobwire.bkb.rnp.br;bpa1-cpa1.bkb.rnp.br;No-Hostname;monipe-pa-atraso.rnp.br
1749474436,2025-06-09 10:07:16,gateway;No-Hostname;cba1-mxse-chesf.bkb.rnp.br;cpi1-cba1-chesf.bkb.rnp.br;cma1-cpi1-tlb.bkb.rnp.br;cpa1-cma1-mobwire.bkb.rnp.br;bpa1-cpa1.bkb.rnp.br;No-Hostname;monipe-pa-atraso.rnp.br
1749474940,2025-06-09 10:15:40,gateway;No-Hostname;cba1-mxse-chesf.bkb.rnp.br;cpi1-cba1-chesf.bkb.rnp.br;cma1-cpi1-tlb.bkb.rnp.br;cpa1-cma1-mobwire.bkb.rnp.br;bpa1-cpa1.bkb.rnp.br;No-Hostname;monipe-pa-atraso.rnp.br
1749475460,2025-06-09 10:24:20,gateway;No-Hostname;cba1-mxse-chesf.bkb.rnp.br;cpi1-cba1-chesf.bkb.rnp.br;cma1-cpi1-tlb.bkb.rnp.br;cpa1-cma1-mobwire.bkb.rnp.br;bpa1-cpa1.bkb.rnp.br;No-Hostname;monipe-pa-atraso.rnp.br
1749476014,2025-06-09 10:33:34,gateway;No-Hostname;cba1-mxse-chesf.bkb.rnp.br;cpi1-cba1-chesf.bkb.rnp.br;cma1-cpi1-tlb.bkb.rnp.br;cpa1-cma1-mobwire.bkb.rnp.br;bpa1-cpa1.bkb.rnp.br;No-Hostname;monipe-pa-atraso.rnp.br
1749477057,2025-06-09 10:50:57,gateway;No-Hostname;cba1-mxse-chesf.bkb.rnp.br;cpi1-cba1-chesf.bkb.rnp.br;cma1-cpi1-tlb.bkb.rnp.br;cpa1-cma1-mobwire.bkb.rnp.br;bpa1-cpa1.bkb.rnp.br;No-Hostname;monipe-pa-atraso.rnp.br
1749478056,2025-06-09 11:07:36,gateway;No-Hostname;cba1-mxse-chesf.bkb.rnp.br;cpi1-cba1-chesf.bkb.rnp.br;cma1-cpi1-tlb.bkb.rnp.br;cpa1-cma1-mobwire.bkb.rnp.br;bpa1-cpa1.bkb.rnp.br;No-Hostname;monipe-pa-atraso.rnp.br
1749478278,2025-06-09 11:11:18,gateway;No-Hostname;cba1-mxse-chesf.bkb.rnp.br;cpi1-cba1-chesf.bkb.rnp.br;cma1-cpi1-tlb.bkb.rnp.br;cpa1-cma1-mobwire.bkb.rnp.br;bpa1-cpa1.bkb.rnp.br;No-Hostname;monipe-pa-atraso.rnp.br
1749478957,2025-06-09 11:22:37,gateway;No-Hostname;cba1-mxse-chesf.bkb.rnp.br;cpi1-cba1-chesf.bkb.rnp.br;cma1-cpi1-tlb.bkb.rnp.br;cpa1-cma1-mobwire.bkb.rnp.br;bpa1-cpa1.bkb.rnp.br;No-Hostname;monipe-pa-atraso.rnp.br
1749479611,2025-06-09 11:33:31,gateway;No-Hostname;cba1-mxse-chesf.bkb.rnp.br;cpi1-cba1-chesf.bkb.rnp.br;cma1-cpi1-tlb.bkb.rnp.br;cpa1-cma1-mobwire.bkb.rnp.br;bpa1-cpa1.bkb.rnp.br;No-Hostname;monipe-pa-atraso.rnp.br
1749480341,2025-06-09 11:45:41,gateway;No-Hostname;cba1-mxse-chesf.bkb.rnp.br;cpi1-cba1-chesf.bkb.rnp.br;cma1-cpi1-tlb.bkb.rnp.br;cpa1-cma1-mobwire.bkb.rnp.br;bpa1-cpa1.bkb.rnp.br;No-Hostname;monipe-pa-atraso.rnp.br
1749480651,2025-06-09 11:50:51,gateway;No-Hostname;cba1-mxse-chesf.bkb.rnp.br;No-Hostname;cma1-cpi1-tlb.bkb.rnp.br;cpa1-cma1-mobwire.bkb.rnp.br;bpa1-cpa1.bkb.rnp.br;No-Hostname;monipe-pa-atraso.rnp.br
1749481164,2025-06-09 11:59:24,gateway;No-Hostname;cba1-mxse-chesf.bkb.rnp.br;cpi1-cba1-chesf.bkb.rnp.br;cma1-cpi1-tlb.bkb.rnp.br;cpa1-cma1-mobwire.bkb.rnp.br;bpa1-cpa1.bkb.rnp.br;No-Hostname;monipe-pa-atraso.rnp.br
1749482135,2025-06-09 12:15:35,gateway;No-Hostname;cba1-mxse-chesf.bkb.rnp.br;cpi1-cba1-chesf.bkb.rnp.br;cma1-cpi1-tlb.bkb.rnp.br;cpa1-cma1-mobwire.bkb.rnp.br;bpa1-cpa1.bkb.rnp.br;No-Hostname;monipe-pa-atraso.rnp.br
1749482832,2025-06-09 12:27:12,gateway;No-Hostname;cba1-mxse-chesf.bkb.rnp.br;cpi1-cba1-chesf.bkb.rnp.br;cma1-cpi1-tlb.bkb.rnp.br;cpa1-cma1-mobwire.bkb.rnp.br;bpa1-cpa1.bkb.rnp.br;No-Hostname;monipe-pa-atraso.rnp.br
1749483006,2025-06-09 12:30:06,gateway;No-Hostname;cba1-mxse-chesf.bkb.rnp.br;cpi1-cba1-chesf.bkb.rnp.br;cma1-cpi1-tlb.bkb.rnp.br;cpa1-cma1-mobwire.bkb.rnp.br;bpa1-cpa1.bkb.rnp.br;No-Hostname;monipe-pa-atraso.rnp.br
1749484192,2025-06-09 12:49:52,No-Hostname;No-Hostname;No-Hostname;No-Hostname;No-Hostname;No-Hostname;No-Hostname;No-Hostname;monipe-pa-atraso.rnp.br
1749485101,2025-06-09 13:05:01,gateway;No-Hostname;cba1-mxse-chesf.bkb.rnp.br;cdf2-cba1-taesa.bkb.rnp.br;cto1-cdf2-tlb.bkb.rnp.br;cpa1-cto1-tlb.bkb.rnp.br;bpa1-cpa1.bkb.rnp.br;No-Hostname;monipe-pa-atraso.rnp.br
1749485722,2025-06-09 13:15:22,gateway;No-Hostname;cba1-mxse-chesf.bkb.rnp.br;cdf2-cba1-taesa.bkb.rnp.br;cto1-cdf2-tlb.bkb.rnp.br;cpa1-cto1-tlb.bkb.rnp.br;bpa1-cpa1.bkb.rnp.br;No-Hostname;monipe-pa-atraso.rnp.br
1749485932,2025-06-09 13:18:52,gateway;No-Hostname;cba1-mxse-chesf.bkb.rnp.br;cdf2-cba1-taesa.bkb.rnp.br;cto1-cdf2-tlb.bkb.rnp.br;cpa1-cto1-tlb.bkb.rnp.br;bpa1-cpa1.bkb.rnp.br;No-Hostname;monipe-pa-atraso.rnp.br
1749486576,2025-06-09 13:29:36,gateway;No-Hostname;cba1-mxse-chesf.bkb.rnp.br;cpi1-cba1-chesf.bkb.rnp.br;cma1-cpi1-tlb.bkb.rnp.br;cpa1-cma1-mobwire.bkb.rnp.br;No-Hostname;No-Hostname;monipe-pa-atraso.rnp.br
1749487635,2025-06-09 13:47:15,gateway;No-Hostname;cba1-mxse-chesf.bkb.rnp.br;cdf2-cba1-taesa.bkb.rnp.br;cto1-cdf2-tlb.bkb.rnp.br;cpa1-cto1-tlb.bkb.rnp.br;bpa1-cpa1.bkb.rnp.br;No-Hostname;monipe-pa-atraso.rnp.br
1749487900,2025-06-09 13:51:40,gateway;No-Hostname;cba1-mxse-chesf.bkb.rnp.br;cdf2-cba1-taesa.bkb.rnp.br;cto1-cdf2-aloha.bkb.rnp.br;cpa1-cto1-tlb.bkb.rnp.br;bpa1-cpa1.bkb.rnp.br;No-Hostname;monipe-pa-atraso.rnp.br
1749488454,2025-06-09 14:00:54,gateway;No-Hostname;No-Hostname;No-Hostname;No-Hostname;No-Hostname;No-Hostname;No-Hostname;No-Hostname;No-Hostname;No-Hostname;No-Hostname;No-Hostname;No-Hostname;No-Hostname;No-Hostname;No-Hostname;No-Hostname;No-Hostname;No-Hostname;No-Hostname;No-Hostname;No-Hostname;No-Hostname;No-Hostname;No-Hostname;No-Hostname;No-Hostname;No-Hostname;No-Hostname
1749489932,2025-06-09 14:25:32,gateway;No-Hostname;cba1-mxse-chesf.bkb.rnp.br;cpi1-cba1-chesf.bkb.rnp.br;cma1-cpi1-tlb.bkb.rnp.br;No-Hostname;No-Hostname;No-Hostname;monipe-pa-atraso.rnp.br
1749490325,2025-06-09 14:32:05,gateway;No-Hostname;cba1-mxse-chesf.bkb.rnp.br;cpi1-cba1-chesf.bkb.rnp.br;cma1-cpi1-tlb.bkb.rnp.br;cpa1-cma1-mobwire.bkb.rnp.br;bpa1-cpa1.bkb.rnp.br;No-Hostname;monipe-pa-atraso.rnp.br
1749492615,2025-06-09 15:10:15,gateway;No-Hostname;cba1-mxse-chesf.bkb.rnp.br;cce1-cba1-chesf.bkb.rnp.br;cpi1-cce1-chesf.bkb.rnp.br;cma1-cpi1-tlb.bkb.rnp.br;cpa1-cma1-mobwire.bkb.rnp.br;bpa1-cpa1.bkb.rnp.br;No-Hostname;monipe-pa-atraso.rnp.br
1749494229,2025-06-09 15:37:09,gateway;No-Hostname;cba1-mxse-chesf.bkb.rnp.br;cdf2-cba1-taesa.bkb.rnp.br;cto1-cdf2-tlb.bkb.rnp.br;cpa1-cto1-tlb.bkb.rnp.br;bpa1-cpa1.bkb.rnp.br;No-Hostname;monipe-pa-atraso.rnp.br
1749494525,2025-06-09 15:42:05,gateway;No-Hostname;cba1-mxse-chesf.bkb.rnp.br;cdf2-cba1-taesa.bkb.rnp.br;cto1-cdf2-tlb.bkb.rnp.br;cpa1-cto1-tlb.bkb.rnp.br;bpa1-cpa1.bkb.rnp.br;No-Hostname;monipe-pa-atraso.rnp.br
1749495227,2025-06-09 15:53:47,gateway;No-Hostname;cba1-mxse-chesf.bkb.rnp.br;cdf2-cba1-taesa.bkb.rnp.br;cto1-cdf2-tlb.bkb.rnp.br;cpa1-cto1-tlb.bkb.rnp.br;bpa1-cpa1.bkb.rnp.br;No-Hostname;monipe-pa-atraso.rnp.br
1749495678,2025-06-09 16:01:18,gateway;No-Hostname;cba1-mxse-chesf.bkb.rnp.br;cdf2-cba1-taesa.bkb.rnp.br;cto1-cdf2-tlb.bkb.rnp.br;cpa1-cto1-tlb.bkb.rnp.br;bpa1-cpa1.bkb.rnp.br;No-Hostname;monipe-pa-atraso.rnp.br
1749496304,2025-06-09 16:11:44,gateway;No-Hostname;cba1-mxse-chesf.bkb.rnp.br;cdf2-cba1-taesa.bkb.rnp.br;cto1-cdf2-tlb.bkb.rnp.br;cpa1-cto1-tlb.bkb.rnp.br;bpa1-cpa1.bkb.rnp.br;No-Hostname;monipe-pa-atraso.rnp.br
1749496935,2025-06-09 16:22:15,gateway;No-Hostname;cba1-mxse-chesf.bkb.rnp.br;cdf2-cba1-taesa.bkb.rnp.br;cto1-cdf2-tlb.bkb.rnp.br;cpa1-cto1-tlb.bkb.rnp.br;bpa1-cpa1.bkb.rnp.br;No-Hostname;monipe-pa-atraso.rnp.br
1749497589,2025-06-09 16:33:09,gateway;No-Hostname;cba1-mxse-chesf.bkb.rnp.br;cdf2-cba1-taesa.bkb.rnp.br;cto1-cdf2-tlb.bkb.rnp.br;cpa1-cto1-tlb.bkb.rnp.br;bpa1-cpa1.bkb.rnp.br;No-Hostname;monipe-pa-atraso.rnp.br
1749498409,2025-06-09 16:46:49,gateway;No-Hostname;cba1-mxse-chesf.bkb.rnp.br;cdf2-cba1-taesa.bkb.rnp.br;cto1-cdf2-tlb.bkb.rnp.br;cpa1-cto1-tlb.bkb.rnp.br;bpa1-cpa1.bkb.rnp.br;No-Hostname;monipe-pa-atraso.rnp.br
1749498961,2025-06-09 16:56:01,gateway;No-Hostname;cba1-mxse-chesf.bkb.rnp.br;cdf2-cba1-taesa.bkb.rnp.br;cto1-cdf2-aloha.bkb.rnp.br;cpa1-cto1-tlb.bkb.rnp.br;bpa1-cpa1.bkb.rnp.br;No-Hostname;monipe-pa-atraso.rnp.br
1749499402,2025-06-09 17:03:22,gateway;No-Hostname;cba1-mxse-chesf.bkb.rnp.br;cdf2-cba1-taesa.bkb.rnp.br;cto1-cdf2-aloha.bkb.rnp.br;cpa1-cto1-tlb.bkb.rnp.br;bpa1-cpa1.bkb.rnp.br;No-Hostname;monipe-pa-atraso.rnp.br
1749500185,2025-06-09 17:16:25,gateway;No-Hostname;cba1-mxse-chesf.bkb.rnp.br;cdf2-cba1-taesa.bkb.rnp.br;cto1-cdf2-aloha.bkb.rnp.br;cpa1-cto1-tlb.bkb.rnp.br;bpa1-cpa1.bkb.rnp.br;No-Hostname;monipe-pa-atraso.rnp.br
1749500826,2025-06-09 17:27:06,gateway;No-Hostname;cba1-mxse-chesf.bkb.rnp.br;cce1-cba1-chesf.bkb.rnp.br;cpi1-cce1-chesf.bkb.rnp.br;cma1-cpi1-tlb.bkb.rnp.br;cpa1-cma1-mobwire.bkb.rnp.br;bpa1-cpa1.bkb.rnp.br;No-Hostname;monipe-pa-atraso.rnp.br
1749501042,2025-06-09 17:30:42,gateway;No-Hostname;cba1-mxse-chesf.bkb.rnp.br;cce1-cba1-chesf.bkb.rnp.br;cpi1-cce1-chesf.bkb.rnp.br;cma1-cpi1-tlb.bkb.rnp.br;cpa1-cma1-mobwire.bkb.rnp.br;bpa1-cpa1.bkb.rnp.br;No-Hostname;monipe-pa-atraso.rnp.br
1749501972,2025-06-09 17:46:12,gateway;No-Hostname;cba1-mxse-chesf.bkb.rnp.br;cce1-cba1-chesf.bkb.rnp.br;cpi1-cce1-chesf.bkb.rnp.br;cma1-cpi1-tlb.bkb.rnp.br;cpa1-cma1-mobwire.bkb.rnp.br;bpa1-cpa1.bkb.rnp.br;No-Hostname;monipe-pa-atraso.rnp.br
1749502571,2025-06-09 17:56:11,gateway;No-Hostname;cba1-mxse-chesf.bkb.rnp.br;cce1-cba1-chesf.bkb.rnp.br;cpi1-cce1-chesf.bkb.rnp.br;cma1-cpi1-tlb.bkb.rnp.br;cpa1-cma1-mobwire.bkb.rnp.br;bpa1-cpa1.bkb.rnp.br;No-Hostname;monipe-pa-atraso.rnp.br
1749502803,2025-06-09 18:00:03,gateway;No-Hostname;cba1-mxse-chesf.bkb.rnp.br;cce1-cba1-chesf.bkb.rnp.br;cpi1-cce1-chesf.bkb.rnp.br;cma1-cpi1-tlb.bkb.rnp.br;cpa1-cma1-mobwire.bkb.rnp.br;bpa1-cpa1.bkb.rnp.br;No-Hostname;monipe-pa-atraso.rnp.br
1749503760,2025-06-09 18:16:00,gateway;No-Hostname;cba1-mxse-chesf.bkb.rnp.br;cce1-cba1-chesf.bkb.rnp.br;cpi1-cce1-chesf.bkb.rnp.br;cma1-cpi1-tlb.bkb.rnp.br;cpa1-cma1-mobwire.bkb.rnp.br;bpa1-cpa1.bkb.rnp.br;No-Hostname;monipe-pa-atraso.rnp.br
1749504340,2025-06-09 18:25:40,gateway;No-Hostname;cba1-mxse-chesf.bkb.rnp.br;cpi1-cba1-chesf.bkb.rnp.br;cma1-cpi1-tlb.bkb.rnp.br;cpa1-cma1-mobwire.bkb.rnp.br;bpa1-cpa1.bkb.rnp.br;No-Hostname;monipe-pa-atraso.rnp.br
1749505034,2025-06-09 18:37:14,gateway;No-Hostname;cba1-mxse-chesf.bkb.rnp.br;cpi1-cba1-chesf.bkb.rnp.br;cma1-cpi1-tlb.bkb.rnp.br;cpa1-cma1-mobwire.bkb.rnp.br;bpa1-cpa1.bkb.rnp.br;No-Hostname;monipe-pa-atraso.rnp.br
1749505139,2025-06-09 18:38:59,gateway;No-Hostname;cba1-mxse-chesf.bkb.rnp.br;cpi1-cba1-chesf.bkb.rnp.br;cma1-cpi1-tlb.bkb.rnp.br;cpa1-cma1-mobwire.bkb.rnp.br;bpa1-cpa1.bkb.rnp.br;No-Hostname;monipe-pa-atraso.rnp.br
1749506113,2025-06-09 18:55:13,gateway;No-Hostname;cba1-mxse-chesf.bkb.rnp.br;cpi1-cba1-chesf.bkb.rnp.br;cma1-cpi1-tlb.bkb.rnp.br;cpa1-cma1-mobwire.bkb.rnp.br;bpa1-cpa1.bkb.rnp.br;No-Hostname;monipe-pa-atraso.rnp.br
1749506637,2025-06-09 19:03:57,gateway;No-Hostname;cba1-mxse-chesf.bkb.rnp.br;cpi1-cba1-chesf.bkb.rnp.br;cma1-cpi1-tlb.bkb.rnp.br;cpa1-cma1-mobwire.bkb.rnp.br;bpa1-cpa1.bkb.rnp.br;No-Hostname;monipe-pa-atraso.rnp.br
1749506971,2025-06-09 19:09:31,gateway;No-Hostname;cba1-mxse-chesf.bkb.rnp.br;cpi1-cba1-chesf.bkb.rnp.br;cma1-cpi1-tlb.bkb.rnp.br;cpa1-cma1-mobwire.bkb.rnp.br;bpa1-cpa1.bkb.rnp.br;No-Hostname;monipe-pa-atraso.rnp.br
1749507657,2025-06-09 19:20:57,gateway;No-Hostname;cba1-mxse-chesf.bkb.rnp.br;cdf2-cba1-taesa.bkb.rnp.br;cto1-cdf2-tlb.bkb.rnp.br;cpa1-cto1-tlb.bkb.rnp.br;bpa1-cpa1.bkb.rnp.br;No-Hostname;monipe-pa-atraso.rnp.br
1749508456,2025-06-09 19:34:16,gateway;No-Hostname;cba1-mxse-chesf.bkb.rnp.br;cdf2-cba1-taesa.bkb.rnp.br;cto1-cdf2-tlb.bkb.rnp.br;cpa1-cto1-tlb.bkb.rnp.br;bpa1-cpa1.bkb.rnp.br;No-Hostname;monipe-pa-atraso.rnp.br
1749509613,2025-06-09 19:53:33,gateway;No-Hostname;cba1-mxse-chesf.bkb.rnp.br;cce1-cba1-chesf.bkb.rnp.br;cpi1-cce1-chesf.bkb.rnp.br;cma1-cpi1-tlb.bkb.rnp.br;cpa1-cma1-mobwire.bkb.rnp.br;bpa1-cpa1.bkb.rnp.br;No-Hostname;monipe-pa-atraso.rnp.br
1749510072,2025-06-09 20:01:12,gateway;No-Hostname;cba1-mxse-chesf.bkb.rnp.br;cce1-cba1-chesf.bkb.rnp.br;cpi1-cce1-chesf.bkb.rnp.br;cma1-cpi1-tlb.bkb.rnp.br;cpa1-cma1-mobwire.bkb.rnp.br;bpa1-cpa1.bkb.rnp.br;No-Hostname;monipe-pa-atraso.rnp.br
1749510722,2025-06-09 20:12:02,gateway;No-Hostname;cba1-mxse-chesf.bkb.rnp.br;cce1-cba1-chesf.bkb.rnp.br;cpi1-cce1-chesf.bkb.rnp.br;cma1-cpi1-tlb.bkb.rnp.br;cpa1-cma1-mobwire.bkb.rnp.br;bpa1-cpa1.bkb.rnp.br;No-Hostname;monipe-pa-atraso.rnp.br
1749511295,2025-06-09 20:21:35,gateway;No-Hostname;cba1-mxse-chesf.bkb.rnp.br;cdf2-cba1-taesa.bkb.rnp.br;cto1-cdf2-aloha.bkb.rnp.br;cpa1-cto1-tlb.bkb.rnp.br;bpa1-cpa1.bkb.rnp.br;No-Hostname;monipe-pa-atraso.rnp.br
1749511845,2025-06-09 20:30:45,gateway;No-Hostname;cba1-mxse-chesf.bkb.rnp.br;cdf2-cba1-taesa.bkb.rnp.br;cto1-cdf2-aloha.bkb.rnp.br;cpa1-cto1-tlb.bkb.rnp.br;bpa1-cpa1.bkb.rnp.br;No-Hostname;monipe-pa-atraso.rnp.br
1749512384,2025-06-09 20:39:44,gateway;No-Hostname;cba1-mxse-chesf.bkb.rnp.br;cdf2-cba1-taesa.bkb.rnp.br;cto1-cdf2-aloha.bkb.rnp.br;cpa1-cto1-tlb.bkb.rnp.br;bpa1-cpa1.bkb.rnp.br;No-Hostname;monipe-pa-atraso.rnp.br
1749513014,2025-06-09 20:50:14,gateway;No-Hostname;cba1-mxse-chesf.bkb.rnp.br;cce1-cba1-chesf.bkb.rnp.br;cpi1-cce1-chesf.bkb.rnp.br;cma1-cpi1-tlb.bkb.rnp.br;cpa1-cma1-mobwire.bkb.rnp.br;bpa1-cpa1.bkb.rnp.br;No-Hostname;monipe-pa-atraso.rnp.br
1749513626,2025-06-09 21:00:26,gateway;No-Hostname;cba1-mxse-chesf.bkb.rnp.br;cce1-cba1-chesf.bkb.rnp.br;cpi1-cce1-chesf.bkb.rnp.br;cma1-cpi1-tlb.bkb.rnp.br;cpa1-cma1-mobwire.bkb.rnp.br;bpa1-cpa1.bkb.rnp.br;No-Hostname;monipe-pa-atraso.rnp.br
1749514642,2025-06-09 21:17:22,gateway;No-Hostname;cba1-mxse-chesf.bkb.rnp.br;cce1-cba1-chesf.bkb.rnp.br;cpi1-cce1-chesf.bkb.rnp.br;cma1-cpi1-tlb.bkb.rnp.br;cpa1-cma1-mobwire.bkb.rnp.br;bpa1-cpa1.bkb.rnp.br;No-Hostname;monipe-pa-atraso.rnp.br
1749515658,2025-06-09 21:34:18,gateway;No-Hostname;cba1-mxse-chesf.bkb.rnp.br;cdf2-cba1-taesa.bkb.rnp.br;cto1-cdf2-tlb.bkb.rnp.br;cpa1-cto1-tlb.bkb.rnp.br;bpa1-cpa1.bkb.rnp.br;No-Hostname;monipe-pa-atraso.rnp.br
1749516408,2025-06-09 21:46:48,gateway;No-Hostname;cba1-mxse-chesf.bkb.rnp.br;cdf2-cba1-taesa.bkb.rnp.br;cto1-cdf2-tlb.bkb.rnp.br;cpa1-cto1-tlb.bkb.rnp.br;bpa1-cpa1.bkb.rnp.br;No-Hostname;monipe-pa-atraso.rnp.br
1749516693,2025-06-09 21:51:33,gateway;No-Hostname;cba1-mxse-chesf.bkb.rnp.br;cce1-cba1-chesf.bkb.rnp.br;cpi1-cce1-chesf.bkb.rnp.br;cma1-cpi1-tlb.bkb.rnp.br;cpa1-cma1-mobwire.bkb.rnp.br;bpa1-cpa1.bkb.rnp.br;No-Hostname;monipe-pa-atraso.rnp.br
1749517272,2025-06-09 22:01:12,gateway;No-Hostname;cba1-mxse-chesf.bkb.rnp.br;cce1-cba1-chesf.bkb.rnp.br;cpi1-cce1-chesf.bkb.rnp.br;cma1-cpi1-tlb.bkb.rnp.br;cpa1-cma1-mobwire.bkb.rnp.br;bpa1-cpa1.bkb.rnp.br;No-Hostname;monipe-pa-atraso.rnp.br
1749517796,2025-06-09 22:09:56,gateway;No-Hostname;cba1-mxse-chesf.bkb.rnp.br;cce1-cba1-chesf.bkb.rnp.br;cpi1-cce1-chesf.bkb.rnp.br;cma1-cpi1-tlb.bkb.rnp.br;cpa1-cma1-mobwire.bkb.rnp.br;bpa1-cpa1.bkb.rnp.br;No-Hostname;monipe-pa-atraso.rnp.br
1749518377,2025-06-09 22:19:37,gateway;No-Hostname;cba1-mxse-chesf.bkb.rnp.br;cce1-cba1-chesf.bkb.rnp.br;cpi1-cce1-chesf.bkb.rnp.br;cma1-cpi1-tlb.bkb.rnp.br;cpa1-cma1-mobwire.bkb.rnp.br;bpa1-cpa1.bkb.rnp.br;No-Hostname;monipe-pa-atraso.rnp.br
1749519138,2025-06-09 22:32:18,gateway;No-Hostname;cba1-mxse-chesf.bkb.rnp.br;cdf2-cba1-taesa.bkb.rnp.br;cto1-cdf2-tlb.bkb.rnp.br;cpa1-cto1-tlb.bkb.rnp.br;bpa1-cpa1.bkb.rnp.br;No-Hostname;monipe-pa-atraso.rnp.br
1749520004,2025-06-09 22:46:44,gateway;No-Hostname;cba1-mxse-chesf.bkb.rnp.br;cdf2-cba1-taesa.bkb.rnp.br;cto1-cdf2-tlb.bkb.rnp.br;cpa1-cto1-tlb.bkb.rnp.br;bpa1-cpa1.bkb.rnp.br;No-Hostname;monipe-pa-atraso.rnp.br
1749520325,2025-06-09 22:52:05,gateway;No-Hostname;cba1-mxse-chesf.bkb.rnp.br;cpi1-cba1-chesf.bkb.rnp.br;cma1-cpi1-tlb.bkb.rnp.br;cpa1-cma1-mobwire.bkb.rnp.br;bpa1-cpa1.bkb.rnp.br;No-Hostname;monipe-pa-atraso.rnp.br
1749521664,2025-06-09 23:14:24,gateway;No-Hostname;cba1-mxse-chesf.bkb.rnp.br;cpi1-cba1-chesf.bkb.rnp.br;cma1-cpi1-tlb.bkb.rnp.br;cpa1-cma1-mobwire.bkb.rnp.br;bpa1-cpa1.bkb.rnp.br;No-Hostname;monipe-pa-atraso.rnp.br
1749522105,2025-06-09 23:21:45,gateway;No-Hostname;cba1-mxse-chesf.bkb.rnp.br;cce1-cba1-chesf.bkb.rnp.br;cpi1-cce1-chesf.bkb.rnp.br;cma1-cpi1-tlb.bkb.rnp.br;cpa1-cma1-mobwire.bkb.rnp.br;bpa1-cpa1.bkb.rnp.br;No-Hostname;monipe-pa-atraso.rnp.br
1749522640,2025-06-09 23:30:40,gateway;No-Hostname;cba1-mxse-chesf.bkb.rnp.br;cce1-cba1-chesf.bkb.rnp.br;cpi1-cce1-chesf.bkb.rnp.br;cma1-cpi1-tlb.bkb.rnp.br;cpa1-cma1-mobwire.bkb.rnp.br;bpa1-cpa1.bkb.rnp.br;No-Hostname;monipe-pa-atraso.rnp.br
1749523463,2025-06-09 23:44:23,gateway;No-Hostname;cba1-mxse-chesf.bkb.rnp.br;cce1-cba1-chesf.bkb.rnp.br;cpi1-cce1-chesf.bkb.rnp.br;cma1-cpi1-tlb.bkb.rnp.br;cpa1-cma1-mobwire.bkb.rnp.br;bpa1-cpa1.bkb.rnp.br;No-Hostname;monipe-pa-atraso.rnp.br
1749523850,2025-06-09 23:50:50,gateway;No-Hostname;cba1-mxse-chesf.bkb.rnp.br;cpi1-cba1-chesf.bkb.rnp.br;cma1-cpi1-tlb.bkb.rnp.br;cpa1-cma1-mobwire.bkb.rnp.br;bpa1-cpa1.bkb.rnp.br;No-Hostname;monipe-pa-atraso.rnp.br
1749524815,2025-06-10 00:06:55,gateway;No-Hostname;cba1-mxse-chesf.bkb.rnp.br;cpi1-cba1-chesf.bkb.rnp.br;cma1-cpi1-tlb.bkb.rnp.br;cpa1-cma1-mobwire.bkb.rnp.br;bpa1-cpa1.bkb.rnp.br;No-Hostname;monipe-pa-atraso.rnp.br
1749525382,2025-06-10 00:16:22,gateway;No-Hostname;cba1-mxse-chesf.bkb.rnp.br;cpi1-cba1-chesf.bkb.rnp.br;cma1-cpi1-tlb.bkb.rnp.br;cpa1-cma1-mobwire.bkb.rnp.br;bpa1-cpa1.bkb.rnp.br;No-Hostname;monipe-pa-atraso.rnp.br
1749525674,2025-06-10 00:21:14,gateway;No-Hostname;cba1-mxse-chesf.bkb.rnp.br;cpi1-cba1-chesf.bkb.rnp.br;cma1-cpi1-tlb.bkb.rnp.br;cpa1-cma1-mobwire.bkb.rnp.br;bpa1-cpa1.bkb.rnp.br;No-Hostname;monipe-pa-atraso.rnp.br
1749526213,2025-06-10 00:30:13,gateway;No-Hostname;cba1-mxse-chesf.bkb.rnp.br;cpi1-cba1-chesf.bkb.rnp.br;cma1-cpi1-tlb.bkb.rnp.br;cpa1-cma1-mobwire.bkb.rnp.br;bpa1-cpa1.bkb.rnp.br;No-Hostname;monipe-pa-atraso.rnp.br
1749527028,2025-06-10 00:43:48,gateway;No-Hostname;cba1-mxse-chesf.bkb.rnp.br;cpi1-cba1-chesf.bkb.rnp.br;cma1-cpi1-tlb.bkb.rnp.br;cpa1-cma1-mobwire.bkb.rnp.br;bpa1-cpa1.bkb.rnp.br;No-Hostname;monipe-pa-atraso.rnp.br
1749527596,2025-06-10 00:53:16,gateway;No-Hostname;cba1-mxse-chesf.bkb.rnp.br;cce1-cba1-chesf.bkb.rnp.br;cpi1-cce1-chesf.bkb.rnp.br;cma1-cpi1-tlb.bkb.rnp.br;cpa1-cma1-mobwire.bkb.rnp.br;bpa1-cpa1.bkb.rnp.br;No-Hostname;monipe-pa-atraso.rnp.br
1749528062,2025-06-10 01:01:02,gateway;No-Hostname;cba1-mxse-chesf.bkb.rnp.br;cce1-cba1-chesf.bkb.rnp.br;cpi1-cce1-chesf.bkb.rnp.br;cma1-cpi1-tlb.bkb.rnp.br;cpa1-cma1-mobwire.bkb.rnp.br;bpa1-cpa1.bkb.rnp.br;No-Hostname;monipe-pa-atraso.rnp.br
1749528582,2025-06-10 01:09:42,gateway;No-Hostname;cba1-mxse-chesf.bkb.rnp.br;cce1-cba1-chesf.bkb.rnp.br;cpi1-cce1-chesf.bkb.rnp.br;cma1-cpi1-tlb.bkb.rnp.br;cpa1-cma1-mobwire.bkb.rnp.br;bpa1-cpa1.bkb.rnp.br;No-Hostname;monipe-pa-atraso.rnp.br
1749529538,2025-06-10 01:25:38,gateway;No-Hostname;cba1-mxse-chesf.bkb.rnp.br;cce1-cba1-chesf.bkb.rnp.br;cpi1-cce1-chesf.bkb.rnp.br;cma1-cpi1-tlb.bkb.rnp.br;cpa1-cma1-mobwire.bkb.rnp.br;bpa1-cpa1.bkb.rnp.br;No-Hostname;monipe-pa-atraso.rnp.br
1749530060,2025-06-10 01:34:20,gateway;No-Hostname;cba1-mxse-chesf.bkb.rnp.br;cce1-cba1-chesf.bkb.rnp.br;cpi1-cce1-chesf.bkb.rnp.br;cma1-cpi1-tlb.bkb.rnp.br;cpa1-cma1-mobwire.bkb.rnp.br;bpa1-cpa1.bkb.rnp.br;No-Hostname;monipe-pa-atraso.rnp.br
1749530761,2025-06-10 01:46:01,gateway;No-Hostname;cba1-mxse-chesf.bkb.rnp.br;cce1-cba1-chesf.bkb.rnp.br;cpi1-cce1-chesf.bkb.rnp.br;cma1-cpi1-tlb.bkb.rnp.br;cpa1-cma1-mobwire.bkb.rnp.br;bpa1-cpa1.bkb.rnp.br;No-Hostname;monipe-pa-atraso.rnp.br
1749531133,2025-06-10 01:52:13,gateway;No-Hostname;cba1-mxse-chesf.bkb.rnp.br;cpi1-cba1-chesf.bkb.rnp.br;cma1-cpi1-tlb.bkb.rnp.br;cpa1-cma1-mobwire.bkb.rnp.br;bpa1-cpa1.bkb.rnp.br;No-Hostname;monipe-pa-atraso.rnp.br
1749531977,2025-06-10 02:06:17,gateway;No-Hostname;cba1-mxse-chesf.bkb.rnp.br;cpi1-cba1-chesf.bkb.rnp.br;cma1-cpi1-tlb.bkb.rnp.br;cpa1-cma1-mobwire.bkb.rnp.br;bpa1-cpa1.bkb.rnp.br;No-Hostname;monipe-pa-atraso.rnp.br
1749532546,2025-06-10 02:15:46,gateway;No-Hostname;cba1-mxse-chesf.bkb.rnp.br;cpi1-cba1-chesf.bkb.rnp.br;cma1-cpi1-tlb.bkb.rnp.br;cpa1-cma1-mobwire.bkb.rnp.br;bpa1-cpa1.bkb.rnp.br;No-Hostname;monipe-pa-atraso.rnp.br
1749533600,2025-06-10 02:33:20,gateway;No-Hostname;cba1-mxse-chesf.bkb.rnp.br;cce1-cba1-chesf.bkb.rnp.br;cpi1-cce1-chesf.bkb.rnp.br;cma1-cpi1-tlb.bkb.rnp.br;cpa1-cma1-mobwire.bkb.rnp.br;bpa1-cpa1.bkb.rnp.br;No-Hostname;monipe-pa-atraso.rnp.br
1749534400,2025-06-10 02:46:40,gateway;No-Hostname;cba1-mxse-chesf.bkb.rnp.br;cce1-cba1-chesf.bkb.rnp.br;cpi1-cce1-chesf.bkb.rnp.br;cma1-cpi1-tlb.bkb.rnp.br;cpa1-cma1-mobwire.bkb.rnp.br;bpa1-cpa1.bkb.rnp.br;No-Hostname;monipe-pa-atraso.rnp.br
1749534777,2025-06-10 02:52:57,gateway;No-Hostname;cba1-mxse-chesf.bkb.rnp.br;cce1-cba1-chesf.bkb.rnp.br;cpi1-cce1-chesf.bkb.rnp.br;cma1-cpi1-tlb.bkb.rnp.br;cpa1-cma1-mobwire.bkb.rnp.br;bpa1-cpa1.bkb.rnp.br;No-Hostname;monipe-pa-atraso.rnp.br
1749535438,2025-06-10 03:03:58,gateway;No-Hostname;cba1-mxse-chesf.bkb.rnp.br;cce1-cba1-chesf.bkb.rnp.br;cpi1-cce1-chesf.bkb.rnp.br;cma1-cpi1-tlb.bkb.rnp.br;cpa1-cma1-mobwire.bkb.rnp.br;bpa1-cpa1.bkb.rnp.br;No-Hostname;monipe-pa-atraso.rnp.br
1749536119,2025-06-10 03:15:19,gateway;No-Hostname;cba1-mxse-chesf.bkb.rnp.br;cce1-cba1-chesf.bkb.rnp.br;cpi1-cce1-chesf.bkb.rnp.br;cma1-cpi1-tlb.bkb.rnp.br;cpa1-cma1-mobwire.bkb.rnp.br;bpa1-cpa1.bkb.rnp.br;No-Hostname;monipe-pa-atraso.rnp.br
1749536406,2025-06-10 03:20:06,gateway;No-Hostname;cba1-mxse-chesf.bkb.rnp.br;cce1-cba1-chesf.bkb.rnp.br;cpi1-cce1-chesf.bkb.rnp.br;cma1-cpi1-tlb.bkb.rnp.br;cpa1-cma1-mobwire.bkb.rnp.br;bpa1-cpa1.bkb.rnp.br;No-Hostname;monipe-pa-atraso.rnp.br
1749537105,2025-06-10 03:31:45,gateway;No-Hostname;cba1-mxse-chesf.bkb.rnp.br;cce1-cba1-chesf.bkb.rnp.br;cpi1-cce1-chesf.bkb.rnp.br;cma1-cpi1-tlb.bkb.rnp.br;cpa1-cma1-mobwire.bkb.rnp.br;bpa1-cpa1.bkb.rnp.br;No-Hostname;monipe-pa-atraso.rnp.br
1749537948,2025-06-10 03:45:48,gateway;No-Hostname;cba1-mxse-chesf.bkb.rnp.br;cce1-cba1-chesf.bkb.rnp.br;cpi1-cce1-chesf.bkb.rnp.br;cma1-cpi1-tlb.bkb.rnp.br;cpa1-cma1-mobwire.bkb.rnp.br;bpa1-cpa1.bkb.rnp.br;No-Hostname;monipe-pa-atraso.rnp.br
1749538201,2025-06-10 03:50:01,gateway;No-Hostname;cba1-mxse-chesf.bkb.rnp.br;cce1-cba1-chesf.bkb.rnp.br;cpi1-cce1-chesf.bkb.rnp.br;cma1-cpi1-tlb.bkb.rnp.br;cpa1-cma1-mobwire.bkb.rnp.br;bpa1-cpa1.bkb.rnp.br;No-Hostname;monipe-pa-atraso.rnp.br
1749538934,2025-06-10 04:02:14,gateway;No-Hostname;cba1-mxse-chesf.bkb.rnp.br;cce1-cba1-chesf.bkb.rnp.br;cpi1-cce1-chesf.bkb.rnp.br;cma1-cpi1-tlb.bkb.rnp.br;cpa1-cma1-mobwire.bkb.rnp.br;bpa1-cpa1.bkb.rnp.br;No-Hostname;monipe-pa-atraso.rnp.br
1749539697,2025-06-10 04:14:57,gateway;No-Hostname;cba1-mxse-chesf.bkb.rnp.br;cce1-cba1-chesf.bkb.rnp.br;cpi1-cce1-chesf.bkb.rnp.br;cma1-cpi1-tlb.bkb.rnp.br;cpa1-cma1-mobwire.bkb.rnp.br;bpa1-cpa1.bkb.rnp.br;No-Hostname;monipe-pa-atraso.rnp.br
1749540320,2025-06-10 04:25:20,gateway;No-Hostname;cba1-mxse-chesf.bkb.rnp.br;cce1-cba1-chesf.bkb.rnp.br;cpi1-cce1-chesf.bkb.rnp.br;cma1-cpi1-tlb.bkb.rnp.br;cpa1-cma1-mobwire.bkb.rnp.br;bpa1-cpa1.bkb.rnp.br;No-Hostname;monipe-pa-atraso.rnp.br
1749540931,2025-06-10 04:35:31,gateway;No-Hostname;cba1-mxse-chesf.bkb.rnp.br;cce1-cba1-chesf.bkb.rnp.br;cpi1-cce1-chesf.bkb.rnp.br;cma1-cpi1-tlb.bkb.rnp.br;cpa1-cma1-mobwire.bkb.rnp.br;bpa1-cpa1.bkb.rnp.br;No-Hostname;monipe-pa-atraso.rnp.br
1749541337,2025-06-10 04:42:17,gateway;No-Hostname;cba1-mxse-chesf.bkb.rnp.br;cce1-cba1-chesf.bkb.rnp.br;cpi1-cce1-chesf.bkb.rnp.br;cma1-cpi1-tlb.bkb.rnp.br;cpa1-cma1-mobwire.bkb.rnp.br;bpa1-cpa1.bkb.rnp.br;No-Hostname;monipe-pa-atraso.rnp.br
1749542051,2025-06-10 04:54:11,gateway;No-Hostname;cba1-mxse-chesf.bkb.rnp.br;cce1-cba1-chesf.bkb.rnp.br;cpi1-cce1-chesf.bkb.rnp.br;cma1-cpi1-tlb.bkb.rnp.br;cpa1-cma1-mobwire.bkb.rnp.br;bpa1-cpa1.bkb.rnp.br;No-Hostname;monipe-pa-atraso.rnp.br
1749542426,2025-06-10 05:00:26,gateway;No-Hostname;cba1-mxse-chesf.bkb.rnp.br;cce1-cba1-chesf.bkb.rnp.br;cpi1-cce1-chesf.bkb.rnp.br;cma1-cpi1-tlb.bkb.rnp.br;cpa1-cma1-mobwire.bkb.rnp.br;bpa1-cpa1.bkb.rnp.br;No-Hostname;monipe-pa-atraso.rnp.br
1749543221,2025-06-10 05:13:41,gateway;No-Hostname;cba1-mxse-chesf.bkb.rnp.br;cce1-cba1-chesf.bkb.rnp.br;cpi1-cce1-chesf.bkb.rnp.br;cma1-cpi1-tlb.bkb.rnp.br;cpa1-cma1-mobwire.bkb.rnp.br;bpa1-cpa1.bkb.rnp.br;No-Hostname;monipe-pa-atraso.rnp.br
1749543766,2025-06-10 05:22:46,gateway;No-Hostname;cba1-mxse-chesf.bkb.rnp.br;cce1-cba1-chesf.bkb.rnp.br;cpi1-cce1-chesf.bkb.rnp.br;cma1-cpi1-tlb.bkb.rnp.br;cpa1-cma1-mobwire.bkb.rnp.br;bpa1-cpa1.bkb.rnp.br;No-Hostname;monipe-pa-atraso.rnp.br
1749544613,2025-06-10 05:36:53,gateway;No-Hostname;cba1-mxse-chesf.bkb.rnp.br;cce1-cba1-chesf.bkb.rnp.br;cpi1-cce1-chesf.bkb.rnp.br;cma1-cpi1-tlb.bkb.rnp.br;cpa1-cma1-mobwire.bkb.rnp.br;bpa1-cpa1.bkb.rnp.br;No-Hostname;monipe-pa-atraso.rnp.br
1749544989,2025-06-10 05:43:09,gateway;No-Hostname;cba1-mxse-chesf.bkb.rnp.br;cce1-cba1-chesf.bkb.rnp.br;cpi1-cce1-chesf.bkb.rnp.br;cma1-cpi1-tlb.bkb.rnp.br;cpa1-cma1-mobwire.bkb.rnp.br;bpa1-cpa1.bkb.rnp.br;No-Hostname;monipe-pa-atraso.rnp.br
1749545418,2025-06-10 05:50:18,gateway;No-Hostname;cba1-mxse-chesf.bkb.rnp.br;cce1-cba1-chesf.bkb.rnp.br;cpi1-cce1-chesf.bkb.rnp.br;cma1-cpi1-tlb.bkb.rnp.br;cpa1-cma1-mobwire.bkb.rnp.br;bpa1-cpa1.bkb.rnp.br;No-Hostname;monipe-pa-atraso.rnp.br
1749546448,2025-06-10 06:07:28,gateway;No-Hostname;cba1-mxse-chesf.bkb.rnp.br;cce1-cba1-chesf.bkb.rnp.br;cpi1-cce1-chesf.bkb.rnp.br;cma1-cpi1-tlb.bkb.rnp.br;cpa1-cma1-mobwire.bkb.rnp.br;bpa1-cpa1.bkb.rnp.br;No-Hostname;monipe-pa-atraso.rnp.br
1749546827,2025-06-10 06:13:47,gateway;No-Hostname;cba1-mxse-chesf.bkb.rnp.br;cce1-cba1-chesf.bkb.rnp.br;cpi1-cce1-chesf.bkb.rnp.br;cma1-cpi1-tlb.bkb.rnp.br;cpa1-cma1-mobwire.bkb.rnp.br;bpa1-cpa1.bkb.rnp.br;No-Hostname;monipe-pa-atraso.rnp.br
1749547497,2025-06-10 06:24:57,gateway;No-Hostname;cba1-mxse-chesf.bkb.rnp.br;cce1-cba1-chesf.bkb.rnp.br;cpi1-cce1-chesf.bkb.rnp.br;cma1-cpi1-tlb.bkb.rnp.br;cpa1-cma1-mobwire.bkb.rnp.br;bpa1-cpa1.bkb.rnp.br;No-Hostname;monipe-pa-atraso.rnp.br
1749548142,2025-06-10 06:35:42,gateway;No-Hostname;cba1-mxse-chesf.bkb.rnp.br;cce1-cba1-chesf.bkb.rnp.br;cpi1-cce1-chesf.bkb.rnp.br;cma1-cpi1-tlb.bkb.rnp.br;cpa1-cma1-mobwire.bkb.rnp.br;bpa1-cpa1.bkb.rnp.br;No-Hostname;monipe-pa-atraso.rnp.br
1749548529,2025-06-10 06:42:09,gateway;No-Hostname;cba1-mxse-chesf.bkb.rnp.br;cce1-cba1-chesf.bkb.rnp.br;cpi1-cce1-chesf.bkb.rnp.br;cma1-cpi1-tlb.bkb.rnp.br;cpa1-cma1-mobwire.bkb.rnp.br;bpa1-cpa1.bkb.rnp.br;No-Hostname;monipe-pa-atraso.rnp.br
1749549338,2025-06-10 06:55:38,gateway;No-Hostname;cba1-mxse-chesf.bkb.rnp.br;cpi1-cba1-chesf.bkb.rnp.br;cma1-cpi1-tlb.bkb.rnp.br;cpa1-cma1-mobwire.bkb.rnp.br;bpa1-cpa1.bkb.rnp.br;No-Hostname;monipe-pa-atraso.rnp.br
1749549583,2025-06-10 06:59:43,gateway;No-Hostname;cba1-mxse-chesf.bkb.rnp.br;cpi1-cba1-chesf.bkb.rnp.br;cma1-cpi1-tlb.bkb.rnp.br;cpa1-cma1-mobwire.bkb.rnp.br;bpa1-cpa1.bkb.rnp.br;No-Hostname;monipe-pa-atraso.rnp.br
1749550352,2025-06-10 07:12:32,gateway;No-Hostname;cba1-mxse-chesf.bkb.rnp.br;cpi1-cba1-chesf.bkb.rnp.br;cma1-cpi1-tlb.bkb.rnp.br;cpa1-cma1-mobwire.bkb.rnp.br;bpa1-cpa1.bkb.rnp.br;No-Hostname;monipe-pa-atraso.rnp.br
1749550907,2025-06-10 07:21:47,gateway;No-Hostname;cba1-mxse-chesf.bkb.rnp.br;cpi1-cba1-chesf.bkb.rnp.br;cma1-cpi1-tlb.bkb.rnp.br;cpa1-cma1-mobwire.bkb.rnp.br;bpa1-cpa1.bkb.rnp.br;No-Hostname;monipe-pa-atraso.rnp.br
1749551750,2025-06-10 07:35:50,gateway;No-Hostname;cba1-mxse-chesf.bkb.rnp.br;cpi1-cba1-chesf.bkb.rnp.br;cma1-cpi1-tlb.bkb.rnp.br;cpa1-cma1-mobwire.bkb.rnp.br;bpa1-cpa1.bkb.rnp.br;No-Hostname;monipe-pa-atraso.rnp.br
1749552458,2025-06-10 07:47:38,gateway;No-Hostname;cba1-mxse-chesf.bkb.rnp.br;cpi1-cba1-chesf.bkb.rnp.br;cma1-cpi1-tlb.bkb.rnp.br;cpa1-cma1-mobwire.bkb.rnp.br;bpa1-cpa1.bkb.rnp.br;No-Hostname;monipe-pa-atraso.rnp.br
1749552697,2025-06-10 07:51:37,gateway;No-Hostname;cba1-mxse-chesf.bkb.rnp.br;cce1-cba1-chesf.bkb.rnp.br;cpi1-cce1-chesf.bkb.rnp.br;cma1-cpi1-tlb.bkb.rnp.br;cpa1-cma1-mobwire.bkb.rnp.br;bpa1-cpa1.bkb.rnp.br;No-Hostname;monipe-pa-atraso.rnp.br
1749553142,2025-06-10 07:59:02,gateway;No-Hostname;cba1-mxse-chesf.bkb.rnp.br;cce1-cba1-chesf.bkb.rnp.br;cpi1-cce1-chesf.bkb.rnp.br;cma1-cpi1-tlb.bkb.rnp.br;cpa1-cma1-mobwire.bkb.rnp.br;bpa1-cpa1.bkb.rnp.br;No-Hostname;monipe-pa-atraso.rnp.br
1749554093,2025-06-10 08:14:53,gateway;No-Hostname;cba1-mxse-chesf.bkb.rnp.br;cce1-cba1-chesf.bkb.rnp.br;cpi1-cce1-chesf.bkb.rnp.br;cma1-cpi1-tlb.bkb.rnp.br;cpa1-cma1-mobwire.bkb.rnp.br;bpa1-cpa1.bkb.rnp.br;No-Hostname;monipe-pa-atraso.rnp.br
1749554808,2025-06-10 08:26:48,gateway;No-Hostname;cba1-mxse-chesf.bkb.rnp.br;cpi1-cba1-chesf.bkb.rnp.br;cma1-cpi1-tlb.bkb.rnp.br;cpa1-cma1-mobwire.bkb.rnp.br;bpa1-cpa1.bkb.rnp.br;No-Hostname;monipe-pa-atraso.rnp.br
1749555356,2025-06-10 08:35:56,gateway;No-Hostname;cba1-mxse-chesf.bkb.rnp.br;cpi1-cba1-chesf.bkb.rnp.br;cma1-cpi1-tlb.bkb.rnp.br;cpa1-cma1-mobwire.bkb.rnp.br;bpa1-cpa1.bkb.rnp.br;No-Hostname;monipe-pa-atraso.rnp.br
1749555873,2025-06-10 08:44:33,gateway;No-Hostname;cba1-mxse-chesf.bkb.rnp.br;cpi1-cba1-chesf.bkb.rnp.br;cma1-cpi1-tlb.bkb.rnp.br;cpa1-cma1-mobwire.bkb.rnp.br;bpa1-cpa1.bkb.rnp.br;No-Hostname;monipe-pa-atraso.rnp.br
1749556330,2025-06-10 08:52:10,gateway;No-Hostname;cba1-mxse-chesf.bkb.rnp.br;cdf2-cba1-taesa.bkb.rnp.br;cto1-cdf2-tlb.bkb.rnp.br;cpa1-cto1-tlb.bkb.rnp.br;bpa1-cpa1.bkb.rnp.br;No-Hostname;monipe-pa-atraso.rnp.br
1749557020,2025-06-10 09:03:40,gateway;No-Hostname;cba1-mxse-chesf.bkb.rnp.br;cdf2-cba1-taesa.bkb.rnp.br;cto1-cdf2-tlb.bkb.rnp.br;cpa1-cto1-tlb.bkb.rnp.br;bpa1-cpa1.bkb.rnp.br;No-Hostname;monipe-pa-atraso.rnp.br
1749557398,2025-06-10 09:09:58,gateway;No-Hostname;cba1-mxse-chesf.bkb.rnp.br;cdf2-cba1-taesa.bkb.rnp.br;cto1-cdf2-tlb.bkb.rnp.br;cpa1-cto1-tlb.bkb.rnp.br;bpa1-cpa1.bkb.rnp.br;No-Hostname;monipe-pa-atraso.rnp.br
1749557990,2025-06-10 09:19:50,gateway;No-Hostname;cba1-mxse-chesf.bkb.rnp.br;cdf2-cba1-taesa.bkb.rnp.br;cto1-cdf2-tlb.bkb.rnp.br;cpa1-cto1-tlb.bkb.rnp.br;bpa1-cpa1.bkb.rnp.br;No-Hostname;monipe-pa-atraso.rnp.br
1749558960,2025-06-10 09:36:00,gateway;No-Hostname;cba1-mxse-chesf.bkb.rnp.br;cpi1-cba1-chesf.bkb.rnp.br;cma1-cpi1-tlb.bkb.rnp.br;cpa1-cma1-mobwire.bkb.rnp.br;bpa1-cpa1.bkb.rnp.br;No-Hostname;monipe-pa-atraso.rnp.br
1749559222,2025-06-10 09:40:22,gateway;No-Hostname;cba1-mxse-chesf.bkb.rnp.br;cpi1-cba1-chesf.bkb.rnp.br;cma1-cpi1-tlb.bkb.rnp.br;cpa1-cma1-mobwire.bkb.rnp.br;bpa1-cpa1.bkb.rnp.br;No-Hostname;monipe-pa-atraso.rnp.br
1749559923,2025-06-10 09:52:03,gateway;No-Hostname;cba1-mxse-chesf.bkb.rnp.br;cce1-cba1-chesf.bkb.rnp.br;cpi1-cce1-chesf.bkb.rnp.br;cma1-cpi1-tlb.bkb.rnp.br;cpa1-cma1-mobwire.bkb.rnp.br;bpa1-cpa1.bkb.rnp.br;No-Hostname;monipe-pa-atraso.rnp.br
1749560476,2025-06-10 10:01:16,gateway;No-Hostname;cba1-mxse-chesf.bkb.rnp.br;cce1-cba1-chesf.bkb.rnp.br;cpi1-cce1-chesf.bkb.rnp.br;cma1-cpi1-tlb.bkb.rnp.br;cpa1-cma1-mobwire.bkb.rnp.br;bpa1-cpa1.bkb.rnp.br;No-Hostname;monipe-pa-atraso.rnp.br
1749560972,2025-06-10 10:09:32,gateway;No-Hostname;cba1-mxse-chesf.bkb.rnp.br;cce1-cba1-chesf.bkb.rnp.br;cpi1-cce1-chesf.bkb.rnp.br;cma1-cpi1-tlb.bkb.rnp.br;cpa1-cma1-mobwire.bkb.rnp.br;bpa1-cpa1.bkb.rnp.br;No-Hostname;monipe-pa-atraso.rnp.br
1749561744,2025-06-10 10:22:24,gateway;No-Hostname;cba1-mxse-chesf.bkb.rnp.br;cpi1-cba1-chesf.bkb.rnp.br;cma1-cpi1-tlb.bkb.rnp.br;cpa1-cma1-mobwire.bkb.rnp.br;bpa1-cpa1.bkb.rnp.br;No-Hostname;monipe-pa-atraso.rnp.br
1749562467,2025-06-10 10:34:27,gateway;No-Hostname;cba1-mxse-chesf.bkb.rnp.br;cpi1-cba1-chesf.bkb.rnp.br;cma1-cpi1-tlb.bkb.rnp.br;cpa1-cma1-mobwire.bkb.rnp.br;bpa1-cpa1.bkb.rnp.br;No-Hostname;monipe-pa-atraso.rnp.br
1749563059,2025-06-10 10:44:19,gateway;No-Hostname;cba1-mxse-chesf.bkb.rnp.br;cpi1-cba1-chesf.bkb.rnp.br;cma1-cpi1-tlb.bkb.rnp.br;cpa1-cma1-mobwire.bkb.rnp.br;bpa1-cpa1.bkb.rnp.br;No-Hostname;monipe-pa-atraso.rnp.br
1749563676,2025-06-10 10:54:36,gateway;No-Hostname;cba1-mxse-chesf.bkb.rnp.br;cdf2-cba1-taesa.bkb.rnp.br;cto1-cdf2-tlb.bkb.rnp.br;cpa1-cto1-tlb.bkb.rnp.br;bpa1-cpa1.bkb.rnp.br;No-Hostname;monipe-pa-atraso.rnp.br
1749564093,2025-06-10 11:01:33,gateway;No-Hostname;cba1-mxse-chesf.bkb.rnp.br;cdf2-cba1-taesa.bkb.rnp.br;cto1-cdf2-aloha.bkb.rnp.br;cpa1-cto1-tlb.bkb.rnp.br;bpa1-cpa1.bkb.rnp.br;No-Hostname;monipe-pa-atraso.rnp.br
1749564822,2025-06-10 11:13:42,gateway;No-Hostname;cba1-mxse-chesf.bkb.rnp.br;cdf2-cba1-taesa.bkb.rnp.br;cto1-cdf2-aloha.bkb.rnp.br;cpa1-cto1-tlb.bkb.rnp.br;bpa1-cpa1.bkb.rnp.br;No-Hostname;monipe-pa-atraso.rnp.br
1749565363,2025-06-10 11:22:43,gateway;No-Hostname;cba1-mxse-chesf.bkb.rnp.br;cdf2-cba1-taesa.bkb.rnp.br;cto1-cdf2-tlb.bkb.rnp.br;cpa1-cto1-tlb.bkb.rnp.br;bpa1-cpa1.bkb.rnp.br;No-Hostname;monipe-pa-atraso.rnp.br
1749565789,2025-06-10 11:29:49,gateway;No-Hostname;cba1-mxse-chesf.bkb.rnp.br;cdf2-cba1-taesa.bkb.rnp.br;cto1-cdf2-tlb.bkb.rnp.br;cpa1-cto1-tlb.bkb.rnp.br;bpa1-cpa1.bkb.rnp.br;No-Hostname;monipe-pa-atraso.rnp.br
1749566541,2025-06-10 11:42:21,gateway;No-Hostname;cba1-mxse-chesf.bkb.rnp.br;cdf2-cba1-taesa.bkb.rnp.br;cto1-cdf2-tlb.bkb.rnp.br;cpa1-cto1-tlb.bkb.rnp.br;bpa1-cpa1.bkb.rnp.br;No-Hostname;monipe-pa-atraso.rnp.br
1749567084,2025-06-10 11:51:24,gateway;No-Hostname;cba1-mxse-chesf.bkb.rnp.br;cce1-cba1-chesf.bkb.rnp.br;cpi1-cce1-chesf.bkb.rnp.br;cma1-cpi1-tlb.bkb.rnp.br;cpa1-cma1-mobwire.bkb.rnp.br;bpa1-cpa1.bkb.rnp.br;No-Hostname;monipe-pa-atraso.rnp.br
1749567961,2025-06-10 12:06:01,gateway;No-Hostname;cba1-mxse-chesf.bkb.rnp.br;cce1-cba1-chesf.bkb.rnp.br;cpi1-cce1-chesf.bkb.rnp.br;cma1-cpi1-tlb.bkb.rnp.br;cpa1-cma1-mobwire.bkb.rnp.br;bpa1-cpa1.bkb.rnp.br;No-Hostname;monipe-pa-atraso.rnp.br
1749568605,2025-06-10 12:16:45,gateway;No-Hostname;cba1-mxse-chesf.bkb.rnp.br;cce1-cba1-chesf.bkb.rnp.br;cpi1-cce1-chesf.bkb.rnp.br;cma1-cpi1-tlb.bkb.rnp.br;cpa1-cma1-mobwire.bkb.rnp.br;bpa1-cpa1.bkb.rnp.br;No-Hostname;monipe-pa-atraso.rnp.br
1749569163,2025-06-10 12:26:03,gateway;No-Hostname;cba1-mxse-chesf.bkb.rnp.br;cdf2-cba1-taesa.bkb.rnp.br;cto1-cdf2-tlb.bkb.rnp.br;cpa1-cto1-tlb.bkb.rnp.br;bpa1-cpa1.bkb.rnp.br;No-Hostname;monipe-pa-atraso.rnp.br
1749569835,2025-06-10 12:37:15,gateway;No-Hostname;cba1-mxse-chesf.bkb.rnp.br;cdf2-cba1-taesa.bkb.rnp.br;cto1-cdf2-tlb.bkb.rnp.br;cpa1-cto1-tlb.bkb.rnp.br;bpa1-cpa1.bkb.rnp.br;No-Hostname;monipe-pa-atraso.rnp.br
1749570194,2025-06-10 12:43:14,gateway;No-Hostname;cba1-mxse-chesf.bkb.rnp.br;cdf2-cba1-taesa.bkb.rnp.br;cto1-cdf2-tlb.bkb.rnp.br;cpa1-cto1-tlb.bkb.rnp.br;bpa1-cpa1.bkb.rnp.br;No-Hostname;monipe-pa-atraso.rnp.br
1749570558,2025-06-10 12:49:18,gateway;No-Hostname;cba1-mxse-chesf.bkb.rnp.br;cdf2-cba1-taesa.bkb.rnp.br;cto1-cdf2-tlb.bkb.rnp.br;cpa1-cto1-tlb.bkb.rnp.br;bpa1-cpa1.bkb.rnp.br;No-Hostname;monipe-pa-atraso.rnp.br
1749571129,2025-06-10 12:58:49,gateway;No-Hostname;cba1-mxse-chesf.bkb.rnp.br;cpi1-cba1-chesf.bkb.rnp.br;cma1-cpi1-tlb.bkb.rnp.br;cpa1-cma1-mobwire.bkb.rnp.br;bpa1-cpa1.bkb.rnp.br;No-Hostname;monipe-pa-atraso.rnp.br
1749572202,2025-06-10 13:16:42,gateway;No-Hostname;cba1-mxse-chesf.bkb.rnp.br;cpi1-cba1-chesf.bkb.rnp.br;cma1-cpi1-tlb.bkb.rnp.br;cpa1-cma1-mobwire.bkb.rnp.br;bpa1-cpa1.bkb.rnp.br;No-Hostname;monipe-pa-atraso.rnp.br
1749572658,2025-06-10 13:24:18,gateway;No-Hostname;cba1-mxse-chesf.bkb.rnp.br;cpi1-cba1-chesf.bkb.rnp.br;cma1-cpi1-tlb.bkb.rnp.br;cpa1-cma1-mobwire.bkb.rnp.br;bpa1-cpa1.bkb.rnp.br;No-Hostname;monipe-pa-atraso.rnp.br
1749572931,2025-06-10 13:28:51,gateway;No-Hostname;cba1-mxse-chesf.bkb.rnp.br;cpi1-cba1-chesf.bkb.rnp.br;cma1-cpi1-tlb.bkb.rnp.br;cpa1-cma1-mobwire.bkb.rnp.br;bpa1-cpa1.bkb.rnp.br;No-Hostname;monipe-pa-atraso.rnp.br
1749573865,2025-06-10 13:44:25,gateway;No-Hostname;cba1-mxse-chesf.bkb.rnp.br;cpi1-cba1-chesf.bkb.rnp.br;cma1-cpi1-tlb.bkb.rnp.br;cpa1-cma1-mobwire.bkb.rnp.br;bpa1-cpa1.bkb.rnp.br;No-Hostname;monipe-pa-atraso.rnp.br
1749574142,2025-06-10 13:49:02,gateway;No-Hostname;cba1-mxse-chesf.bkb.rnp.br;cpi1-cba1-chesf.bkb.rnp.br;cma1-cpi1-tlb.bkb.rnp.br;cpa1-cma1-mobwire.bkb.rnp.br;bpa1-cpa1.bkb.rnp.br;No-Hostname;monipe-pa-atraso.rnp.br
1749575851,2025-06-10 14:17:31,gateway;No-Hostname;cba1-mxse-chesf.bkb.rnp.br;cpi1-cba1-chesf.bkb.rnp.br;cma1-cpi1-tlb.bkb.rnp.br;cpa1-cma1-mobwire.bkb.rnp.br;bpa1-cpa1.bkb.rnp.br;No-Hostname;monipe-pa-atraso.rnp.br
1749576583,2025-06-10 14:29:43,gateway;No-Hostname;cba1-mxse-chesf.bkb.rnp.br;cce1-cba1-chesf.bkb.rnp.br;cpi1-cce1-chesf.bkb.rnp.br;cma1-cpi1-tlb.bkb.rnp.br;cpa1-cma1-mobwire.bkb.rnp.br;bpa1-cpa1.bkb.rnp.br;No-Hostname;monipe-pa-atraso.rnp.br
1749578221,2025-06-10 14:57:01,gateway;No-Hostname;cba1-mxse-chesf.bkb.rnp.br;cce1-cba1-chesf.bkb.rnp.br;cpi1-cce1-chesf.bkb.rnp.br;cma1-cpi1-tlb.bkb.rnp.br;cpa1-cma1-mobwire.bkb.rnp.br;bpa1-cpa1.bkb.rnp.br;No-Hostname;monipe-pa-atraso.rnp.br
1749580859,2025-06-10 15:40:59,gateway;No-Hostname;cba1-mxse-chesf.bkb.rnp.br;cce1-cba1-chesf.bkb.rnp.br;cpi1-cce1-chesf.bkb.rnp.br;cma1-cpi1-tlb.bkb.rnp.br;cpa1-cma1-mobwire.bkb.rnp.br;bpa1-cpa1.bkb.rnp.br;No-Hostname;monipe-pa-atraso.rnp.br
1749581729,2025-06-10 15:55:29,gateway;No-Hostname;cba1-mxse-chesf.bkb.rnp.br;cpi1-cba1-chesf.bkb.rnp.br;cma1-cpi1-tlb.bkb.rnp.br;cpa1-cma1-mobwire.bkb.rnp.br;bpa1-cpa1.bkb.rnp.br;No-Hostname;monipe-pa-atraso.rnp.br
1749582613,2025-06-10 16:10:13,gateway;No-Hostname;cba1-mxse-chesf.bkb.rnp.br;cpi1-cba1-chesf.bkb.rnp.br;cma1-cpi1-tlb.bkb.rnp.br;cpa1-cma1-mobwire.bkb.rnp.br;bpa1-cpa1.bkb.rnp.br;No-Hostname;monipe-pa-atraso.rnp.br
1749583133,2025-06-10 16:18:53,gateway;No-Hostname;cba1-mxse-chesf.bkb.rnp.br;cpi1-cba1-chesf.bkb.rnp.br;cma1-cpi1-tlb.bkb.rnp.br;cpa1-cma1-mobwire.bkb.rnp.br;bpa1-cpa1.bkb.rnp.br;No-Hostname;monipe-pa-atraso.rnp.br
1749583938,2025-06-10 16:32:18,gateway;No-Hostname;cba1-mxse-chesf.bkb.rnp.br;cdf2-cba1-taesa.bkb.rnp.br;cto1-cdf2-aloha.bkb.rnp.br;cpa1-cto1-tlb.bkb.rnp.br;bpa1-cpa1.bkb.rnp.br;No-Hostname;monipe-pa-atraso.rnp.br
1749584731,2025-06-10 16:45:31,gateway;No-Hostname;cba1-mxse-chesf.bkb.rnp.br;cdf2-cba1-taesa.bkb.rnp.br;cto1-cdf2-aloha.bkb.rnp.br;cpa1-cto1-tlb.bkb.rnp.br;bpa1-cpa1.bkb.rnp.br;No-Hostname;monipe-pa-atraso.rnp.br
1749585012,2025-06-10 16:50:12,gateway;No-Hostname;cba1-mxse-chesf.bkb.rnp.br;cdf2-cba1-taesa.bkb.rnp.br;cto1-cdf2-aloha.bkb.rnp.br;cpa1-cto1-tlb.bkb.rnp.br;bpa1-cpa1.bkb.rnp.br;No-Hostname;monipe-pa-atraso.rnp.br
1749586038,2025-06-10 17:07:18,gateway;No-Hostname;cba1-mxse-chesf.bkb.rnp.br;cpi1-cba1-chesf.bkb.rnp.br;cma1-cpi1-tlb.bkb.rnp.br;cpa1-cma1-mobwire.bkb.rnp.br;bpa1-cpa1.bkb.rnp.br;No-Hostname;monipe-pa-atraso.rnp.br
1749586338,2025-06-10 17:12:18,gateway;No-Hostname;cba1-mxse-chesf.bkb.rnp.br;cpi1-cba1-chesf.bkb.rnp.br;cma1-cpi1-tlb.bkb.rnp.br;cpa1-cma1-mobwire.bkb.rnp.br;bpa1-cpa1.bkb.rnp.br;No-Hostname;monipe-pa-atraso.rnp.br
1749586904,2025-06-10 17:21:44,gateway;No-Hostname;cba1-mxse-chesf.bkb.rnp.br;cpi1-cba1-chesf.bkb.rnp.br;cma1-cpi1-tlb.bkb.rnp.br;cpa1-cma1-mobwire.bkb.rnp.br;bpa1-cpa1.bkb.rnp.br;No-Hostname;monipe-pa-atraso.rnp.br
1749587488,2025-06-10 17:31:28,gateway;No-Hostname;cba1-mxse-chesf.bkb.rnp.br;cdf2-cba1-taesa.bkb.rnp.br;cto1-cdf2-tlb.bkb.rnp.br;cpa1-cto1-tlb.bkb.rnp.br;bpa1-cpa1.bkb.rnp.br;No-Hostname;monipe-pa-atraso.rnp.br
1749588000,2025-06-10 17:40:00,gateway;No-Hostname;cba1-mxse-chesf.bkb.rnp.br;cdf2-cba1-taesa.bkb.rnp.br;cto1-cdf2-tlb.bkb.rnp.br;cpa1-cto1-tlb.bkb.rnp.br;bpa1-cpa1.bkb.rnp.br;No-Hostname;monipe-pa-atraso.rnp.br
1749588884,2025-06-10 17:54:44,gateway;No-Hostname;cba1-mxse-chesf.bkb.rnp.br;cpi1-cba1-chesf.bkb.rnp.br;cma1-cpi1-tlb.bkb.rnp.br;cpa1-cma1-mobwire.bkb.rnp.br;bpa1-cpa1.bkb.rnp.br;No-Hostname;monipe-pa-atraso.rnp.br
1749589620,2025-06-10 18:07:00,gateway;No-Hostname;cba1-mxse-chesf.bkb.rnp.br;cpi1-cba1-chesf.bkb.rnp.br;cma1-cpi1-tlb.bkb.rnp.br;cpa1-cma1-mobwire.bkb.rnp.br;bpa1-cpa1.bkb.rnp.br;No-Hostname;monipe-pa-atraso.rnp.br
1749590800,2025-06-10 18:26:40,gateway;No-Hostname;cba1-mxse-chesf.bkb.rnp.br;cce1-cba1-chesf.bkb.rnp.br;cpi1-cce1-chesf.bkb.rnp.br;cma1-cpi1-tlb.bkb.rnp.br;cpa1-cma1-mobwire.bkb.rnp.br;bpa1-cpa1.bkb.rnp.br;No-Hostname;monipe-pa-atraso.rnp.br
1749591044,2025-06-10 18:30:44,gateway;No-Hostname;cba1-mxse-chesf.bkb.rnp.br;cce1-cba1-chesf.bkb.rnp.br;cpi1-cce1-chesf.bkb.rnp.br;cma1-cpi1-tlb.bkb.rnp.br;cpa1-cma1-mobwire.bkb.rnp.br;bpa1-cpa1.bkb.rnp.br;No-Hostname;monipe-pa-atraso.rnp.br
1749591731,2025-06-10 18:42:11,gateway;No-Hostname;cba1-mxse-chesf.bkb.rnp.br;cce1-cba1-chesf.bkb.rnp.br;cpi1-cce1-chesf.bkb.rnp.br;cma1-cpi1-tlb.bkb.rnp.br;cpa1-cma1-mobwire.bkb.rnp.br;bpa1-cpa1.bkb.rnp.br;No-Hostname;monipe-pa-atraso.rnp.br
1749592408,2025-06-10 18:53:28,gateway;No-Hostname;cba1-mxse-chesf.bkb.rnp.br;cpi1-cba1-chesf.bkb.rnp.br;cma1-cpi1-tlb.bkb.rnp.br;cpa1-cma1-mobwire.bkb.rnp.br;bpa1-cpa1.bkb.rnp.br;No-Hostname;monipe-pa-atraso.rnp.br
1749593008,2025-06-10 19:03:28,gateway;No-Hostname;cba1-mxse-chesf.bkb.rnp.br;cpi1-cba1-chesf.bkb.rnp.br;cma1-cpi1-tlb.bkb.rnp.br;cpa1-cma1-mobwire.bkb.rnp.br;bpa1-cpa1.bkb.rnp.br;No-Hostname;monipe-pa-atraso.rnp.br
1749593432,2025-06-10 19:10:32,gateway;No-Hostname;cba1-mxse-chesf.bkb.rnp.br;cpi1-cba1-chesf.bkb.rnp.br;cma1-cpi1-tlb.bkb.rnp.br;cpa1-cma1-mobwire.bkb.rnp.br;bpa1-cpa1.bkb.rnp.br;No-Hostname;monipe-pa-atraso.rnp.br
1749593939,2025-06-10 19:18:59,gateway;No-Hostname;cba1-mxse-chesf.bkb.rnp.br;cpi1-cba1-chesf.bkb.rnp.br;cma1-cpi1-tlb.bkb.rnp.br;cpa1-cma1-mobwire.bkb.rnp.br;bpa1-cpa1.bkb.rnp.br;No-Hostname;monipe-pa-atraso.rnp.br
1749594752,2025-06-10 19:32:32,gateway;No-Hostname;cba1-mxse-chesf.bkb.rnp.br;cce1-cba1-chesf.bkb.rnp.br;cpi1-cce1-chesf.bkb.rnp.br;cma1-cpi1-tlb.bkb.rnp.br;cpa1-cma1-mobwire.bkb.rnp.br;bpa1-cpa1.bkb.rnp.br;No-Hostname;monipe-pa-atraso.rnp.br
1749595236,2025-06-10 19:40:36,gateway;No-Hostname;cba1-mxse-chesf.bkb.rnp.br;cce1-cba1-chesf.bkb.rnp.br;cpi1-cce1-chesf.bkb.rnp.br;cma1-cpi1-tlb.bkb.rnp.br;cpa1-cma1-mobwire.bkb.rnp.br;bpa1-cpa1.bkb.rnp.br;No-Hostname;monipe-pa-atraso.rnp.br
1749596154,2025-06-10 19:55:54,gateway;No-Hostname;cba1-mxse-chesf.bkb.rnp.br;cce1-cba1-chesf.bkb.rnp.br;cpi1-cce1-chesf.bkb.rnp.br;cma1-cpi1-tlb.bkb.rnp.br;cpa1-cma1-mobwire.bkb.rnp.br;bpa1-cpa1.bkb.rnp.br;No-Hostname;monipe-pa-atraso.rnp.br
1749596775,2025-06-10 20:06:15,gateway;No-Hostname;cba1-mxse-chesf.bkb.rnp.br;cce1-cba1-chesf.bkb.rnp.br;cpi1-cce1-chesf.bkb.rnp.br;cma1-cpi1-tlb.bkb.rnp.br;cpa1-cma1-mobwire.bkb.rnp.br;bpa1-cpa1.bkb.rnp.br;No-Hostname;monipe-pa-atraso.rnp.br
1749597357,2025-06-10 20:15:57,gateway;No-Hostname;cba1-mxse-chesf.bkb.rnp.br;cce1-cba1-chesf.bkb.rnp.br;cpi1-cce1-chesf.bkb.rnp.br;cma1-cpi1-tlb.bkb.rnp.br;cpa1-cma1-mobwire.bkb.rnp.br;bpa1-cpa1.bkb.rnp.br;No-Hostname;monipe-pa-atraso.rnp.br
1749597646,2025-06-10 20:20:46,gateway;No-Hostname;cba1-mxse-chesf.bkb.rnp.br;cdf2-cba1-taesa.bkb.rnp.br;cto1-cdf2-aloha.bkb.rnp.br;cpa1-cto1-tlb.bkb.rnp.br;bpa1-cpa1.bkb.rnp.br;No-Hostname;monipe-pa-atraso.rnp.br
1749598305,2025-06-10 20:31:45,gateway;No-Hostname;cba1-mxse-chesf.bkb.rnp.br;cdf2-cba1-taesa.bkb.rnp.br;cto1-cdf2-aloha.bkb.rnp.br;cpa1-cto1-tlb.bkb.rnp.br;bpa1-cpa1.bkb.rnp.br;No-Hostname;monipe-pa-atraso.rnp.br
1749598968,2025-06-10 20:42:48,gateway;No-Hostname;cba1-mxse-chesf.bkb.rnp.br;cdf2-cba1-taesa.bkb.rnp.br;cto1-cdf2-aloha.bkb.rnp.br;cpa1-cto1-tlb.bkb.rnp.br;bpa1-cpa1.bkb.rnp.br;No-Hostname;monipe-pa-atraso.rnp.br
1749599693,2025-06-10 20:54:53,gateway;No-Hostname;cba1-mxse-chesf.bkb.rnp.br;cce1-cba1-chesf.bkb.rnp.br;cpi1-cce1-chesf.bkb.rnp.br;cma1-cpi1-tlb.bkb.rnp.br;cpa1-cma1-mobwire.bkb.rnp.br;bpa1-cpa1.bkb.rnp.br;No-Hostname;monipe-pa-atraso.rnp.br
1749599954,2025-06-10 20:59:14,gateway;No-Hostname;cba1-mxse-chesf.bkb.rnp.br;cce1-cba1-chesf.bkb.rnp.br;cpi1-cce1-chesf.bkb.rnp.br;cma1-cpi1-tlb.bkb.rnp.br;cpa1-cma1-mobwire.bkb.rnp.br;bpa1-cpa1.bkb.rnp.br;No-Hostname;monipe-pa-atraso.rnp.br
1749600883,2025-06-10 21:14:43,gateway;No-Hostname;cba1-mxse-chesf.bkb.rnp.br;cce1-cba1-chesf.bkb.rnp.br;cpi1-cce1-chesf.bkb.rnp.br;cma1-cpi1-tlb.bkb.rnp.br;cpa1-cma1-mobwire.bkb.rnp.br;bpa1-cpa1.bkb.rnp.br;No-Hostname;monipe-pa-atraso.rnp.br
1749601376,2025-06-10 21:22:56,gateway;No-Hostname;cba1-mxse-chesf.bkb.rnp.br;cpi1-cba1-chesf.bkb.rnp.br;cma1-cpi1-tlb.bkb.rnp.br;cpa1-cma1-mobwire.bkb.rnp.br;bpa1-cpa1.bkb.rnp.br;No-Hostname;monipe-pa-atraso.rnp.br
1749602160,2025-06-10 21:36:00,gateway;No-Hostname;cba1-mxse-chesf.bkb.rnp.br;cpi1-cba1-chesf.bkb.rnp.br;cma1-cpi1-tlb.bkb.rnp.br;cpa1-cma1-mobwire.bkb.rnp.br;bpa1-cpa1.bkb.rnp.br;No-Hostname;monipe-pa-atraso.rnp.br
1749602413,2025-06-10 21:40:13,gateway;No-Hostname;cba1-mxse-chesf.bkb.rnp.br;cpi1-cba1-chesf.bkb.rnp.br;cma1-cpi1-tlb.bkb.rnp.br;cpa1-cma1-mobwire.bkb.rnp.br;bpa1-cpa1.bkb.rnp.br;No-Hostname;monipe-pa-atraso.rnp.br
1749603136,2025-06-10 21:52:16,gateway;No-Hostname;cba1-mxse-chesf.bkb.rnp.br;cdf2-cba1-taesa.bkb.rnp.br;cto1-cdf2-tlb.bkb.rnp.br;cpa1-cto1-tlb.bkb.rnp.br;bpa1-cpa1.bkb.rnp.br;No-Hostname;monipe-pa-atraso.rnp.br
1749603977,2025-06-10 22:06:17,gateway;No-Hostname;cba1-mxse-chesf.bkb.rnp.br;cdf2-cba1-taesa.bkb.rnp.br;cto1-cdf2-tlb.bkb.rnp.br;cpa1-cto1-tlb.bkb.rnp.br;bpa1-cpa1.bkb.rnp.br;No-Hostname;monipe-pa-atraso.rnp.br
1749604180,2025-06-10 22:09:40,gateway;No-Hostname;cba1-mxse-chesf.bkb.rnp.br;cdf2-cba1-taesa.bkb.rnp.br;cto1-cdf2-tlb.bkb.rnp.br;cpa1-cto1-tlb.bkb.rnp.br;bpa1-cpa1.bkb.rnp.br;No-Hostname;monipe-pa-atraso.rnp.br
1749604748,2025-06-10 22:19:08,gateway;No-Hostname;cba1-mxse-chesf.bkb.rnp.br;cdf2-cba1-taesa.bkb.rnp.br;cto1-cdf2-tlb.bkb.rnp.br;cpa1-cto1-tlb.bkb.rnp.br;bpa1-cpa1.bkb.rnp.br;No-Hostname;monipe-pa-atraso.rnp.br
1749605600,2025-06-10 22:33:20,gateway;No-Hostname;cba1-mxse-chesf.bkb.rnp.br;cpi1-cba1-chesf.bkb.rnp.br;cma1-cpi1-tlb.bkb.rnp.br;cpa1-cma1-mobwire.bkb.rnp.br;bpa1-cpa1.bkb.rnp.br;No-Hostname;monipe-pa-atraso.rnp.br
1749606372,2025-06-10 22:46:12,gateway;No-Hostname;cba1-mxse-chesf.bkb.rnp.br;cpi1-cba1-chesf.bkb.rnp.br;cma1-cpi1-tlb.bkb.rnp.br;cpa1-cma1-mobwire.bkb.rnp.br;bpa1-cpa1.bkb.rnp.br;No-Hostname;monipe-pa-atraso.rnp.br
1749606544,2025-06-10 22:49:04,gateway;No-Hostname;cba1-mxse-chesf.bkb.rnp.br;cpi1-cba1-chesf.bkb.rnp.br;cma1-cpi1-tlb.bkb.rnp.br;cpa1-cma1-mobwire.bkb.rnp.br;bpa1-cpa1.bkb.rnp.br;No-Hostname;monipe-pa-atraso.rnp.br
1749607494,2025-06-10 23:04:54,gateway;No-Hostname;cba1-mxse-chesf.bkb.rnp.br;cpi1-cba1-chesf.bkb.rnp.br;cma1-cpi1-tlb.bkb.rnp.br;cpa1-cma1-mobwire.bkb.rnp.br;bpa1-cpa1.bkb.rnp.br;No-Hostname;monipe-pa-atraso.rnp.br
1749607950,2025-06-10 23:12:30,gateway;No-Hostname;cba1-mxse-chesf.bkb.rnp.br;cpi1-cba1-chesf.bkb.rnp.br;cma1-cpi1-tlb.bkb.rnp.br;cpa1-cma1-mobwire.bkb.rnp.br;bpa1-cpa1.bkb.rnp.br;No-Hostname;monipe-pa-atraso.rnp.br
1749609874,2025-06-10 23:44:34,gateway;No-Hostname;cba1-mxse-chesf.bkb.rnp.br;cdf2-cba1-taesa.bkb.rnp.br;cto1-cdf2-tlb.bkb.rnp.br;cpa1-cto1-tlb.bkb.rnp.br;bpa1-cpa1.bkb.rnp.br;No-Hostname;monipe-pa-atraso.rnp.br
1749610519,2025-06-10 23:55:19,gateway;No-Hostname;cba1-mxse-chesf.bkb.rnp.br;cpi1-cba1-chesf.bkb.rnp.br;cma1-cpi1-tlb.bkb.rnp.br;cpa1-cma1-mobwire.bkb.rnp.br;bpa1-cpa1.bkb.rnp.br;No-Hostname;monipe-pa-atraso.rnp.br
1749611180,2025-06-11 00:06:20,gateway;No-Hostname;cba1-mxse-chesf.bkb.rnp.br;cpi1-cba1-chesf.bkb.rnp.br;cma1-cpi1-tlb.bkb.rnp.br;cpa1-cma1-mobwire.bkb.rnp.br;bpa1-cpa1.bkb.rnp.br;No-Hostname;monipe-pa-atraso.rnp.br
1749611457,2025-06-11 00:10:57,gateway;No-Hostname;cba1-mxse-chesf.bkb.rnp.br;cpi1-cba1-chesf.bkb.rnp.br;cma1-cpi1-tlb.bkb.rnp.br;cpa1-cma1-mobwire.bkb.rnp.br;bpa1-cpa1.bkb.rnp.br;No-Hostname;monipe-pa-atraso.rnp.br
1749612167,2025-06-11 00:22:47,gateway;No-Hostname;cba1-mxse-chesf.bkb.rnp.br;cpi1-cba1-chesf.bkb.rnp.br;cma1-cpi1-tlb.bkb.rnp.br;cpa1-cma1-mobwire.bkb.rnp.br;bpa1-cpa1.bkb.rnp.br;No-Hostname;monipe-pa-atraso.rnp.br
1749612640,2025-06-11 00:30:40,gateway;No-Hostname;cba1-mxse-chesf.bkb.rnp.br;cpi1-cba1-chesf.bkb.rnp.br;cma1-cpi1-tlb.bkb.rnp.br;cpa1-cma1-mobwire.bkb.rnp.br;bpa1-cpa1.bkb.rnp.br;No-Hostname;monipe-pa-atraso.rnp.br
1749613525,2025-06-11 00:45:25,gateway;No-Hostname;cba1-mxse-chesf.bkb.rnp.br;cpi1-cba1-chesf.bkb.rnp.br;cma1-cpi1-tlb.bkb.rnp.br;cpa1-cma1-mobwire.bkb.rnp.br;bpa1-cpa1.bkb.rnp.br;No-Hostname;monipe-pa-atraso.rnp.br
1749614210,2025-06-11 00:56:50,gateway;No-Hostname;cba1-mxse-chesf.bkb.rnp.br;cpi1-cba1-chesf.bkb.rnp.br;cma1-cpi1-tlb.bkb.rnp.br;cpa1-cma1-mobwire.bkb.rnp.br;bpa1-cpa1.bkb.rnp.br;No-Hostname;monipe-pa-atraso.rnp.br
1749614825,2025-06-11 01:07:05,gateway;No-Hostname;cba1-mxse-chesf.bkb.rnp.br;cpi1-cba1-chesf.bkb.rnp.br;cma1-cpi1-tlb.bkb.rnp.br;cpa1-cma1-mobwire.bkb.rnp.br;bpa1-cpa1.bkb.rnp.br;No-Hostname;monipe-pa-atraso.rnp.br
1749615155,2025-06-11 01:12:35,gateway;No-Hostname;cba1-mxse-chesf.bkb.rnp.br;cpi1-cba1-chesf.bkb.rnp.br;cma1-cpi1-tlb.bkb.rnp.br;cpa1-cma1-mobwire.bkb.rnp.br;bpa1-cpa1.bkb.rnp.br;No-Hostname;monipe-pa-atraso.rnp.br
1749615663,2025-06-11 01:21:03,gateway;No-Hostname;cba1-mxse-chesf.bkb.rnp.br;cpi1-cba1-chesf.bkb.rnp.br;cma1-cpi1-tlb.bkb.rnp.br;cpa1-cma1-mobwire.bkb.rnp.br;bpa1-cpa1.bkb.rnp.br;No-Hostname;monipe-pa-atraso.rnp.br
1749616132,2025-06-11 01:28:52,gateway;No-Hostname;cba1-mxse-chesf.bkb.rnp.br;cpi1-cba1-chesf.bkb.rnp.br;cma1-cpi1-tlb.bkb.rnp.br;cpa1-cma1-mobwire.bkb.rnp.br;bpa1-cpa1.bkb.rnp.br;No-Hostname;monipe-pa-atraso.rnp.br
1749617126,2025-06-11 01:45:26,gateway;No-Hostname;cba1-mxse-chesf.bkb.rnp.br;cpi1-cba1-chesf.bkb.rnp.br;cma1-cpi1-tlb.bkb.rnp.br;cpa1-cma1-mobwire.bkb.rnp.br;bpa1-cpa1.bkb.rnp.br;No-Hostname;monipe-pa-atraso.rnp.br
1749617562,2025-06-11 01:52:42,gateway;No-Hostname;cba1-mxse-chesf.bkb.rnp.br;cce1-cba1-chesf.bkb.rnp.br;cpi1-cce1-chesf.bkb.rnp.br;cma1-cpi1-tlb.bkb.rnp.br;cpa1-cma1-mobwire.bkb.rnp.br;bpa1-cpa1.bkb.rnp.br;No-Hostname;monipe-pa-atraso.rnp.br
1749618185,2025-06-11 02:03:05,gateway;No-Hostname;cba1-mxse-chesf.bkb.rnp.br;cce1-cba1-chesf.bkb.rnp.br;cpi1-cce1-chesf.bkb.rnp.br;cma1-cpi1-tlb.bkb.rnp.br;cpa1-cma1-mobwire.bkb.rnp.br;bpa1-cpa1.bkb.rnp.br;No-Hostname;monipe-pa-atraso.rnp.br
1749618646,2025-06-11 02:10:46,gateway;No-Hostname;cba1-mxse-chesf.bkb.rnp.br;cce1-cba1-chesf.bkb.rnp.br;cpi1-cce1-chesf.bkb.rnp.br;cma1-cpi1-tlb.bkb.rnp.br;cpa1-cma1-mobwire.bkb.rnp.br;bpa1-cpa1.bkb.rnp.br;No-Hostname;monipe-pa-atraso.rnp.br
1749619363,2025-06-11 02:22:43,gateway;No-Hostname;cba1-mxse-chesf.bkb.rnp.br;cce1-cba1-chesf.bkb.rnp.br;cpi1-cce1-chesf.bkb.rnp.br;cma1-cpi1-tlb.bkb.rnp.br;cpa1-cma1-mobwire.bkb.rnp.br;bpa1-cpa1.bkb.rnp.br;No-Hostname;monipe-pa-atraso.rnp.br
1749619909,2025-06-11 02:31:49,gateway;No-Hostname;cba1-mxse-chesf.bkb.rnp.br;cce1-cba1-chesf.bkb.rnp.br;cpi1-cce1-chesf.bkb.rnp.br;cma1-cpi1-tlb.bkb.rnp.br;cpa1-cma1-mobwire.bkb.rnp.br;bpa1-cpa1.bkb.rnp.br;No-Hostname;monipe-pa-atraso.rnp.br
1749620782,2025-06-11 02:46:22,gateway;No-Hostname;cba1-mxse-chesf.bkb.rnp.br;cce1-cba1-chesf.bkb.rnp.br;cpi1-cce1-chesf.bkb.rnp.br;cma1-cpi1-tlb.bkb.rnp.br;cpa1-cma1-mobwire.bkb.rnp.br;bpa1-cpa1.bkb.rnp.br;No-Hostname;monipe-pa-atraso.rnp.br
1749621204,2025-06-11 02:53:24,gateway;No-Hostname;cba1-mxse-chesf.bkb.rnp.br;cpi1-cba1-chesf.bkb.rnp.br;cma1-cpi1-tlb.bkb.rnp.br;cpa1-cma1-mobwire.bkb.rnp.br;bpa1-cpa1.bkb.rnp.br;No-Hostname;monipe-pa-atraso.rnp.br
1749621606,2025-06-11 03:00:06,gateway;No-Hostname;cba1-mxse-chesf.bkb.rnp.br;cpi1-cba1-chesf.bkb.rnp.br;cma1-cpi1-tlb.bkb.rnp.br;cpa1-cma1-mobwire.bkb.rnp.br;bpa1-cpa1.bkb.rnp.br;No-Hostname;monipe-pa-atraso.rnp.br
1749622218,2025-06-11 03:10:18,gateway;No-Hostname;cba1-mxse-chesf.bkb.rnp.br;cpi1-cba1-chesf.bkb.rnp.br;cma1-cpi1-tlb.bkb.rnp.br;cpa1-cma1-mobwire.bkb.rnp.br;bpa1-cpa1.bkb.rnp.br;No-Hostname;monipe-pa-atraso.rnp.br
1749622781,2025-06-11 03:19:41,gateway;No-Hostname;cba1-mxse-chesf.bkb.rnp.br;cpi1-cba1-chesf.bkb.rnp.br;cma1-cpi1-tlb.bkb.rnp.br;cpa1-cma1-mobwire.bkb.rnp.br;bpa1-cpa1.bkb.rnp.br;No-Hostname;monipe-pa-atraso.rnp.br
1749623807,2025-06-11 03:36:47,gateway;No-Hostname;cba1-mxse-chesf.bkb.rnp.br;cce1-cba1-chesf.bkb.rnp.br;cpi1-cce1-chesf.bkb.rnp.br;cma1-cpi1-tlb.bkb.rnp.br;cpa1-cma1-mobwire.bkb.rnp.br;bpa1-cpa1.bkb.rnp.br;No-Hostname;monipe-pa-atraso.rnp.br
1749624040,2025-06-11 03:40:40,gateway;No-Hostname;cba1-mxse-chesf.bkb.rnp.br;cce1-cba1-chesf.bkb.rnp.br;cpi1-cce1-chesf.bkb.rnp.br;cma1-cpi1-tlb.bkb.rnp.br;cpa1-cma1-mobwire.bkb.rnp.br;bpa1-cpa1.bkb.rnp.br;No-Hostname;monipe-pa-atraso.rnp.br
1749624966,2025-06-11 03:56:06,gateway;No-Hostname;cba1-mxse-chesf.bkb.rnp.br;cce1-cba1-chesf.bkb.rnp.br;cpi1-cce1-chesf.bkb.rnp.br;cma1-cpi1-tlb.bkb.rnp.br;cpa1-cma1-mobwire.bkb.rnp.br;bpa1-cpa1.bkb.rnp.br;No-Hostname;monipe-pa-atraso.rnp.br
1749625408,2025-06-11 04:03:28,gateway;No-Hostname;cba1-mxse-chesf.bkb.rnp.br;cce1-cba1-chesf.bkb.rnp.br;cpi1-cce1-chesf.bkb.rnp.br;cma1-cpi1-tlb.bkb.rnp.br;cpa1-cma1-mobwire.bkb.rnp.br;bpa1-cpa1.bkb.rnp.br;No-Hostname;monipe-pa-atraso.rnp.br
1749625734,2025-06-11 04:08:54,gateway;No-Hostname;cba1-mxse-chesf.bkb.rnp.br;cce1-cba1-chesf.bkb.rnp.br;cpi1-cce1-chesf.bkb.rnp.br;cma1-cpi1-tlb.bkb.rnp.br;cpa1-cma1-mobwire.bkb.rnp.br;bpa1-cpa1.bkb.rnp.br;No-Hostname;monipe-pa-atraso.rnp.br
1749626471,2025-06-11 04:21:11,gateway;No-Hostname;cba1-mxse-chesf.bkb.rnp.br;cpi1-cba1-chesf.bkb.rnp.br;cma1-cpi1-tlb.bkb.rnp.br;cpa1-cma1-mobwire.bkb.rnp.br;bpa1-cpa1.bkb.rnp.br;No-Hostname;monipe-pa-atraso.rnp.br
1749627140,2025-06-11 04:32:20,gateway;No-Hostname;cba1-mxse-chesf.bkb.rnp.br;cpi1-cba1-chesf.bkb.rnp.br;cma1-cpi1-tlb.bkb.rnp.br;cpa1-cma1-mobwire.bkb.rnp.br;bpa1-cpa1.bkb.rnp.br;No-Hostname;monipe-pa-atraso.rnp.br
1749627888,2025-06-11 04:44:48,gateway;No-Hostname;cba1-mxse-chesf.bkb.rnp.br;cpi1-cba1-chesf.bkb.rnp.br;cma1-cpi1-tlb.bkb.rnp.br;cpa1-cma1-mobwire.bkb.rnp.br;bpa1-cpa1.bkb.rnp.br;No-Hostname;monipe-pa-atraso.rnp.br
1749628222,2025-06-11 04:50:22,gateway;No-Hostname;cba1-mxse-chesf.bkb.rnp.br;cce1-cba1-chesf.bkb.rnp.br;cpi1-cce1-chesf.bkb.rnp.br;cma1-cpi1-tlb.bkb.rnp.br;cpa1-cma1-mobwire.bkb.rnp.br;bpa1-cpa1.bkb.rnp.br;No-Hostname;monipe-pa-atraso.rnp.br
1749629100,2025-06-11 05:05:00,gateway;No-Hostname;cba1-mxse-chesf.bkb.rnp.br;cce1-cba1-chesf.bkb.rnp.br;cpi1-cce1-chesf.bkb.rnp.br;cma1-cpi1-tlb.bkb.rnp.br;cpa1-cma1-mobwire.bkb.rnp.br;bpa1-cpa1.bkb.rnp.br;No-Hostname;monipe-pa-atraso.rnp.br
1749629523,2025-06-11 05:12:03,gateway;No-Hostname;cba1-mxse-chesf.bkb.rnp.br;cce1-cba1-chesf.bkb.rnp.br;cpi1-cce1-chesf.bkb.rnp.br;cma1-cpi1-tlb.bkb.rnp.br;cpa1-cma1-mobwire.bkb.rnp.br;bpa1-cpa1.bkb.rnp.br;No-Hostname;monipe-pa-atraso.rnp.br
1749630082,2025-06-11 05:21:22,gateway;No-Hostname;cba1-mxse-chesf.bkb.rnp.br;cce1-cba1-chesf.bkb.rnp.br;cpi1-cce1-chesf.bkb.rnp.br;cma1-cpi1-tlb.bkb.rnp.br;cpa1-cma1-mobwire.bkb.rnp.br;bpa1-cpa1.bkb.rnp.br;No-Hostname;monipe-pa-atraso.rnp.br
1749630569,2025-06-11 05:29:29,gateway;No-Hostname;cba1-mxse-chesf.bkb.rnp.br;cce1-cba1-chesf.bkb.rnp.br;cpi1-cce1-chesf.bkb.rnp.br;cma1-cpi1-tlb.bkb.rnp.br;cpa1-cma1-mobwire.bkb.rnp.br;bpa1-cpa1.bkb.rnp.br;No-Hostname;monipe-pa-atraso.rnp.br
1749631373,2025-06-11 05:42:53,gateway;No-Hostname;cba1-mxse-chesf.bkb.rnp.br;cce1-cba1-chesf.bkb.rnp.br;cpi1-cce1-chesf.bkb.rnp.br;cma1-cpi1-tlb.bkb.rnp.br;cpa1-cma1-mobwire.bkb.rnp.br;bpa1-cpa1.bkb.rnp.br;No-Hostname;monipe-pa-atraso.rnp.br
1749632038,2025-06-11 05:53:58,gateway;No-Hostname;cba1-mxse-chesf.bkb.rnp.br;cpi1-cba1-chesf.bkb.rnp.br;cma1-cpi1-tlb.bkb.rnp.br;cpa1-cma1-mobwire.bkb.rnp.br;bpa1-cpa1.bkb.rnp.br;No-Hostname;monipe-pa-atraso.rnp.br
1749632785,2025-06-11 06:06:25,gateway;No-Hostname;cba1-mxse-chesf.bkb.rnp.br;cpi1-cba1-chesf.bkb.rnp.br;cma1-cpi1-tlb.bkb.rnp.br;cpa1-cma1-mobwire.bkb.rnp.br;bpa1-cpa1.bkb.rnp.br;No-Hostname;monipe-pa-atraso.rnp.br
1749633125,2025-06-11 06:12:05,gateway;No-Hostname;cba1-mxse-chesf.bkb.rnp.br;cpi1-cba1-chesf.bkb.rnp.br;cma1-cpi1-tlb.bkb.rnp.br;cpa1-cma1-mobwire.bkb.rnp.br;bpa1-cpa1.bkb.rnp.br;No-Hostname;monipe-pa-atraso.rnp.br
1749633648,2025-06-11 06:20:48,gateway;No-Hostname;cba1-mxse-chesf.bkb.rnp.br;cpi1-cba1-chesf.bkb.rnp.br;cma1-cpi1-tlb.bkb.rnp.br;cpa1-cma1-mobwire.bkb.rnp.br;bpa1-cpa1.bkb.rnp.br;No-Hostname;monipe-pa-atraso.rnp.br
1749634521,2025-06-11 06:35:21,gateway;No-Hostname;cba1-mxse-chesf.bkb.rnp.br;cpi1-cba1-chesf.bkb.rnp.br;cma1-cpi1-tlb.bkb.rnp.br;cpa1-cma1-mobwire.bkb.rnp.br;bpa1-cpa1.bkb.rnp.br;No-Hostname;monipe-pa-atraso.rnp.br
1749635195,2025-06-11 06:46:35,gateway;No-Hostname;cba1-mxse-chesf.bkb.rnp.br;cpi1-cba1-chesf.bkb.rnp.br;cma1-cpi1-tlb.bkb.rnp.br;cpa1-cma1-mobwire.bkb.rnp.br;bpa1-cpa1.bkb.rnp.br;No-Hostname;monipe-pa-atraso.rnp.br
1749635734,2025-06-11 06:55:34,gateway;No-Hostname;cba1-mxse-chesf.bkb.rnp.br;cpi1-cba1-chesf.bkb.rnp.br;cma1-cpi1-tlb.bkb.rnp.br;cpa1-cma1-mobwire.bkb.rnp.br;bpa1-cpa1.bkb.rnp.br;No-Hostname;monipe-pa-atraso.rnp.br
1749636155,2025-06-11 07:02:35,gateway;No-Hostname;cba1-mxse-chesf.bkb.rnp.br;cpi1-cba1-chesf.bkb.rnp.br;cma1-cpi1-tlb.bkb.rnp.br;cpa1-cma1-mobwire.bkb.rnp.br;bpa1-cpa1.bkb.rnp.br;No-Hostname;monipe-pa-atraso.rnp.br
1749636992,2025-06-11 07:16:32,gateway;No-Hostname;cba1-mxse-chesf.bkb.rnp.br;cpi1-cba1-chesf.bkb.rnp.br;cma1-cpi1-tlb.bkb.rnp.br;cpa1-cma1-mobwire.bkb.rnp.br;bpa1-cpa1.bkb.rnp.br;No-Hostname;monipe-pa-atraso.rnp.br
1749637217,2025-06-11 07:20:17,gateway;No-Hostname;cba1-mxse-chesf.bkb.rnp.br;cce1-cba1-chesf.bkb.rnp.br;cpi1-cce1-chesf.bkb.rnp.br;cma1-cpi1-tlb.bkb.rnp.br;cpa1-cma1-mobwire.bkb.rnp.br;bpa1-cpa1.bkb.rnp.br;No-Hostname;monipe-pa-atraso.rnp.br
1749638222,2025-06-11 07:37:02,gateway;No-Hostname;cba1-mxse-chesf.bkb.rnp.br;cce1-cba1-chesf.bkb.rnp.br;cpi1-cce1-chesf.bkb.rnp.br;cma1-cpi1-tlb.bkb.rnp.br;cpa1-cma1-mobwire.bkb.rnp.br;bpa1-cpa1.bkb.rnp.br;No-Hostname;monipe-pa-atraso.rnp.br
1749638379,2025-06-11 07:39:39,gateway;No-Hostname;cba1-mxse-chesf.bkb.rnp.br;cce1-cba1-chesf.bkb.rnp.br;cpi1-cce1-chesf.bkb.rnp.br;cma1-cpi1-tlb.bkb.rnp.br;cpa1-cma1-mobwire.bkb.rnp.br;bpa1-cpa1.bkb.rnp.br;No-Hostname;monipe-pa-atraso.rnp.br
1749639433,2025-06-11 07:57:13,gateway;No-Hostname;cba1-mxse-chesf.bkb.rnp.br;cpi1-cba1-chesf.bkb.rnp.br;cma1-cpi1-tlb.bkb.rnp.br;cpa1-cma1-mobwire.bkb.rnp.br;bpa1-cpa1.bkb.rnp.br;No-Hostname;monipe-pa-atraso.rnp.br
1749639900,2025-06-11 08:05:00,gateway;No-Hostname;cba1-mxse-chesf.bkb.rnp.br;cpi1-cba1-chesf.bkb.rnp.br;cma1-cpi1-tlb.bkb.rnp.br;cpa1-cma1-mobwire.bkb.rnp.br;bpa1-cpa1.bkb.rnp.br;No-Hostname;monipe-pa-atraso.rnp.br
1749640576,2025-06-11 08:16:16,gateway;No-Hostname;cba1-mxse-chesf.bkb.rnp.br;cpi1-cba1-chesf.bkb.rnp.br;cma1-cpi1-tlb.bkb.rnp.br;cpa1-cma1-mobwire.bkb.rnp.br;bpa1-cpa1.bkb.rnp.br;No-Hostname;monipe-pa-atraso.rnp.br
1749640729,2025-06-11 08:18:49,gateway;No-Hostname;cba1-mxse-chesf.bkb.rnp.br;cpi1-cba1-chesf.bkb.rnp.br;cma1-cpi1-tlb.bkb.rnp.br;cpa1-cma1-mobwire.bkb.rnp.br;bpa1-cpa1.bkb.rnp.br;No-Hostname;monipe-pa-atraso.rnp.br
1749641778,2025-06-11 08:36:18,gateway;No-Hostname;cba1-mxse-chesf.bkb.rnp.br;cpi1-cba1-chesf.bkb.rnp.br;cma1-cpi1-tlb.bkb.rnp.br;cpa1-cma1-mobwire.bkb.rnp.br;bpa1-cpa1.bkb.rnp.br;No-Hostname;monipe-pa-atraso.rnp.br
1749642077,2025-06-11 08:41:17,gateway;No-Hostname;cba1-mxse-chesf.bkb.rnp.br;cpi1-cba1-chesf.bkb.rnp.br;cma1-cpi1-tlb.bkb.rnp.br;cpa1-cma1-mobwire.bkb.rnp.br;bpa1-cpa1.bkb.rnp.br;No-Hostname;monipe-pa-atraso.rnp.br
1749642845,2025-06-11 08:54:05,gateway;No-Hostname;cba1-mxse-chesf.bkb.rnp.br;cdf2-cba1-taesa.bkb.rnp.br;cto1-cdf2-tlb.bkb.rnp.br;cpa1-cto1-tlb.bkb.rnp.br;bpa1-cpa1.bkb.rnp.br;No-Hostname;monipe-pa-atraso.rnp.br
1749643348,2025-06-11 09:02:28,gateway;No-Hostname;cba1-mxse-chesf.bkb.rnp.br;cdf2-cba1-taesa.bkb.rnp.br;cto1-cdf2-tlb.bkb.rnp.br;cpa1-cto1-tlb.bkb.rnp.br;bpa1-cpa1.bkb.rnp.br;No-Hostname;monipe-pa-atraso.rnp.br
1749644077,2025-06-11 09:14:37,gateway;No-Hostname;cba1-mxse-chesf.bkb.rnp.br;cdf2-cba1-taesa.bkb.rnp.br;cto1-cdf2-tlb.bkb.rnp.br;cpa1-cto1-tlb.bkb.rnp.br;bpa1-cpa1.bkb.rnp.br;No-Hostname;monipe-pa-atraso.rnp.br
1749644713,2025-06-11 09:25:13,gateway;No-Hostname;cba1-mxse-chesf.bkb.rnp.br;cpi1-cba1-chesf.bkb.rnp.br;cma1-cpi1-tlb.bkb.rnp.br;cpa1-cma1-mobwire.bkb.rnp.br;bpa1-cpa1.bkb.rnp.br;No-Hostname;monipe-pa-atraso.rnp.br
1749644954,2025-06-11 09:29:14,gateway;No-Hostname;cba1-mxse-chesf.bkb.rnp.br;cpi1-cba1-chesf.bkb.rnp.br;cma1-cpi1-tlb.bkb.rnp.br;cpa1-cma1-mobwire.bkb.rnp.br;bpa1-cpa1.bkb.rnp.br;No-Hostname;monipe-pa-atraso.rnp.br
1749646004,2025-06-11 09:46:44,gateway;No-Hostname;cba1-mxse-chesf.bkb.rnp.br;cpi1-cba1-chesf.bkb.rnp.br;cma1-cpi1-tlb.bkb.rnp.br;cpa1-cma1-mobwire.bkb.rnp.br;bpa1-cpa1.bkb.rnp.br;No-Hostname;monipe-pa-atraso.rnp.br
1749646510,2025-06-11 09:55:10,gateway;No-Hostname;cba1-mxse-chesf.bkb.rnp.br;cdf2-cba1-taesa.bkb.rnp.br;cto1-cdf2-tlb.bkb.rnp.br;cpa1-cto1-tlb.bkb.rnp.br;bpa1-cpa1.bkb.rnp.br;No-Hostname;monipe-pa-atraso.rnp.br
1749646981,2025-06-11 10:03:01,gateway;No-Hostname;cba1-mxse-chesf.bkb.rnp.br;cdf2-cba1-taesa.bkb.rnp.br;cto1-cdf2-tlb.bkb.rnp.br;cpa1-cto1-tlb.bkb.rnp.br;bpa1-cpa1.bkb.rnp.br;No-Hostname;monipe-pa-atraso.rnp.br
1749647349,2025-06-11 10:09:09,gateway;No-Hostname;cba1-mxse-chesf.bkb.rnp.br;cdf2-cba1-taesa.bkb.rnp.br;cto1-cdf2-tlb.bkb.rnp.br;cpa1-cto1-tlb.bkb.rnp.br;bpa1-cpa1.bkb.rnp.br;No-Hostname;monipe-pa-atraso.rnp.br
1749648319,2025-06-11 10:25:19,gateway;No-Hostname;cba1-mxse-chesf.bkb.rnp.br;cdf2-cba1-taesa.bkb.rnp.br;cto1-cdf2-tlb.bkb.rnp.br;cpa1-cto1-tlb.bkb.rnp.br;bpa1-cpa1.bkb.rnp.br;No-Hostname;monipe-pa-atraso.rnp.br
1749648961,2025-06-11 10:36:01,gateway;No-Hostname;cba1-mxse-chesf.bkb.rnp.br;cdf2-cba1-taesa.bkb.rnp.br;cto1-cdf2-tlb.bkb.rnp.br;cpa1-cto1-tlb.bkb.rnp.br;bpa1-cpa1.bkb.rnp.br;No-Hostname;monipe-pa-atraso.rnp.br
1749649176,2025-06-11 10:39:36,gateway;No-Hostname;cba1-mxse-chesf.bkb.rnp.br;cdf2-cba1-taesa.bkb.rnp.br;cto1-cdf2-tlb.bkb.rnp.br;cpa1-cto1-tlb.bkb.rnp.br;bpa1-cpa1.bkb.rnp.br;No-Hostname;monipe-pa-atraso.rnp.br
1749650249,2025-06-11 10:57:29,gateway;No-Hostname;cba1-mxse-chesf.bkb.rnp.br;cdf2-cba1-taesa.bkb.rnp.br;cto1-cdf2-tlb.bkb.rnp.br;cpa1-cto1-tlb.bkb.rnp.br;bpa1-cpa1.bkb.rnp.br;No-Hostname;monipe-pa-atraso.rnp.br
1749650500,2025-06-11 11:01:40,gateway;No-Hostname;cba1-mxse-chesf.bkb.rnp.br;cdf2-cba1-taesa.bkb.rnp.br;cto1-cdf2-tlb.bkb.rnp.br;cpa1-cto1-tlb.bkb.rnp.br;bpa1-cpa1.bkb.rnp.br;No-Hostname;monipe-pa-atraso.rnp.br
1749651090,2025-06-11 11:11:30,gateway;No-Hostname;cba1-mxse-chesf.bkb.rnp.br;cdf2-cba1-taesa.bkb.rnp.br;cto1-cdf2-tlb.bkb.rnp.br;cpa1-cto1-tlb.bkb.rnp.br;bpa1-cpa1.bkb.rnp.br;No-Hostname;monipe-pa-atraso.rnp.br
1749651794,2025-06-11 11:23:14,gateway;No-Hostname;cba1-mxse-chesf.bkb.rnp.br;cdf2-cba1-taesa.bkb.rnp.br;cto1-cdf2-aloha.bkb.rnp.br;cpa1-cto1-tlb.bkb.rnp.br;bpa1-cpa1.bkb.rnp.br;No-Hostname;monipe-pa-atraso.rnp.br
1749652228,2025-06-11 11:30:28,gateway;No-Hostname;cba1-mxse-chesf.bkb.rnp.br;cdf2-cba1-taesa.bkb.rnp.br;cto1-cdf2-aloha.bkb.rnp.br;cpa1-cto1-tlb.bkb.rnp.br;bpa1-cpa1.bkb.rnp.br;No-Hostname;monipe-pa-atraso.rnp.br
1749653095,2025-06-11 11:44:55,gateway;No-Hostname;cba1-mxse-chesf.bkb.rnp.br;cdf2-cba1-taesa.bkb.rnp.br;cto1-cdf2-tlb.bkb.rnp.br;cpa1-cto1-tlb.bkb.rnp.br;bpa1-cpa1.bkb.rnp.br;No-Hostname;monipe-pa-atraso.rnp.br
1749653725,2025-06-11 11:55:25,gateway;No-Hostname;cba1-mxse-chesf.bkb.rnp.br;cce1-cba1-chesf.bkb.rnp.br;cpi1-cce1-chesf.bkb.rnp.br;cma1-cpi1-tlb.bkb.rnp.br;cpa1-cma1-mobwire.bkb.rnp.br;bpa1-cpa1.bkb.rnp.br;No-Hostname;monipe-pa-atraso.rnp.br
1749654328,2025-06-11 12:05:28,gateway;No-Hostname;cba1-mxse-chesf.bkb.rnp.br;cdf2-cba1-taesa.bkb.rnp.br;cto1-cdf2-tlb.bkb.rnp.br;cpa1-cto1-tlb.bkb.rnp.br;bpa1-cpa1.bkb.rnp.br;No-Hostname;monipe-pa-atraso.rnp.br
1749655028,2025-06-11 12:17:08,gateway;No-Hostname;cba1-mxse-chesf.bkb.rnp.br;cdf2-cba1-taesa.bkb.rnp.br;cto1-cdf2-tlb.bkb.rnp.br;cpa1-cto1-tlb.bkb.rnp.br;bpa1-cpa1.bkb.rnp.br;No-Hostname;monipe-pa-atraso.rnp.br
1749655639,2025-06-11 12:27:19,gateway;No-Hostname;cba1-mxse-chesf.bkb.rnp.br;cdf2-cba1-taesa.bkb.rnp.br;cto1-cdf2-aloha.bkb.rnp.br;cpa1-cto1-tlb.bkb.rnp.br;bpa1-cpa1.bkb.rnp.br;No-Hostname;monipe-pa-atraso.rnp.br
1749655758,2025-06-11 12:29:18,gateway;No-Hostname;cba1-mxse-chesf.bkb.rnp.br;cdf2-cba1-taesa.bkb.rnp.br;cto1-cdf2-aloha.bkb.rnp.br;cpa1-cto1-tlb.bkb.rnp.br;bpa1-cpa1.bkb.rnp.br;No-Hostname;monipe-pa-atraso.rnp.br
1749656455,2025-06-11 12:40:55,gateway;No-Hostname;cba1-mxse-chesf.bkb.rnp.br;cdf2-cba1-taesa.bkb.rnp.br;cto1-cdf2-tlb.bkb.rnp.br;cpa1-cto1-tlb.bkb.rnp.br;bpa1-cpa1.bkb.rnp.br;No-Hostname;monipe-pa-atraso.rnp.br
1749657129,2025-06-11 12:52:09,gateway;No-Hostname;cba1-mxse-chesf.bkb.rnp.br;cdf2-cba1-taesa.bkb.rnp.br;cto1-cdf2-tlb.bkb.rnp.br;cpa1-cto1-tlb.bkb.rnp.br;bpa1-cpa1.bkb.rnp.br;No-Hostname;monipe-pa-atraso.rnp.br
1749657697,2025-06-11 13:01:37,gateway;No-Hostname;cba1-mxse-chesf.bkb.rnp.br;cdf2-cba1-taesa.bkb.rnp.br;cto1-cdf2-tlb.bkb.rnp.br;cpa1-cto1-tlb.bkb.rnp.br;bpa1-cpa1.bkb.rnp.br;No-Hostname;monipe-pa-atraso.rnp.br
1749658191,2025-06-11 13:09:51,gateway;No-Hostname;cba1-mxse-chesf.bkb.rnp.br;cdf2-cba1-taesa.bkb.rnp.br;cto1-cdf2-tlb.bkb.rnp.br;cpa1-cto1-tlb.bkb.rnp.br;bpa1-cpa1.bkb.rnp.br;No-Hostname;monipe-pa-atraso.rnp.br
1749659251,2025-06-11 13:27:31,gateway;No-Hostname;cba1-mxse-chesf.bkb.rnp.br;cce1-cba1-chesf.bkb.rnp.br;cpi1-cce1-chesf.bkb.rnp.br;cma1-cpi1-tlb.bkb.rnp.br;cpa1-cma1-mobwire.bkb.rnp.br;bpa1-cpa1.bkb.rnp.br;No-Hostname;monipe-pa-atraso.rnp.br
1749659476,2025-06-11 13:31:16,gateway;No-Hostname;cba1-mxse-chesf.bkb.rnp.br;cce1-cba1-chesf.bkb.rnp.br;cpi1-cce1-chesf.bkb.rnp.br;cma1-cpi1-tlb.bkb.rnp.br;cpa1-cma1-mobwire.bkb.rnp.br;bpa1-cpa1.bkb.rnp.br;No-Hostname;monipe-pa-atraso.rnp.br
1749660326,2025-06-11 13:45:26,gateway;No-Hostname;cba1-mxse-chesf.bkb.rnp.br;cce1-cba1-chesf.bkb.rnp.br;cpi1-cce1-chesf.bkb.rnp.br;cma1-cpi1-tlb.bkb.rnp.br;cpa1-cma1-mobwire.bkb.rnp.br;bpa1-cpa1.bkb.rnp.br;No-Hostname;monipe-pa-atraso.rnp.br
1749660856,2025-06-11 13:54:16,gateway;No-Hostname;cba1-mxse-chesf.bkb.rnp.br;cce1-cba1-chesf.bkb.rnp.br;cpi1-cce1-chesf.bkb.rnp.br;cma1-cpi1-tlb.bkb.rnp.br;cpa1-cma1-mobwire.bkb.rnp.br;bpa1-cpa1.bkb.rnp.br;No-Hostname;monipe-pa-atraso.rnp.br
1749661289,2025-06-11 14:01:29,gateway;No-Hostname;cba1-mxse-chesf.bkb.rnp.br;cce1-cba1-chesf.bkb.rnp.br;cpi1-cce1-chesf.bkb.rnp.br;cma1-cpi1-tlb.bkb.rnp.br;cpa1-cma1-mobwire.bkb.rnp.br;bpa1-cpa1.bkb.rnp.br;No-Hostname;monipe-pa-atraso.rnp.br
1749662239,2025-06-11 14:17:19,gateway;No-Hostname;cba1-mxse-chesf.bkb.rnp.br;cce1-cba1-chesf.bkb.rnp.br;cpi1-cce1-chesf.bkb.rnp.br;cma1-cpi1-tlb.bkb.rnp.br;cpa1-cma1-mobwire.bkb.rnp.br;bpa1-cpa1.bkb.rnp.br;No-Hostname;monipe-pa-atraso.rnp.br
1749662392,2025-06-11 14:19:52,gateway;No-Hostname;cba1-mxse-chesf.bkb.rnp.br;cpi1-cba1-chesf.bkb.rnp.br;cma1-cpi1-tlb.bkb.rnp.br;cpa1-cma1-mobwire.bkb.rnp.br;bpa1-cpa1.bkb.rnp.br;No-Hostname;monipe-pa-atraso.rnp.br
1749663003,2025-06-11 14:30:03,gateway;No-Hostname;cba1-mxse-chesf.bkb.rnp.br;cpi1-cba1-chesf.bkb.rnp.br;cma1-cpi1-tlb.bkb.rnp.br;cpa1-cma1-mobwire.bkb.rnp.br;bpa1-cpa1.bkb.rnp.br;No-Hostname;monipe-pa-atraso.rnp.br
1749664021,2025-06-11 14:47:01,gateway;No-Hostname;cba1-mxse-chesf.bkb.rnp.br;cpi1-cba1-chesf.bkb.rnp.br;cma1-cpi1-tlb.bkb.rnp.br;cpa1-cma1-mobwire.bkb.rnp.br;bpa1-cpa1.bkb.rnp.br;No-Hostname;monipe-pa-atraso.rnp.br
1749664151,2025-06-11 14:49:11,gateway;No-Hostname;cba1-mxse-chesf.bkb.rnp.br;cpi1-cba1-chesf.bkb.rnp.br;cma1-cpi1-tlb.bkb.rnp.br;cpa1-cma1-mobwire.bkb.rnp.br;bpa1-cpa1.bkb.rnp.br;No-Hostname;monipe-pa-atraso.rnp.br
1749664929,2025-06-11 15:02:09,gateway;No-Hostname;cba1-mxse-chesf.bkb.rnp.br;cce1-cba1-chesf.bkb.rnp.br;cpi1-cce1-chesf.bkb.rnp.br;cma1-cpi1-tlb.bkb.rnp.br;cpa1-cma1-mobwire.bkb.rnp.br;bpa1-cpa1.bkb.rnp.br;No-Hostname;monipe-pa-atraso.rnp.br
1749665799,2025-06-11 15:16:39,gateway;No-Hostname;cba1-mxse-chesf.bkb.rnp.br;cdf2-cba1-taesa.bkb.rnp.br;cto1-cdf2-tlb.bkb.rnp.br;cpa1-cto1-tlb.bkb.rnp.br;bpa1-cpa1.bkb.rnp.br;No-Hostname;monipe-pa-atraso.rnp.br
1749666379,2025-06-11 15:26:19,gateway;No-Hostname;cba1-mxse-chesf.bkb.rnp.br;cdf2-cba1-taesa.bkb.rnp.br;cto1-cdf2-tlb.bkb.rnp.br;cpa1-cto1-tlb.bkb.rnp.br;bpa1-cpa1.bkb.rnp.br;No-Hostname;monipe-pa-atraso.rnp.br
1749666607,2025-06-11 15:30:07,gateway;No-Hostname;cba1-mxse-chesf.bkb.rnp.br;cdf2-cba1-taesa.bkb.rnp.br;cto1-cdf2-tlb.bkb.rnp.br;cpa1-cto1-tlb.bkb.rnp.br;bpa1-cpa1.bkb.rnp.br;No-Hostname;monipe-pa-atraso.rnp.br
1749667163,2025-06-11 15:39:23,gateway;No-Hostname;cba1-mxse-chesf.bkb.rnp.br;cdf2-cba1-taesa.bkb.rnp.br;cto1-cdf2-aloha.bkb.rnp.br;cpa1-cto1-tlb.bkb.rnp.br;bpa1-cpa1.bkb.rnp.br;No-Hostname;monipe-pa-atraso.rnp.br
1749667800,2025-06-11 15:50:00,gateway;No-Hostname;cba1-mxse-chesf.bkb.rnp.br;cdf2-cba1-taesa.bkb.rnp.br;cto1-cdf2-tlb.bkb.rnp.br;cpa1-cto1-tlb.bkb.rnp.br;bpa1-cpa1.bkb.rnp.br;No-Hostname;monipe-pa-atraso.rnp.br
1749669132,2025-06-11 16:12:12,gateway;No-Hostname;cba1-mxse-chesf.bkb.rnp.br;cdf2-cba1-taesa.bkb.rnp.br;cto1-cdf2-tlb.bkb.rnp.br;cpa1-cto1-tlb.bkb.rnp.br;bpa1-cpa1.bkb.rnp.br;No-Hostname;monipe-pa-atraso.rnp.br
1749669789,2025-06-11 16:23:09,gateway;No-Hostname;cba1-mxse-chesf.bkb.rnp.br;cdf2-cba1-taesa.bkb.rnp.br;cto1-cdf2-aloha.bkb.rnp.br;cpa1-cto1-tlb.bkb.rnp.br;bpa1-cpa1.bkb.rnp.br;No-Hostname;monipe-pa-atraso.rnp.br
1749670326,2025-06-11 16:32:06,gateway;No-Hostname;cba1-mxse-chesf.bkb.rnp.br;cdf2-cba1-taesa.bkb.rnp.br;cto1-cdf2-aloha.bkb.rnp.br;cpa1-cto1-tlb.bkb.rnp.br;bpa1-cpa1.bkb.rnp.br;No-Hostname;monipe-pa-atraso.rnp.br
1749671058,2025-06-11 16:44:18,gateway;No-Hostname;cba1-mxse-chesf.bkb.rnp.br;cdf2-cba1-taesa.bkb.rnp.br;cto1-cdf2-tlb.bkb.rnp.br;cpa1-cto1-tlb.bkb.rnp.br;bpa1-cpa1.bkb.rnp.br;No-Hostname;monipe-pa-atraso.rnp.br
1749671564,2025-06-11 16:52:44,gateway;No-Hostname;cba1-mxse-chesf.bkb.rnp.br;cpi1-cba1-chesf.bkb.rnp.br;cma1-cpi1-tlb.bkb.rnp.br;cpa1-cma1-mobwire.bkb.rnp.br;bpa1-cpa1.bkb.rnp.br;No-Hostname;monipe-pa-atraso.rnp.br
1749672052,2025-06-11 17:00:52,gateway;No-Hostname;cba1-mxse-chesf.bkb.rnp.br;cpi1-cba1-chesf.bkb.rnp.br;cma1-cpi1-tlb.bkb.rnp.br;cpa1-cma1-mobwire.bkb.rnp.br;bpa1-cpa1.bkb.rnp.br;No-Hostname;monipe-pa-atraso.rnp.br
1749672873,2025-06-11 17:14:33,gateway;No-Hostname;cba1-mxse-chesf.bkb.rnp.br;cpi1-cba1-chesf.bkb.rnp.br;cma1-cpi1-tlb.bkb.rnp.br;cpa1-cma1-mobwire.bkb.rnp.br;bpa1-cpa1.bkb.rnp.br;No-Hostname;monipe-pa-atraso.rnp.br
1749673528,2025-06-11 17:25:28,gateway;No-Hostname;cba1-mxse-chesf.bkb.rnp.br;cce1-cba1-chesf.bkb.rnp.br;cpi1-cce1-chesf.bkb.rnp.br;cma1-cpi1-tlb.bkb.rnp.br;cpa1-cma1-mobwire.bkb.rnp.br;bpa1-cpa1.bkb.rnp.br;No-Hostname;monipe-pa-atraso.rnp.br
1749673925,2025-06-11 17:32:05,gateway;No-Hostname;cba1-mxse-chesf.bkb.rnp.br;cce1-cba1-chesf.bkb.rnp.br;cpi1-cce1-chesf.bkb.rnp.br;cma1-cpi1-tlb.bkb.rnp.br;cpa1-cma1-mobwire.bkb.rnp.br;bpa1-cpa1.bkb.rnp.br;No-Hostname;monipe-pa-atraso.rnp.br
1749674336,2025-06-11 17:38:56,gateway;No-Hostname;cba1-mxse-chesf.bkb.rnp.br;cce1-cba1-chesf.bkb.rnp.br;cpi1-cce1-chesf.bkb.rnp.br;cma1-cpi1-tlb.bkb.rnp.br;cpa1-cma1-mobwire.bkb.rnp.br;bpa1-cpa1.bkb.rnp.br;No-Hostname;monipe-pa-atraso.rnp.br
1749675301,2025-06-11 17:55:01,gateway;No-Hostname;cba1-mxse-chesf.bkb.rnp.br;cpi1-cba1-chesf.bkb.rnp.br;cma1-cpi1-tlb.bkb.rnp.br;cpa1-cma1-mobwire.bkb.rnp.br;bpa1-cpa1.bkb.rnp.br;No-Hostname;monipe-pa-atraso.rnp.br
1749676057,2025-06-11 18:07:37,gateway;No-Hostname;cba1-mxse-chesf.bkb.rnp.br;cpi1-cba1-chesf.bkb.rnp.br;cma1-cpi1-tlb.bkb.rnp.br;cpa1-cma1-mobwire.bkb.rnp.br;bpa1-cpa1.bkb.rnp.br;No-Hostname;monipe-pa-atraso.rnp.br
1749676318,2025-06-11 18:11:58,gateway;No-Hostname;cba1-mxse-chesf.bkb.rnp.br;cpi1-cba1-chesf.bkb.rnp.br;cma1-cpi1-tlb.bkb.rnp.br;cpa1-cma1-mobwire.bkb.rnp.br;bpa1-cpa1.bkb.rnp.br;No-Hostname;monipe-pa-atraso.rnp.br
1749677150,2025-06-11 18:25:50,gateway;No-Hostname;cba1-mxse-chesf.bkb.rnp.br;cce1-cba1-chesf.bkb.rnp.br;cpi1-cce1-chesf.bkb.rnp.br;cma1-cpi1-tlb.bkb.rnp.br;cpa1-cma1-mobwire.bkb.rnp.br;bpa1-cpa1.bkb.rnp.br;No-Hostname;monipe-pa-atraso.rnp.br
1749677506,2025-06-11 18:31:46,gateway;No-Hostname;cba1-mxse-chesf.bkb.rnp.br;cce1-cba1-chesf.bkb.rnp.br;cpi1-cce1-chesf.bkb.rnp.br;cma1-cpi1-tlb.bkb.rnp.br;cpa1-cma1-mobwire.bkb.rnp.br;bpa1-cpa1.bkb.rnp.br;No-Hostname;monipe-pa-atraso.rnp.br
1749678099,2025-06-11 18:41:39,gateway;No-Hostname;cba1-mxse-chesf.bkb.rnp.br;cpi1-cba1-chesf.bkb.rnp.br;cma1-cpi1-tlb.bkb.rnp.br;cpa1-cma1-mobwire.bkb.rnp.br;bpa1-cpa1.bkb.rnp.br;No-Hostname;monipe-pa-atraso.rnp.br
1749678931,2025-06-11 18:55:31,gateway;No-Hostname;cba1-mxse-chesf.bkb.rnp.br;cdf2-cba1-taesa.bkb.rnp.br;cto1-cdf2-aloha.bkb.rnp.br;cpa1-cto1-tlb.bkb.rnp.br;bpa1-cpa1.bkb.rnp.br;No-Hostname;monipe-pa-atraso.rnp.br
1749679173,2025-06-11 18:59:33,gateway;No-Hostname;cba1-mxse-chesf.bkb.rnp.br;cdf2-cba1-taesa.bkb.rnp.br;cto1-cdf2-aloha.bkb.rnp.br;cpa1-cto1-tlb.bkb.rnp.br;bpa1-cpa1.bkb.rnp.br;No-Hostname;monipe-pa-atraso.rnp.br
1749679810,2025-06-11 19:10:10,gateway;No-Hostname;cba1-mxse-chesf.bkb.rnp.br;cdf2-cba1-taesa.bkb.rnp.br;cto1-cdf2-aloha.bkb.rnp.br;cpa1-cto1-tlb.bkb.rnp.br;bpa1-cpa1.bkb.rnp.br;No-Hostname;monipe-pa-atraso.rnp.br
1749680632,2025-06-11 19:23:52,gateway;No-Hostname;cba1-mxse-chesf.bkb.rnp.br;cce1-cba1-chesf.bkb.rnp.br;cpi1-cce1-chesf.bkb.rnp.br;cma1-cpi1-tlb.bkb.rnp.br;cpa1-cma1-mobwire.bkb.rnp.br;bpa1-cpa1.bkb.rnp.br;No-Hostname;monipe-pa-atraso.rnp.br
1749681250,2025-06-11 19:34:10,gateway;No-Hostname;cba1-mxse-chesf.bkb.rnp.br;cce1-cba1-chesf.bkb.rnp.br;cpi1-cce1-chesf.bkb.rnp.br;cma1-cpi1-tlb.bkb.rnp.br;cpa1-cma1-mobwire.bkb.rnp.br;bpa1-cpa1.bkb.rnp.br;No-Hostname;monipe-pa-atraso.rnp.br
1749681878,2025-06-11 19:44:38,gateway;No-Hostname;cba1-mxse-chesf.bkb.rnp.br;cce1-cba1-chesf.bkb.rnp.br;cpi1-cce1-chesf.bkb.rnp.br;cma1-cpi1-tlb.bkb.rnp.br;cpa1-cma1-mobwire.bkb.rnp.br;bpa1-cpa1.bkb.rnp.br;No-Hostname;monipe-pa-atraso.rnp.br
1749682641,2025-06-11 19:57:21,gateway;No-Hostname;cba1-mxse-chesf.bkb.rnp.br;cpi1-cba1-chesf.bkb.rnp.br;cma1-cpi1-tlb.bkb.rnp.br;cpa1-cma1-mobwire.bkb.rnp.br;bpa1-cpa1.bkb.rnp.br;No-Hostname;monipe-pa-atraso.rnp.br
1749683006,2025-06-11 20:03:26,gateway;No-Hostname;cba1-mxse-chesf.bkb.rnp.br;cpi1-cba1-chesf.bkb.rnp.br;cma1-cpi1-tlb.bkb.rnp.br;cpa1-cma1-mobwire.bkb.rnp.br;bpa1-cpa1.bkb.rnp.br;No-Hostname;monipe-pa-atraso.rnp.br
1749683457,2025-06-11 20:10:57,gateway;No-Hostname;cba1-mxse-chesf.bkb.rnp.br;cpi1-cba1-chesf.bkb.rnp.br;cma1-cpi1-tlb.bkb.rnp.br;cpa1-cma1-mobwire.bkb.rnp.br;bpa1-cpa1.bkb.rnp.br;No-Hostname;monipe-pa-atraso.rnp.br
1749684243,2025-06-11 20:24:03,gateway;No-Hostname;cba1-mxse-chesf.bkb.rnp.br;cce1-cba1-chesf.bkb.rnp.br;cpi1-cce1-chesf.bkb.rnp.br;cma1-cpi1-tlb.bkb.rnp.br;cpa1-cma1-mobwire.bkb.rnp.br;bpa1-cpa1.bkb.rnp.br;No-Hostname;monipe-pa-atraso.rnp.br
1749684844,2025-06-11 20:34:04,gateway;No-Hostname;cba1-mxse-chesf.bkb.rnp.br;cce1-cba1-chesf.bkb.rnp.br;cpi1-cce1-chesf.bkb.rnp.br;cma1-cpi1-tlb.bkb.rnp.br;cpa1-cma1-mobwire.bkb.rnp.br;bpa1-cpa1.bkb.rnp.br;No-Hostname;monipe-pa-atraso.rnp.br
1749685266,2025-06-11 20:41:06,gateway;No-Hostname;cba1-mxse-chesf.bkb.rnp.br;cce1-cba1-chesf.bkb.rnp.br;cpi1-cce1-chesf.bkb.rnp.br;cma1-cpi1-tlb.bkb.rnp.br;cpa1-cma1-mobwire.bkb.rnp.br;bpa1-cpa1.bkb.rnp.br;No-Hostname;monipe-pa-atraso.rnp.br
1749686194,2025-06-11 20:56:34,gateway;No-Hostname;cba1-mxse-chesf.bkb.rnp.br;cce1-cba1-chesf.bkb.rnp.br;cpi1-cce1-chesf.bkb.rnp.br;cma1-cpi1-tlb.bkb.rnp.br;cpa1-cma1-mobwire.bkb.rnp.br;bpa1-cpa1.bkb.rnp.br;No-Hostname;monipe-pa-atraso.rnp.br
1749686434,2025-06-11 21:00:34,gateway;No-Hostname;cba1-mxse-chesf.bkb.rnp.br;cce1-cba1-chesf.bkb.rnp.br;cpi1-cce1-chesf.bkb.rnp.br;cma1-cpi1-tlb.bkb.rnp.br;cpa1-cma1-mobwire.bkb.rnp.br;bpa1-cpa1.bkb.rnp.br;No-Hostname;monipe-pa-atraso.rnp.br
1749687441,2025-06-11 21:17:21,gateway;No-Hostname;cba1-mxse-chesf.bkb.rnp.br;cce1-cba1-chesf.bkb.rnp.br;cpi1-cce1-chesf.bkb.rnp.br;cma1-cpi1-tlb.bkb.rnp.br;cpa1-cma1-mobwire.bkb.rnp.br;bpa1-cpa1.bkb.rnp.br;No-Hostname;monipe-pa-atraso.rnp.br
1749687542,2025-06-11 21:19:02,gateway;No-Hostname;cba1-mxse-chesf.bkb.rnp.br;cce1-cba1-chesf.bkb.rnp.br;cpi1-cce1-chesf.bkb.rnp.br;cma1-cpi1-tlb.bkb.rnp.br;cpa1-cma1-mobwire.bkb.rnp.br;bpa1-cpa1.bkb.rnp.br;No-Hostname;monipe-pa-atraso.rnp.br
1749688509,2025-06-11 21:35:09,gateway;No-Hostname;cba1-mxse-chesf.bkb.rnp.br;cpi1-cba1-chesf.bkb.rnp.br;cma1-cpi1-tlb.bkb.rnp.br;cpa1-cma1-mobwire.bkb.rnp.br;bpa1-cpa1.bkb.rnp.br;No-Hostname;monipe-pa-atraso.rnp.br
1749689135,2025-06-11 21:45:35,gateway;No-Hostname;cba1-mxse-chesf.bkb.rnp.br;cpi1-cba1-chesf.bkb.rnp.br;cma1-cpi1-tlb.bkb.rnp.br;cpa1-cma1-mobwire.bkb.rnp.br;bpa1-cpa1.bkb.rnp.br;No-Hostname;monipe-pa-atraso.rnp.br
1749689328,2025-06-11 21:48:48,gateway;No-Hostname;cba1-mxse-chesf.bkb.rnp.br;cpi1-cba1-chesf.bkb.rnp.br;cma1-cpi1-tlb.bkb.rnp.br;cpa1-cma1-mobwire.bkb.rnp.br;bpa1-cpa1.bkb.rnp.br;No-Hostname;monipe-pa-atraso.rnp.br
1749689981,2025-06-11 21:59:41,gateway;No-Hostname;cba1-mxse-chesf.bkb.rnp.br;cce1-cba1-chesf.bkb.rnp.br;cpi1-cce1-chesf.bkb.rnp.br;cma1-cpi1-tlb.bkb.rnp.br;cpa1-cma1-mobwire.bkb.rnp.br;bpa1-cpa1.bkb.rnp.br;No-Hostname;monipe-pa-atraso.rnp.br
1749690612,2025-06-11 22:10:12,gateway;No-Hostname;cba1-mxse-chesf.bkb.rnp.br;cce1-cba1-chesf.bkb.rnp.br;cpi1-cce1-chesf.bkb.rnp.br;cma1-cpi1-tlb.bkb.rnp.br;cpa1-cma1-mobwire.bkb.rnp.br;bpa1-cpa1.bkb.rnp.br;No-Hostname;monipe-pa-atraso.rnp.br
1749691300,2025-06-11 22:21:40,gateway;No-Hostname;cba1-mxse-chesf.bkb.rnp.br;cce1-cba1-chesf.bkb.rnp.br;cpi1-cce1-chesf.bkb.rnp.br;cma1-cpi1-tlb.bkb.rnp.br;cpa1-cma1-mobwire.bkb.rnp.br;bpa1-cpa1.bkb.rnp.br;No-Hostname;monipe-pa-atraso.rnp.br
1749691933,2025-06-11 22:32:13,gateway;No-Hostname;cba1-mxse-chesf.bkb.rnp.br;cce1-cba1-chesf.bkb.rnp.br;cpi1-cce1-chesf.bkb.rnp.br;cma1-cpi1-tlb.bkb.rnp.br;cpa1-cma1-mobwire.bkb.rnp.br;bpa1-cpa1.bkb.rnp.br;No-Hostname;monipe-pa-atraso.rnp.br
1749692783,2025-06-11 22:46:23,gateway;No-Hostname;cba1-mxse-chesf.bkb.rnp.br;cpi1-cba1-chesf.bkb.rnp.br;cma1-cpi1-tlb.bkb.rnp.br;cpa1-cma1-mobwire.bkb.rnp.br;bpa1-cpa1.bkb.rnp.br;No-Hostname;monipe-pa-atraso.rnp.br
1749693161,2025-06-11 22:52:41,gateway;No-Hostname;cba1-mxse-chesf.bkb.rnp.br;cce1-cba1-chesf.bkb.rnp.br;cpi1-cce1-chesf.bkb.rnp.br;cma1-cpi1-tlb.bkb.rnp.br;cpa1-cma1-mobwire.bkb.rnp.br;bpa1-cpa1.bkb.rnp.br;No-Hostname;monipe-pa-atraso.rnp.br
1749694015,2025-06-11 23:06:55,gateway;No-Hostname;cba1-mxse-chesf.bkb.rnp.br;cce1-cba1-chesf.bkb.rnp.br;cpi1-cce1-chesf.bkb.rnp.br;cma1-cpi1-tlb.bkb.rnp.br;cpa1-cma1-mobwire.bkb.rnp.br;bpa1-cpa1.bkb.rnp.br;No-Hostname;monipe-pa-atraso.rnp.br
1749694301,2025-06-11 23:11:41,gateway;No-Hostname;cba1-mxse-chesf.bkb.rnp.br;cce1-cba1-chesf.bkb.rnp.br;cpi1-cce1-chesf.bkb.rnp.br;cma1-cpi1-tlb.bkb.rnp.br;cpa1-cma1-mobwire.bkb.rnp.br;bpa1-cpa1.bkb.rnp.br;No-Hostname;monipe-pa-atraso.rnp.br
1749694849,2025-06-11 23:20:49,gateway;No-Hostname;cba1-mxse-chesf.bkb.rnp.br;cpi1-cba1-chesf.bkb.rnp.br;cma1-cpi1-tlb.bkb.rnp.br;cpa1-cma1-mobwire.bkb.rnp.br;bpa1-cpa1.bkb.rnp.br;No-Hostname;monipe-pa-atraso.rnp.br
1749695606,2025-06-11 23:33:26,gateway;No-Hostname;cba1-mxse-chesf.bkb.rnp.br;cdf2-cba1-taesa.bkb.rnp.br;cdf1-cdf2.bkb.rnp.br;mxam-cdf1-3g-sitelbra.bkb.rnp.br;cap1-mxam-tlb.bkb.rnp.br;No-Hostname;No-Hostname;No-Hostname;No-Hostname;No-Hostname;No-Hostname;No-Hostname;No-Hostname;No-Hostname;No-Hostname;No-Hostname;No-Hostname;No-Hostname;No-Hostname;No-Hostname;No-Hostname;No-Hostname;No-Hostname;No-Hostname;No-Hostname;No-Hostname;No-Hostname;No-Hostname
1749696387,2025-06-11 23:46:27,gateway;No-Hostname;cba1-mxse-chesf.bkb.rnp.br;cpi1-cba1-chesf.bkb.rnp.br;cma1-cpi1-tlb.bkb.rnp.br;cpa1-cma1-mobwire.bkb.rnp.br;bpa1-cpa1.bkb.rnp.br;No-Hostname;monipe-pa-atraso.rnp.br
1749696971,2025-06-11 23:56:11,gateway;No-Hostname;cba1-mxse-chesf.bkb.rnp.br;cce1-cba1-chesf.bkb.rnp.br;cpi1-cce1-chesf.bkb.rnp.br;cma1-cpi1-tlb.bkb.rnp.br;cpa1-cma1-mobwire.bkb.rnp.br;bpa1-cpa1.bkb.rnp.br;No-Hostname;monipe-pa-atraso.rnp.br
1749697187,2025-06-11 23:59:47,gateway;No-Hostname;cba1-mxse-chesf.bkb.rnp.br;cce1-cba1-chesf.bkb.rnp.br;cpi1-cce1-chesf.bkb.rnp.br;cma1-cpi1-tlb.bkb.rnp.br;cpa1-cma1-mobwire.bkb.rnp.br;bpa1-cpa1.bkb.rnp.br;No-Hostname;monipe-pa-atraso.rnp.br
1749698049,2025-06-12 00:14:09,gateway;No-Hostname;cba1-mxse-chesf.bkb.rnp.br;cce1-cba1-chesf.bkb.rnp.br;cpi1-cce1-chesf.bkb.rnp.br;cma1-cpi1-tlb.bkb.rnp.br;cpa1-cma1-mobwire.bkb.rnp.br;bpa1-cpa1.bkb.rnp.br;No-Hostname;monipe-pa-atraso.rnp.br
1749698820,2025-06-12 00:27:00,gateway;No-Hostname;cba1-mxse-chesf.bkb.rnp.br;cpi1-cba1-chesf.bkb.rnp.br;cma1-cpi1-tlb.bkb.rnp.br;cpa1-cma1-mobwire.bkb.rnp.br;bpa1-cpa1.bkb.rnp.br;No-Hostname;monipe-pa-atraso.rnp.br
1749699240,2025-06-12 00:34:00,gateway;No-Hostname;cba1-mxse-chesf.bkb.rnp.br;No-Hostname;No-Hostname;No-Hostname;No-Hostname;No-Hostname;No-Hostname;No-Hostname;No-Hostname;No-Hostname;No-Hostname;No-Hostname;No-Hostname;No-Hostname;No-Hostname;No-Hostname;No-Hostname;No-Hostname;No-Hostname;No-Hostname;No-Hostname;No-Hostname;No-Hostname;No-Hostname;No-Hostname;No-Hostname;No-Hostname;No-Hostname
1749699569,2025-06-12 00:39:29,gateway;No-Hostname;cba1-mxse-chesf.bkb.rnp.br;No-Hostname;No-Hostname;No-Hostname;No-Hostname;No-Hostname;No-Hostname;No-Hostname;No-Hostname;No-Hostname;No-Hostname;No-Hostname;No-Hostname;No-Hostname;No-Hostname;No-Hostname;No-Hostname;No-Hostname;No-Hostname;No-Hostname;No-Hostname;No-Hostname;No-Hostname;No-Hostname;No-Hostname;No-Hostname;No-Hostname;No-Hostname
1749700206,2025-06-12 00:50:06,gateway;No-Hostname;cba1-mxse-chesf.bkb.rnp.br;cce1-cba1-chesf.bkb.rnp.br;cpi1-cce1-chesf.bkb.rnp.br;cma1-cpi1-tlb.bkb.rnp.br;cpa1-cma1-mobwire.bkb.rnp.br;bpa1-cpa1.bkb.rnp.br;No-Hostname;monipe-pa-atraso.rnp.br
1749701177,2025-06-12 01:06:17,gateway;No-Hostname;cba1-mxse-chesf.bkb.rnp.br;cce1-cba1-chesf.bkb.rnp.br;cpi1-cce1-chesf.bkb.rnp.br;cma1-cpi1-tlb.bkb.rnp.br;cpa1-cma1-mobwire.bkb.rnp.br;bpa1-cpa1.bkb.rnp.br;No-Hostname;monipe-pa-atraso.rnp.br
1749701774,2025-06-12 01:16:14,gateway;No-Hostname;cba1-mxse-chesf.bkb.rnp.br;cce1-cba1-chesf.bkb.rnp.br;cpi1-cce1-chesf.bkb.rnp.br;cma1-cpi1-tlb.bkb.rnp.br;cpa1-cma1-mobwire.bkb.rnp.br;bpa1-cpa1.bkb.rnp.br;No-Hostname;monipe-pa-atraso.rnp.br
1749702155,2025-06-12 01:22:35,gateway;No-Hostname;cba1-mxse-chesf.bkb.rnp.br;cce1-cba1-chesf.bkb.rnp.br;cpi1-cce1-chesf.bkb.rnp.br;cma1-cpi1-tlb.bkb.rnp.br;cpa1-cma1-mobwire.bkb.rnp.br;bpa1-cpa1.bkb.rnp.br;No-Hostname;monipe-pa-atraso.rnp.br
1749702630,2025-06-12 01:30:30,gateway;No-Hostname;cba1-mxse-chesf.bkb.rnp.br;cce1-cba1-chesf.bkb.rnp.br;cpi1-cce1-chesf.bkb.rnp.br;cma1-cpi1-tlb.bkb.rnp.br;cpa1-cma1-mobwire.bkb.rnp.br;bpa1-cpa1.bkb.rnp.br;No-Hostname;monipe-pa-atraso.rnp.br
1749703444,2025-06-12 01:44:04,gateway;No-Hostname;cba1-mxse-chesf.bkb.rnp.br;cdf2-cba1-taesa.bkb.rnp.br;cto1-cdf2-aloha.bkb.rnp.br;cpa1-cto1-tlb.bkb.rnp.br;bpa1-cpa1.bkb.rnp.br;No-Hostname;monipe-pa-atraso.rnp.br
1749703745,2025-06-12 01:49:05,gateway;No-Hostname;cba1-mxse-chesf.bkb.rnp.br;cdf2-cba1-taesa.bkb.rnp.br;cto1-cdf2-aloha.bkb.rnp.br;cpa1-cto1-tlb.bkb.rnp.br;bpa1-cpa1.bkb.rnp.br;No-Hostname;monipe-pa-atraso.rnp.br
1749704579,2025-06-12 02:02:59,gateway;No-Hostname;cba1-mxse-chesf.bkb.rnp.br;cpi1-cba1-chesf.bkb.rnp.br;cma1-cpi1-tlb.bkb.rnp.br;cpa1-cma1-mobwire.bkb.rnp.br;bpa1-cpa1.bkb.rnp.br;No-Hostname;monipe-pa-atraso.rnp.br
1749705334,2025-06-12 02:15:34,gateway;No-Hostname;cba1-mxse-chesf.bkb.rnp.br;cpi1-cba1-chesf.bkb.rnp.br;cma1-cpi1-tlb.bkb.rnp.br;cpa1-cma1-mobwire.bkb.rnp.br;bpa1-cpa1.bkb.rnp.br;No-Hostname;monipe-pa-atraso.rnp.br
1749705572,2025-06-12 02:19:32,gateway;No-Hostname;cba1-mxse-chesf.bkb.rnp.br;cpi1-cba1-chesf.bkb.rnp.br;cma1-cpi1-tlb.bkb.rnp.br;cpa1-cma1-mobwire.bkb.rnp.br;bpa1-cpa1.bkb.rnp.br;No-Hostname;monipe-pa-atraso.rnp.br
1749706127,2025-06-12 02:28:47,gateway;No-Hostname;cba1-mxse-chesf.bkb.rnp.br;cpi1-cba1-chesf.bkb.rnp.br;cma1-cpi1-tlb.bkb.rnp.br;cpa1-cma1-mobwire.bkb.rnp.br;bpa1-cpa1.bkb.rnp.br;No-Hostname;monipe-pa-atraso.rnp.br
1749707248,2025-06-12 02:47:28,gateway;No-Hostname;cba1-mxse-chesf.bkb.rnp.br;cdf2-cba1-taesa.bkb.rnp.br;cto1-cdf2-tlb.bkb.rnp.br;cpa1-cto1-tlb.bkb.rnp.br;bpa1-cpa1.bkb.rnp.br;No-Hostname;monipe-pa-atraso.rnp.br
1749707788,2025-06-12 02:56:28,gateway;No-Hostname;cba1-mxse-chesf.bkb.rnp.br;cpi1-cba1-chesf.bkb.rnp.br;cma1-cpi1-tlb.bkb.rnp.br;cpa1-cma1-mobwire.bkb.rnp.br;bpa1-cpa1.bkb.rnp.br;No-Hostname;monipe-pa-atraso.rnp.br
1749707961,2025-06-12 02:59:21,gateway;No-Hostname;cba1-mxse-chesf.bkb.rnp.br;cpi1-cba1-chesf.bkb.rnp.br;cma1-cpi1-tlb.bkb.rnp.br;cpa1-cma1-mobwire.bkb.rnp.br;bpa1-cpa1.bkb.rnp.br;No-Hostname;monipe-pa-atraso.rnp.br
1749708640,2025-06-12 03:10:40,gateway;No-Hostname;cba1-mxse-chesf.bkb.rnp.br;cpi1-cba1-chesf.bkb.rnp.br;cma1-cpi1-tlb.bkb.rnp.br;cpa1-cma1-mobwire.bkb.rnp.br;bpa1-cpa1.bkb.rnp.br;No-Hostname;monipe-pa-atraso.rnp.br
1749709628,2025-06-12 03:27:08,gateway;No-Hostname;cba1-mxse-chesf.bkb.rnp.br;cpi1-cba1-chesf.bkb.rnp.br;cma1-cpi1-tlb.bkb.rnp.br;cpa1-cma1-mobwire.bkb.rnp.br;bpa1-cpa1.bkb.rnp.br;No-Hostname;monipe-pa-atraso.rnp.br
1749710245,2025-06-12 03:37:25,gateway;No-Hostname;cba1-mxse-chesf.bkb.rnp.br;cce1-cba1-chesf.bkb.rnp.br;cpi1-cce1-chesf.bkb.rnp.br;cma1-cpi1-tlb.bkb.rnp.br;cpa1-cma1-mobwire.bkb.rnp.br;bpa1-cpa1.bkb.rnp.br;No-Hostname;monipe-pa-atraso.rnp.br
1749710829,2025-06-12 03:47:09,gateway;No-Hostname;cba1-mxse-chesf.bkb.rnp.br;cce1-cba1-chesf.bkb.rnp.br;cpi1-cce1-chesf.bkb.rnp.br;cma1-cpi1-tlb.bkb.rnp.br;cpa1-cma1-mobwire.bkb.rnp.br;bpa1-cpa1.bkb.rnp.br;No-Hostname;monipe-pa-atraso.rnp.br
1749711062,2025-06-12 03:51:02,gateway;No-Hostname;cba1-mxse-chesf.bkb.rnp.br;cce1-cba1-chesf.bkb.rnp.br;cpi1-cce1-chesf.bkb.rnp.br;cma1-cpi1-tlb.bkb.rnp.br;cpa1-cma1-mobwire.bkb.rnp.br;bpa1-cpa1.bkb.rnp.br;No-Hostname;monipe-pa-atraso.rnp.br
1749711600,2025-06-12 04:00:00,gateway;No-Hostname;cba1-mxse-chesf.bkb.rnp.br;cce1-cba1-chesf.bkb.rnp.br;cpi1-cce1-chesf.bkb.rnp.br;cma1-cpi1-tlb.bkb.rnp.br;cpa1-cma1-mobwire.bkb.rnp.br;bpa1-cpa1.bkb.rnp.br;No-Hostname;monipe-pa-atraso.rnp.br
1749712509,2025-06-12 04:15:09,gateway;No-Hostname;cba1-mxse-chesf.bkb.rnp.br;cce1-cba1-chesf.bkb.rnp.br;cpi1-cce1-chesf.bkb.rnp.br;cma1-cpi1-tlb.bkb.rnp.br;cpa1-cma1-mobwire.bkb.rnp.br;bpa1-cpa1.bkb.rnp.br;No-Hostname;monipe-pa-atraso.rnp.br
1749712733,2025-06-12 04:18:53,gateway;No-Hostname;cba1-mxse-chesf.bkb.rnp.br;cce1-cba1-chesf.bkb.rnp.br;cpi1-cce1-chesf.bkb.rnp.br;cma1-cpi1-tlb.bkb.rnp.br;cpa1-cma1-mobwire.bkb.rnp.br;bpa1-cpa1.bkb.rnp.br;No-Hostname;monipe-pa-atraso.rnp.br
1749713809,2025-06-12 04:36:49,gateway;No-Hostname;cba1-mxse-chesf.bkb.rnp.br;cpi1-cba1-chesf.bkb.rnp.br;cma1-cpi1-tlb.bkb.rnp.br;cpa1-cma1-mobwire.bkb.rnp.br;bpa1-cpa1.bkb.rnp.br;No-Hostname;monipe-pa-atraso.rnp.br
1749714300,2025-06-12 04:45:00,gateway;No-Hostname;cba1-mxse-chesf.bkb.rnp.br;cpi1-cba1-chesf.bkb.rnp.br;cma1-cpi1-tlb.bkb.rnp.br;cpa1-cma1-mobwire.bkb.rnp.br;bpa1-cpa1.bkb.rnp.br;No-Hostname;monipe-pa-atraso.rnp.br
1749714863,2025-06-12 04:54:23,gateway;No-Hostname;cba1-mxse-chesf.bkb.rnp.br;cpi1-cba1-chesf.bkb.rnp.br;cma1-cpi1-tlb.bkb.rnp.br;cpa1-cma1-mobwire.bkb.rnp.br;bpa1-cpa1.bkb.rnp.br;No-Hostname;monipe-pa-atraso.rnp.br
1749715138,2025-06-12 04:58:58,gateway;No-Hostname;cba1-mxse-chesf.bkb.rnp.br;cpi1-cba1-chesf.bkb.rnp.br;cma1-cpi1-tlb.bkb.rnp.br;cpa1-cma1-mobwire.bkb.rnp.br;bpa1-cpa1.bkb.rnp.br;No-Hostname;monipe-pa-atraso.rnp.br
1749716197,2025-06-12 05:16:37,gateway;No-Hostname;cba1-mxse-chesf.bkb.rnp.br;cpi1-cba1-chesf.bkb.rnp.br;cma1-cpi1-tlb.bkb.rnp.br;cpa1-cma1-mobwire.bkb.rnp.br;bpa1-cpa1.bkb.rnp.br;No-Hostname;monipe-pa-atraso.rnp.br
1749716714,2025-06-12 05:25:14,gateway;No-Hostname;cba1-mxse-chesf.bkb.rnp.br;cpi1-cba1-chesf.bkb.rnp.br;cma1-cpi1-tlb.bkb.rnp.br;cpa1-cma1-mobwire.bkb.rnp.br;bpa1-cpa1.bkb.rnp.br;No-Hostname;monipe-pa-atraso.rnp.br
1749717110,2025-06-12 05:31:50,gateway;No-Hostname;cba1-mxse-chesf.bkb.rnp.br;cpi1-cba1-chesf.bkb.rnp.br;cma1-cpi1-tlb.bkb.rnp.br;cpa1-cma1-mobwire.bkb.rnp.br;bpa1-cpa1.bkb.rnp.br;No-Hostname;monipe-pa-atraso.rnp.br
1749717748,2025-06-12 05:42:28,gateway;No-Hostname;cba1-mxse-chesf.bkb.rnp.br;cpi1-cba1-chesf.bkb.rnp.br;cma1-cpi1-tlb.bkb.rnp.br;cpa1-cma1-mobwire.bkb.rnp.br;bpa1-cpa1.bkb.rnp.br;No-Hostname;monipe-pa-atraso.rnp.br
1749718631,2025-06-12 05:57:11,gateway;No-Hostname;cba1-mxse-chesf.bkb.rnp.br;cpi1-cba1-chesf.bkb.rnp.br;cma1-cpi1-tlb.bkb.rnp.br;cpa1-cma1-mobwire.bkb.rnp.br;bpa1-cpa1.bkb.rnp.br;No-Hostname;monipe-pa-atraso.rnp.br
1749718802,2025-06-12 06:00:02,gateway;No-Hostname;cba1-mxse-chesf.bkb.rnp.br;cpi1-cba1-chesf.bkb.rnp.br;cma1-cpi1-tlb.bkb.rnp.br;cpa1-cma1-mobwire.bkb.rnp.br;bpa1-cpa1.bkb.rnp.br;No-Hostname;monipe-pa-atraso.rnp.br
1749719611,2025-06-12 06:13:31,gateway;No-Hostname;cba1-mxse-chesf.bkb.rnp.br;cpi1-cba1-chesf.bkb.rnp.br;cma1-cpi1-tlb.bkb.rnp.br;cpa1-cma1-mobwire.bkb.rnp.br;bpa1-cpa1.bkb.rnp.br;No-Hostname;monipe-pa-atraso.rnp.br
1749720326,2025-06-12 06:25:26,gateway;No-Hostname;cba1-mxse-chesf.bkb.rnp.br;cpi1-cba1-chesf.bkb.rnp.br;cma1-cpi1-tlb.bkb.rnp.br;cpa1-cma1-mobwire.bkb.rnp.br;bpa1-cpa1.bkb.rnp.br;No-Hostname;monipe-pa-atraso.rnp.br
1749720717,2025-06-12 06:31:57,gateway;No-Hostname;cba1-mxse-chesf.bkb.rnp.br;cpi1-cba1-chesf.bkb.rnp.br;cma1-cpi1-tlb.bkb.rnp.br;cpa1-cma1-mobwire.bkb.rnp.br;bpa1-cpa1.bkb.rnp.br;No-Hostname;monipe-pa-atraso.rnp.br
1749721303,2025-06-12 06:41:43,gateway;No-Hostname;cba1-mxse-chesf.bkb.rnp.br;cpi1-cba1-chesf.bkb.rnp.br;cma1-cpi1-tlb.bkb.rnp.br;cpa1-cma1-mobwire.bkb.rnp.br;bpa1-cpa1.bkb.rnp.br;No-Hostname;monipe-pa-atraso.rnp.br
1749721801,2025-06-12 06:50:01,gateway;No-Hostname;cba1-mxse-chesf.bkb.rnp.br;cpi1-cba1-chesf.bkb.rnp.br;cma1-cpi1-tlb.bkb.rnp.br;cpa1-cma1-mobwire.bkb.rnp.br;bpa1-cpa1.bkb.rnp.br;No-Hostname;monipe-pa-atraso.rnp.br
1749722644,2025-06-12 07:04:04,gateway;No-Hostname;cba1-mxse-chesf.bkb.rnp.br;cpi1-cba1-chesf.bkb.rnp.br;cma1-cpi1-tlb.bkb.rnp.br;cpa1-cma1-mobwire.bkb.rnp.br;bpa1-cpa1.bkb.rnp.br;No-Hostname;monipe-pa-atraso.rnp.br
1749723401,2025-06-12 07:16:41,gateway;No-Hostname;cba1-mxse-chesf.bkb.rnp.br;cpi1-cba1-chesf.bkb.rnp.br;cma1-cpi1-tlb.bkb.rnp.br;cpa1-cma1-mobwire.bkb.rnp.br;bpa1-cpa1.bkb.rnp.br;No-Hostname;monipe-pa-atraso.rnp.br
1749723762,2025-06-12 07:22:42,gateway;No-Hostname;cba1-mxse-chesf.bkb.rnp.br;cce1-cba1-chesf.bkb.rnp.br;cpi1-cce1-chesf.bkb.rnp.br;cma1-cpi1-tlb.bkb.rnp.br;cpa1-cma1-mobwire.bkb.rnp.br;bpa1-cpa1.bkb.rnp.br;No-Hostname;monipe-pa-atraso.rnp.br
1749724579,2025-06-12 07:36:19,gateway;No-Hostname;cba1-mxse-chesf.bkb.rnp.br;cpi1-cba1-chesf.bkb.rnp.br;cma1-cpi1-tlb.bkb.rnp.br;cpa1-cma1-mobwire.bkb.rnp.br;bpa1-cpa1.bkb.rnp.br;No-Hostname;monipe-pa-atraso.rnp.br
1749725032,2025-06-12 07:43:52,gateway;No-Hostname;cba1-mxse-chesf.bkb.rnp.br;cpi1-cba1-chesf.bkb.rnp.br;cma1-cpi1-tlb.bkb.rnp.br;cpa1-cma1-mobwire.bkb.rnp.br;bpa1-cpa1.bkb.rnp.br;No-Hostname;monipe-pa-atraso.rnp.br
1749725613,2025-06-12 07:53:33,gateway;No-Hostname;cba1-mxse-chesf.bkb.rnp.br;cpi1-cba1-chesf.bkb.rnp.br;cma1-cpi1-tlb.bkb.rnp.br;cpa1-cma1-mobwire.bkb.rnp.br;bpa1-cpa1.bkb.rnp.br;No-Hostname;monipe-pa-atraso.rnp.br
1749726421,2025-06-12 08:07:01,gateway;No-Hostname;cba1-mxse-chesf.bkb.rnp.br;cpi1-cba1-chesf.bkb.rnp.br;cma1-cpi1-tlb.bkb.rnp.br;cpa1-cma1-mobwire.bkb.rnp.br;bpa1-cpa1.bkb.rnp.br;No-Hostname;monipe-pa-atraso.rnp.br
1749726704,2025-06-12 08:11:44,gateway;No-Hostname;cba1-mxse-chesf.bkb.rnp.br;cpi1-cba1-chesf.bkb.rnp.br;cma1-cpi1-tlb.bkb.rnp.br;cpa1-cma1-mobwire.bkb.rnp.br;bpa1-cpa1.bkb.rnp.br;No-Hostname;monipe-pa-atraso.rnp.br
1749727174,2025-06-12 08:19:34,gateway;No-Hostname;cba1-mxse-chesf.bkb.rnp.br;cpi1-cba1-chesf.bkb.rnp.br;cma1-cpi1-tlb.bkb.rnp.br;cpa1-cma1-mobwire.bkb.rnp.br;bpa1-cpa1.bkb.rnp.br;No-Hostname;monipe-pa-atraso.rnp.br
1749728168,2025-06-12 08:36:08,gateway;No-Hostname;cba1-mxse-chesf.bkb.rnp.br;cce1-cba1-chesf.bkb.rnp.br;cpi1-cce1-chesf.bkb.rnp.br;cma1-cpi1-tlb.bkb.rnp.br;cpa1-cma1-mobwire.bkb.rnp.br;bpa1-cpa1.bkb.rnp.br;No-Hostname;monipe-pa-atraso.rnp.br
1749728612,2025-06-12 08:43:32,gateway;No-Hostname;cba1-mxse-chesf.bkb.rnp.br;cce1-cba1-chesf.bkb.rnp.br;cpi1-cce1-chesf.bkb.rnp.br;cma1-cpi1-tlb.bkb.rnp.br;cpa1-cma1-mobwire.bkb.rnp.br;bpa1-cpa1.bkb.rnp.br;No-Hostname;monipe-pa-atraso.rnp.br
1749729422,2025-06-12 08:57:02,gateway;No-Hostname;cba1-mxse-chesf.bkb.rnp.br;cpi1-cba1-chesf.bkb.rnp.br;cma1-cpi1-tlb.bkb.rnp.br;cpa1-cma1-mobwire.bkb.rnp.br;bpa1-cpa1.bkb.rnp.br;No-Hostname;monipe-pa-atraso.rnp.br
1749729635,2025-06-12 09:00:35,gateway;No-Hostname;cba1-mxse-chesf.bkb.rnp.br;cpi1-cba1-chesf.bkb.rnp.br;cma1-cpi1-tlb.bkb.rnp.br;cpa1-cma1-mobwire.bkb.rnp.br;bpa1-cpa1.bkb.rnp.br;No-Hostname;monipe-pa-atraso.rnp.br
1749730306,2025-06-12 09:11:46,gateway;No-Hostname;cba1-mxse-chesf.bkb.rnp.br;cpi1-cba1-chesf.bkb.rnp.br;cma1-cpi1-tlb.bkb.rnp.br;cpa1-cma1-mobwire.bkb.rnp.br;bpa1-cpa1.bkb.rnp.br;No-Hostname;monipe-pa-atraso.rnp.br
1749730744,2025-06-12 09:19:04,gateway;No-Hostname;cba1-mxse-chesf.bkb.rnp.br;cpi1-cba1-chesf.bkb.rnp.br;cma1-cpi1-tlb.bkb.rnp.br;cpa1-cma1-mobwire.bkb.rnp.br;bpa1-cpa1.bkb.rnp.br;No-Hostname;monipe-pa-atraso.rnp.br
1749731848,2025-06-12 09:37:28,gateway;No-Hostname;cba1-mxse-chesf.bkb.rnp.br;cce1-cba1-chesf.bkb.rnp.br;cpi1-cce1-chesf.bkb.rnp.br;cma1-cpi1-tlb.bkb.rnp.br;cpa1-cma1-mobwire.bkb.rnp.br;bpa1-cpa1.bkb.rnp.br;No-Hostname;monipe-pa-atraso.rnp.br
1749732249,2025-06-12 09:44:09,gateway;No-Hostname;cba1-mxse-chesf.bkb.rnp.br;cce1-cba1-chesf.bkb.rnp.br;cpi1-cce1-chesf.bkb.rnp.br;cma1-cpi1-tlb.bkb.rnp.br;cpa1-cma1-mobwire.bkb.rnp.br;bpa1-cpa1.bkb.rnp.br;No-Hostname;monipe-pa-atraso.rnp.br
1749732875,2025-06-12 09:54:35,gateway;No-Hostname;cba1-mxse-chesf.bkb.rnp.br;cdf2-cba1-taesa.bkb.rnp.br;cto1-cdf2-aloha.bkb.rnp.br;cpa1-cto1-tlb.bkb.rnp.br;bpa1-cpa1.bkb.rnp.br;No-Hostname;monipe-pa-atraso.rnp.br
1749733505,2025-06-12 10:05:05,gateway;No-Hostname;cba1-mxse-chesf.bkb.rnp.br;cdf2-cba1-taesa.bkb.rnp.br;cto1-cdf2-aloha.bkb.rnp.br;cpa1-cto1-tlb.bkb.rnp.br;bpa1-cpa1.bkb.rnp.br;No-Hostname;monipe-pa-atraso.rnp.br
1749733936,2025-06-12 10:12:16,gateway;No-Hostname;cba1-mxse-chesf.bkb.rnp.br;cdf2-cba1-taesa.bkb.rnp.br;cto1-cdf2-aloha.bkb.rnp.br;cpa1-cto1-tlb.bkb.rnp.br;bpa1-cpa1.bkb.rnp.br;No-Hostname;monipe-pa-atraso.rnp.br
1749734473,2025-06-12 10:21:13,gateway;No-Hostname;cba1-mxse-chesf.bkb.rnp.br;cce1-cba1-chesf.bkb.rnp.br;cpi1-cce1-chesf.bkb.rnp.br;cma1-cpi1-tlb.bkb.rnp.br;cpa1-cma1-mobwire.bkb.rnp.br;bpa1-cpa1.bkb.rnp.br;No-Hostname;monipe-pa-atraso.rnp.br
1749735005,2025-06-12 10:30:05,gateway;No-Hostname;cba1-mxse-chesf.bkb.rnp.br;cce1-cba1-chesf.bkb.rnp.br;cpi1-cce1-chesf.bkb.rnp.br;cma1-cpi1-tlb.bkb.rnp.br;cpa1-cma1-mobwire.bkb.rnp.br;bpa1-cpa1.bkb.rnp.br;No-Hostname;monipe-pa-atraso.rnp.br
1749735634,2025-06-12 10:40:34,gateway;No-Hostname;cba1-mxse-chesf.bkb.rnp.br;cce1-cba1-chesf.bkb.rnp.br;cpi1-cce1-chesf.bkb.rnp.br;cma1-cpi1-tlb.bkb.rnp.br;cpa1-cma1-mobwire.bkb.rnp.br;bpa1-cpa1.bkb.rnp.br;No-Hostname;monipe-pa-atraso.rnp.br
1749736583,2025-06-12 10:56:23,gateway;No-Hostname;cba1-mxse-chesf.bkb.rnp.br;cce1-cba1-chesf.bkb.rnp.br;cpi1-cce1-chesf.bkb.rnp.br;cma1-cpi1-tlb.bkb.rnp.br;cpa1-cma1-mobwire.bkb.rnp.br;bpa1-cpa1.bkb.rnp.br;No-Hostname;monipe-pa-atraso.rnp.br
1749737068,2025-06-12 11:04:28,gateway;No-Hostname;cba1-mxse-chesf.bkb.rnp.br;cce1-cba1-chesf.bkb.rnp.br;cpi1-cce1-chesf.bkb.rnp.br;cma1-cpi1-tlb.bkb.rnp.br;cpa1-cma1-mobwire.bkb.rnp.br;bpa1-cpa1.bkb.rnp.br;No-Hostname;monipe-pa-atraso.rnp.br
1749737424,2025-06-12 11:10:24,gateway;No-Hostname;cba1-mxse-chesf.bkb.rnp.br;cce1-cba1-chesf.bkb.rnp.br;cpi1-cce1-chesf.bkb.rnp.br;cma1-cpi1-tlb.bkb.rnp.br;cpa1-cma1-mobwire.bkb.rnp.br;bpa1-cpa1.bkb.rnp.br;No-Hostname;monipe-pa-atraso.rnp.br
1749738064,2025-06-12 11:21:04,gateway;No-Hostname;cba1-mxse-chesf.bkb.rnp.br;cpi1-cba1-chesf.bkb.rnp.br;cma1-cpi1-tlb.bkb.rnp.br;cpa1-cma1-mobwire.bkb.rnp.br;bpa1-cpa1.bkb.rnp.br;No-Hostname;monipe-pa-atraso.rnp.br
1749738687,2025-06-12 11:31:27,gateway;No-Hostname;cba1-mxse-chesf.bkb.rnp.br;cpi1-cba1-chesf.bkb.rnp.br;cma1-cpi1-tlb.bkb.rnp.br;cpa1-cma1-mobwire.bkb.rnp.br;bpa1-cpa1.bkb.rnp.br;No-Hostname;monipe-pa-atraso.rnp.br
1749739380,2025-06-12 11:43:00,gateway;No-Hostname;cba1-mxse-chesf.bkb.rnp.br;cpi1-cba1-chesf.bkb.rnp.br;cma1-cpi1-tlb.bkb.rnp.br;cpa1-cma1-mobwire.bkb.rnp.br;bpa1-cpa1.bkb.rnp.br;No-Hostname;monipe-pa-atraso.rnp.br
1749739905,2025-06-12 11:51:45,gateway;No-Hostname;cba1-mxse-chesf.bkb.rnp.br;cce1-cba1-chesf.bkb.rnp.br;cpi1-cce1-chesf.bkb.rnp.br;cma1-cpi1-tlb.bkb.rnp.br;cpa1-cma1-mobwire.bkb.rnp.br;bpa1-cpa1.bkb.rnp.br;No-Hostname;monipe-pa-atraso.rnp.br
1749740403,2025-06-12 12:00:03,gateway;No-Hostname;cba1-mxse-chesf.bkb.rnp.br;cce1-cba1-chesf.bkb.rnp.br;cpi1-cce1-chesf.bkb.rnp.br;cma1-cpi1-tlb.bkb.rnp.br;cpa1-cma1-mobwire.bkb.rnp.br;bpa1-cpa1.bkb.rnp.br;No-Hostname;monipe-pa-atraso.rnp.br
1749740970,2025-06-12 12:09:30,gateway;No-Hostname;cba1-mxse-chesf.bkb.rnp.br;cce1-cba1-chesf.bkb.rnp.br;cpi1-cce1-chesf.bkb.rnp.br;cma1-cpi1-tlb.bkb.rnp.br;cpa1-cma1-mobwire.bkb.rnp.br;bpa1-cpa1.bkb.rnp.br;No-Hostname;monipe-pa-atraso.rnp.br
1749741733,2025-06-12 12:22:13,gateway;No-Hostname;cba1-mxse-chesf.bkb.rnp.br;cce1-cba1-chesf.bkb.rnp.br;cpi1-cce1-chesf.bkb.rnp.br;cma1-cpi1-tlb.bkb.rnp.br;cpa1-cma1-mobwire.bkb.rnp.br;bpa1-cpa1.bkb.rnp.br;No-Hostname;monipe-pa-atraso.rnp.br
1749742537,2025-06-12 12:35:37,gateway;No-Hostname;cba1-mxse-chesf.bkb.rnp.br;cce1-cba1-chesf.bkb.rnp.br;cpi1-cce1-chesf.bkb.rnp.br;cma1-cpi1-tlb.bkb.rnp.br;cpa1-cma1-mobwire.bkb.rnp.br;bpa1-cpa1.bkb.rnp.br;No-Hostname;monipe-pa-atraso.rnp.br
1749743212,2025-06-12 12:46:52,gateway;No-Hostname;cba1-mxse-chesf.bkb.rnp.br;cce1-cba1-chesf.bkb.rnp.br;cpi1-cce1-chesf.bkb.rnp.br;cma1-cpi1-tlb.bkb.rnp.br;cpa1-cma1-mobwire.bkb.rnp.br;bpa1-cpa1.bkb.rnp.br;No-Hostname;monipe-pa-atraso.rnp.br
1749743343,2025-06-12 12:49:03,gateway;No-Hostname;cba1-mxse-chesf.bkb.rnp.br;cce1-cba1-chesf.bkb.rnp.br;cpi1-cce1-chesf.bkb.rnp.br;cma1-cpi1-tlb.bkb.rnp.br;cpa1-cma1-mobwire.bkb.rnp.br;bpa1-cpa1.bkb.rnp.br;No-Hostname;monipe-pa-atraso.rnp.br
1749744017,2025-06-12 13:00:17,gateway;No-Hostname;cba1-mxse-chesf.bkb.rnp.br;cdf2-cba1-taesa.bkb.rnp.br;cto1-cdf2-tlb.bkb.rnp.br;cpa1-cto1-tlb.bkb.rnp.br;bpa1-cpa1.bkb.rnp.br;No-Hostname;monipe-pa-atraso.rnp.br
1749744956,2025-06-12 13:15:56,gateway;No-Hostname;cba1-mxse-chesf.bkb.rnp.br;cdf2-cba1-taesa.bkb.rnp.br;cto1-cdf2-tlb.bkb.rnp.br;cpa1-cto1-tlb.bkb.rnp.br;bpa1-cpa1.bkb.rnp.br;No-Hostname;monipe-pa-atraso.rnp.br
1749745308,2025-06-12 13:21:48,gateway;No-Hostname;cba1-mxse-chesf.bkb.rnp.br;cce1-cba1-chesf.bkb.rnp.br;cpi1-cce1-chesf.bkb.rnp.br;cma1-cpi1-tlb.bkb.rnp.br;cpa1-cma1-mobwire.bkb.rnp.br;bpa1-cpa1.bkb.rnp.br;No-Hostname;monipe-pa-atraso.rnp.br
1749745956,2025-06-12 13:32:36,gateway;No-Hostname;cba1-mxse-chesf.bkb.rnp.br;cce1-cba1-chesf.bkb.rnp.br;cpi1-cce1-chesf.bkb.rnp.br;cma1-cpi1-tlb.bkb.rnp.br;cpa1-cma1-mobwire.bkb.rnp.br;bpa1-cpa1.bkb.rnp.br;No-Hostname;monipe-pa-atraso.rnp.br
1749746543,2025-06-12 13:42:23,gateway;No-Hostname;cba1-mxse-chesf.bkb.rnp.br;cce1-cba1-chesf.bkb.rnp.br;cpi1-cce1-chesf.bkb.rnp.br;cma1-cpi1-tlb.bkb.rnp.br;cpa1-cma1-mobwire.bkb.rnp.br;bpa1-cpa1.bkb.rnp.br;No-Hostname;monipe-pa-atraso.rnp.br
1749747572,2025-06-12 13:59:32,gateway;No-Hostname;cba1-mxse-chesf.bkb.rnp.br;cce1-cba1-chesf.bkb.rnp.br;cpi1-cce1-chesf.bkb.rnp.br;cma1-cpi1-tlb.bkb.rnp.br;cpa1-cma1-mobwire.bkb.rnp.br;bpa1-cpa1.bkb.rnp.br;No-Hostname;monipe-pa-atraso.rnp.br
1749748402,2025-06-12 14:13:22,gateway;No-Hostname;cba1-mxse-chesf.bkb.rnp.br;cce1-cba1-chesf.bkb.rnp.br;cpi1-cce1-chesf.bkb.rnp.br;cma1-cpi1-tlb.bkb.rnp.br;cpa1-cma1-mobwire.bkb.rnp.br;bpa1-cpa1.bkb.rnp.br;No-Hostname;monipe-pa-atraso.rnp.br
1749749219,2025-06-12 14:26:59,gateway;No-Hostname;cba1-mxse-chesf.bkb.rnp.br;cdf2-cba1-taesa.bkb.rnp.br;cto1-cdf2-aloha.bkb.rnp.br;cpa1-cto1-tlb.bkb.rnp.br;bpa1-cpa1.bkb.rnp.br;No-Hostname;monipe-pa-atraso.rnp.br
1749749627,2025-06-12 14:33:47,gateway;No-Hostname;cba1-mxse-chesf.bkb.rnp.br;cdf2-cba1-taesa.bkb.rnp.br;cto1-cdf2-aloha.bkb.rnp.br;cpa1-cto1-tlb.bkb.rnp.br;bpa1-cpa1.bkb.rnp.br;No-Hostname;monipe-pa-atraso.rnp.br
1749749992,2025-06-12 14:39:52,gateway;No-Hostname;cba1-mxse-chesf.bkb.rnp.br;cdf2-cba1-taesa.bkb.rnp.br;cto1-cdf2-tlb.bkb.rnp.br;cpa1-cto1-tlb.bkb.rnp.br;bpa1-cpa1.bkb.rnp.br;No-Hostname;monipe-pa-atraso.rnp.br
1749751028,2025-06-12 14:57:08,gateway;No-Hostname;cba1-mxse-chesf.bkb.rnp.br;cce1-cba1-chesf.bkb.rnp.br;cpi1-cce1-chesf.bkb.rnp.br;cma1-cpi1-tlb.bkb.rnp.br;cpa1-cma1-mobwire.bkb.rnp.br;bpa1-cpa1.bkb.rnp.br;No-Hostname;monipe-pa-atraso.rnp.br
1749751167,2025-06-12 14:59:27,gateway;No-Hostname;cba1-mxse-chesf.bkb.rnp.br;cce1-cba1-chesf.bkb.rnp.br;cpi1-cce1-chesf.bkb.rnp.br;cma1-cpi1-tlb.bkb.rnp.br;cpa1-cma1-mobwire.bkb.rnp.br;bpa1-cpa1.bkb.rnp.br;No-Hostname;monipe-pa-atraso.rnp.br
1749752020,2025-06-12 15:13:40,gateway;No-Hostname;cba1-mxse-chesf.bkb.rnp.br;cce1-cba1-chesf.bkb.rnp.br;cpi1-cce1-chesf.bkb.rnp.br;cma1-cpi1-tlb.bkb.rnp.br;cpa1-cma1-mobwire.bkb.rnp.br;bpa1-cpa1.bkb.rnp.br;No-Hostname;monipe-pa-atraso.rnp.br
1749752465,2025-06-12 15:21:05,gateway;No-Hostname;cba1-mxse-chesf.bkb.rnp.br;cdf2-cba1-taesa.bkb.rnp.br;cto1-cdf2-aloha.bkb.rnp.br;cpa1-cto1-tlb.bkb.rnp.br;bpa1-cpa1.bkb.rnp.br;No-Hostname;monipe-pa-atraso.rnp.br
1749753390,2025-06-12 15:36:30,gateway;No-Hostname;cba1-mxse-chesf.bkb.rnp.br;cdf2-cba1-taesa.bkb.rnp.br;cto1-cdf2-aloha.bkb.rnp.br;cpa1-cto1-tlb.bkb.rnp.br;bpa1-cpa1.bkb.rnp.br;No-Hostname;monipe-pa-atraso.rnp.br
1749753633,2025-06-12 15:40:33,gateway;No-Hostname;cba1-mxse-chesf.bkb.rnp.br;cdf2-cba1-taesa.bkb.rnp.br;cto1-cdf2-aloha.bkb.rnp.br;cpa1-cto1-tlb.bkb.rnp.br;bpa1-cpa1.bkb.rnp.br;No-Hostname;monipe-pa-atraso.rnp.br
1749754243,2025-06-12 15:50:43,gateway;No-Hostname;cba1-mxse-chesf.bkb.rnp.br;cdf2-cba1-taesa.bkb.rnp.br;cto1-cdf2-aloha.bkb.rnp.br;cpa1-cto1-tlb.bkb.rnp.br;bpa1-cpa1.bkb.rnp.br;No-Hostname;monipe-pa-atraso.rnp.br
1749755101,2025-06-12 16:05:01,gateway;No-Hostname;cba1-mxse-chesf.bkb.rnp.br;cce1-cba1-chesf.bkb.rnp.br;cpi1-cce1-chesf.bkb.rnp.br;cma1-cpi1-tlb.bkb.rnp.br;cpa1-cma1-mobwire.bkb.rnp.br;bpa1-cpa1.bkb.rnp.br;No-Hostname;monipe-pa-atraso.rnp.br
1749755835,2025-06-12 16:17:15,gateway;No-Hostname;cba1-mxse-chesf.bkb.rnp.br;cce1-cba1-chesf.bkb.rnp.br;cpi1-cce1-chesf.bkb.rnp.br;cma1-cpi1-tlb.bkb.rnp.br;cpa1-cma1-mobwire.bkb.rnp.br;bpa1-cpa1.bkb.rnp.br;No-Hostname;monipe-pa-atraso.rnp.br
1749756277,2025-06-12 16:24:37,gateway;No-Hostname;cba1-mxse-chesf.bkb.rnp.br;cce1-cba1-chesf.bkb.rnp.br;cpi1-cce1-chesf.bkb.rnp.br;cma1-cpi1-tlb.bkb.rnp.br;cpa1-cma1-mobwire.bkb.rnp.br;bpa1-cpa1.bkb.rnp.br;No-Hostname;monipe-pa-atraso.rnp.br
1749757016,2025-06-12 16:36:56,gateway;No-Hostname;cba1-mxse-chesf.bkb.rnp.br;cce1-cba1-chesf.bkb.rnp.br;cpi1-cce1-chesf.bkb.rnp.br;cma1-cpi1-tlb.bkb.rnp.br;cpa1-cma1-mobwire.bkb.rnp.br;bpa1-cpa1.bkb.rnp.br;No-Hostname;monipe-pa-atraso.rnp.br
1749757138,2025-06-12 16:38:58,gateway;No-Hostname;cba1-mxse-chesf.bkb.rnp.br;cce1-cba1-chesf.bkb.rnp.br;cpi1-cce1-chesf.bkb.rnp.br;cma1-cpi1-tlb.bkb.rnp.br;cpa1-cma1-mobwire.bkb.rnp.br;bpa1-cpa1.bkb.rnp.br;No-Hostname;monipe-pa-atraso.rnp.br
1749758091,2025-06-12 16:54:51,gateway;No-Hostname;cba1-mxse-chesf.bkb.rnp.br;cce1-cba1-chesf.bkb.rnp.br;cpi1-cce1-chesf.bkb.rnp.br;cma1-cpi1-tlb.bkb.rnp.br;cpa1-cma1-mobwire.bkb.rnp.br;bpa1-cpa1.bkb.rnp.br;No-Hostname;monipe-pa-atraso.rnp.br
1749758675,2025-06-12 17:04:35,gateway;No-Hostname;cba1-mxse-chesf.bkb.rnp.br;cce1-cba1-chesf.bkb.rnp.br;cpi1-cce1-chesf.bkb.rnp.br;cma1-cpi1-tlb.bkb.rnp.br;cpa1-cma1-mobwire.bkb.rnp.br;bpa1-cpa1.bkb.rnp.br;No-Hostname;monipe-pa-atraso.rnp.br
1749759307,2025-06-12 17:15:07,gateway;No-Hostname;cba1-mxse-chesf.bkb.rnp.br;cce1-cba1-chesf.bkb.rnp.br;cpi1-cce1-chesf.bkb.rnp.br;cma1-cpi1-tlb.bkb.rnp.br;cpa1-cma1-mobwire.bkb.rnp.br;bpa1-cpa1.bkb.rnp.br;No-Hostname;monipe-pa-atraso.rnp.br
1749759941,2025-06-12 17:25:41,gateway;No-Hostname;cba1-mxse-chesf.bkb.rnp.br;cpi1-cba1-chesf.bkb.rnp.br;cma1-cpi1-tlb.bkb.rnp.br;cpa1-cma1-mobwire.bkb.rnp.br;bpa1-cpa1.bkb.rnp.br;No-Hostname;monipe-pa-atraso.rnp.br
1749760607,2025-06-12 17:36:47,gateway;No-Hostname;cba1-mxse-chesf.bkb.rnp.br;cpi1-cba1-chesf.bkb.rnp.br;cma1-cpi1-tlb.bkb.rnp.br;cpa1-cma1-mobwire.bkb.rnp.br;bpa1-cpa1.bkb.rnp.br;No-Hostname;monipe-pa-atraso.rnp.br
1749760752,2025-06-12 17:39:12,gateway;No-Hostname;cba1-mxse-chesf.bkb.rnp.br;cpi1-cba1-chesf.bkb.rnp.br;cma1-cpi1-tlb.bkb.rnp.br;cpa1-cma1-mobwire.bkb.rnp.br;bpa1-cpa1.bkb.rnp.br;No-Hostname;monipe-pa-atraso.rnp.br
1749761471,2025-06-12 17:51:11,gateway;No-Hostname;cba1-mxse-chesf.bkb.rnp.br;cce1-cba1-chesf.bkb.rnp.br;cpi1-cce1-chesf.bkb.rnp.br;cma1-cpi1-tlb.bkb.rnp.br;cpa1-cma1-mobwire.bkb.rnp.br;bpa1-cpa1.bkb.rnp.br;No-Hostname;monipe-pa-atraso.rnp.br
1749762092,2025-06-12 18:01:32,gateway;No-Hostname;cba1-mxse-chesf.bkb.rnp.br;cce1-cba1-chesf.bkb.rnp.br;cpi1-cce1-chesf.bkb.rnp.br;cma1-cpi1-tlb.bkb.rnp.br;cpa1-cma1-mobwire.bkb.rnp.br;bpa1-cpa1.bkb.rnp.br;No-Hostname;monipe-pa-atraso.rnp.br
1749763055,2025-06-12 18:17:35,gateway;No-Hostname;cba1-mxse-chesf.bkb.rnp.br;cce1-cba1-chesf.bkb.rnp.br;cpi1-cce1-chesf.bkb.rnp.br;cma1-cpi1-tlb.bkb.rnp.br;cpa1-cma1-mobwire.bkb.rnp.br;bpa1-cpa1.bkb.rnp.br;No-Hostname;monipe-pa-atraso.rnp.br
1749763237,2025-06-12 18:20:37,gateway;No-Hostname;cba1-mxse-chesf.bkb.rnp.br;cdf2-cba1-taesa.bkb.rnp.br;cto1-cdf2-tlb.bkb.rnp.br;cpa1-cto1-tlb.bkb.rnp.br;bpa1-cpa1.bkb.rnp.br;No-Hostname;monipe-pa-atraso.rnp.br
1749764121,2025-06-12 18:35:21,gateway;No-Hostname;cba1-mxse-chesf.bkb.rnp.br;cpi1-cba1-chesf.bkb.rnp.br;cma1-cpi1-tlb.bkb.rnp.br;cpa1-cma1-mobwire.bkb.rnp.br;bpa1-cpa1.bkb.rnp.br;No-Hostname;monipe-pa-atraso.rnp.br
1749764712,2025-06-12 18:45:12,gateway;No-Hostname;cba1-mxse-chesf.bkb.rnp.br;cpi1-cba1-chesf.bkb.rnp.br;cma1-cpi1-tlb.bkb.rnp.br;cpa1-cma1-mobwire.bkb.rnp.br;bpa1-cpa1.bkb.rnp.br;No-Hostname;monipe-pa-atraso.rnp.br
1749765137,2025-06-12 18:52:17,gateway;No-Hostname;cba1-mxse-chesf.bkb.rnp.br;cce1-cba1-chesf.bkb.rnp.br;cpi1-cce1-chesf.bkb.rnp.br;cma1-cpi1-tlb.bkb.rnp.br;cpa1-cma1-mobwire.bkb.rnp.br;bpa1-cpa1.bkb.rnp.br;No-Hostname;monipe-pa-atraso.rnp.br
1749765602,2025-06-12 19:00:02,gateway;No-Hostname;cba1-mxse-chesf.bkb.rnp.br;cce1-cba1-chesf.bkb.rnp.br;cpi1-cce1-chesf.bkb.rnp.br;cma1-cpi1-tlb.bkb.rnp.br;cpa1-cma1-mobwire.bkb.rnp.br;bpa1-cpa1.bkb.rnp.br;No-Hostname;monipe-pa-atraso.rnp.br
1749766362,2025-06-12 19:12:42,gateway;No-Hostname;cba1-mxse-chesf.bkb.rnp.br;cce1-cba1-chesf.bkb.rnp.br;cpi1-cce1-chesf.bkb.rnp.br;cma1-cpi1-tlb.bkb.rnp.br;cpa1-cma1-mobwire.bkb.rnp.br;bpa1-cpa1.bkb.rnp.br;No-Hostname;monipe-pa-atraso.rnp.br
1749766949,2025-06-12 19:22:29,gateway;No-Hostname;cba1-mxse-chesf.bkb.rnp.br;cpi1-cba1-chesf.bkb.rnp.br;cma1-cpi1-tlb.bkb.rnp.br;cpa1-cma1-mobwire.bkb.rnp.br;bpa1-cpa1.bkb.rnp.br;No-Hostname;monipe-pa-atraso.rnp.br
1749767618,2025-06-12 19:33:38,gateway;No-Hostname;cba1-mxse-chesf.bkb.rnp.br;cpi1-cba1-chesf.bkb.rnp.br;cma1-cpi1-tlb.bkb.rnp.br;cpa1-cma1-mobwire.bkb.rnp.br;bpa1-cpa1.bkb.rnp.br;No-Hostname;monipe-pa-atraso.rnp.br
1749768048,2025-06-12 19:40:48,gateway;No-Hostname;cba1-mxse-chesf.bkb.rnp.br;cce1-cba1-chesf.bkb.rnp.br;cpi1-cce1-chesf.bkb.rnp.br;cma1-cpi1-tlb.bkb.rnp.br;cpa1-cma1-mobwire.bkb.rnp.br;bpa1-cpa1.bkb.rnp.br;No-Hostname;monipe-pa-atraso.rnp.br
1749768766,2025-06-12 19:52:46,gateway;No-Hostname;cba1-mxse-chesf.bkb.rnp.br;cpi1-cba1-chesf.bkb.rnp.br;cma1-cpi1-tlb.bkb.rnp.br;cpa1-cma1-mobwire.bkb.rnp.br;bpa1-cpa1.bkb.rnp.br;No-Hostname;monipe-pa-atraso.rnp.br
1749769144,2025-06-12 19:59:04,gateway;No-Hostname;cba1-mxse-chesf.bkb.rnp.br;cpi1-cba1-chesf.bkb.rnp.br;cma1-cpi1-tlb.bkb.rnp.br;cpa1-cma1-mobwire.bkb.rnp.br;bpa1-cpa1.bkb.rnp.br;No-Hostname;monipe-pa-atraso.rnp.br
1749770105,2025-06-12 20:15:05,gateway;No-Hostname;cba1-mxse-chesf.bkb.rnp.br;cpi1-cba1-chesf.bkb.rnp.br;cma1-cpi1-tlb.bkb.rnp.br;cpa1-cma1-mobwire.bkb.rnp.br;bpa1-cpa1.bkb.rnp.br;No-Hostname;monipe-pa-atraso.rnp.br
1749770734,2025-06-12 20:25:34,gateway;No-Hostname;cba1-mxse-chesf.bkb.rnp.br;cpi1-cba1-chesf.bkb.rnp.br;cma1-cpi1-tlb.bkb.rnp.br;cpa1-cma1-mobwire.bkb.rnp.br;bpa1-cpa1.bkb.rnp.br;No-Hostname;monipe-pa-atraso.rnp.br
1749771372,2025-06-12 20:36:12,gateway;No-Hostname;cba1-mxse-chesf.bkb.rnp.br;cpi1-cba1-chesf.bkb.rnp.br;cma1-cpi1-tlb.bkb.rnp.br;cpa1-cma1-mobwire.bkb.rnp.br;bpa1-cpa1.bkb.rnp.br;No-Hostname;monipe-pa-atraso.rnp.br
1749771582,2025-06-12 20:39:42,gateway;No-Hostname;cba1-mxse-chesf.bkb.rnp.br;cpi1-cba1-chesf.bkb.rnp.br;cma1-cpi1-tlb.bkb.rnp.br;cpa1-cma1-mobwire.bkb.rnp.br;bpa1-cpa1.bkb.rnp.br;No-Hostname;monipe-pa-atraso.rnp.br
1749772394,2025-06-12 20:53:14,gateway;No-Hostname;cba1-mxse-chesf.bkb.rnp.br;cce1-cba1-chesf.bkb.rnp.br;cpi1-cce1-chesf.bkb.rnp.br;cma1-cpi1-tlb.bkb.rnp.br;cpa1-cma1-mobwire.bkb.rnp.br;bpa1-cpa1.bkb.rnp.br;No-Hostname;monipe-pa-atraso.rnp.br
1749772907,2025-06-12 21:01:47,gateway;No-Hostname;cba1-mxse-chesf.bkb.rnp.br;cce1-cba1-chesf.bkb.rnp.br;cpi1-cce1-chesf.bkb.rnp.br;cma1-cpi1-tlb.bkb.rnp.br;cpa1-cma1-mobwire.bkb.rnp.br;bpa1-cpa1.bkb.rnp.br;No-Hostname;monipe-pa-atraso.rnp.br
1749773371,2025-06-12 21:09:31,gateway;No-Hostname;cba1-mxse-chesf.bkb.rnp.br;cce1-cba1-chesf.bkb.rnp.br;cpi1-cce1-chesf.bkb.rnp.br;cma1-cpi1-tlb.bkb.rnp.br;cpa1-cma1-mobwire.bkb.rnp.br;bpa1-cpa1.bkb.rnp.br;No-Hostname;monipe-pa-atraso.rnp.br
1749774405,2025-06-12 21:26:45,gateway;No-Hostname;cba1-mxse-chesf.bkb.rnp.br;cpi1-cba1-chesf.bkb.rnp.br;cma1-cpi1-tlb.bkb.rnp.br;cpa1-cma1-mobwire.bkb.rnp.br;bpa1-cpa1.bkb.rnp.br;No-Hostname;monipe-pa-atraso.rnp.br
1749774792,2025-06-12 21:33:12,gateway;No-Hostname;cba1-mxse-chesf.bkb.rnp.br;cpi1-cba1-chesf.bkb.rnp.br;cma1-cpi1-tlb.bkb.rnp.br;cpa1-cma1-mobwire.bkb.rnp.br;bpa1-cpa1.bkb.rnp.br;No-Hostname;monipe-pa-atraso.rnp.br
1749775600,2025-06-12 21:46:40,gateway;No-Hostname;cba1-mxse-chesf.bkb.rnp.br;cpi1-cba1-chesf.bkb.rnp.br;cma1-cpi1-tlb.bkb.rnp.br;cpa1-cma1-mobwire.bkb.rnp.br;bpa1-cpa1.bkb.rnp.br;No-Hostname;monipe-pa-atraso.rnp.br
1749775812,2025-06-12 21:50:12,gateway;No-Hostname;cba1-mxse-chesf.bkb.rnp.br;cpi1-cba1-chesf.bkb.rnp.br;cma1-cpi1-tlb.bkb.rnp.br;cpa1-cma1-mobwire.bkb.rnp.br;bpa1-cpa1.bkb.rnp.br;No-Hostname;monipe-pa-atraso.rnp.br
1749776845,2025-06-12 22:07:25,gateway;No-Hostname;cba1-mxse-chesf.bkb.rnp.br;cce1-cba1-chesf.bkb.rnp.br;cpi1-cce1-chesf.bkb.rnp.br;cma1-cpi1-tlb.bkb.rnp.br;cpa1-cma1-mobwire.bkb.rnp.br;bpa1-cpa1.bkb.rnp.br;No-Hostname;monipe-pa-atraso.rnp.br
1749777004,2025-06-12 22:10:04,gateway;No-Hostname;cba1-mxse-chesf.bkb.rnp.br;cce1-cba1-chesf.bkb.rnp.br;cpi1-cce1-chesf.bkb.rnp.br;cma1-cpi1-tlb.bkb.rnp.br;cpa1-cma1-mobwire.bkb.rnp.br;bpa1-cpa1.bkb.rnp.br;No-Hostname;monipe-pa-atraso.rnp.br
1749777625,2025-06-12 22:20:25,gateway;No-Hostname;cba1-mxse-chesf.bkb.rnp.br;cce1-cba1-chesf.bkb.rnp.br;cpi1-cce1-chesf.bkb.rnp.br;cma1-cpi1-tlb.bkb.rnp.br;cpa1-cma1-mobwire.bkb.rnp.br;bpa1-cpa1.bkb.rnp.br;No-Hostname;monipe-pa-atraso.rnp.br
1749778371,2025-06-12 22:32:51,gateway;No-Hostname;cba1-mxse-chesf.bkb.rnp.br;cce1-cba1-chesf.bkb.rnp.br;cpi1-cce1-chesf.bkb.rnp.br;cma1-cpi1-tlb.bkb.rnp.br;cpa1-cma1-mobwire.bkb.rnp.br;bpa1-cpa1.bkb.rnp.br;No-Hostname;monipe-pa-atraso.rnp.br
1749779243,2025-06-12 22:47:23,gateway;No-Hostname;cba1-mxse-chesf.bkb.rnp.br;cce1-cba1-chesf.bkb.rnp.br;cpi1-cce1-chesf.bkb.rnp.br;cma1-cpi1-tlb.bkb.rnp.br;cpa1-cma1-mobwire.bkb.rnp.br;bpa1-cpa1.bkb.rnp.br;No-Hostname;monipe-pa-atraso.rnp.br
1749779808,2025-06-12 22:56:48,gateway;No-Hostname;cba1-mxse-chesf.bkb.rnp.br;cce1-cba1-chesf.bkb.rnp.br;cpi1-cce1-chesf.bkb.rnp.br;cma1-cpi1-tlb.bkb.rnp.br;cpa1-cma1-mobwire.bkb.rnp.br;bpa1-cpa1.bkb.rnp.br;No-Hostname;monipe-pa-atraso.rnp.br
1749780031,2025-06-12 23:00:31,gateway;No-Hostname;cba1-mxse-chesf.bkb.rnp.br;cce1-cba1-chesf.bkb.rnp.br;cpi1-cce1-chesf.bkb.rnp.br;cma1-cpi1-tlb.bkb.rnp.br;cpa1-cma1-mobwire.bkb.rnp.br;bpa1-cpa1.bkb.rnp.br;No-Hostname;monipe-pa-atraso.rnp.br
1749780668,2025-06-12 23:11:08,gateway;No-Hostname;cba1-mxse-chesf.bkb.rnp.br;cce1-cba1-chesf.bkb.rnp.br;cpi1-cce1-chesf.bkb.rnp.br;cma1-cpi1-tlb.bkb.rnp.br;cpa1-cma1-mobwire.bkb.rnp.br;bpa1-cpa1.bkb.rnp.br;No-Hostname;monipe-pa-atraso.rnp.br
1749781322,2025-06-12 23:22:02,gateway;No-Hostname;cba1-mxse-chesf.bkb.rnp.br;cce1-cba1-chesf.bkb.rnp.br;cpi1-cce1-chesf.bkb.rnp.br;cma1-cpi1-tlb.bkb.rnp.br;cpa1-cma1-mobwire.bkb.rnp.br;bpa1-cpa1.bkb.rnp.br;No-Hostname;monipe-pa-atraso.rnp.br
1749781759,2025-06-12 23:29:19,gateway;No-Hostname;cba1-mxse-chesf.bkb.rnp.br;cce1-cba1-chesf.bkb.rnp.br;cpi1-cce1-chesf.bkb.rnp.br;cma1-cpi1-tlb.bkb.rnp.br;cpa1-cma1-mobwire.bkb.rnp.br;bpa1-cpa1.bkb.rnp.br;No-Hostname;monipe-pa-atraso.rnp.br
1749782546,2025-06-12 23:42:26,gateway;No-Hostname;cba1-mxse-chesf.bkb.rnp.br;cpi1-cba1-chesf.bkb.rnp.br;cma1-cpi1-tlb.bkb.rnp.br;cpa1-cma1-mobwire.bkb.rnp.br;bpa1-cpa1.bkb.rnp.br;No-Hostname;monipe-pa-atraso.rnp.br
1749783035,2025-06-12 23:50:35,gateway;No-Hostname;cba1-mxse-chesf.bkb.rnp.br;cdf2-cba1-taesa.bkb.rnp.br;cto1-cdf2-tlb.bkb.rnp.br;cpa1-cto1-tlb.bkb.rnp.br;bpa1-cpa1.bkb.rnp.br;No-Hostname;monipe-pa-atraso.rnp.br
1749783699,2025-06-13 00:01:39,gateway;No-Hostname;cba1-mxse-chesf.bkb.rnp.br;cdf2-cba1-taesa.bkb.rnp.br;cto1-cdf2-tlb.bkb.rnp.br;cpa1-cto1-tlb.bkb.rnp.br;bpa1-cpa1.bkb.rnp.br;No-Hostname;monipe-pa-atraso.rnp.br
1749784276,2025-06-13 00:11:16,gateway;No-Hostname;cba1-mxse-chesf.bkb.rnp.br;cdf2-cba1-taesa.bkb.rnp.br;cto1-cdf2-tlb.bkb.rnp.br;cpa1-cto1-tlb.bkb.rnp.br;bpa1-cpa1.bkb.rnp.br;No-Hostname;monipe-pa-atraso.rnp.br
1749785120,2025-06-13 00:25:20,gateway;No-Hostname;cba1-mxse-chesf.bkb.rnp.br;cce1-cba1-chesf.bkb.rnp.br;cpi1-cce1-chesf.bkb.rnp.br;cma1-cpi1-tlb.bkb.rnp.br;cpa1-cma1-mobwire.bkb.rnp.br;bpa1-cpa1.bkb.rnp.br;No-Hostname;monipe-pa-atraso.rnp.br
1749785392,2025-06-13 00:29:52,gateway;No-Hostname;cba1-mxse-chesf.bkb.rnp.br;cce1-cba1-chesf.bkb.rnp.br;cpi1-cce1-chesf.bkb.rnp.br;cma1-cpi1-tlb.bkb.rnp.br;cpa1-cma1-mobwire.bkb.rnp.br;bpa1-cpa1.bkb.rnp.br;No-Hostname;monipe-pa-atraso.rnp.br
1749786429,2025-06-13 00:47:09,gateway;No-Hostname;cba1-mxse-chesf.bkb.rnp.br;cce1-cba1-chesf.bkb.rnp.br;cpi1-cce1-chesf.bkb.rnp.br;cma1-cpi1-tlb.bkb.rnp.br;cpa1-cma1-mobwire.bkb.rnp.br;bpa1-cpa1.bkb.rnp.br;No-Hostname;monipe-pa-atraso.rnp.br
1749786781,2025-06-13 00:53:01,gateway;No-Hostname;cba1-mxse-chesf.bkb.rnp.br;cpi1-cba1-chesf.bkb.rnp.br;cma1-cpi1-tlb.bkb.rnp.br;cpa1-cma1-mobwire.bkb.rnp.br;bpa1-cpa1.bkb.rnp.br;No-Hostname;monipe-pa-atraso.rnp.br
1749787634,2025-06-13 01:07:14,gateway;No-Hostname;cba1-mxse-chesf.bkb.rnp.br;cpi1-cba1-chesf.bkb.rnp.br;cma1-cpi1-tlb.bkb.rnp.br;cpa1-cma1-mobwire.bkb.rnp.br;bpa1-cpa1.bkb.rnp.br;No-Hostname;monipe-pa-atraso.rnp.br
1749787888,2025-06-13 01:11:28,gateway;No-Hostname;cba1-mxse-chesf.bkb.rnp.br;cpi1-cba1-chesf.bkb.rnp.br;cma1-cpi1-tlb.bkb.rnp.br;cpa1-cma1-mobwire.bkb.rnp.br;bpa1-cpa1.bkb.rnp.br;No-Hostname;monipe-pa-atraso.rnp.br
1749788827,2025-06-13 01:27:07,gateway;No-Hostname;cba1-mxse-chesf.bkb.rnp.br;cce1-cba1-chesf.bkb.rnp.br;cpi1-cce1-chesf.bkb.rnp.br;cma1-cpi1-tlb.bkb.rnp.br;cpa1-cma1-mobwire.bkb.rnp.br;bpa1-cpa1.bkb.rnp.br;No-Hostname;monipe-pa-atraso.rnp.br
1749789458,2025-06-13 01:37:38,gateway;No-Hostname;cba1-mxse-chesf.bkb.rnp.br;cpi1-cba1-chesf.bkb.rnp.br;cma1-cpi1-tlb.bkb.rnp.br;cpa1-cma1-mobwire.bkb.rnp.br;bpa1-cpa1.bkb.rnp.br;No-Hostname;monipe-pa-atraso.rnp.br
1749789732,2025-06-13 01:42:12,gateway;No-Hostname;cba1-mxse-chesf.bkb.rnp.br;cpi1-cba1-chesf.bkb.rnp.br;cma1-cpi1-tlb.bkb.rnp.br;cpa1-cma1-mobwire.bkb.rnp.br;bpa1-cpa1.bkb.rnp.br;No-Hostname;monipe-pa-atraso.rnp.br
1749790228,2025-06-13 01:50:28,gateway;No-Hostname;cba1-mxse-chesf.bkb.rnp.br;cpi1-cba1-chesf.bkb.rnp.br;cma1-cpi1-tlb.bkb.rnp.br;cpa1-cma1-mobwire.bkb.rnp.br;bpa1-cpa1.bkb.rnp.br;No-Hostname;monipe-pa-atraso.rnp.br
1749791211,2025-06-13 02:06:51,gateway;No-Hostname;cba1-mxse-chesf.bkb.rnp.br;cce1-cba1-chesf.bkb.rnp.br;cpi1-cce1-chesf.bkb.rnp.br;cma1-cpi1-tlb.bkb.rnp.br;cpa1-cma1-mobwire.bkb.rnp.br;bpa1-cpa1.bkb.rnp.br;No-Hostname;monipe-pa-atraso.rnp.br
1749791503,2025-06-13 02:11:43,gateway;No-Hostname;cba1-mxse-chesf.bkb.rnp.br;cce1-cba1-chesf.bkb.rnp.br;cpi1-cce1-chesf.bkb.rnp.br;cma1-cpi1-tlb.bkb.rnp.br;cpa1-cma1-mobwire.bkb.rnp.br;bpa1-cpa1.bkb.rnp.br;No-Hostname;monipe-pa-atraso.rnp.br
1749792349,2025-06-13 02:25:49,gateway;No-Hostname;cba1-mxse-chesf.bkb.rnp.br;cce1-cba1-chesf.bkb.rnp.br;cpi1-cce1-chesf.bkb.rnp.br;cma1-cpi1-tlb.bkb.rnp.br;cpa1-cma1-mobwire.bkb.rnp.br;bpa1-cpa1.bkb.rnp.br;No-Hostname;monipe-pa-atraso.rnp.br
1749792539,2025-06-13 02:28:59,gateway;No-Hostname;cba1-mxse-chesf.bkb.rnp.br;cce1-cba1-chesf.bkb.rnp.br;cpi1-cce1-chesf.bkb.rnp.br;cma1-cpi1-tlb.bkb.rnp.br;cpa1-cma1-mobwire.bkb.rnp.br;bpa1-cpa1.bkb.rnp.br;No-Hostname;monipe-pa-atraso.rnp.br
1749793322,2025-06-13 02:42:02,gateway;No-Hostname;cba1-mxse-chesf.bkb.rnp.br;cce1-cba1-chesf.bkb.rnp.br;cpi1-cce1-chesf.bkb.rnp.br;cma1-cpi1-tlb.bkb.rnp.br;cpa1-cma1-mobwire.bkb.rnp.br;bpa1-cpa1.bkb.rnp.br;No-Hostname;monipe-pa-atraso.rnp.br
1749793974,2025-06-13 02:52:54,gateway;No-Hostname;cba1-mxse-chesf.bkb.rnp.br;cce1-cba1-chesf.bkb.rnp.br;cpi1-cce1-chesf.bkb.rnp.br;cma1-cpi1-tlb.bkb.rnp.br;cpa1-cma1-mobwire.bkb.rnp.br;bpa1-cpa1.bkb.rnp.br;No-Hostname;monipe-pa-atraso.rnp.br
1749794700,2025-06-13 03:05:00,gateway;No-Hostname;cba1-mxse-chesf.bkb.rnp.br;cce1-cba1-chesf.bkb.rnp.br;cpi1-cce1-chesf.bkb.rnp.br;cma1-cpi1-tlb.bkb.rnp.br;cpa1-cma1-mobwire.bkb.rnp.br;bpa1-cpa1.bkb.rnp.br;No-Hostname;monipe-pa-atraso.rnp.br
1749795173,2025-06-13 03:12:53,gateway;No-Hostname;cba1-mxse-chesf.bkb.rnp.br;cce1-cba1-chesf.bkb.rnp.br;cpi1-cce1-chesf.bkb.rnp.br;cma1-cpi1-tlb.bkb.rnp.br;cpa1-cma1-mobwire.bkb.rnp.br;bpa1-cpa1.bkb.rnp.br;No-Hostname;monipe-pa-atraso.rnp.br
1749795874,2025-06-13 03:24:34,gateway;No-Hostname;cba1-mxse-chesf.bkb.rnp.br;cce1-cba1-chesf.bkb.rnp.br;cpi1-cce1-chesf.bkb.rnp.br;cma1-cpi1-tlb.bkb.rnp.br;cpa1-cma1-mobwire.bkb.rnp.br;bpa1-cpa1.bkb.rnp.br;No-Hostname;monipe-pa-atraso.rnp.br
1749796439,2025-06-13 03:33:59,gateway;No-Hostname;cba1-mxse-chesf.bkb.rnp.br;cce1-cba1-chesf.bkb.rnp.br;cpi1-cce1-chesf.bkb.rnp.br;cma1-cpi1-tlb.bkb.rnp.br;cpa1-cma1-mobwire.bkb.rnp.br;bpa1-cpa1.bkb.rnp.br;No-Hostname;monipe-pa-atraso.rnp.br
1749797095,2025-06-13 03:44:55,gateway;No-Hostname;cba1-mxse-chesf.bkb.rnp.br;cpi1-cba1-chesf.bkb.rnp.br;cma1-cpi1-tlb.bkb.rnp.br;cpa1-cma1-mobwire.bkb.rnp.br;bpa1-cpa1.bkb.rnp.br;No-Hostname;monipe-pa-atraso.rnp.br
1749797382,2025-06-13 03:49:42,gateway;No-Hostname;cba1-mxse-chesf.bkb.rnp.br;cpi1-cba1-chesf.bkb.rnp.br;cma1-cpi1-tlb.bkb.rnp.br;cpa1-cma1-mobwire.bkb.rnp.br;bpa1-cpa1.bkb.rnp.br;No-Hostname;monipe-pa-atraso.rnp.br
1749797941,2025-06-13 03:59:01,gateway;No-Hostname;cba1-mxse-chesf.bkb.rnp.br;cpi1-cba1-chesf.bkb.rnp.br;cma1-cpi1-tlb.bkb.rnp.br;cpa1-cma1-mobwire.bkb.rnp.br;bpa1-cpa1.bkb.rnp.br;No-Hostname;monipe-pa-atraso.rnp.br
1749798816,2025-06-13 04:13:36,gateway;No-Hostname;cba1-mxse-chesf.bkb.rnp.br;cpi1-cba1-chesf.bkb.rnp.br;cma1-cpi1-tlb.bkb.rnp.br;cpa1-cma1-mobwire.bkb.rnp.br;bpa1-cpa1.bkb.rnp.br;No-Hostname;monipe-pa-atraso.rnp.br
1749799453,2025-06-13 04:24:13,gateway;No-Hostname;cba1-mxse-chesf.bkb.rnp.br;cce1-cba1-chesf.bkb.rnp.br;cpi1-cce1-chesf.bkb.rnp.br;cma1-cpi1-tlb.bkb.rnp.br;cpa1-cma1-mobwire.bkb.rnp.br;bpa1-cpa1.bkb.rnp.br;No-Hostname;monipe-pa-atraso.rnp.br
1749799951,2025-06-13 04:32:31,gateway;No-Hostname;cba1-mxse-chesf.bkb.rnp.br;cce1-cba1-chesf.bkb.rnp.br;cpi1-cce1-chesf.bkb.rnp.br;cma1-cpi1-tlb.bkb.rnp.br;cpa1-cma1-mobwire.bkb.rnp.br;bpa1-cpa1.bkb.rnp.br;No-Hostname;monipe-pa-atraso.rnp.br
1749800668,2025-06-13 04:44:28,gateway;No-Hostname;cba1-mxse-chesf.bkb.rnp.br;cpi1-cba1-chesf.bkb.rnp.br;cma1-cpi1-tlb.bkb.rnp.br;cpa1-cma1-mobwire.bkb.rnp.br;bpa1-cpa1.bkb.rnp.br;No-Hostname;monipe-pa-atraso.rnp.br
1749801033,2025-06-13 04:50:33,gateway;No-Hostname;cba1-mxse-chesf.bkb.rnp.br;cpi1-cba1-chesf.bkb.rnp.br;cma1-cpi1-tlb.bkb.rnp.br;cpa1-cma1-mobwire.bkb.rnp.br;bpa1-cpa1.bkb.rnp.br;No-Hostname;monipe-pa-atraso.rnp.br
1749801639,2025-06-13 05:00:39,gateway;No-Hostname;cba1-mxse-chesf.bkb.rnp.br;cpi1-cba1-chesf.bkb.rnp.br;cma1-cpi1-tlb.bkb.rnp.br;cpa1-cma1-mobwire.bkb.rnp.br;bpa1-cpa1.bkb.rnp.br;No-Hostname;monipe-pa-atraso.rnp.br
1749802572,2025-06-13 05:16:12,gateway;No-Hostname;cba1-mxse-chesf.bkb.rnp.br;cpi1-cba1-chesf.bkb.rnp.br;cma1-cpi1-tlb.bkb.rnp.br;cpa1-cma1-mobwire.bkb.rnp.br;bpa1-cpa1.bkb.rnp.br;No-Hostname;monipe-pa-atraso.rnp.br
1749802758,2025-06-13 05:19:18,gateway;No-Hostname;cba1-mxse-chesf.bkb.rnp.br;cpi1-cba1-chesf.bkb.rnp.br;cma1-cpi1-tlb.bkb.rnp.br;cpa1-cma1-mobwire.bkb.rnp.br;bpa1-cpa1.bkb.rnp.br;No-Hostname;monipe-pa-atraso.rnp.br
1749803488,2025-06-13 05:31:28,gateway;No-Hostname;cba1-mxse-chesf.bkb.rnp.br;cce1-cba1-chesf.bkb.rnp.br;cpi1-cce1-chesf.bkb.rnp.br;cma1-cpi1-tlb.bkb.rnp.br;cpa1-cma1-mobwire.bkb.rnp.br;bpa1-cpa1.bkb.rnp.br;No-Hostname;monipe-pa-atraso.rnp.br
1749803996,2025-06-13 05:39:56,gateway;No-Hostname;cba1-mxse-chesf.bkb.rnp.br;cpi1-cba1-chesf.bkb.rnp.br;cma1-cpi1-tlb.bkb.rnp.br;cpa1-cma1-mobwire.bkb.rnp.br;bpa1-cpa1.bkb.rnp.br;No-Hostname;monipe-pa-atraso.rnp.br
1749804660,2025-06-13 05:51:00,gateway;No-Hostname;cba1-mxse-chesf.bkb.rnp.br;cpi1-cba1-chesf.bkb.rnp.br;cma1-cpi1-tlb.bkb.rnp.br;cpa1-cma1-mobwire.bkb.rnp.br;bpa1-cpa1.bkb.rnp.br;No-Hostname;monipe-pa-atraso.rnp.br
1749805358,2025-06-13 06:02:38,gateway;No-Hostname;cba1-mxse-chesf.bkb.rnp.br;cpi1-cba1-chesf.bkb.rnp.br;cma1-cpi1-tlb.bkb.rnp.br;cpa1-cma1-mobwire.bkb.rnp.br;bpa1-cpa1.bkb.rnp.br;No-Hostname;monipe-pa-atraso.rnp.br
1749805997,2025-06-13 06:13:17,gateway;No-Hostname;cba1-mxse-chesf.bkb.rnp.br;cpi1-cba1-chesf.bkb.rnp.br;cma1-cpi1-tlb.bkb.rnp.br;cpa1-cma1-mobwire.bkb.rnp.br;bpa1-cpa1.bkb.rnp.br;No-Hostname;monipe-pa-atraso.rnp.br
1749806432,2025-06-13 06:20:32,gateway;No-Hostname;cba1-mxse-chesf.bkb.rnp.br;cpi1-cba1-chesf.bkb.rnp.br;cma1-cpi1-tlb.bkb.rnp.br;cpa1-cma1-mobwire.bkb.rnp.br;bpa1-cpa1.bkb.rnp.br;No-Hostname;monipe-pa-atraso.rnp.br
1749807115,2025-06-13 06:31:55,gateway;No-Hostname;cba1-mxse-chesf.bkb.rnp.br;cpi1-cba1-chesf.bkb.rnp.br;cma1-cpi1-tlb.bkb.rnp.br;cpa1-cma1-mobwire.bkb.rnp.br;bpa1-cpa1.bkb.rnp.br;No-Hostname;monipe-pa-atraso.rnp.br
1749807894,2025-06-13 06:44:54,gateway;No-Hostname;cba1-mxse-chesf.bkb.rnp.br;cpi1-cba1-chesf.bkb.rnp.br;cma1-cpi1-tlb.bkb.rnp.br;cpa1-cma1-mobwire.bkb.rnp.br;bpa1-cpa1.bkb.rnp.br;No-Hostname;monipe-pa-atraso.rnp.br
1749808468,2025-06-13 06:54:28,gateway;No-Hostname;cba1-mxse-chesf.bkb.rnp.br;cpi1-cba1-chesf.bkb.rnp.br;cma1-cpi1-tlb.bkb.rnp.br;cpa1-cma1-mobwire.bkb.rnp.br;bpa1-cpa1.bkb.rnp.br;No-Hostname;monipe-pa-atraso.rnp.br
1749808840,2025-06-13 07:00:40,gateway;No-Hostname;cba1-mxse-chesf.bkb.rnp.br;cpi1-cba1-chesf.bkb.rnp.br;cma1-cpi1-tlb.bkb.rnp.br;cpa1-cma1-mobwire.bkb.rnp.br;bpa1-cpa1.bkb.rnp.br;No-Hostname;monipe-pa-atraso.rnp.br
1749809493,2025-06-13 07:11:33,gateway;No-Hostname;cba1-mxse-chesf.bkb.rnp.br;cpi1-cba1-chesf.bkb.rnp.br;cma1-cpi1-tlb.bkb.rnp.br;cpa1-cma1-mobwire.bkb.rnp.br;bpa1-cpa1.bkb.rnp.br;No-Hostname;monipe-pa-atraso.rnp.br
1749810446,2025-06-13 07:27:26,gateway;No-Hostname;cba1-mxse-chesf.bkb.rnp.br;cpi1-cba1-chesf.bkb.rnp.br;cma1-cpi1-tlb.bkb.rnp.br;cpa1-cma1-mobwire.bkb.rnp.br;bpa1-cpa1.bkb.rnp.br;No-Hostname;monipe-pa-atraso.rnp.br
1749810543,2025-06-13 07:29:03,gateway;No-Hostname;cba1-mxse-chesf.bkb.rnp.br;cpi1-cba1-chesf.bkb.rnp.br;cma1-cpi1-tlb.bkb.rnp.br;cpa1-cma1-mobwire.bkb.rnp.br;bpa1-cpa1.bkb.rnp.br;No-Hostname;monipe-pa-atraso.rnp.br
1749811132,2025-06-13 07:38:52,gateway;No-Hostname;cba1-mxse-chesf.bkb.rnp.br;cce1-cba1-chesf.bkb.rnp.br;cpi1-cce1-chesf.bkb.rnp.br;cma1-cpi1-tlb.bkb.rnp.br;cpa1-cma1-mobwire.bkb.rnp.br;bpa1-cpa1.bkb.rnp.br;No-Hostname;monipe-pa-atraso.rnp.br
1749812033,2025-06-13 07:53:53,gateway;No-Hostname;cba1-mxse-chesf.bkb.rnp.br;cce1-cba1-chesf.bkb.rnp.br;cpi1-cce1-chesf.bkb.rnp.br;cma1-cpi1-tlb.bkb.rnp.br;cpa1-cma1-mobwire.bkb.rnp.br;bpa1-cpa1.bkb.rnp.br;No-Hostname;monipe-pa-atraso.rnp.br
1749812527,2025-06-13 08:02:07,gateway;No-Hostname;cba1-mxse-chesf.bkb.rnp.br;cce1-cba1-chesf.bkb.rnp.br;cpi1-cce1-chesf.bkb.rnp.br;cma1-cpi1-tlb.bkb.rnp.br;cpa1-cma1-mobwire.bkb.rnp.br;bpa1-cpa1.bkb.rnp.br;No-Hostname;monipe-pa-atraso.rnp.br
1749812959,2025-06-13 08:09:19,gateway;No-Hostname;cba1-mxse-chesf.bkb.rnp.br;cce1-cba1-chesf.bkb.rnp.br;cpi1-cce1-chesf.bkb.rnp.br;cma1-cpi1-tlb.bkb.rnp.br;cpa1-cma1-mobwire.bkb.rnp.br;bpa1-cpa1.bkb.rnp.br;No-Hostname;monipe-pa-atraso.rnp.br
1749813778,2025-06-13 08:22:58,gateway;No-Hostname;cba1-mxse-chesf.bkb.rnp.br;cpi1-cba1-chesf.bkb.rnp.br;cma1-cpi1-tlb.bkb.rnp.br;cpa1-cma1-mobwire.bkb.rnp.br;bpa1-cpa1.bkb.rnp.br;No-Hostname;monipe-pa-atraso.rnp.br
1749814490,2025-06-13 08:34:50,gateway;No-Hostname;cba1-mxse-chesf.bkb.rnp.br;cpi1-cba1-chesf.bkb.rnp.br;cma1-cpi1-tlb.bkb.rnp.br;cpa1-cma1-mobwire.bkb.rnp.br;bpa1-cpa1.bkb.rnp.br;No-Hostname;monipe-pa-atraso.rnp.br
1749814877,2025-06-13 08:41:17,gateway;No-Hostname;cba1-mxse-chesf.bkb.rnp.br;cpi1-cba1-chesf.bkb.rnp.br;cma1-cpi1-tlb.bkb.rnp.br;cpa1-cma1-mobwire.bkb.rnp.br;bpa1-cpa1.bkb.rnp.br;No-Hostname;monipe-pa-atraso.rnp.br
1749815784,2025-06-13 08:56:24,gateway;No-Hostname;cba1-mxse-chesf.bkb.rnp.br;cpi1-cba1-chesf.bkb.rnp.br;cma1-cpi1-tlb.bkb.rnp.br;cpa1-cma1-mobwire.bkb.rnp.br;bpa1-cpa1.bkb.rnp.br;No-Hostname;monipe-pa-atraso.rnp.br
1749816136,2025-06-13 09:02:16,gateway;No-Hostname;cba1-mxse-chesf.bkb.rnp.br;cpi1-cba1-chesf.bkb.rnp.br;cma1-cpi1-tlb.bkb.rnp.br;cpa1-cma1-mobwire.bkb.rnp.br;bpa1-cpa1.bkb.rnp.br;No-Hostname;monipe-pa-atraso.rnp.br
1749816578,2025-06-13 09:09:38,gateway;No-Hostname;cba1-mxse-chesf.bkb.rnp.br;cpi1-cba1-chesf.bkb.rnp.br;cma1-cpi1-tlb.bkb.rnp.br;cpa1-cma1-mobwire.bkb.rnp.br;bpa1-cpa1.bkb.rnp.br;No-Hostname;monipe-pa-atraso.rnp.br
1749817578,2025-06-13 09:26:18,gateway;No-Hostname;cba1-mxse-chesf.bkb.rnp.br;cpi1-cba1-chesf.bkb.rnp.br;cma1-cpi1-tlb.bkb.rnp.br;cpa1-cma1-mobwire.bkb.rnp.br;bpa1-cpa1.bkb.rnp.br;No-Hostname;monipe-pa-atraso.rnp.br
1749817915,2025-06-13 09:31:55,gateway;No-Hostname;cba1-mxse-chesf.bkb.rnp.br;cpi1-cba1-chesf.bkb.rnp.br;cma1-cpi1-tlb.bkb.rnp.br;cpa1-cma1-mobwire.bkb.rnp.br;bpa1-cpa1.bkb.rnp.br;No-Hostname;monipe-pa-atraso.rnp.br
1749818685,2025-06-13 09:44:45,gateway;No-Hostname;cba1-mxse-chesf.bkb.rnp.br;cpi1-cba1-chesf.bkb.rnp.br;cma1-cpi1-tlb.bkb.rnp.br;cpa1-cma1-mobwire.bkb.rnp.br;bpa1-cpa1.bkb.rnp.br;No-Hostname;monipe-pa-atraso.rnp.br
1749819340,2025-06-13 09:55:40,gateway;No-Hostname;cba1-mxse-chesf.bkb.rnp.br;cce1-cba1-chesf.bkb.rnp.br;cpi1-cce1-chesf.bkb.rnp.br;cma1-cpi1-tlb.bkb.rnp.br;cpa1-cma1-mobwire.bkb.rnp.br;bpa1-cpa1.bkb.rnp.br;No-Hostname;monipe-pa-atraso.rnp.br
1749819787,2025-06-13 10:03:07,gateway;No-Hostname;cba1-mxse-chesf.bkb.rnp.br;cce1-cba1-chesf.bkb.rnp.br;cpi1-cce1-chesf.bkb.rnp.br;cma1-cpi1-tlb.bkb.rnp.br;cpa1-cma1-mobwire.bkb.rnp.br;bpa1-cpa1.bkb.rnp.br;No-Hostname;monipe-pa-atraso.rnp.br
1749820543,2025-06-13 10:15:43,gateway;No-Hostname;cba1-mxse-chesf.bkb.rnp.br;cce1-cba1-chesf.bkb.rnp.br;cpi1-cce1-chesf.bkb.rnp.br;cma1-cpi1-tlb.bkb.rnp.br;cpa1-cma1-mobwire.bkb.rnp.br;bpa1-cpa1.bkb.rnp.br;No-Hostname;monipe-pa-atraso.rnp.br
1749820787,2025-06-13 10:19:47,gateway;No-Hostname;cba1-mxse-chesf.bkb.rnp.br;cpi1-cba1-chesf.bkb.rnp.br;cma1-cpi1-tlb.bkb.rnp.br;cpa1-cma1-mobwire.bkb.rnp.br;bpa1-cpa1.bkb.rnp.br;No-Hostname;monipe-pa-atraso.rnp.br
1749821643,2025-06-13 10:34:03,gateway;No-Hostname;cba1-mxse-chesf.bkb.rnp.br;cpi1-cba1-chesf.bkb.rnp.br;cma1-cpi1-tlb.bkb.rnp.br;cpa1-cma1-mobwire.bkb.rnp.br;bpa1-cpa1.bkb.rnp.br;No-Hostname;monipe-pa-atraso.rnp.br
1749822442,2025-06-13 10:47:22,gateway;No-Hostname;cba1-mxse-chesf.bkb.rnp.br;cpi1-cba1-chesf.bkb.rnp.br;cma1-cpi1-tlb.bkb.rnp.br;cpa1-cma1-mobwire.bkb.rnp.br;bpa1-cpa1.bkb.rnp.br;No-Hostname;monipe-pa-atraso.rnp.br
1749822910,2025-06-13 10:55:10,gateway;No-Hostname;cba1-mxse-chesf.bkb.rnp.br;cce1-cba1-chesf.bkb.rnp.br;cpi1-cce1-chesf.bkb.rnp.br;cma1-cpi1-tlb.bkb.rnp.br;cpa1-cma1-mobwire.bkb.rnp.br;bpa1-cpa1.bkb.rnp.br;No-Hostname;monipe-pa-atraso.rnp.br
1749823367,2025-06-13 11:02:47,gateway;No-Hostname;cba1-mxse-chesf.bkb.rnp.br;cce1-cba1-chesf.bkb.rnp.br;cpi1-cce1-chesf.bkb.rnp.br;cma1-cpi1-tlb.bkb.rnp.br;cpa1-cma1-mobwire.bkb.rnp.br;bpa1-cpa1.bkb.rnp.br;No-Hostname;monipe-pa-atraso.rnp.br
1749823860,2025-06-13 11:11:00,gateway;No-Hostname;cba1-mxse-chesf.bkb.rnp.br;cce1-cba1-chesf.bkb.rnp.br;cpi1-cce1-chesf.bkb.rnp.br;cma1-cpi1-tlb.bkb.rnp.br;cpa1-cma1-mobwire.bkb.rnp.br;bpa1-cpa1.bkb.rnp.br;No-Hostname;monipe-pa-atraso.rnp.br
1749824780,2025-06-13 11:26:20,gateway;No-Hostname;cba1-mxse-chesf.bkb.rnp.br;cdf2-cba1-taesa.bkb.rnp.br;cto1-cdf2-tlb.bkb.rnp.br;cpa1-cto1-tlb.bkb.rnp.br;bpa1-cpa1.bkb.rnp.br;No-Hostname;monipe-pa-atraso.rnp.br
1749825242,2025-06-13 11:34:02,gateway;No-Hostname;cba1-mxse-chesf.bkb.rnp.br;cdf2-cba1-taesa.bkb.rnp.br;cto1-cdf2-tlb.bkb.rnp.br;cpa1-cto1-tlb.bkb.rnp.br;bpa1-cpa1.bkb.rnp.br;No-Hostname;monipe-pa-atraso.rnp.br
1749825716,2025-06-13 11:41:56,gateway;No-Hostname;cba1-mxse-chesf.bkb.rnp.br;cpi1-cba1-chesf.bkb.rnp.br;cma1-cpi1-tlb.bkb.rnp.br;cpa1-cma1-mobwire.bkb.rnp.br;bpa1-cpa1.bkb.rnp.br;No-Hostname;monipe-pa-atraso.rnp.br
1749826585,2025-06-13 11:56:25,gateway;No-Hostname;cba1-mxse-chesf.bkb.rnp.br;cpi1-cba1-chesf.bkb.rnp.br;cma1-cpi1-tlb.bkb.rnp.br;cpa1-cma1-mobwire.bkb.rnp.br;bpa1-cpa1.bkb.rnp.br;No-Hostname;monipe-pa-atraso.rnp.br
1749827155,2025-06-13 12:05:55,gateway;No-Hostname;cba1-mxse-chesf.bkb.rnp.br;cdf2-cba1-taesa.bkb.rnp.br;cto1-cdf2-tlb.bkb.rnp.br;cpa1-cto1-tlb.bkb.rnp.br;bpa1-cpa1.bkb.rnp.br;No-Hostname;monipe-pa-atraso.rnp.br
1749827752,2025-06-13 12:15:52,gateway;No-Hostname;cba1-mxse-chesf.bkb.rnp.br;cdf2-cba1-taesa.bkb.rnp.br;cto1-cdf2-tlb.bkb.rnp.br;cpa1-cto1-tlb.bkb.rnp.br;bpa1-cpa1.bkb.rnp.br;No-Hostname;monipe-pa-atraso.rnp.br
1749828099,2025-06-13 12:21:39,gateway;No-Hostname;cba1-mxse-chesf.bkb.rnp.br;cpi1-cba1-chesf.bkb.rnp.br;cma1-cpi1-tlb.bkb.rnp.br;cpa1-cma1-mobwire.bkb.rnp.br;bpa1-cpa1.bkb.rnp.br;No-Hostname;monipe-pa-atraso.rnp.br
1749828609,2025-06-13 12:30:09,gateway;No-Hostname;cba1-mxse-chesf.bkb.rnp.br;cpi1-cba1-chesf.bkb.rnp.br;cma1-cpi1-tlb.bkb.rnp.br;cpa1-cma1-mobwire.bkb.rnp.br;bpa1-cpa1.bkb.rnp.br;No-Hostname;monipe-pa-atraso.rnp.br
1749829457,2025-06-13 12:44:17,gateway;No-Hostname;cba1-mxse-chesf.bkb.rnp.br;cce1-cba1-chesf.bkb.rnp.br;cpi1-cce1-chesf.bkb.rnp.br;cma1-cpi1-tlb.bkb.rnp.br;cpa1-cma1-mobwire.bkb.rnp.br;bpa1-cpa1.bkb.rnp.br;No-Hostname;monipe-pa-atraso.rnp.br
1749829929,2025-06-13 12:52:09,gateway;No-Hostname;cba1-mxse-chesf.bkb.rnp.br;cce1-cba1-chesf.bkb.rnp.br;cpi1-cce1-chesf.bkb.rnp.br;cma1-cpi1-tlb.bkb.rnp.br;cpa1-cma1-mobwire.bkb.rnp.br;bpa1-cpa1.bkb.rnp.br;No-Hostname;monipe-pa-atraso.rnp.br
1749830543,2025-06-13 13:02:23,gateway;No-Hostname;cba1-mxse-chesf.bkb.rnp.br;cdf2-cba1-taesa.bkb.rnp.br;cto1-cdf2-tlb.bkb.rnp.br;cpa1-cto1-tlb.bkb.rnp.br;bpa1-cpa1.bkb.rnp.br;No-Hostname;monipe-pa-atraso.rnp.br
1749831357,2025-06-13 13:15:57,gateway;No-Hostname;cba1-mxse-chesf.bkb.rnp.br;cdf2-cba1-taesa.bkb.rnp.br;cto1-cdf2-tlb.bkb.rnp.br;cpa1-cto1-tlb.bkb.rnp.br;bpa1-cpa1.bkb.rnp.br;No-Hostname;monipe-pa-atraso.rnp.br
1749831779,2025-06-13 13:22:59,gateway;No-Hostname;cba1-mxse-chesf.bkb.rnp.br;cdf2-cba1-taesa.bkb.rnp.br;cto1-cdf2-aloha.bkb.rnp.br;cpa1-cto1-tlb.bkb.rnp.br;bpa1-cpa1.bkb.rnp.br;No-Hostname;monipe-pa-atraso.rnp.br
1749832568,2025-06-13 13:36:08,gateway;No-Hostname;cba1-mxse-chesf.bkb.rnp.br;cpi1-cba1-chesf.bkb.rnp.br;cma1-cpi1-tlb.bkb.rnp.br;cpa1-cma1-mobwire.bkb.rnp.br;bpa1-cpa1.bkb.rnp.br;No-Hostname;monipe-pa-atraso.rnp.br
1749833212,2025-06-13 13:46:52,gateway;No-Hostname;cba1-mxse-chesf.bkb.rnp.br;cpi1-cba1-chesf.bkb.rnp.br;cma1-cpi1-tlb.bkb.rnp.br;cpa1-cma1-mobwire.bkb.rnp.br;bpa1-cpa1.bkb.rnp.br;No-Hostname;No-Hostname;monipe-pa-atraso.rnp.br
1749834118,2025-06-13 14:01:58,gateway;No-Hostname;cba1-mxse-chesf.bkb.rnp.br;cdf2-cba1-taesa.bkb.rnp.br;cto1-cdf2-aloha.bkb.rnp.br;cpa1-cto1-tlb.bkb.rnp.br;bpa1-cpa1.bkb.rnp.br;No-Hostname;monipe-pa-atraso.rnp.br
1749835455,2025-06-13 14:24:15,gateway;No-Hostname;cba1-mxse-chesf.bkb.rnp.br;cdf2-cba1-taesa.bkb.rnp.br;cto1-cdf2-tlb.bkb.rnp.br;cpa1-cto1-tlb.bkb.rnp.br;bpa1-cpa1.bkb.rnp.br;No-Hostname;monipe-pa-atraso.rnp.br
1749836350,2025-06-13 14:39:10,gateway;No-Hostname;cba1-mxse-chesf.bkb.rnp.br;cdf2-cba1-taesa.bkb.rnp.br;cto1-cdf2-tlb.bkb.rnp.br;cpa1-cto1-tlb.bkb.rnp.br;bpa1-cpa1.bkb.rnp.br;No-Hostname;monipe-pa-atraso.rnp.br
1749837022,2025-06-13 14:50:22,gateway;No-Hostname;cba1-mxse-chesf.bkb.rnp.br;cce1-cba1-chesf.bkb.rnp.br;cpi1-cce1-chesf.bkb.rnp.br;cma1-cpi1-tlb.bkb.rnp.br;cpa1-cma1-mobwire.bkb.rnp.br;bpa1-cpa1.bkb.rnp.br;No-Hostname;monipe-pa-atraso.rnp.br
1749837653,2025-06-13 15:00:53,gateway;No-Hostname;cba1-mxse-chesf.bkb.rnp.br;cce1-cba1-chesf.bkb.rnp.br;cpi1-cce1-chesf.bkb.rnp.br;cma1-cpi1-tlb.bkb.rnp.br;cpa1-cma1-mobwire.bkb.rnp.br;bpa1-cpa1.bkb.rnp.br;No-Hostname;monipe-pa-atraso.rnp.br
1749838549,2025-06-13 15:15:49,gateway;No-Hostname;cba1-mxse-chesf.bkb.rnp.br;cce1-cba1-chesf.bkb.rnp.br;cpi1-cce1-chesf.bkb.rnp.br;cma1-cpi1-tlb.bkb.rnp.br;cpa1-cma1-mobwire.bkb.rnp.br;bpa1-cpa1.bkb.rnp.br;No-Hostname;monipe-pa-atraso.rnp.br
1749838905,2025-06-13 15:21:45,gateway;No-Hostname;cba1-mxse-chesf.bkb.rnp.br;cce1-cba1-chesf.bkb.rnp.br;cpi1-cce1-chesf.bkb.rnp.br;cma1-cpi1-tlb.bkb.rnp.br;cpa1-cma1-mobwire.bkb.rnp.br;No-Hostname;No-Hostname;monipe-pa-atraso.rnp.br
1749839858,2025-06-13 15:37:38,gateway;No-Hostname;cba1-mxse-chesf.bkb.rnp.br;cpi1-cba1-chesf.bkb.rnp.br;cma1-cpi1-tlb.bkb.rnp.br;cpa1-cma1-mobwire.bkb.rnp.br;bpa1-cpa1.bkb.rnp.br;No-Hostname;monipe-pa-atraso.rnp.br
1749840230,2025-06-13 15:43:50,gateway;No-Hostname;cba1-mxse-chesf.bkb.rnp.br;cpi1-cba1-chesf.bkb.rnp.br;cma1-cpi1-tlb.bkb.rnp.br;cpa1-cma1-mobwire.bkb.rnp.br;bpa1-cpa1.bkb.rnp.br;No-Hostname;monipe-pa-atraso.rnp.br
1749840637,2025-06-13 15:50:37,gateway;No-Hostname;cba1-mxse-chesf.bkb.rnp.br;cpi1-cba1-chesf.bkb.rnp.br;cma1-cpi1-tlb.bkb.rnp.br;cpa1-cma1-mobwire.bkb.rnp.br;bpa1-cpa1.bkb.rnp.br;No-Hostname;monipe-pa-atraso.rnp.br
1749841332,2025-06-13 16:02:12,gateway;No-Hostname;cba1-mxse-chesf.bkb.rnp.br;cpi1-cba1-chesf.bkb.rnp.br;cma1-cpi1-tlb.bkb.rnp.br;cpa1-cma1-mobwire.bkb.rnp.br;bpa1-cpa1.bkb.rnp.br;No-Hostname;monipe-pa-atraso.rnp.br
1749841924,2025-06-13 16:12:04,gateway;No-Hostname;cba1-mxse-chesf.bkb.rnp.br;cpi1-cba1-chesf.bkb.rnp.br;cma1-cpi1-tlb.bkb.rnp.br;cpa1-cma1-mobwire.bkb.rnp.br;bpa1-cpa1.bkb.rnp.br;No-Hostname;monipe-pa-atraso.rnp.br
1749842849,2025-06-13 16:27:29,gateway;No-Hostname;cba1-mxse-chesf.bkb.rnp.br;cpi1-cba1-chesf.bkb.rnp.br;cma1-cpi1-tlb.bkb.rnp.br;cpa1-cma1-mobwire.bkb.rnp.br;bpa1-cpa1.bkb.rnp.br;No-Hostname;monipe-pa-atraso.rnp.br
1749843218,2025-06-13 16:33:38,gateway;No-Hostname;cba1-mxse-chesf.bkb.rnp.br;cpi1-cba1-chesf.bkb.rnp.br;cma1-cpi1-tlb.bkb.rnp.br;cpa1-cma1-mobwire.bkb.rnp.br;bpa1-cpa1.bkb.rnp.br;No-Hostname;monipe-pa-atraso.rnp.br
1749844055,2025-06-13 16:47:35,gateway;No-Hostname;cba1-mxse-chesf.bkb.rnp.br;cce1-cba1-chesf.bkb.rnp.br;cpi1-cce1-chesf.bkb.rnp.br;cma1-cpi1-tlb.bkb.rnp.br;cpa1-cma1-mobwire.bkb.rnp.br;No-Hostname;No-Hostname;monipe-pa-atraso.rnp.br
1749844556,2025-06-13 16:55:56,gateway;No-Hostname;cba1-mxse-chesf.bkb.rnp.br;cpi1-cba1-chesf.bkb.rnp.br;cma1-cpi1-tlb.bkb.rnp.br;cpa1-cma1-mobwire.bkb.rnp.br;bpa1-cpa1.bkb.rnp.br;No-Hostname;monipe-pa-atraso.rnp.br
1749844927,2025-06-13 17:02:07,gateway;No-Hostname;cba1-mxse-chesf.bkb.rnp.br;cpi1-cba1-chesf.bkb.rnp.br;cma1-cpi1-tlb.bkb.rnp.br;cpa1-cma1-mobwire.bkb.rnp.br;bpa1-cpa1.bkb.rnp.br;No-Hostname;monipe-pa-atraso.rnp.br
1749845410,2025-06-13 17:10:10,gateway;No-Hostname;cba1-mxse-chesf.bkb.rnp.br;cpi1-cba1-chesf.bkb.rnp.br;cma1-cpi1-tlb.bkb.rnp.br;cpa1-cma1-mobwire.bkb.rnp.br;bpa1-cpa1.bkb.rnp.br;No-Hostname;monipe-pa-atraso.rnp.br
1749846417,2025-06-13 17:26:57,gateway;No-Hostname;cba1-mxse-chesf.bkb.rnp.br;cce1-cba1-chesf.bkb.rnp.br;cpi1-cce1-chesf.bkb.rnp.br;cma1-cpi1-tlb.bkb.rnp.br;cpa1-cma1-mobwire.bkb.rnp.br;bpa1-cpa1.bkb.rnp.br;No-Hostname;monipe-pa-atraso.rnp.br
1749847010,2025-06-13 17:36:50,gateway;No-Hostname;cba1-mxse-chesf.bkb.rnp.br;cpi1-cba1-chesf.bkb.rnp.br;cma1-cpi1-tlb.bkb.rnp.br;cpa1-cma1-mobwire.bkb.rnp.br;bpa1-cpa1.bkb.rnp.br;No-Hostname;monipe-pa-atraso.rnp.br
1749847278,2025-06-13 17:41:18,gateway;No-Hostname;cba1-mxse-chesf.bkb.rnp.br;cpi1-cba1-chesf.bkb.rnp.br;cma1-cpi1-tlb.bkb.rnp.br;cpa1-cma1-mobwire.bkb.rnp.br;bpa1-cpa1.bkb.rnp.br;No-Hostname;monipe-pa-atraso.rnp.br
1749848213,2025-06-13 17:56:53,gateway;No-Hostname;cba1-mxse-chesf.bkb.rnp.br;cce1-cba1-chesf.bkb.rnp.br;cpi1-cce1-chesf.bkb.rnp.br;cma1-cpi1-tlb.bkb.rnp.br;cpa1-cma1-mobwire.bkb.rnp.br;bpa1-cpa1.bkb.rnp.br;No-Hostname;monipe-pa-atraso.rnp.br
1749848654,2025-06-13 18:04:14,gateway;No-Hostname;cba1-mxse-chesf.bkb.rnp.br;cce1-cba1-chesf.bkb.rnp.br;cpi1-cce1-chesf.bkb.rnp.br;cma1-cpi1-tlb.bkb.rnp.br;cpa1-cma1-mobwire.bkb.rnp.br;bpa1-cpa1.bkb.rnp.br;No-Hostname;monipe-pa-atraso.rnp.br
1749849406,2025-06-13 18:16:46,gateway;No-Hostname;cba1-mxse-chesf.bkb.rnp.br;cce1-cba1-chesf.bkb.rnp.br;cpi1-cce1-chesf.bkb.rnp.br;cma1-cpi1-tlb.bkb.rnp.br;cpa1-cma1-mobwire.bkb.rnp.br;bpa1-cpa1.bkb.rnp.br;No-Hostname;monipe-pa-atraso.rnp.br
1749850026,2025-06-13 18:27:06,gateway;No-Hostname;cba1-mxse-chesf.bkb.rnp.br;cce1-cba1-chesf.bkb.rnp.br;cpi1-cce1-chesf.bkb.rnp.br;cma1-cpi1-tlb.bkb.rnp.br;cpa1-cma1-mobwire.bkb.rnp.br;bpa1-cpa1.bkb.rnp.br;No-Hostname;monipe-pa-atraso.rnp.br
1749851019,2025-06-13 18:43:39,gateway;No-Hostname;cba1-mxse-chesf.bkb.rnp.br;cce1-cba1-chesf.bkb.rnp.br;cpi1-cce1-chesf.bkb.rnp.br;cma1-cpi1-tlb.bkb.rnp.br;No-Hostname;bpa1-cpa1.bkb.rnp.br;No-Hostname;monipe-pa-atraso.rnp.br
1749851795,2025-06-13 18:56:35,gateway;No-Hostname;cba1-mxse-chesf.bkb.rnp.br;cdf2-cba1-taesa.bkb.rnp.br;cto1-cdf2-tlb.bkb.rnp.br;cpa1-cto1-tlb.bkb.rnp.br;bpa1-cpa1.bkb.rnp.br;No-Hostname;monipe-pa-atraso.rnp.br
1749851971,2025-06-13 18:59:31,gateway;No-Hostname;cba1-mxse-chesf.bkb.rnp.br;cdf2-cba1-taesa.bkb.rnp.br;cto1-cdf2-tlb.bkb.rnp.br;cpa1-cto1-tlb.bkb.rnp.br;bpa1-cpa1.bkb.rnp.br;No-Hostname;monipe-pa-atraso.rnp.br
1749852807,2025-06-13 19:13:27,gateway;No-Hostname;cba1-mxse-chesf.bkb.rnp.br;cdf2-cba1-taesa.bkb.rnp.br;cto1-cdf2-tlb.bkb.rnp.br;cpa1-cto1-tlb.bkb.rnp.br;bpa1-cpa1.bkb.rnp.br;No-Hostname;monipe-pa-atraso.rnp.br
1749853625,2025-06-13 19:27:05,gateway;No-Hostname;cba1-mxse-chesf.bkb.rnp.br;cdf2-cba1-taesa.bkb.rnp.br;cto1-cdf2-aloha.bkb.rnp.br;cpa1-cto1-tlb.bkb.rnp.br;bpa1-cpa1.bkb.rnp.br;No-Hostname;monipe-pa-atraso.rnp.br
1749853813,2025-06-13 19:30:13,gateway;No-Hostname;cba1-mxse-chesf.bkb.rnp.br;cdf2-cba1-taesa.bkb.rnp.br;cto1-cdf2-aloha.bkb.rnp.br;cpa1-cto1-tlb.bkb.rnp.br;bpa1-cpa1.bkb.rnp.br;No-Hostname;monipe-pa-atraso.rnp.br
1749854434,2025-06-13 19:40:34,gateway;No-Hostname;cba1-mxse-chesf.bkb.rnp.br;cdf2-cba1-taesa.bkb.rnp.br;cto1-cdf2-tlb.bkb.rnp.br;cpa1-cto1-tlb.bkb.rnp.br;bpa1-cpa1.bkb.rnp.br;No-Hostname;monipe-pa-atraso.rnp.br
