Timestamp,Datetime,HopHostnames
1750100361,2025-06-16 15:59:21,No-Hostname;No-Hostname;mxac-bac1.bkb.rnp.br;ro-ac-oi.bkb.rnp.br;cmt1-mxro-infobarra.bkb.rnp.br;mxms-cmt1-telebras.bkb.rnp.br;lanms-ms.bkb.rnp.br;monipe-ms-atraso.rnp.br
1750101265,2025-06-16 16:14:25,No-Hostname;No-Hostname;mxac-bac1.bkb.rnp.br;ro-ac-oi.bkb.rnp.br;cmt1-mxro-infobarra.bkb.rnp.br;mxms-cmt1-telebras.bkb.rnp.br;lanms-ms.bkb.rnp.br;monipe-ms-atraso.rnp.br
1750102064,2025-06-16 16:27:44,No-Hostname;No-Hostname;mxac-bac1.bkb.rnp.br;mxro-mxac-3g-allo.bkb.rnp.br;cmt1-mxro-infobarra.bkb.rnp.br;mxms-cmt1-telebras.bkb.rnp.br;lanms-ms.bkb.rnp.br;monipe-ms-atraso.rnp.br
1750102295,2025-06-16 16:31:35,No-Hostname;No-Hostname;mxac-bac1.bkb.rnp.br;mxro-mxac-3g-allo.bkb.rnp.br;cmt1-mxro-infobarra.bkb.rnp.br;mxms-cmt1-telebras.bkb.rnp.br;lanms-ms.bkb.rnp.br;monipe-ms-atraso.rnp.br
1750103005,2025-06-16 16:43:25,No-Hostname;No-Hostname;mxac-bac1.bkb.rnp.br;ro-ac-oi.bkb.rnp.br;cmt1-mxro-infobarra.bkb.rnp.br;mxms-cmt1-telebras.bkb.rnp.br;lanms-ms.bkb.rnp.br;monipe-ms-atraso.rnp.br
1750103596,2025-06-16 16:53:16,No-Hostname;No-Hostname;mxac-bac1.bkb.rnp.br;ro-ac-oi.bkb.rnp.br;cmt1-mxro-infobarra.bkb.rnp.br;mxms-cmt1-telebras.bkb.rnp.br;lanms-ms.bkb.rnp.br;monipe-ms-atraso.rnp.br
1750104806,2025-06-16 17:13:26,No-Hostname;No-Hostname;mxac-bac1.bkb.rnp.br;ro-ac-oi.bkb.rnp.br;cmt1-mxro-infobarra.bkb.rnp.br;mxms-cmt1-telebras.bkb.rnp.br;lanms-ms.bkb.rnp.br;monipe-ms-atraso.rnp.br
1750105252,2025-06-16 17:20:52,No-Hostname;No-Hostname;mxac-bac1.bkb.rnp.br;ro-ac-oi.bkb.rnp.br;cmt1-mxro-infobarra.bkb.rnp.br;mxms-cmt1-telebras.bkb.rnp.br;lanms-ms.bkb.rnp.br;monipe-ms-atraso.rnp.br
1750106120,2025-06-16 17:35:20,No-Hostname;No-Hostname;mxac-bac1.bkb.rnp.br;mxro-mxac-3g-allo.bkb.rnp.br;cmt1-mxro-infobarra.bkb.rnp.br;mxms-cmt1-telebras.bkb.rnp.br;lanms-ms.bkb.rnp.br;monipe-ms-atraso.rnp.br
1750107086,2025-06-16 17:51:26,No-Hostname;No-Hostname;mxac-bac1.bkb.rnp.br;ro-ac-oi.bkb.rnp.br;cmt1-mxro-infobarra.bkb.rnp.br;mxms-cmt1-telebras.bkb.rnp.br;lanms-ms.bkb.rnp.br;monipe-ms-atraso.rnp.br
1750107659,2025-06-16 18:00:59,No-Hostname;No-Hostname;mxac-bac1.bkb.rnp.br;mxro-mxac-3g-allo.bkb.rnp.br;cmt1-mxro-infobarra.bkb.rnp.br;mxms-cmt1-telebras.bkb.rnp.br;lanms-ms.bkb.rnp.br;monipe-ms-atraso.rnp.br
1750108213,2025-06-16 18:10:13,No-Hostname;No-Hostname;mxac-bac1.bkb.rnp.br;mxro-mxac-3g-allo.bkb.rnp.br;cmt1-mxro-infobarra.bkb.rnp.br;mxms-cmt1-telebras.bkb.rnp.br;lanms-ms.bkb.rnp.br;monipe-ms-atraso.rnp.br
1750109042,2025-06-16 18:24:02,No-Hostname;No-Hostname;mxac-bac1.bkb.rnp.br;ro-ac-oi.bkb.rnp.br;cmt1-mxro-infobarra.bkb.rnp.br;mxms-cmt1-telebras.bkb.rnp.br;lanms-ms.bkb.rnp.br;monipe-ms-atraso.rnp.br
1750109630,2025-06-16 18:33:50,No-Hostname;No-Hostname;mxac-bac1.bkb.rnp.br;ro-ac-oi.bkb.rnp.br;cmt1-mxro-infobarra.bkb.rnp.br;mxms-cmt1-telebras.bkb.rnp.br;lanms-ms.bkb.rnp.br;monipe-ms-atraso.rnp.br
1750110404,2025-06-16 18:46:44,No-Hostname;No-Hostname;mxac-bac1.bkb.rnp.br;mxro-mxac-3g-allo.bkb.rnp.br;cmt1-mxro-infobarra.bkb.rnp.br;mxms-cmt1-telebras.bkb.rnp.br;lanms-ms.bkb.rnp.br;monipe-ms-atraso.rnp.br
1750110882,2025-06-16 18:54:42,No-Hostname;No-Hostname;mxac-bac1.bkb.rnp.br;mxro-mxac-3g-allo.bkb.rnp.br;cmt1-mxro-infobarra.bkb.rnp.br;mxms-cmt1-telebras.bkb.rnp.br;lanms-ms.bkb.rnp.br;monipe-ms-atraso.rnp.br
1750111309,2025-06-16 19:01:49,No-Hostname;No-Hostname;mxac-bac1.bkb.rnp.br;mxro-mxac-3g-allo.bkb.rnp.br;cmt1-mxro-infobarra.bkb.rnp.br;mxms-cmt1-telebras.bkb.rnp.br;lanms-ms.bkb.rnp.br;monipe-ms-atraso.rnp.br
1750112156,2025-06-16 19:15:56,No-Hostname;No-Hostname;mxac-bac1.bkb.rnp.br;mxro-mxac-3g-allo.bkb.rnp.br;cmt1-mxro-infobarra.bkb.rnp.br;mxms-cmt1-telebras.bkb.rnp.br;lanms-ms.bkb.rnp.br;monipe-ms-atraso.rnp.br
1750112801,2025-06-16 19:26:41,No-Hostname;No-Hostname;mxac-bac1.bkb.rnp.br;mxro-mxac-3g-allo.bkb.rnp.br;cmt1-mxro-infobarra.bkb.rnp.br;mxms-cmt1-telebras.bkb.rnp.br;lanms-ms.bkb.rnp.br;monipe-ms-atraso.rnp.br
1750113289,2025-06-16 19:34:49,No-Hostname;No-Hostname;mxac-bac1.bkb.rnp.br;mxro-mxac-3g-allo.bkb.rnp.br;cmt1-mxro-infobarra.bkb.rnp.br;mxms-cmt1-telebras.bkb.rnp.br;lanms-ms.bkb.rnp.br;monipe-ms-atraso.rnp.br
1750113789,2025-06-16 19:43:09,No-Hostname;No-Hostname;mxac-bac1.bkb.rnp.br;mxro-mxac-3g-allo.bkb.rnp.br;cmt1-mxro-infobarra.bkb.rnp.br;mxms-cmt1-telebras.bkb.rnp.br;lanms-ms.bkb.rnp.br;monipe-ms-atraso.rnp.br
1750114538,2025-06-16 19:55:38,No-Hostname;No-Hostname;mxac-bac1.bkb.rnp.br;ro-ac-oi.bkb.rnp.br;cmt1-mxro-infobarra.bkb.rnp.br;mxms-cmt1-telebras.bkb.rnp.br;lanms-ms.bkb.rnp.br;monipe-ms-atraso.rnp.br
1750114781,2025-06-16 19:59:41,No-Hostname;No-Hostname;mxac-bac1.bkb.rnp.br;ro-ac-oi.bkb.rnp.br;cmt1-mxro-infobarra.bkb.rnp.br;mxms-cmt1-telebras.bkb.rnp.br;lanms-ms.bkb.rnp.br;monipe-ms-atraso.rnp.br
1750115747,2025-06-16 20:15:47,No-Hostname;No-Hostname;mxac-bac1.bkb.rnp.br;mxro-mxac-3g-allo.bkb.rnp.br;cmt1-mxro-infobarra.bkb.rnp.br;mxms-cmt1-telebras.bkb.rnp.br;lanms-ms.bkb.rnp.br;monipe-ms-atraso.rnp.br
1750116264,2025-06-16 20:24:24,No-Hostname;No-Hostname;mxac-bac1.bkb.rnp.br;ro-ac-oi.bkb.rnp.br;cmt1-mxro-infobarra.bkb.rnp.br;mxms-cmt1-telebras.bkb.rnp.br;lanms-ms.bkb.rnp.br;monipe-ms-atraso.rnp.br
1750116915,2025-06-16 20:35:15,No-Hostname;No-Hostname;mxac-bac1.bkb.rnp.br;mxro-mxac-3g-allo.bkb.rnp.br;cmt1-mxro-infobarra.bkb.rnp.br;mxms-cmt1-telebras.bkb.rnp.br;lanms-ms.bkb.rnp.br;monipe-ms-atraso.rnp.br
1750117187,2025-06-16 20:39:47,No-Hostname;No-Hostname;mxac-bac1.bkb.rnp.br;mxro-mxac-3g-allo.bkb.rnp.br;cmt1-mxro-infobarra.bkb.rnp.br;mxms-cmt1-telebras.bkb.rnp.br;lanms-ms.bkb.rnp.br;monipe-ms-atraso.rnp.br
1750117844,2025-06-16 20:50:44,No-Hostname;No-Hostname;mxac-bac1.bkb.rnp.br;mxro-mxac-3g-allo.bkb.rnp.br;cmt1-mxro-infobarra.bkb.rnp.br;mxms-cmt1-telebras.bkb.rnp.br;lanms-ms.bkb.rnp.br;monipe-ms-atraso.rnp.br
1750118700,2025-06-16 21:05:00,No-Hostname;No-Hostname;mxac-bac1.bkb.rnp.br;mxro-mxac-3g-allo.bkb.rnp.br;cmt1-mxro-infobarra.bkb.rnp.br;mxms-cmt1-telebras.bkb.rnp.br;lanms-ms.bkb.rnp.br;monipe-ms-atraso.rnp.br
1750119145,2025-06-16 21:12:25,No-Hostname;No-Hostname;mxac-bac1.bkb.rnp.br;mxro-mxac-3g-allo.bkb.rnp.br;cmt1-mxro-infobarra.bkb.rnp.br;mxms-cmt1-telebras.bkb.rnp.br;lanms-ms.bkb.rnp.br;monipe-ms-atraso.rnp.br
1750119841,2025-06-16 21:24:01,No-Hostname;No-Hostname;mxac-bac1.bkb.rnp.br;mxro-mxac-3g-allo.bkb.rnp.br;cmt1-mxro-infobarra.bkb.rnp.br;mxms-cmt1-telebras.bkb.rnp.br;lanms-ms.bkb.rnp.br;monipe-ms-atraso.rnp.br
1750120313,2025-06-16 21:31:53,No-Hostname;No-Hostname;mxac-bac1.bkb.rnp.br;mxro-mxac-3g-allo.bkb.rnp.br;cmt1-mxro-infobarra.bkb.rnp.br;mxms-cmt1-telebras.bkb.rnp.br;lanms-ms.bkb.rnp.br;monipe-ms-atraso.rnp.br
1750121011,2025-06-16 21:43:31,No-Hostname;No-Hostname;mxac-bac1.bkb.rnp.br;mxro-mxac-3g-allo.bkb.rnp.br;cmt1-mxro-infobarra.bkb.rnp.br;mxms-cmt1-telebras.bkb.rnp.br;lanms-ms.bkb.rnp.br;monipe-ms-atraso.rnp.br
1750121835,2025-06-16 21:57:15,No-Hostname;No-Hostname;mxac-bac1.bkb.rnp.br;mxro-mxac-3g-allo.bkb.rnp.br;cmt1-mxro-infobarra.bkb.rnp.br;mxms-cmt1-telebras.bkb.rnp.br;lanms-ms.bkb.rnp.br;monipe-ms-atraso.rnp.br
1750122060,2025-06-16 22:01:00,No-Hostname;No-Hostname;mxac-bac1.bkb.rnp.br;mxro-mxac-3g-allo.bkb.rnp.br;cmt1-mxro-infobarra.bkb.rnp.br;mxms-cmt1-telebras.bkb.rnp.br;lanms-ms.bkb.rnp.br;monipe-ms-atraso.rnp.br
1750122691,2025-06-16 22:11:31,No-Hostname;No-Hostname;mxac-bac1.bkb.rnp.br;mxro-mxac-3g-allo.bkb.rnp.br;cmt1-mxro-infobarra.bkb.rnp.br;mxms-cmt1-telebras.bkb.rnp.br;lanms-ms.bkb.rnp.br;monipe-ms-atraso.rnp.br
1750123279,2025-06-16 22:21:19,No-Hostname;No-Hostname;mxac-bac1.bkb.rnp.br;mxro-mxac-3g-allo.bkb.rnp.br;cmt1-mxro-infobarra.bkb.rnp.br;mxms-cmt1-telebras.bkb.rnp.br;lanms-ms.bkb.rnp.br;monipe-ms-atraso.rnp.br
1750123973,2025-06-16 22:32:53,No-Hostname;No-Hostname;mxac-bac1.bkb.rnp.br;mxro-mxac-3g-allo.bkb.rnp.br;cmt1-mxro-infobarra.bkb.rnp.br;mxms-cmt1-telebras.bkb.rnp.br;lanms-ms.bkb.rnp.br;monipe-ms-atraso.rnp.br
1750124817,2025-06-16 22:46:57,No-Hostname;No-Hostname;mxac-bac1.bkb.rnp.br;mxro-mxac-3g-allo.bkb.rnp.br;cmt1-mxro-infobarra.bkb.rnp.br;mxms-cmt1-telebras.bkb.rnp.br;lanms-ms.bkb.rnp.br;monipe-ms-atraso.rnp.br
1750125363,2025-06-16 22:56:03,No-Hostname;No-Hostname;mxac-bac1.bkb.rnp.br;mxro-mxac-3g-allo.bkb.rnp.br;cmt1-mxro-infobarra.bkb.rnp.br;mxms-cmt1-telebras.bkb.rnp.br;lanms-ms.bkb.rnp.br;monipe-ms-atraso.rnp.br
1750125584,2025-06-16 22:59:44,No-Hostname;No-Hostname;mxac-bac1.bkb.rnp.br;mxro-mxac-3g-allo.bkb.rnp.br;cmt1-mxro-infobarra.bkb.rnp.br;mxms-cmt1-telebras.bkb.rnp.br;lanms-ms.bkb.rnp.br;monipe-ms-atraso.rnp.br
1750126306,2025-06-16 23:11:46,No-Hostname;No-Hostname;mxac-bac1.bkb.rnp.br;mxro-mxac-3g-allo.bkb.rnp.br;cmt1-mxro-infobarra.bkb.rnp.br;mxms-cmt1-telebras.bkb.rnp.br;lanms-ms.bkb.rnp.br;monipe-ms-atraso.rnp.br
1750127046,2025-06-16 23:24:06,No-Hostname;No-Hostname;mxac-bac1.bkb.rnp.br;csp2-mxac-3g-allo.bkb.rnp.br;cpr1-csp2-tlb.bkb.rnp.br;mxms-cpr1-acessoline.bkb.rnp.br;lanms-ms.bkb.rnp.br;monipe-ms-atraso.rnp.br
1750127738,2025-06-16 23:35:38,No-Hostname;No-Hostname;mxac-bac1.bkb.rnp.br;mxro-mxac-3g-allo.bkb.rnp.br;cmt1-mxro-infobarra.bkb.rnp.br;mxms-cmt1-telebras.bkb.rnp.br;lanms-ms.bkb.rnp.br;monipe-ms-atraso.rnp.br
1750127989,2025-06-16 23:39:49,No-Hostname;No-Hostname;mxac-bac1.bkb.rnp.br;mxro-mxac-3g-allo.bkb.rnp.br;cmt1-mxro-infobarra.bkb.rnp.br;mxms-cmt1-telebras.bkb.rnp.br;lanms-ms.bkb.rnp.br;monipe-ms-atraso.rnp.br
1750129000,2025-06-16 23:56:40,No-Hostname;No-Hostname;mxac-bac1.bkb.rnp.br;mxro-mxac-3g-allo.bkb.rnp.br;cmt1-mxro-infobarra.bkb.rnp.br;mxms-cmt1-telebras.bkb.rnp.br;lanms-ms.bkb.rnp.br;monipe-ms-atraso.rnp.br
1750129178,2025-06-16 23:59:38,No-Hostname;No-Hostname;mxac-bac1.bkb.rnp.br;mxro-mxac-3g-allo.bkb.rnp.br;cmt1-mxro-infobarra.bkb.rnp.br;mxms-cmt1-telebras.bkb.rnp.br;lanms-ms.bkb.rnp.br;monipe-ms-atraso.rnp.br
1750129973,2025-06-17 00:12:53,No-Hostname;No-Hostname;mxac-bac1.bkb.rnp.br;mxro-mxac-3g-allo.bkb.rnp.br;cmt1-mxro-infobarra.bkb.rnp.br;mxms-cmt1-telebras.bkb.rnp.br;lanms-ms.bkb.rnp.br;monipe-ms-atraso.rnp.br
1750130649,2025-06-17 00:24:09,No-Hostname;No-Hostname;mxac-bac1.bkb.rnp.br;mxro-mxac-3g-allo.bkb.rnp.br;cmt1-mxro-infobarra.bkb.rnp.br;mxms-cmt1-telebras.bkb.rnp.br;lanms-ms.bkb.rnp.br;monipe-ms-atraso.rnp.br
1750131447,2025-06-17 00:37:27,No-Hostname;No-Hostname;mxac-bac1.bkb.rnp.br;mxro-mxac-3g-allo.bkb.rnp.br;cmt1-mxro-infobarra.bkb.rnp.br;mxms-cmt1-telebras.bkb.rnp.br;lanms-ms.bkb.rnp.br;monipe-ms-atraso.rnp.br
1750131849,2025-06-17 00:44:09,No-Hostname;No-Hostname;mxac-bac1.bkb.rnp.br;mxro-mxac-3g-allo.bkb.rnp.br;cmt1-mxro-infobarra.bkb.rnp.br;mxms-cmt1-telebras.bkb.rnp.br;lanms-ms.bkb.rnp.br;monipe-ms-atraso.rnp.br
1750132277,2025-06-17 00:51:17,No-Hostname;No-Hostname;mxac-bac1.bkb.rnp.br;mxro-mxac-3g-allo.bkb.rnp.br;cmt1-mxro-infobarra.bkb.rnp.br;mxms-cmt1-telebras.bkb.rnp.br;lanms-ms.bkb.rnp.br;monipe-ms-atraso.rnp.br
1750132917,2025-06-17 01:01:57,No-Hostname;No-Hostname;mxac-bac1.bkb.rnp.br;mxro-mxac-3g-allo.bkb.rnp.br;cmt1-mxro-infobarra.bkb.rnp.br;mxms-cmt1-telebras.bkb.rnp.br;lanms-ms.bkb.rnp.br;monipe-ms-atraso.rnp.br
1750133875,2025-06-17 01:17:55,No-Hostname;No-Hostname;mxac-bac1.bkb.rnp.br;mxro-mxac-3g-allo.bkb.rnp.br;cmt1-mxro-infobarra.bkb.rnp.br;mxms-cmt1-telebras.bkb.rnp.br;lanms-ms.bkb.rnp.br;monipe-ms-atraso.rnp.br
1750134387,2025-06-17 01:26:27,No-Hostname;No-Hostname;mxac-bac1.bkb.rnp.br;mxro-mxac-3g-allo.bkb.rnp.br;cmt1-mxro-infobarra.bkb.rnp.br;mxms-cmt1-telebras.bkb.rnp.br;lanms-ms.bkb.rnp.br;monipe-ms-atraso.rnp.br
1750134583,2025-06-17 01:29:43,No-Hostname;No-Hostname;mxac-bac1.bkb.rnp.br;mxro-mxac-3g-allo.bkb.rnp.br;cmt1-mxro-infobarra.bkb.rnp.br;mxms-cmt1-telebras.bkb.rnp.br;lanms-ms.bkb.rnp.br;monipe-ms-atraso.rnp.br
1750135310,2025-06-17 01:41:50,No-Hostname;No-Hostname;mxac-bac1.bkb.rnp.br;mxro-mxac-3g-allo.bkb.rnp.br;cmt1-mxro-infobarra.bkb.rnp.br;mxms-cmt1-telebras.bkb.rnp.br;lanms-ms.bkb.rnp.br;monipe-ms-atraso.rnp.br
1750136001,2025-06-17 01:53:21,No-Hostname;No-Hostname;mxac-bac1.bkb.rnp.br;mxro-mxac-3g-allo.bkb.rnp.br;cmt1-mxro-infobarra.bkb.rnp.br;mxms-cmt1-telebras.bkb.rnp.br;lanms-ms.bkb.rnp.br;monipe-ms-atraso.rnp.br
1750136364,2025-06-17 01:59:24,No-Hostname;No-Hostname;mxac-bac1.bkb.rnp.br;mxro-mxac-3g-allo.bkb.rnp.br;cmt1-mxro-infobarra.bkb.rnp.br;mxms-cmt1-telebras.bkb.rnp.br;lanms-ms.bkb.rnp.br;monipe-ms-atraso.rnp.br
1750137145,2025-06-17 02:12:25,No-Hostname;No-Hostname;mxac-bac1.bkb.rnp.br;mxro-mxac-3g-allo.bkb.rnp.br;cmt1-mxro-infobarra.bkb.rnp.br;mxms-cmt1-telebras.bkb.rnp.br;lanms-ms.bkb.rnp.br;monipe-ms-atraso.rnp.br
1750137587,2025-06-17 02:19:47,No-Hostname;No-Hostname;mxac-bac1.bkb.rnp.br;mxro-mxac-3g-allo.bkb.rnp.br;cmt1-mxro-infobarra.bkb.rnp.br;mxms-cmt1-telebras.bkb.rnp.br;lanms-ms.bkb.rnp.br;monipe-ms-atraso.rnp.br
1750138165,2025-06-17 02:29:25,No-Hostname;No-Hostname;mxac-bac1.bkb.rnp.br;mxro-mxac-3g-allo.bkb.rnp.br;cmt1-mxro-infobarra.bkb.rnp.br;mxms-cmt1-telebras.bkb.rnp.br;lanms-ms.bkb.rnp.br;monipe-ms-atraso.rnp.br
1750139102,2025-06-17 02:45:02,No-Hostname;No-Hostname;mxac-bac1.bkb.rnp.br;mxro-mxac-3g-allo.bkb.rnp.br;cmt1-mxro-infobarra.bkb.rnp.br;mxms-cmt1-telebras.bkb.rnp.br;lanms-ms.bkb.rnp.br;monipe-ms-atraso.rnp.br
1750139665,2025-06-17 02:54:25,No-Hostname;No-Hostname;mxac-bac1.bkb.rnp.br;mxro-mxac-3g-allo.bkb.rnp.br;cmt1-mxro-infobarra.bkb.rnp.br;mxms-cmt1-telebras.bkb.rnp.br;lanms-ms.bkb.rnp.br;monipe-ms-atraso.rnp.br
1750140183,2025-06-17 03:03:03,No-Hostname;No-Hostname;mxac-bac1.bkb.rnp.br;mxro-mxac-3g-allo.bkb.rnp.br;cmt1-mxro-infobarra.bkb.rnp.br;mxms-cmt1-telebras.bkb.rnp.br;lanms-ms.bkb.rnp.br;monipe-ms-atraso.rnp.br
1750140588,2025-06-17 03:09:48,No-Hostname;No-Hostname;mxac-bac1.bkb.rnp.br;mxro-mxac-3g-allo.bkb.rnp.br;cmt1-mxro-infobarra.bkb.rnp.br;mxms-cmt1-telebras.bkb.rnp.br;lanms-ms.bkb.rnp.br;monipe-ms-atraso.rnp.br
1750141670,2025-06-17 03:27:50,No-Hostname;No-Hostname;mxac-bac1.bkb.rnp.br;mxro-mxac-3g-allo.bkb.rnp.br;cmt1-mxro-infobarra.bkb.rnp.br;mxms-cmt1-telebras.bkb.rnp.br;lanms-ms.bkb.rnp.br;monipe-ms-atraso.rnp.br
1750141784,2025-06-17 03:29:44,No-Hostname;No-Hostname;mxac-bac1.bkb.rnp.br;mxro-mxac-3g-allo.bkb.rnp.br;cmt1-mxro-infobarra.bkb.rnp.br;mxms-cmt1-telebras.bkb.rnp.br;lanms-ms.bkb.rnp.br;monipe-ms-atraso.rnp.br
1750142365,2025-06-17 03:39:25,No-Hostname;No-Hostname;mxac-bac1.bkb.rnp.br;mxro-mxac-3g-allo.bkb.rnp.br;cmt1-mxro-infobarra.bkb.rnp.br;mxms-cmt1-telebras.bkb.rnp.br;lanms-ms.bkb.rnp.br;monipe-ms-atraso.rnp.br
1750143276,2025-06-17 03:54:36,No-Hostname;No-Hostname;mxac-bac1.bkb.rnp.br;mxro-mxac-3g-allo.bkb.rnp.br;cmt1-mxro-infobarra.bkb.rnp.br;mxms-cmt1-telebras.bkb.rnp.br;lanms-ms.bkb.rnp.br;monipe-ms-atraso.rnp.br
1750143773,2025-06-17 04:02:53,No-Hostname;No-Hostname;mxac-bac1.bkb.rnp.br;mxro-mxac-3g-allo.bkb.rnp.br;cmt1-mxro-infobarra.bkb.rnp.br;mxms-cmt1-telebras.bkb.rnp.br;lanms-ms.bkb.rnp.br;monipe-ms-atraso.rnp.br
1750144388,2025-06-17 04:13:08,No-Hostname;No-Hostname;mxac-bac1.bkb.rnp.br;mxro-mxac-3g-allo.bkb.rnp.br;cmt1-mxro-infobarra.bkb.rnp.br;mxms-cmt1-telebras.bkb.rnp.br;lanms-ms.bkb.rnp.br;monipe-ms-atraso.rnp.br
1750145012,2025-06-17 04:23:32,No-Hostname;No-Hostname;mxac-bac1.bkb.rnp.br;mxro-mxac-3g-allo.bkb.rnp.br;cmt1-mxro-infobarra.bkb.rnp.br;mxms-cmt1-telebras.bkb.rnp.br;lanms-ms.bkb.rnp.br;monipe-ms-atraso.rnp.br
1750145408,2025-06-17 04:30:08,No-Hostname;No-Hostname;mxac-bac1.bkb.rnp.br;mxro-mxac-3g-allo.bkb.rnp.br;cmt1-mxro-infobarra.bkb.rnp.br;mxms-cmt1-telebras.bkb.rnp.br;lanms-ms.bkb.rnp.br;monipe-ms-atraso.rnp.br
1750145968,2025-06-17 04:39:28,No-Hostname;No-Hostname;mxac-bac1.bkb.rnp.br;mxro-mxac-3g-allo.bkb.rnp.br;cmt1-mxro-infobarra.bkb.rnp.br;mxms-cmt1-telebras.bkb.rnp.br;lanms-ms.bkb.rnp.br;monipe-ms-atraso.rnp.br
1750146861,2025-06-17 04:54:21,No-Hostname;No-Hostname;mxac-bac1.bkb.rnp.br;mxro-mxac-3g-allo.bkb.rnp.br;cmt1-mxro-infobarra.bkb.rnp.br;mxms-cmt1-telebras.bkb.rnp.br;lanms-ms.bkb.rnp.br;monipe-ms-atraso.rnp.br
1750147556,2025-06-17 05:05:56,No-Hostname;No-Hostname;mxac-bac1.bkb.rnp.br;mxro-mxac-3g-allo.bkb.rnp.br;cmt1-mxro-infobarra.bkb.rnp.br;mxms-cmt1-telebras.bkb.rnp.br;lanms-ms.bkb.rnp.br;monipe-ms-atraso.rnp.br
1750147811,2025-06-17 05:10:11,No-Hostname;No-Hostname;mxac-bac1.bkb.rnp.br;mxro-mxac-3g-allo.bkb.rnp.br;cmt1-mxro-infobarra.bkb.rnp.br;mxms-cmt1-telebras.bkb.rnp.br;lanms-ms.bkb.rnp.br;monipe-ms-atraso.rnp.br
1750148432,2025-06-17 05:20:32,No-Hostname;No-Hostname;mxac-bac1.bkb.rnp.br;mxro-mxac-3g-allo.bkb.rnp.br;cmt1-mxro-infobarra.bkb.rnp.br;mxms-cmt1-telebras.bkb.rnp.br;lanms-ms.bkb.rnp.br;monipe-ms-atraso.rnp.br
1750149329,2025-06-17 05:35:29,No-Hostname;No-Hostname;mxac-bac1.bkb.rnp.br;mxro-mxac-3g-allo.bkb.rnp.br;cmt1-mxro-infobarra.bkb.rnp.br;mxms-cmt1-telebras.bkb.rnp.br;lanms-ms.bkb.rnp.br;monipe-ms-atraso.rnp.br
1750149802,2025-06-17 05:43:22,No-Hostname;No-Hostname;mxac-bac1.bkb.rnp.br;mxro-mxac-3g-allo.bkb.rnp.br;cmt1-mxro-infobarra.bkb.rnp.br;mxms-cmt1-telebras.bkb.rnp.br;lanms-ms.bkb.rnp.br;monipe-ms-atraso.rnp.br
1750150401,2025-06-17 05:53:21,No-Hostname;No-Hostname;mxac-bac1.bkb.rnp.br;mxro-mxac-3g-allo.bkb.rnp.br;cmt1-mxro-infobarra.bkb.rnp.br;mxms-cmt1-telebras.bkb.rnp.br;lanms-ms.bkb.rnp.br;monipe-ms-atraso.rnp.br
1750151045,2025-06-17 06:04:05,No-Hostname;No-Hostname;mxac-bac1.bkb.rnp.br;mxro-mxac-3g-allo.bkb.rnp.br;cmt1-mxro-infobarra.bkb.rnp.br;mxms-cmt1-telebras.bkb.rnp.br;lanms-ms.bkb.rnp.br;monipe-ms-atraso.rnp.br
1750151691,2025-06-17 06:14:51,No-Hostname;No-Hostname;mxac-bac1.bkb.rnp.br;mxro-mxac-3g-allo.bkb.rnp.br;cmt1-mxro-infobarra.bkb.rnp.br;mxms-cmt1-telebras.bkb.rnp.br;lanms-ms.bkb.rnp.br;monipe-ms-atraso.rnp.br
1750152098,2025-06-17 06:21:38,No-Hostname;No-Hostname;mxac-bac1.bkb.rnp.br;mxro-mxac-3g-allo.bkb.rnp.br;cmt1-mxro-infobarra.bkb.rnp.br;mxms-cmt1-telebras.bkb.rnp.br;lanms-ms.bkb.rnp.br;monipe-ms-atraso.rnp.br
1750152783,2025-06-17 06:33:03,No-Hostname;No-Hostname;mxac-bac1.bkb.rnp.br;mxro-mxac-3g-allo.bkb.rnp.br;cmt1-mxro-infobarra.bkb.rnp.br;mxms-cmt1-telebras.bkb.rnp.br;lanms-ms.bkb.rnp.br;monipe-ms-atraso.rnp.br
1750153344,2025-06-17 06:42:24,No-Hostname;No-Hostname;mxac-bac1.bkb.rnp.br;mxro-mxac-3g-allo.bkb.rnp.br;cmt1-mxro-infobarra.bkb.rnp.br;mxms-cmt1-telebras.bkb.rnp.br;lanms-ms.bkb.rnp.br;monipe-ms-atraso.rnp.br
1750153965,2025-06-17 06:52:45,No-Hostname;No-Hostname;mxac-bac1.bkb.rnp.br;mxro-mxac-3g-allo.bkb.rnp.br;cmt1-mxro-infobarra.bkb.rnp.br;mxms-cmt1-telebras.bkb.rnp.br;lanms-ms.bkb.rnp.br;monipe-ms-atraso.rnp.br
1750154637,2025-06-17 07:03:57,No-Hostname;No-Hostname;mxac-bac1.bkb.rnp.br;mxro-mxac-3g-allo.bkb.rnp.br;cmt1-mxro-infobarra.bkb.rnp.br;mxms-cmt1-telebras.bkb.rnp.br;lanms-ms.bkb.rnp.br;monipe-ms-atraso.rnp.br
1750154984,2025-06-17 07:09:44,No-Hostname;No-Hostname;mxac-bac1.bkb.rnp.br;mxro-mxac-3g-allo.bkb.rnp.br;cmt1-mxro-infobarra.bkb.rnp.br;mxms-cmt1-telebras.bkb.rnp.br;lanms-ms.bkb.rnp.br;monipe-ms-atraso.rnp.br
1750155994,2025-06-17 07:26:34,No-Hostname;No-Hostname;mxac-bac1.bkb.rnp.br;mxro-mxac-3g-allo.bkb.rnp.br;cmt1-mxro-infobarra.bkb.rnp.br;mxms-cmt1-telebras.bkb.rnp.br;lanms-ms.bkb.rnp.br;monipe-ms-atraso.rnp.br
1750156383,2025-06-17 07:33:03,No-Hostname;No-Hostname;mxac-bac1.bkb.rnp.br;mxro-mxac-3g-allo.bkb.rnp.br;cmt1-mxro-infobarra.bkb.rnp.br;mxms-cmt1-telebras.bkb.rnp.br;lanms-ms.bkb.rnp.br;monipe-ms-atraso.rnp.br
1750156864,2025-06-17 07:41:04,No-Hostname;No-Hostname;mxac-bac1.bkb.rnp.br;mxro-mxac-3g-allo.bkb.rnp.br;cmt1-mxro-infobarra.bkb.rnp.br;mxms-cmt1-telebras.bkb.rnp.br;lanms-ms.bkb.rnp.br;monipe-ms-atraso.rnp.br
1750157667,2025-06-17 07:54:27,No-Hostname;No-Hostname;mxac-bac1.bkb.rnp.br;mxro-mxac-3g-allo.bkb.rnp.br;cmt1-mxro-infobarra.bkb.rnp.br;mxms-cmt1-telebras.bkb.rnp.br;lanms-ms.bkb.rnp.br;monipe-ms-atraso.rnp.br
1750158182,2025-06-17 08:03:02,No-Hostname;No-Hostname;mxac-bac1.bkb.rnp.br;mxro-mxac-3g-allo.bkb.rnp.br;cmt1-mxro-infobarra.bkb.rnp.br;mxms-cmt1-telebras.bkb.rnp.br;lanms-ms.bkb.rnp.br;monipe-ms-atraso.rnp.br
1750159007,2025-06-17 08:16:47,No-Hostname;No-Hostname;mxac-bac1.bkb.rnp.br;mxro-mxac-3g-allo.bkb.rnp.br;cmt1-mxro-infobarra.bkb.rnp.br;mxms-cmt1-telebras.bkb.rnp.br;lanms-ms.bkb.rnp.br;monipe-ms-atraso.rnp.br
1750159273,2025-06-17 08:21:13,No-Hostname;No-Hostname;mxac-bac1.bkb.rnp.br;mxro-mxac-3g-allo.bkb.rnp.br;cmt1-mxro-infobarra.bkb.rnp.br;mxms-cmt1-telebras.bkb.rnp.br;lanms-ms.bkb.rnp.br;monipe-ms-atraso.rnp.br
1750160047,2025-06-17 08:34:07,No-Hostname;No-Hostname;mxac-bac1.bkb.rnp.br;mxro-mxac-3g-allo.bkb.rnp.br;cmt1-mxro-infobarra.bkb.rnp.br;mxms-cmt1-telebras.bkb.rnp.br;lanms-ms.bkb.rnp.br;monipe-ms-atraso.rnp.br
1750160523,2025-06-17 08:42:03,No-Hostname;No-Hostname;mxac-bac1.bkb.rnp.br;mxro-mxac-3g-allo.bkb.rnp.br;cmt1-mxro-infobarra.bkb.rnp.br;mxms-cmt1-telebras.bkb.rnp.br;lanms-ms.bkb.rnp.br;monipe-ms-atraso.rnp.br
1750161413,2025-06-17 08:56:53,No-Hostname;No-Hostname;mxac-bac1.bkb.rnp.br;mxro-mxac-3g-allo.bkb.rnp.br;cmt1-mxro-infobarra.bkb.rnp.br;mxms-cmt1-telebras.bkb.rnp.br;lanms-ms.bkb.rnp.br;monipe-ms-atraso.rnp.br
1750161876,2025-06-17 09:04:36,No-Hostname;No-Hostname;mxac-bac1.bkb.rnp.br;mxro-mxac-3g-allo.bkb.rnp.br;cmt1-mxro-infobarra.bkb.rnp.br;mxms-cmt1-telebras.bkb.rnp.br;lanms-ms.bkb.rnp.br;monipe-ms-atraso.rnp.br
1750162380,2025-06-17 09:13:00,No-Hostname;No-Hostname;mxac-bac1.bkb.rnp.br;mxro-mxac-3g-allo.bkb.rnp.br;cmt1-mxro-infobarra.bkb.rnp.br;mxms-cmt1-telebras.bkb.rnp.br;lanms-ms.bkb.rnp.br;monipe-ms-atraso.rnp.br
1750163264,2025-06-17 09:27:44,No-Hostname;No-Hostname;mxac-bac1.bkb.rnp.br;mxro-mxac-3g-allo.bkb.rnp.br;cmt1-mxro-infobarra.bkb.rnp.br;mxms-cmt1-telebras.bkb.rnp.br;lanms-ms.bkb.rnp.br;monipe-ms-atraso.rnp.br
1750164454,2025-06-17 09:47:34,No-Hostname;No-Hostname;mxac-bac1.bkb.rnp.br;mxro-mxac-3g-allo.bkb.rnp.br;cmt1-mxro-infobarra.bkb.rnp.br;mxms-cmt1-telebras.bkb.rnp.br;lanms-ms.bkb.rnp.br;monipe-ms-atraso.rnp.br
1750165046,2025-06-17 09:57:26,No-Hostname;No-Hostname;mxac-bac1.bkb.rnp.br;mxro-mxac-3g-allo.bkb.rnp.br;cmt1-mxro-infobarra.bkb.rnp.br;mxms-cmt1-telebras.bkb.rnp.br;lanms-ms.bkb.rnp.br;monipe-ms-atraso.rnp.br
1750165393,2025-06-17 10:03:13,No-Hostname;No-Hostname;mxac-bac1.bkb.rnp.br;mxro-mxac-3g-allo.bkb.rnp.br;cmt1-mxro-infobarra.bkb.rnp.br;mxms-cmt1-telebras.bkb.rnp.br;lanms-ms.bkb.rnp.br;monipe-ms-atraso.rnp.br
1750165995,2025-06-17 10:13:15,No-Hostname;No-Hostname;mxac-bac1.bkb.rnp.br;mxro-mxac-3g-allo.bkb.rnp.br;cmt1-mxro-infobarra.bkb.rnp.br;mxms-cmt1-telebras.bkb.rnp.br;lanms-ms.bkb.rnp.br;monipe-ms-atraso.rnp.br
1750167962,2025-06-17 10:46:02,No-Hostname;No-Hostname;mxac-bac1.bkb.rnp.br;csp2-mxac-3g-allo.bkb.rnp.br;cmg2-csp2-infobarra.bkb.rnp.br;cdf1-cmg1-mobiwire.bkb.rnp.br;mxgo-cdf1-brdigital.bkb.rnp.br;mxms-mxgo-brdigital.bkb.rnp.br;lanms-ms.bkb.rnp.br;monipe-ms-atraso.rnp.br
1750168611,2025-06-17 10:56:51,No-Hostname;No-Hostname;mxac-bac1.bkb.rnp.br;mxro-mxac-3g-allo.bkb.rnp.br;cmt1-mxro-infobarra.bkb.rnp.br;mxms-cmt1-telebras.bkb.rnp.br;lanms-ms.bkb.rnp.br;monipe-ms-atraso.rnp.br
1750169280,2025-06-17 11:08:00,No-Hostname;No-Hostname;mxac-bac1.bkb.rnp.br;mxro-mxac-3g-allo.bkb.rnp.br;cmt1-mxro-infobarra.bkb.rnp.br;mxms-cmt1-telebras.bkb.rnp.br;lanms-ms.bkb.rnp.br;monipe-ms-atraso.rnp.br
1750169388,2025-06-17 11:09:48,No-Hostname;No-Hostname;mxac-bac1.bkb.rnp.br;mxro-mxac-3g-allo.bkb.rnp.br;cmt1-mxro-infobarra.bkb.rnp.br;mxms-cmt1-telebras.bkb.rnp.br;lanms-ms.bkb.rnp.br;monipe-ms-atraso.rnp.br
1750170055,2025-06-17 11:20:55,No-Hostname;No-Hostname;mxac-bac1.bkb.rnp.br;mxro-mxac-3g-allo.bkb.rnp.br;cmt1-mxro-infobarra.bkb.rnp.br;mxms-cmt1-telebras.bkb.rnp.br;lanms-ms.bkb.rnp.br;monipe-ms-atraso.rnp.br
1750171010,2025-06-17 11:36:50,No-Hostname;No-Hostname;mxac-bac1.bkb.rnp.br;mxro-mxac-3g-allo.bkb.rnp.br;cmt1-mxro-infobarra.bkb.rnp.br;mxms-cmt1-telebras.bkb.rnp.br;lanms-ms.bkb.rnp.br;monipe-ms-atraso.rnp.br
1750171662,2025-06-17 11:47:42,No-Hostname;No-Hostname;mxac-bac1.bkb.rnp.br;mxro-mxac-3g-allo.bkb.rnp.br;cmt1-mxro-infobarra.bkb.rnp.br;mxms-cmt1-telebras.bkb.rnp.br;lanms-ms.bkb.rnp.br;monipe-ms-atraso.rnp.br
1750171960,2025-06-17 11:52:40,No-Hostname;No-Hostname;mxac-bac1.bkb.rnp.br;mxro-mxac-3g-allo.bkb.rnp.br;cmt1-mxro-infobarra.bkb.rnp.br;mxms-cmt1-telebras.bkb.rnp.br;lanms-ms.bkb.rnp.br;monipe-ms-atraso.rnp.br
1750172588,2025-06-17 12:03:08,No-Hostname;No-Hostname;mxac-bac1.bkb.rnp.br;mxro-mxac-3g-allo.bkb.rnp.br;cmt1-mxro-infobarra.bkb.rnp.br;mxms-cmt1-telebras.bkb.rnp.br;lanms-ms.bkb.rnp.br;monipe-ms-atraso.rnp.br
1750173246,2025-06-17 12:14:06,No-Hostname;No-Hostname;mxac-bac1.bkb.rnp.br;mxro-mxac-3g-allo.bkb.rnp.br;cmt1-mxro-infobarra.bkb.rnp.br;mxms-cmt1-telebras.bkb.rnp.br;lanms-ms.bkb.rnp.br;monipe-ms-atraso.rnp.br
1750173911,2025-06-17 12:25:11,No-Hostname;No-Hostname;mxac-bac1.bkb.rnp.br;mxro-mxac-3g-allo.bkb.rnp.br;cmt1-mxro-infobarra.bkb.rnp.br;mxms-cmt1-telebras.bkb.rnp.br;lanms-ms.bkb.rnp.br;monipe-ms-atraso.rnp.br
1750174195,2025-06-17 12:29:55,No-Hostname;No-Hostname;mxac-bac1.bkb.rnp.br;mxro-mxac-3g-allo.bkb.rnp.br;cmt1-mxro-infobarra.bkb.rnp.br;mxms-cmt1-telebras.bkb.rnp.br;lanms-ms.bkb.rnp.br;monipe-ms-atraso.rnp.br
1750175119,2025-06-17 12:45:19,No-Hostname;No-Hostname;mxac-bac1.bkb.rnp.br;mxro-mxac-3g-allo.bkb.rnp.br;cmt1-mxro-infobarra.bkb.rnp.br;mxms-cmt1-telebras.bkb.rnp.br;lanms-ms.bkb.rnp.br;monipe-ms-atraso.rnp.br
1750175563,2025-06-17 12:52:43,No-Hostname;No-Hostname;mxac-bac1.bkb.rnp.br;mxro-mxac-3g-allo.bkb.rnp.br;cmt1-mxro-infobarra.bkb.rnp.br;mxms-cmt1-telebras.bkb.rnp.br;lanms-ms.bkb.rnp.br;monipe-ms-atraso.rnp.br
1750176351,2025-06-17 13:05:51,No-Hostname;No-Hostname;mxac-bac1.bkb.rnp.br;ro-ac-oi.bkb.rnp.br;cmt1-mxro-infobarra.bkb.rnp.br;mxms-cmt1-telebras.bkb.rnp.br;lanms-ms.bkb.rnp.br;monipe-ms-atraso.rnp.br
1750176621,2025-06-17 13:10:21,No-Hostname;No-Hostname;mxac-bac1.bkb.rnp.br;ro-ac-oi.bkb.rnp.br;cmt1-mxro-infobarra.bkb.rnp.br;mxms-cmt1-telebras.bkb.rnp.br;lanms-ms.bkb.rnp.br;monipe-ms-atraso.rnp.br
1750177531,2025-06-17 13:25:31,No-Hostname;No-Hostname;mxac-bac1.bkb.rnp.br;ro-ac-oi.bkb.rnp.br;cmt1-mxro-infobarra.bkb.rnp.br;mxms-cmt1-telebras.bkb.rnp.br;lanms-ms.bkb.rnp.br;monipe-ms-atraso.rnp.br
1750178112,2025-06-17 13:35:12,No-Hostname;No-Hostname;mxac-bac1.bkb.rnp.br;ro-ac-oi.bkb.rnp.br;cmt1-mxro-infobarra.bkb.rnp.br;mxms-cmt1-telebras.bkb.rnp.br;lanms-ms.bkb.rnp.br;monipe-ms-atraso.rnp.br
1750178509,2025-06-17 13:41:49,No-Hostname;No-Hostname;mxac-bac1.bkb.rnp.br;ro-ac-oi.bkb.rnp.br;cmt1-mxro-infobarra.bkb.rnp.br;mxms-cmt1-telebras.bkb.rnp.br;lanms-ms.bkb.rnp.br;monipe-ms-atraso.rnp.br
1750179103,2025-06-17 13:51:43,No-Hostname;No-Hostname;mxac-bac1.bkb.rnp.br;mxro-mxac-3g-allo.bkb.rnp.br;cmt1-mxro-infobarra.bkb.rnp.br;mxms-cmt1-telebras.bkb.rnp.br;lanms-ms.bkb.rnp.br;monipe-ms-atraso.rnp.br
1750179798,2025-06-17 14:03:18,No-Hostname;No-Hostname;mxac-bac1.bkb.rnp.br;mxro-mxac-3g-allo.bkb.rnp.br;cmt1-mxro-infobarra.bkb.rnp.br;mxms-cmt1-telebras.bkb.rnp.br;lanms-ms.bkb.rnp.br;monipe-ms-atraso.rnp.br
1750180162,2025-06-17 14:09:22,No-Hostname;No-Hostname;mxac-bac1.bkb.rnp.br;mxro-mxac-3g-allo.bkb.rnp.br;cmt1-mxro-infobarra.bkb.rnp.br;mxms-cmt1-telebras.bkb.rnp.br;lanms-ms.bkb.rnp.br;monipe-ms-atraso.rnp.br
1750181229,2025-06-17 14:27:09,No-Hostname;No-Hostname;mxac-bac1.bkb.rnp.br;mxro-mxac-3g-allo.bkb.rnp.br;cmt1-mxro-infobarra.bkb.rnp.br;mxms-cmt1-telebras.bkb.rnp.br;lanms-ms.bkb.rnp.br;monipe-ms-atraso.rnp.br
1750182193,2025-06-17 14:43:13,No-Hostname;No-Hostname;mxac-bac1.bkb.rnp.br;ro-ac-oi.bkb.rnp.br;cmt1-mxro-infobarra.bkb.rnp.br;mxms-cmt1-telebras.bkb.rnp.br;lanms-ms.bkb.rnp.br;monipe-ms-atraso.rnp.br
1750183440,2025-06-17 15:04:00,No-Hostname;No-Hostname;mxac-bac1.bkb.rnp.br;ro-ac-oi.bkb.rnp.br;cmt1-mxro-infobarra.bkb.rnp.br;mxms-cmt1-telebras.bkb.rnp.br;lanms-ms.bkb.rnp.br;monipe-ms-atraso.rnp.br
1750183894,2025-06-17 15:11:34,No-Hostname;No-Hostname;mxac-bac1.bkb.rnp.br;ro-ac-oi.bkb.rnp.br;cmt1-mxro-infobarra.bkb.rnp.br;mxms-cmt1-telebras.bkb.rnp.br;lanms-ms.bkb.rnp.br;monipe-ms-atraso.rnp.br
1750184662,2025-06-17 15:24:22,No-Hostname;No-Hostname;mxac-bac1.bkb.rnp.br;ro-ac-oi.bkb.rnp.br;cmt1-mxro-infobarra.bkb.rnp.br;mxms-cmt1-telebras.bkb.rnp.br;lanms-ms.bkb.rnp.br;monipe-ms-atraso.rnp.br
1750185433,2025-06-17 15:37:13,No-Hostname;No-Hostname;mxac-bac1.bkb.rnp.br;mxro-mxac-3g-allo.bkb.rnp.br;cmt1-mxro-infobarra.bkb.rnp.br;mxms-cmt1-telebras.bkb.rnp.br;lanms-ms.bkb.rnp.br;monipe-ms-atraso.rnp.br
1750185775,2025-06-17 15:42:55,No-Hostname;No-Hostname;mxac-bac1.bkb.rnp.br;mxro-mxac-3g-allo.bkb.rnp.br;cmt1-mxro-infobarra.bkb.rnp.br;mxms-cmt1-telebras.bkb.rnp.br;lanms-ms.bkb.rnp.br;monipe-ms-atraso.rnp.br
1750186251,2025-06-17 15:50:51,No-Hostname;No-Hostname;mxac-bac1.bkb.rnp.br;mxro-mxac-3g-allo.bkb.rnp.br;cmt1-mxro-infobarra.bkb.rnp.br;mxms-cmt1-telebras.bkb.rnp.br;lanms-ms.bkb.rnp.br;monipe-ms-atraso.rnp.br
1750186720,2025-06-17 15:58:40,No-Hostname;No-Hostname;mxac-bac1.bkb.rnp.br;mxro-mxac-3g-allo.bkb.rnp.br;cmt1-mxro-infobarra.bkb.rnp.br;mxms-cmt1-telebras.bkb.rnp.br;lanms-ms.bkb.rnp.br;monipe-ms-atraso.rnp.br
1750187868,2025-06-17 16:17:48,No-Hostname;No-Hostname;mxac-bac1.bkb.rnp.br;ro-ac-oi.bkb.rnp.br;cmt1-mxro-infobarra.bkb.rnp.br;mxgo-cmt1-acessonline.bkb.rnp.br;mxms-mxgo-brdigital.bkb.rnp.br;lanms-ms.bkb.rnp.br;monipe-ms-atraso.rnp.br
1750188548,2025-06-17 16:29:08,No-Hostname;No-Hostname;mxac-bac1.bkb.rnp.br;ro-ac-oi.bkb.rnp.br;cmt1-mxro-infobarra.bkb.rnp.br;mxms-cmt1-telebras.bkb.rnp.br;lanms-ms.bkb.rnp.br;monipe-ms-atraso.rnp.br
1750189144,2025-06-17 16:39:04,No-Hostname;No-Hostname;mxac-bac1.bkb.rnp.br;ro-ac-oi.bkb.rnp.br;cmt1-mxro-infobarra.bkb.rnp.br;mxgo-cmt1-acessonline.bkb.rnp.br;mxms-mxgo-brdigital.bkb.rnp.br;lanms-ms.bkb.rnp.br;monipe-ms-atraso.rnp.br
1750189679,2025-06-17 16:47:59,No-Hostname;No-Hostname;mxac-bac1.bkb.rnp.br;ro-ac-oi.bkb.rnp.br;cmt1-mxro-infobarra.bkb.rnp.br;mxgo-cmt1-acessonline.bkb.rnp.br;mxms-mxgo-brdigital.bkb.rnp.br;lanms-ms.bkb.rnp.br;monipe-ms-atraso.rnp.br
1750189858,2025-06-17 16:50:58,No-Hostname;No-Hostname;mxac-bac1.bkb.rnp.br;ro-ac-oi.bkb.rnp.br;cmt1-mxro-infobarra.bkb.rnp.br;mxms-cmt1-telebras.bkb.rnp.br;lanms-ms.bkb.rnp.br;monipe-ms-atraso.rnp.br
1750190752,2025-06-17 17:05:52,No-Hostname;No-Hostname;mxac-bac1.bkb.rnp.br;ro-ac-oi.bkb.rnp.br;cmt1-mxro-infobarra.bkb.rnp.br;mxms-cmt1-telebras.bkb.rnp.br;lanms-ms.bkb.rnp.br;monipe-ms-atraso.rnp.br
1750191217,2025-06-17 17:13:37,No-Hostname;No-Hostname;mxac-bac1.bkb.rnp.br;ro-ac-oi.bkb.rnp.br;cmt1-mxro-infobarra.bkb.rnp.br;mxms-cmt1-telebras.bkb.rnp.br;lanms-ms.bkb.rnp.br;monipe-ms-atraso.rnp.br
1750191777,2025-06-17 17:22:57,No-Hostname;No-Hostname;mxac-bac1.bkb.rnp.br;mxro-mxac-3g-allo.bkb.rnp.br;cmt1-mxro-infobarra.bkb.rnp.br;mxms-cmt1-telebras.bkb.rnp.br;lanms-ms.bkb.rnp.br;monipe-ms-atraso.rnp.br
1750192713,2025-06-17 17:38:33,No-Hostname;No-Hostname;mxac-bac1.bkb.rnp.br;mxro-mxac-3g-allo.bkb.rnp.br;cmt1-mxro-infobarra.bkb.rnp.br;mxms-cmt1-telebras.bkb.rnp.br;lanms-ms.bkb.rnp.br;monipe-ms-atraso.rnp.br
1750192855,2025-06-17 17:40:55,No-Hostname;No-Hostname;mxac-bac1.bkb.rnp.br;mxro-mxac-3g-allo.bkb.rnp.br;cmt1-mxro-infobarra.bkb.rnp.br;mxms-cmt1-telebras.bkb.rnp.br;lanms-ms.bkb.rnp.br;monipe-ms-atraso.rnp.br
1750193500,2025-06-17 17:51:40,No-Hostname;No-Hostname;mxac-bac1.bkb.rnp.br;mxro-mxac-3g-allo.bkb.rnp.br;cmt1-mxro-infobarra.bkb.rnp.br;mxms-cmt1-telebras.bkb.rnp.br;lanms-ms.bkb.rnp.br;monipe-ms-atraso.rnp.br
1750194393,2025-06-17 18:06:33,No-Hostname;No-Hostname;mxac-bac1.bkb.rnp.br;mxro-mxac-3g-allo.bkb.rnp.br;cmt1-mxro-infobarra.bkb.rnp.br;mxms-cmt1-telebras.bkb.rnp.br;lanms-ms.bkb.rnp.br;monipe-ms-atraso.rnp.br
1750194708,2025-06-17 18:11:48,No-Hostname;No-Hostname;mxac-bac1.bkb.rnp.br;mxro-mxac-3g-allo.bkb.rnp.br;cmt1-mxro-infobarra.bkb.rnp.br;mxms-cmt1-telebras.bkb.rnp.br;lanms-ms.bkb.rnp.br;monipe-ms-atraso.rnp.br
1750195750,2025-06-17 18:29:10,No-Hostname;No-Hostname;mxac-bac1.bkb.rnp.br;ro-ac-oi.bkb.rnp.br;cmt1-mxro-infobarra.bkb.rnp.br;mxms-cmt1-telebras.bkb.rnp.br;lanms-ms.bkb.rnp.br;monipe-ms-atraso.rnp.br
1750196221,2025-06-17 18:37:01,No-Hostname;No-Hostname;mxac-bac1.bkb.rnp.br;ro-ac-oi.bkb.rnp.br;cmt1-mxro-infobarra.bkb.rnp.br;mxms-cmt1-telebras.bkb.rnp.br;lanms-ms.bkb.rnp.br;monipe-ms-atraso.rnp.br
1750196619,2025-06-17 18:43:39,No-Hostname;No-Hostname;mxac-bac1.bkb.rnp.br;ro-ac-oi.bkb.rnp.br;cmt1-mxro-infobarra.bkb.rnp.br;mxms-cmt1-telebras.bkb.rnp.br;lanms-ms.bkb.rnp.br;monipe-ms-atraso.rnp.br
1750197399,2025-06-17 18:56:39,No-Hostname;No-Hostname;mxac-bac1.bkb.rnp.br;ro-ac-oi.bkb.rnp.br;cmt1-mxro-infobarra.bkb.rnp.br;mxms-cmt1-telebras.bkb.rnp.br;lanms-ms.bkb.rnp.br;monipe-ms-atraso.rnp.br
1750198091,2025-06-17 19:08:11,No-Hostname;No-Hostname;mxac-bac1.bkb.rnp.br;ro-ac-oi.bkb.rnp.br;cmt1-mxro-infobarra.bkb.rnp.br;mxms-cmt1-telebras.bkb.rnp.br;lanms-ms.bkb.rnp.br;monipe-ms-atraso.rnp.br
1750198288,2025-06-17 19:11:28,No-Hostname;No-Hostname;mxac-bac1.bkb.rnp.br;ro-ac-oi.bkb.rnp.br;cmt1-mxro-infobarra.bkb.rnp.br;mxms-cmt1-telebras.bkb.rnp.br;lanms-ms.bkb.rnp.br;monipe-ms-atraso.rnp.br
1750198997,2025-06-17 19:23:17,No-Hostname;No-Hostname;mxac-bac1.bkb.rnp.br;ro-ac-oi.bkb.rnp.br;cmt1-mxro-infobarra.bkb.rnp.br;mxms-cmt1-telebras.bkb.rnp.br;lanms-ms.bkb.rnp.br;monipe-ms-atraso.rnp.br
1750199496,2025-06-17 19:31:36,No-Hostname;No-Hostname;mxac-bac1.bkb.rnp.br;ro-ac-oi.bkb.rnp.br;cmt1-mxro-infobarra.bkb.rnp.br;mxms-cmt1-telebras.bkb.rnp.br;lanms-ms.bkb.rnp.br;monipe-ms-atraso.rnp.br
1750200216,2025-06-17 19:43:36,No-Hostname;No-Hostname;mxac-bac1.bkb.rnp.br;mxro-mxac-3g-allo.bkb.rnp.br;cmt1-mxro-infobarra.bkb.rnp.br;mxms-cmt1-telebras.bkb.rnp.br;lanms-ms.bkb.rnp.br;monipe-ms-atraso.rnp.br
1750200943,2025-06-17 19:55:43,No-Hostname;No-Hostname;mxac-bac1.bkb.rnp.br;mxro-mxac-3g-allo.bkb.rnp.br;cmt1-mxro-infobarra.bkb.rnp.br;mxms-cmt1-telebras.bkb.rnp.br;lanms-ms.bkb.rnp.br;monipe-ms-atraso.rnp.br
1750201328,2025-06-17 20:02:08,No-Hostname;No-Hostname;mxac-bac1.bkb.rnp.br;mxro-mxac-3g-allo.bkb.rnp.br;cmt1-mxro-infobarra.bkb.rnp.br;mxms-cmt1-telebras.bkb.rnp.br;lanms-ms.bkb.rnp.br;monipe-ms-atraso.rnp.br
1750201989,2025-06-17 20:13:09,No-Hostname;No-Hostname;mxac-bac1.bkb.rnp.br;mxro-mxac-3g-allo.bkb.rnp.br;cmt1-mxro-infobarra.bkb.rnp.br;mxms-cmt1-telebras.bkb.rnp.br;lanms-ms.bkb.rnp.br;monipe-ms-atraso.rnp.br
1750202929,2025-06-17 20:28:49,No-Hostname;No-Hostname;mxac-bac1.bkb.rnp.br;mxro-mxac-3g-allo.bkb.rnp.br;cmt1-mxro-infobarra.bkb.rnp.br;mxms-cmt1-telebras.bkb.rnp.br;lanms-ms.bkb.rnp.br;monipe-ms-atraso.rnp.br
1750203537,2025-06-17 20:38:57,No-Hostname;No-Hostname;mxac-bac1.bkb.rnp.br;mxro-mxac-3g-allo.bkb.rnp.br;cmt1-mxro-infobarra.bkb.rnp.br;mxms-cmt1-telebras.bkb.rnp.br;lanms-ms.bkb.rnp.br;monipe-ms-atraso.rnp.br
1750204126,2025-06-17 20:48:46,No-Hostname;No-Hostname;mxac-bac1.bkb.rnp.br;mxro-mxac-3g-allo.bkb.rnp.br;cmt1-mxro-infobarra.bkb.rnp.br;mxms-cmt1-telebras.bkb.rnp.br;lanms-ms.bkb.rnp.br;monipe-ms-atraso.rnp.br
1750204751,2025-06-17 20:59:11,No-Hostname;No-Hostname;mxac-bac1.bkb.rnp.br;ro-ac-oi.bkb.rnp.br;cmt1-mxro-infobarra.bkb.rnp.br;mxms-cmt1-telebras.bkb.rnp.br;lanms-ms.bkb.rnp.br;monipe-ms-atraso.rnp.br
1750204964,2025-06-17 21:02:44,No-Hostname;No-Hostname;mxac-bac1.bkb.rnp.br;ro-ac-oi.bkb.rnp.br;cmt1-mxro-infobarra.bkb.rnp.br;mxms-cmt1-telebras.bkb.rnp.br;lanms-ms.bkb.rnp.br;monipe-ms-atraso.rnp.br
1750205833,2025-06-17 21:17:13,No-Hostname;No-Hostname;mxac-bac1.bkb.rnp.br;ro-ac-oi.bkb.rnp.br;cmt1-mxro-infobarra.bkb.rnp.br;mxms-cmt1-telebras.bkb.rnp.br;lanms-ms.bkb.rnp.br;monipe-ms-atraso.rnp.br
1750206485,2025-06-17 21:28:05,No-Hostname;No-Hostname;mxac-bac1.bkb.rnp.br;ro-ac-oi.bkb.rnp.br;cmt1-mxro-infobarra.bkb.rnp.br;mxms-cmt1-telebras.bkb.rnp.br;lanms-ms.bkb.rnp.br;monipe-ms-atraso.rnp.br
1750206909,2025-06-17 21:35:09,No-Hostname;No-Hostname;mxac-bac1.bkb.rnp.br;ro-ac-oi.bkb.rnp.br;cmt1-mxro-infobarra.bkb.rnp.br;mxms-cmt1-telebras.bkb.rnp.br;lanms-ms.bkb.rnp.br;monipe-ms-atraso.rnp.br
1750207490,2025-06-17 21:44:50,No-Hostname;No-Hostname;mxac-bac1.bkb.rnp.br;ro-ac-oi.bkb.rnp.br;cmt1-mxro-infobarra.bkb.rnp.br;mxms-cmt1-telebras.bkb.rnp.br;lanms-ms.bkb.rnp.br;monipe-ms-atraso.rnp.br
1750208191,2025-06-17 21:56:31,No-Hostname;No-Hostname;mxac-bac1.bkb.rnp.br;ro-ac-oi.bkb.rnp.br;cmt1-mxro-infobarra.bkb.rnp.br;mxms-cmt1-telebras.bkb.rnp.br;lanms-ms.bkb.rnp.br;monipe-ms-atraso.rnp.br
1750208505,2025-06-17 22:01:45,No-Hostname;No-Hostname;mxac-bac1.bkb.rnp.br;ro-ac-oi.bkb.rnp.br;cmt1-mxro-infobarra.bkb.rnp.br;mxms-cmt1-telebras.bkb.rnp.br;lanms-ms.bkb.rnp.br;monipe-ms-atraso.rnp.br
1750209208,2025-06-17 22:13:28,No-Hostname;No-Hostname;mxac-bac1.bkb.rnp.br;ro-ac-oi.bkb.rnp.br;cmt1-mxro-infobarra.bkb.rnp.br;mxms-cmt1-telebras.bkb.rnp.br;lanms-ms.bkb.rnp.br;monipe-ms-atraso.rnp.br
1750209765,2025-06-17 22:22:45,No-Hostname;No-Hostname;mxac-bac1.bkb.rnp.br;mxro-mxac-3g-allo.bkb.rnp.br;cmt1-mxro-infobarra.bkb.rnp.br;mxms-cmt1-telebras.bkb.rnp.br;lanms-ms.bkb.rnp.br;monipe-ms-atraso.rnp.br
1750210362,2025-06-17 22:32:42,No-Hostname;No-Hostname;mxac-bac1.bkb.rnp.br;mxro-mxac-3g-allo.bkb.rnp.br;cmt1-mxro-infobarra.bkb.rnp.br;mxms-cmt1-telebras.bkb.rnp.br;lanms-ms.bkb.rnp.br;monipe-ms-atraso.rnp.br
1750211057,2025-06-17 22:44:17,No-Hostname;No-Hostname;mxac-bac1.bkb.rnp.br;mxro-mxac-3g-allo.bkb.rnp.br;cmt1-mxro-infobarra.bkb.rnp.br;mxms-cmt1-telebras.bkb.rnp.br;lanms-ms.bkb.rnp.br;monipe-ms-atraso.rnp.br
1750211751,2025-06-17 22:55:51,No-Hostname;No-Hostname;mxac-bac1.bkb.rnp.br;ro-ac-oi.bkb.rnp.br;cmt1-mxro-infobarra.bkb.rnp.br;mxms-cmt1-telebras.bkb.rnp.br;lanms-ms.bkb.rnp.br;monipe-ms-atraso.rnp.br
1750212355,2025-06-17 23:05:55,No-Hostname;No-Hostname;mxac-bac1.bkb.rnp.br;ro-ac-oi.bkb.rnp.br;cmt1-mxro-infobarra.bkb.rnp.br;mxms-cmt1-telebras.bkb.rnp.br;lanms-ms.bkb.rnp.br;monipe-ms-atraso.rnp.br
1750212838,2025-06-17 23:13:58,No-Hostname;No-Hostname;mxac-bac1.bkb.rnp.br;ro-ac-oi.bkb.rnp.br;cmt1-mxro-infobarra.bkb.rnp.br;mxms-cmt1-telebras.bkb.rnp.br;lanms-ms.bkb.rnp.br;monipe-ms-atraso.rnp.br
1750213623,2025-06-17 23:27:03,No-Hostname;No-Hostname;mxac-bac1.bkb.rnp.br;mxro-mxac-3g-allo.bkb.rnp.br;cmt1-mxro-infobarra.bkb.rnp.br;mxms-cmt1-telebras.bkb.rnp.br;lanms-ms.bkb.rnp.br;monipe-ms-atraso.rnp.br
1750213859,2025-06-17 23:30:59,No-Hostname;No-Hostname;mxac-bac1.bkb.rnp.br;mxro-mxac-3g-allo.bkb.rnp.br;cmt1-mxro-infobarra.bkb.rnp.br;mxms-cmt1-telebras.bkb.rnp.br;lanms-ms.bkb.rnp.br;monipe-ms-atraso.rnp.br
1750214878,2025-06-17 23:47:58,No-Hostname;No-Hostname;mxac-bac1.bkb.rnp.br;ro-ac-oi.bkb.rnp.br;cmt1-mxro-infobarra.bkb.rnp.br;mxms-cmt1-telebras.bkb.rnp.br;lanms-ms.bkb.rnp.br;monipe-ms-atraso.rnp.br
1750215035,2025-06-17 23:50:35,No-Hostname;No-Hostname;mxac-bac1.bkb.rnp.br;mxro-mxac-3g-allo.bkb.rnp.br;cmt1-mxro-infobarra.bkb.rnp.br;mxms-cmt1-telebras.bkb.rnp.br;lanms-ms.bkb.rnp.br;monipe-ms-atraso.rnp.br
1750215810,2025-06-18 00:03:30,No-Hostname;No-Hostname;mxac-bac1.bkb.rnp.br;mxro-mxac-3g-allo.bkb.rnp.br;cmt1-mxro-infobarra.bkb.rnp.br;mxms-cmt1-telebras.bkb.rnp.br;lanms-ms.bkb.rnp.br;monipe-ms-atraso.rnp.br
1750216663,2025-06-18 00:17:43,No-Hostname;No-Hostname;mxac-bac1.bkb.rnp.br;mxro-mxac-3g-allo.bkb.rnp.br;cmt1-mxro-infobarra.bkb.rnp.br;mxms-cmt1-telebras.bkb.rnp.br;lanms-ms.bkb.rnp.br;monipe-ms-atraso.rnp.br
1750216959,2025-06-18 00:22:39,No-Hostname;No-Hostname;mxac-bac1.bkb.rnp.br;ro-ac-oi.bkb.rnp.br;cmt1-mxro-infobarra.bkb.rnp.br;mxms-cmt1-telebras.bkb.rnp.br;lanms-ms.bkb.rnp.br;monipe-ms-atraso.rnp.br
1750217453,2025-06-18 00:30:53,No-Hostname;No-Hostname;mxac-bac1.bkb.rnp.br;ro-ac-oi.bkb.rnp.br;cmt1-mxro-infobarra.bkb.rnp.br;mxms-cmt1-telebras.bkb.rnp.br;lanms-ms.bkb.rnp.br;monipe-ms-atraso.rnp.br
1750218505,2025-06-18 00:48:25,No-Hostname;No-Hostname;mxac-bac1.bkb.rnp.br;mxro-mxac-3g-allo.bkb.rnp.br;cmt1-mxro-infobarra.bkb.rnp.br;mxms-cmt1-telebras.bkb.rnp.br;lanms-ms.bkb.rnp.br;monipe-ms-atraso.rnp.br
1750219107,2025-06-18 00:58:27,No-Hostname;No-Hostname;mxac-bac1.bkb.rnp.br;ro-ac-oi.bkb.rnp.br;cmt1-mxro-infobarra.bkb.rnp.br;mxms-cmt1-telebras.bkb.rnp.br;lanms-ms.bkb.rnp.br;monipe-ms-atraso.rnp.br
1750219581,2025-06-18 01:06:21,No-Hostname;No-Hostname;mxac-bac1.bkb.rnp.br;ro-ac-oi.bkb.rnp.br;cmt1-mxro-infobarra.bkb.rnp.br;mxms-cmt1-telebras.bkb.rnp.br;lanms-ms.bkb.rnp.br;monipe-ms-atraso.rnp.br
1750220070,2025-06-18 01:14:30,No-Hostname;No-Hostname;No-Hostname;ro-ac-oi.bkb.rnp.br;cmt1-mxro-infobarra.bkb.rnp.br;mxms-cmt1-telebras.bkb.rnp.br;lanms-ms.bkb.rnp.br;monipe-ms-atraso.rnp.br
1750220840,2025-06-18 01:27:20,No-Hostname;No-Hostname;mxac-bac1.bkb.rnp.br;ro-ac-oi.bkb.rnp.br;cmt1-mxro-infobarra.bkb.rnp.br;mxms-cmt1-telebras.bkb.rnp.br;lanms-ms.bkb.rnp.br;monipe-ms-atraso.rnp.br
1750221309,2025-06-18 01:35:09,No-Hostname;No-Hostname;mxac-bac1.bkb.rnp.br;mxro-mxac-3g-allo.bkb.rnp.br;cmt1-mxro-infobarra.bkb.rnp.br;mxms-cmt1-telebras.bkb.rnp.br;lanms-ms.bkb.rnp.br;monipe-ms-atraso.rnp.br
1750221978,2025-06-18 01:46:18,No-Hostname;No-Hostname;mxac-bac1.bkb.rnp.br;mxro-mxac-3g-allo.bkb.rnp.br;cmt1-mxro-infobarra.bkb.rnp.br;mxms-cmt1-telebras.bkb.rnp.br;lanms-ms.bkb.rnp.br;monipe-ms-atraso.rnp.br
1750222536,2025-06-18 01:55:36,No-Hostname;No-Hostname;mxac-bac1.bkb.rnp.br;mxro-mxac-3g-allo.bkb.rnp.br;cmt1-mxro-infobarra.bkb.rnp.br;mxms-cmt1-telebras.bkb.rnp.br;lanms-ms.bkb.rnp.br;monipe-ms-atraso.rnp.br
1750223248,2025-06-18 02:07:28,No-Hostname;No-Hostname;mxac-bac1.bkb.rnp.br;mxro-mxac-3g-allo.bkb.rnp.br;cmt1-mxro-infobarra.bkb.rnp.br;mxms-cmt1-telebras.bkb.rnp.br;lanms-ms.bkb.rnp.br;monipe-ms-atraso.rnp.br
1750223673,2025-06-18 02:14:33,No-Hostname;No-Hostname;mxac-bac1.bkb.rnp.br;mxro-mxac-3g-allo.bkb.rnp.br;cmt1-mxro-infobarra.bkb.rnp.br;mxms-cmt1-telebras.bkb.rnp.br;lanms-ms.bkb.rnp.br;monipe-ms-atraso.rnp.br
1750224394,2025-06-18 02:26:34,No-Hostname;No-Hostname;mxac-bac1.bkb.rnp.br;mxro-mxac-3g-allo.bkb.rnp.br;cmt1-mxro-infobarra.bkb.rnp.br;mxms-cmt1-telebras.bkb.rnp.br;lanms-ms.bkb.rnp.br;monipe-ms-atraso.rnp.br
1750224872,2025-06-18 02:34:32,No-Hostname;No-Hostname;mxac-bac1.bkb.rnp.br;mxro-mxac-3g-allo.bkb.rnp.br;cmt1-mxro-infobarra.bkb.rnp.br;mxms-cmt1-telebras.bkb.rnp.br;lanms-ms.bkb.rnp.br;monipe-ms-atraso.rnp.br
1750225524,2025-06-18 02:45:24,No-Hostname;No-Hostname;mxac-bac1.bkb.rnp.br;mxro-mxac-3g-allo.bkb.rnp.br;cmt1-mxro-infobarra.bkb.rnp.br;mxms-cmt1-telebras.bkb.rnp.br;lanms-ms.bkb.rnp.br;monipe-ms-atraso.rnp.br
1750226050,2025-06-18 02:54:10,No-Hostname;No-Hostname;mxac-bac1.bkb.rnp.br;mxro-mxac-3g-allo.bkb.rnp.br;cmt1-mxro-infobarra.bkb.rnp.br;mxms-cmt1-telebras.bkb.rnp.br;lanms-ms.bkb.rnp.br;monipe-ms-atraso.rnp.br
1750226726,2025-06-18 03:05:26,No-Hostname;No-Hostname;mxac-bac1.bkb.rnp.br;mxro-mxac-3g-allo.bkb.rnp.br;cmt1-mxro-infobarra.bkb.rnp.br;mxms-cmt1-telebras.bkb.rnp.br;lanms-ms.bkb.rnp.br;monipe-ms-atraso.rnp.br
1750227502,2025-06-18 03:18:22,No-Hostname;No-Hostname;mxac-bac1.bkb.rnp.br;mxro-mxac-3g-allo.bkb.rnp.br;cmt1-mxro-infobarra.bkb.rnp.br;mxms-cmt1-telebras.bkb.rnp.br;lanms-ms.bkb.rnp.br;monipe-ms-atraso.rnp.br
1750228636,2025-06-18 03:37:16,No-Hostname;No-Hostname;mxac-bac1.bkb.rnp.br;mxro-mxac-3g-allo.bkb.rnp.br;cmt1-mxro-infobarra.bkb.rnp.br;mxms-cmt1-telebras.bkb.rnp.br;lanms-ms.bkb.rnp.br;monipe-ms-atraso.rnp.br
1750229293,2025-06-18 03:48:13,No-Hostname;No-Hostname;mxac-bac1.bkb.rnp.br;mxro-mxac-3g-allo.bkb.rnp.br;cmt1-mxro-infobarra.bkb.rnp.br;mxms-cmt1-telebras.bkb.rnp.br;lanms-ms.bkb.rnp.br;monipe-ms-atraso.rnp.br
1750229444,2025-06-18 03:50:44,No-Hostname;No-Hostname;mxac-bac1.bkb.rnp.br;ro-ac-oi.bkb.rnp.br;cmt1-mxro-infobarra.bkb.rnp.br;mxms-cmt1-telebras.bkb.rnp.br;lanms-ms.bkb.rnp.br;monipe-ms-atraso.rnp.br
1750230228,2025-06-18 04:03:48,No-Hostname;No-Hostname;mxac-bac1.bkb.rnp.br;ro-ac-oi.bkb.rnp.br;cmt1-mxro-infobarra.bkb.rnp.br;mxms-cmt1-telebras.bkb.rnp.br;lanms-ms.bkb.rnp.br;monipe-ms-atraso.rnp.br
1750231003,2025-06-18 04:16:43,No-Hostname;No-Hostname;mxac-bac1.bkb.rnp.br;ro-ac-oi.bkb.rnp.br;cmt1-mxro-infobarra.bkb.rnp.br;mxms-cmt1-telebras.bkb.rnp.br;lanms-ms.bkb.rnp.br;monipe-ms-atraso.rnp.br
1750231378,2025-06-18 04:22:58,No-Hostname;No-Hostname;mxac-bac1.bkb.rnp.br;mxro-mxac-3g-allo.bkb.rnp.br;cmt1-mxro-infobarra.bkb.rnp.br;mxms-cmt1-telebras.bkb.rnp.br;lanms-ms.bkb.rnp.br;monipe-ms-atraso.rnp.br
1750231849,2025-06-18 04:30:49,No-Hostname;No-Hostname;mxac-bac1.bkb.rnp.br;mxro-mxac-3g-allo.bkb.rnp.br;cmt1-mxro-infobarra.bkb.rnp.br;mxms-cmt1-telebras.bkb.rnp.br;lanms-ms.bkb.rnp.br;monipe-ms-atraso.rnp.br
1750232941,2025-06-18 04:49:01,No-Hostname;No-Hostname;mxac-bac1.bkb.rnp.br;ro-ac-oi.bkb.rnp.br;cmt1-mxro-infobarra.bkb.rnp.br;mxms-cmt1-telebras.bkb.rnp.br;lanms-ms.bkb.rnp.br;monipe-ms-atraso.rnp.br
1750233094,2025-06-18 04:51:34,No-Hostname;No-Hostname;mxac-bac1.bkb.rnp.br;ro-ac-oi.bkb.rnp.br;cmt1-mxro-infobarra.bkb.rnp.br;mxms-cmt1-telebras.bkb.rnp.br;lanms-ms.bkb.rnp.br;monipe-ms-atraso.rnp.br
1750233736,2025-06-18 05:02:16,No-Hostname;No-Hostname;mxac-bac1.bkb.rnp.br;ro-ac-oi.bkb.rnp.br;cmt1-mxro-infobarra.bkb.rnp.br;mxms-cmt1-telebras.bkb.rnp.br;lanms-ms.bkb.rnp.br;monipe-ms-atraso.rnp.br
1750234605,2025-06-18 05:16:45,No-Hostname;No-Hostname;mxac-bac1.bkb.rnp.br;ro-ac-oi.bkb.rnp.br;cmt1-mxro-infobarra.bkb.rnp.br;mxms-cmt1-telebras.bkb.rnp.br;lanms-ms.bkb.rnp.br;monipe-ms-atraso.rnp.br
1750235018,2025-06-18 05:23:38,No-Hostname;No-Hostname;mxac-bac1.bkb.rnp.br;ro-ac-oi.bkb.rnp.br;cmt1-mxro-infobarra.bkb.rnp.br;mxms-cmt1-telebras.bkb.rnp.br;lanms-ms.bkb.rnp.br;monipe-ms-atraso.rnp.br
1750235510,2025-06-18 05:31:50,No-Hostname;No-Hostname;mxac-bac1.bkb.rnp.br;ro-ac-oi.bkb.rnp.br;cmt1-mxro-infobarra.bkb.rnp.br;mxms-cmt1-telebras.bkb.rnp.br;lanms-ms.bkb.rnp.br;monipe-ms-atraso.rnp.br
1750236151,2025-06-18 05:42:31,No-Hostname;No-Hostname;mxac-bac1.bkb.rnp.br;ro-ac-oi.bkb.rnp.br;cmt1-mxro-infobarra.bkb.rnp.br;mxms-cmt1-telebras.bkb.rnp.br;lanms-ms.bkb.rnp.br;monipe-ms-atraso.rnp.br
1750236664,2025-06-18 05:51:04,No-Hostname;No-Hostname;mxac-bac1.bkb.rnp.br;mxro-mxac-3g-allo.bkb.rnp.br;cmt1-mxro-infobarra.bkb.rnp.br;mxms-cmt1-telebras.bkb.rnp.br;lanms-ms.bkb.rnp.br;monipe-ms-atraso.rnp.br
1750237327,2025-06-18 06:02:07,No-Hostname;No-Hostname;mxac-bac1.bkb.rnp.br;mxro-mxac-3g-allo.bkb.rnp.br;cmt1-mxro-infobarra.bkb.rnp.br;mxms-cmt1-telebras.bkb.rnp.br;lanms-ms.bkb.rnp.br;monipe-ms-atraso.rnp.br
1750238305,2025-06-18 06:18:25,No-Hostname;No-Hostname;mxac-bac1.bkb.rnp.br;mxro-mxac-3g-allo.bkb.rnp.br;cmt1-mxro-infobarra.bkb.rnp.br;mxms-cmt1-telebras.bkb.rnp.br;lanms-ms.bkb.rnp.br;monipe-ms-atraso.rnp.br
1750238877,2025-06-18 06:27:57,No-Hostname;No-Hostname;mxac-bac1.bkb.rnp.br;mxro-mxac-3g-allo.bkb.rnp.br;cmt1-mxro-infobarra.bkb.rnp.br;mxms-cmt1-telebras.bkb.rnp.br;lanms-ms.bkb.rnp.br;monipe-ms-atraso.rnp.br
1750239279,2025-06-18 06:34:39,No-Hostname;No-Hostname;mxac-bac1.bkb.rnp.br;mxro-mxac-3g-allo.bkb.rnp.br;cmt1-mxro-infobarra.bkb.rnp.br;mxms-cmt1-telebras.bkb.rnp.br;lanms-ms.bkb.rnp.br;monipe-ms-atraso.rnp.br
1750239970,2025-06-18 06:46:10,No-Hostname;No-Hostname;mxac-bac1.bkb.rnp.br;ro-ac-oi.bkb.rnp.br;cmt1-mxro-infobarra.bkb.rnp.br;mxms-cmt1-telebras.bkb.rnp.br;lanms-ms.bkb.rnp.br;monipe-ms-atraso.rnp.br
1750240694,2025-06-18 06:58:14,No-Hostname;No-Hostname;mxac-bac1.bkb.rnp.br;mxro-mxac-3g-allo.bkb.rnp.br;cmt1-mxro-infobarra.bkb.rnp.br;mxms-cmt1-telebras.bkb.rnp.br;lanms-ms.bkb.rnp.br;monipe-ms-atraso.rnp.br
1750240890,2025-06-18 07:01:30,No-Hostname;No-Hostname;mxac-bac1.bkb.rnp.br;mxro-mxac-3g-allo.bkb.rnp.br;cmt1-mxro-infobarra.bkb.rnp.br;mxms-cmt1-telebras.bkb.rnp.br;lanms-ms.bkb.rnp.br;monipe-ms-atraso.rnp.br
1750241581,2025-06-18 07:13:01,No-Hostname;No-Hostname;mxac-bac1.bkb.rnp.br;mxro-mxac-3g-allo.bkb.rnp.br;cmt1-mxro-infobarra.bkb.rnp.br;mxms-cmt1-telebras.bkb.rnp.br;lanms-ms.bkb.rnp.br;monipe-ms-atraso.rnp.br
1750242136,2025-06-18 07:22:16,No-Hostname;No-Hostname;mxac-bac1.bkb.rnp.br;ro-ac-oi.bkb.rnp.br;cmt1-mxro-infobarra.bkb.rnp.br;mxms-cmt1-telebras.bkb.rnp.br;lanms-ms.bkb.rnp.br;monipe-ms-atraso.rnp.br
1750242691,2025-06-18 07:31:31,No-Hostname;No-Hostname;mxac-bac1.bkb.rnp.br;ro-ac-oi.bkb.rnp.br;cmt1-mxro-infobarra.bkb.rnp.br;mxms-cmt1-telebras.bkb.rnp.br;lanms-ms.bkb.rnp.br;monipe-ms-atraso.rnp.br
1750243721,2025-06-18 07:48:41,No-Hostname;No-Hostname;mxac-bac1.bkb.rnp.br;mxro-mxac-3g-allo.bkb.rnp.br;cmt1-mxro-infobarra.bkb.rnp.br;mxms-cmt1-telebras.bkb.rnp.br;lanms-ms.bkb.rnp.br;monipe-ms-atraso.rnp.br
1750244153,2025-06-18 07:55:53,No-Hostname;No-Hostname;mxac-bac1.bkb.rnp.br;ro-ac-oi.bkb.rnp.br;cmt1-mxro-infobarra.bkb.rnp.br;mxms-cmt1-telebras.bkb.rnp.br;lanms-ms.bkb.rnp.br;monipe-ms-atraso.rnp.br
1750244703,2025-06-18 08:05:03,No-Hostname;No-Hostname;mxac-bac1.bkb.rnp.br;ro-ac-oi.bkb.rnp.br;cmt1-mxro-infobarra.bkb.rnp.br;mxms-cmt1-telebras.bkb.rnp.br;lanms-ms.bkb.rnp.br;monipe-ms-atraso.rnp.br
1750245122,2025-06-18 08:12:02,No-Hostname;No-Hostname;mxac-bac1.bkb.rnp.br;ro-ac-oi.bkb.rnp.br;cmt1-mxro-infobarra.bkb.rnp.br;mxms-cmt1-telebras.bkb.rnp.br;lanms-ms.bkb.rnp.br;monipe-ms-atraso.rnp.br
1750246069,2025-06-18 08:27:49,No-Hostname;No-Hostname;mxac-bac1.bkb.rnp.br;mxro-mxac-3g-allo.bkb.rnp.br;cmt1-mxro-infobarra.bkb.rnp.br;mxms-cmt1-telebras.bkb.rnp.br;lanms-ms.bkb.rnp.br;monipe-ms-atraso.rnp.br
1750246470,2025-06-18 08:34:30,No-Hostname;No-Hostname;mxac-bac1.bkb.rnp.br;mxro-mxac-3g-allo.bkb.rnp.br;cmt1-mxro-infobarra.bkb.rnp.br;mxms-cmt1-telebras.bkb.rnp.br;lanms-ms.bkb.rnp.br;monipe-ms-atraso.rnp.br
1750247219,2025-06-18 08:46:59,No-Hostname;No-Hostname;mxac-bac1.bkb.rnp.br;ro-ac-oi.bkb.rnp.br;cmt1-mxro-infobarra.bkb.rnp.br;mxms-cmt1-telebras.bkb.rnp.br;lanms-ms.bkb.rnp.br;monipe-ms-atraso.rnp.br
1750247510,2025-06-18 08:51:50,No-Hostname;No-Hostname;mxac-bac1.bkb.rnp.br;ro-ac-oi.bkb.rnp.br;cmt1-mxro-infobarra.bkb.rnp.br;mxms-cmt1-telebras.bkb.rnp.br;lanms-ms.bkb.rnp.br;monipe-ms-atraso.rnp.br
1750248507,2025-06-18 09:08:27,No-Hostname;No-Hostname;mxac-bac1.bkb.rnp.br;ro-ac-oi.bkb.rnp.br;cmt1-mxro-infobarra.bkb.rnp.br;mxms-cmt1-telebras.bkb.rnp.br;lanms-ms.bkb.rnp.br;monipe-ms-atraso.rnp.br
1750248687,2025-06-18 09:11:27,No-Hostname;No-Hostname;mxac-bac1.bkb.rnp.br;ro-ac-oi.bkb.rnp.br;cmt1-mxro-infobarra.bkb.rnp.br;mxms-cmt1-telebras.bkb.rnp.br;lanms-ms.bkb.rnp.br;monipe-ms-atraso.rnp.br
1750249296,2025-06-18 09:21:36,No-Hostname;No-Hostname;mxac-bac1.bkb.rnp.br;ro-ac-oi.bkb.rnp.br;cmt1-mxro-infobarra.bkb.rnp.br;mxms-cmt1-telebras.bkb.rnp.br;lanms-ms.bkb.rnp.br;monipe-ms-atraso.rnp.br
1750250620,2025-06-18 09:43:40,No-Hostname;No-Hostname;mxac-bac1.bkb.rnp.br;ro-ac-oi.bkb.rnp.br;cmt1-mxro-infobarra.bkb.rnp.br;mxms-cmt1-telebras.bkb.rnp.br;lanms-ms.bkb.rnp.br;monipe-ms-atraso.rnp.br
1750251490,2025-06-18 09:58:10,No-Hostname;No-Hostname;mxac-bac1.bkb.rnp.br;ro-ac-oi.bkb.rnp.br;cmt1-mxro-infobarra.bkb.rnp.br;mxms-cmt1-telebras.bkb.rnp.br;lanms-ms.bkb.rnp.br;monipe-ms-atraso.rnp.br
1750252089,2025-06-18 10:08:09,No-Hostname;No-Hostname;mxac-bac1.bkb.rnp.br;ro-ac-oi.bkb.rnp.br;cmt1-mxro-infobarra.bkb.rnp.br;mxms-cmt1-telebras.bkb.rnp.br;lanms-ms.bkb.rnp.br;monipe-ms-atraso.rnp.br
1750252518,2025-06-18 10:15:18,No-Hostname;No-Hostname;mxac-bac1.bkb.rnp.br;ro-ac-oi.bkb.rnp.br;cmt1-mxro-infobarra.bkb.rnp.br;mxms-cmt1-telebras.bkb.rnp.br;lanms-ms.bkb.rnp.br;monipe-ms-atraso.rnp.br
1750253764,2025-06-18 10:36:04,No-Hostname;No-Hostname;mxac-bac1.bkb.rnp.br;mxro-mxac-3g-allo.bkb.rnp.br;cmt1-mxro-infobarra.bkb.rnp.br;mxms-cmt1-telebras.bkb.rnp.br;lanms-ms.bkb.rnp.br;monipe-ms-atraso.rnp.br
1750254352,2025-06-18 10:45:52,No-Hostname;No-Hostname;mxac-bac1.bkb.rnp.br;mxro-mxac-3g-allo.bkb.rnp.br;cmt1-mxro-infobarra.bkb.rnp.br;mxms-cmt1-telebras.bkb.rnp.br;lanms-ms.bkb.rnp.br;monipe-ms-atraso.rnp.br
1750254909,2025-06-18 10:55:09,No-Hostname;No-Hostname;mxac-bac1.bkb.rnp.br;ro-ac-oi.bkb.rnp.br;cmt1-mxro-infobarra.bkb.rnp.br;mxms-cmt1-telebras.bkb.rnp.br;lanms-ms.bkb.rnp.br;monipe-ms-atraso.rnp.br
1750255708,2025-06-18 11:08:28,No-Hostname;No-Hostname;mxac-bac1.bkb.rnp.br;ro-ac-oi.bkb.rnp.br;cmt1-mxro-infobarra.bkb.rnp.br;mxms-cmt1-telebras.bkb.rnp.br;lanms-ms.bkb.rnp.br;monipe-ms-atraso.rnp.br
1750256028,2025-06-18 11:13:48,No-Hostname;No-Hostname;mxac-bac1.bkb.rnp.br;ro-ac-oi.bkb.rnp.br;cmt1-mxro-infobarra.bkb.rnp.br;mxms-cmt1-telebras.bkb.rnp.br;lanms-ms.bkb.rnp.br;monipe-ms-atraso.rnp.br
1750256608,2025-06-18 11:23:28,No-Hostname;No-Hostname;mxac-bac1.bkb.rnp.br;ro-ac-oi.bkb.rnp.br;cmt1-mxro-infobarra.bkb.rnp.br;mxms-cmt1-telebras.bkb.rnp.br;lanms-ms.bkb.rnp.br;monipe-ms-atraso.rnp.br
1750257286,2025-06-18 11:34:46,No-Hostname;No-Hostname;mxac-bac1.bkb.rnp.br;ro-ac-oi.bkb.rnp.br;cmt1-mxro-infobarra.bkb.rnp.br;mxms-cmt1-telebras.bkb.rnp.br;lanms-ms.bkb.rnp.br;monipe-ms-atraso.rnp.br
1750257710,2025-06-18 11:41:50,No-Hostname;No-Hostname;mxac-bac1.bkb.rnp.br;ro-ac-oi.bkb.rnp.br;cmt1-mxro-infobarra.bkb.rnp.br;mxms-cmt1-telebras.bkb.rnp.br;lanms-ms.bkb.rnp.br;monipe-ms-atraso.rnp.br
1750258596,2025-06-18 11:56:36,No-Hostname;No-Hostname;mxac-bac1.bkb.rnp.br;ro-ac-oi.bkb.rnp.br;cmt1-mxro-infobarra.bkb.rnp.br;mxms-cmt1-telebras.bkb.rnp.br;lanms-ms.bkb.rnp.br;monipe-ms-atraso.rnp.br
1750259024,2025-06-18 12:03:44,No-Hostname;No-Hostname;mxac-bac1.bkb.rnp.br;ro-ac-oi.bkb.rnp.br;cmt1-mxro-infobarra.bkb.rnp.br;mxms-cmt1-telebras.bkb.rnp.br;lanms-ms.bkb.rnp.br;monipe-ms-atraso.rnp.br
1750259833,2025-06-18 12:17:13,No-Hostname;No-Hostname;mxac-bac1.bkb.rnp.br;ro-ac-oi.bkb.rnp.br;cmt1-mxro-infobarra.bkb.rnp.br;mxms-cmt1-telebras.bkb.rnp.br;lanms-ms.bkb.rnp.br;monipe-ms-atraso.rnp.br
1750260073,2025-06-18 12:21:13,No-Hostname;No-Hostname;mxac-bac1.bkb.rnp.br;ro-ac-oi.bkb.rnp.br;cmt1-mxro-infobarra.bkb.rnp.br;mxms-cmt1-telebras.bkb.rnp.br;lanms-ms.bkb.rnp.br;monipe-ms-atraso.rnp.br
1750260983,2025-06-18 12:36:23,No-Hostname;No-Hostname;mxac-bac1.bkb.rnp.br;ro-ac-oi.bkb.rnp.br;cmt1-mxro-infobarra.bkb.rnp.br;mxms-cmt1-telebras.bkb.rnp.br;lanms-ms.bkb.rnp.br;monipe-ms-atraso.rnp.br
1750262026,2025-06-18 12:53:46,No-Hostname;No-Hostname;mxac-bac1.bkb.rnp.br;ro-ac-oi.bkb.rnp.br;cmt1-mxro-infobarra.bkb.rnp.br;mxms-cmt1-telebras.bkb.rnp.br;lanms-ms.bkb.rnp.br;monipe-ms-atraso.rnp.br
1750262501,2025-06-18 13:01:41,No-Hostname;No-Hostname;mxac-bac1.bkb.rnp.br;ro-ac-oi.bkb.rnp.br;cmt1-mxro-infobarra.bkb.rnp.br;mxms-cmt1-telebras.bkb.rnp.br;lanms-ms.bkb.rnp.br;monipe-ms-atraso.rnp.br
1750263139,2025-06-18 13:12:19,No-Hostname;No-Hostname;mxac-bac1.bkb.rnp.br;ro-ac-oi.bkb.rnp.br;cmt1-mxro-infobarra.bkb.rnp.br;mxms-cmt1-telebras.bkb.rnp.br;lanms-ms.bkb.rnp.br;monipe-ms-atraso.rnp.br
1750264609,2025-06-18 13:36:49,No-Hostname;No-Hostname;mxac-bac1.bkb.rnp.br;ro-ac-oi.bkb.rnp.br;cmt1-mxro-infobarra.bkb.rnp.br;mxms-cmt1-telebras.bkb.rnp.br;lanms-ms.bkb.rnp.br;monipe-ms-atraso.rnp.br
1750265183,2025-06-18 13:46:23,No-Hostname;No-Hostname;mxac-bac1.bkb.rnp.br;ro-ac-oi.bkb.rnp.br;cmt1-mxro-infobarra.bkb.rnp.br;mxms-cmt1-telebras.bkb.rnp.br;lanms-ms.bkb.rnp.br;monipe-ms-atraso.rnp.br
1750265812,2025-06-18 13:56:52,No-Hostname;No-Hostname;mxac-bac1.bkb.rnp.br;mxro-mxac-3g-allo.bkb.rnp.br;cmt1-mxro-infobarra.bkb.rnp.br;mxms-cmt1-telebras.bkb.rnp.br;lanms-ms.bkb.rnp.br;monipe-ms-atraso.rnp.br
1750266080,2025-06-18 14:01:20,No-Hostname;No-Hostname;mxac-bac1.bkb.rnp.br;mxro-mxac-3g-allo.bkb.rnp.br;cmt1-mxro-infobarra.bkb.rnp.br;mxms-cmt1-telebras.bkb.rnp.br;lanms-ms.bkb.rnp.br;monipe-ms-atraso.rnp.br
1750267040,2025-06-18 14:17:20,No-Hostname;No-Hostname;mxac-bac1.bkb.rnp.br;ro-ac-oi.bkb.rnp.br;cmt1-mxro-infobarra.bkb.rnp.br;mxgo-cmt1-acessonline.bkb.rnp.br;mxms-mxgo-brdigital.bkb.rnp.br;lanms-ms.bkb.rnp.br;monipe-ms-atraso.rnp.br
1750267718,2025-06-18 14:28:38,No-Hostname;No-Hostname;mxac-bac1.bkb.rnp.br;mxro-mxac-3g-allo.bkb.rnp.br;cmt1-mxro-infobarra.bkb.rnp.br;mxms-cmt1-telebras.bkb.rnp.br;lanms-ms.bkb.rnp.br;monipe-ms-atraso.rnp.br
1750267987,2025-06-18 14:33:07,No-Hostname;No-Hostname;mxac-bac1.bkb.rnp.br;mxro-mxac-3g-allo.bkb.rnp.br;cmt1-mxro-infobarra.bkb.rnp.br;mxms-cmt1-telebras.bkb.rnp.br;lanms-ms.bkb.rnp.br;monipe-ms-atraso.rnp.br
1750268586,2025-06-18 14:43:06,No-Hostname;No-Hostname;mxac-bac1.bkb.rnp.br;ro-ac-oi.bkb.rnp.br;cmt1-mxro-infobarra.bkb.rnp.br;mxms-cmt1-telebras.bkb.rnp.br;lanms-ms.bkb.rnp.br;monipe-ms-atraso.rnp.br
1750269552,2025-06-18 14:59:12,No-Hostname;No-Hostname;mxac-bac1.bkb.rnp.br;ro-ac-oi.bkb.rnp.br;cmt1-mxro-infobarra.bkb.rnp.br;mxms-cmt1-telebras.bkb.rnp.br;lanms-ms.bkb.rnp.br;monipe-ms-atraso.rnp.br
1750270490,2025-06-18 15:14:50,No-Hostname;No-Hostname;mxac-bac1.bkb.rnp.br;ro-ac-oi.bkb.rnp.br;cmt1-mxro-infobarra.bkb.rnp.br;mxms-cmt1-telebras.bkb.rnp.br;lanms-ms.bkb.rnp.br;monipe-ms-atraso.rnp.br
1750271288,2025-06-18 15:28:08,No-Hostname;No-Hostname;mxac-bac1.bkb.rnp.br;ro-ac-oi.bkb.rnp.br;cmt1-mxro-infobarra.bkb.rnp.br;mxms-cmt1-telebras.bkb.rnp.br;lanms-ms.bkb.rnp.br;monipe-ms-atraso.rnp.br
1750271602,2025-06-18 15:33:22,No-Hostname;No-Hostname;mxac-bac1.bkb.rnp.br;ro-ac-oi.bkb.rnp.br;cmt1-mxro-infobarra.bkb.rnp.br;mxms-cmt1-telebras.bkb.rnp.br;lanms-ms.bkb.rnp.br;monipe-ms-atraso.rnp.br
1750272328,2025-06-18 15:45:28,No-Hostname;No-Hostname;mxac-bac1.bkb.rnp.br;ro-ac-oi.bkb.rnp.br;cmt1-mxro-infobarra.bkb.rnp.br;mxms-cmt1-telebras.bkb.rnp.br;lanms-ms.bkb.rnp.br;monipe-ms-atraso.rnp.br
1750272734,2025-06-18 15:52:14,No-Hostname;No-Hostname;mxac-bac1.bkb.rnp.br;ro-ac-oi.bkb.rnp.br;cmt1-mxro-infobarra.bkb.rnp.br;mxms-cmt1-telebras.bkb.rnp.br;lanms-ms.bkb.rnp.br;monipe-ms-atraso.rnp.br
1750273589,2025-06-18 16:06:29,No-Hostname;No-Hostname;mxac-bac1.bkb.rnp.br;ro-ac-oi.bkb.rnp.br;cmt1-mxro-infobarra.bkb.rnp.br;mxms-cmt1-telebras.bkb.rnp.br;lanms-ms.bkb.rnp.br;monipe-ms-atraso.rnp.br
1750274031,2025-06-18 16:13:51,No-Hostname;No-Hostname;mxac-bac1.bkb.rnp.br;ro-ac-oi.bkb.rnp.br;cmt1-mxro-infobarra.bkb.rnp.br;mxms-cmt1-telebras.bkb.rnp.br;lanms-ms.bkb.rnp.br;monipe-ms-atraso.rnp.br
1750274677,2025-06-18 16:24:37,No-Hostname;No-Hostname;mxac-bac1.bkb.rnp.br;ro-ac-oi.bkb.rnp.br;cmt1-mxro-infobarra.bkb.rnp.br;mxms-cmt1-telebras.bkb.rnp.br;lanms-ms.bkb.rnp.br;monipe-ms-atraso.rnp.br
1750275307,2025-06-18 16:35:07,No-Hostname;No-Hostname;mxac-bac1.bkb.rnp.br;mxro-mxac-3g-allo.bkb.rnp.br;cmt1-mxro-infobarra.bkb.rnp.br;mxms-cmt1-telebras.bkb.rnp.br;lanms-ms.bkb.rnp.br;monipe-ms-atraso.rnp.br
1750275834,2025-06-18 16:43:54,No-Hostname;No-Hostname;mxac-bac1.bkb.rnp.br;mxro-mxac-3g-allo.bkb.rnp.br;cmt1-mxro-infobarra.bkb.rnp.br;mxms-cmt1-telebras.bkb.rnp.br;lanms-ms.bkb.rnp.br;monipe-ms-atraso.rnp.br
1750276500,2025-06-18 16:55:00,No-Hostname;No-Hostname;mxac-bac1.bkb.rnp.br;ro-ac-oi.bkb.rnp.br;cmt1-mxro-infobarra.bkb.rnp.br;mxms-cmt1-telebras.bkb.rnp.br;lanms-ms.bkb.rnp.br;monipe-ms-atraso.rnp.br
1750276872,2025-06-18 17:01:12,No-Hostname;No-Hostname;mxac-bac1.bkb.rnp.br;ro-ac-oi.bkb.rnp.br;cmt1-mxro-infobarra.bkb.rnp.br;mxms-cmt1-telebras.bkb.rnp.br;lanms-ms.bkb.rnp.br;monipe-ms-atraso.rnp.br
1750277534,2025-06-18 17:12:14,No-Hostname;No-Hostname;mxac-bac1.bkb.rnp.br;ro-ac-oi.bkb.rnp.br;cmt1-mxro-infobarra.bkb.rnp.br;mxms-cmt1-telebras.bkb.rnp.br;lanms-ms.bkb.rnp.br;monipe-ms-atraso.rnp.br
1750278406,2025-06-18 17:26:46,No-Hostname;No-Hostname;mxac-bac1.bkb.rnp.br;ro-ac-oi.bkb.rnp.br;cmt1-mxro-infobarra.bkb.rnp.br;mxms-cmt1-telebras.bkb.rnp.br;lanms-ms.bkb.rnp.br;monipe-ms-atraso.rnp.br
1750278707,2025-06-18 17:31:47,No-Hostname;No-Hostname;mxac-bac1.bkb.rnp.br;ro-ac-oi.bkb.rnp.br;cmt1-mxro-infobarra.bkb.rnp.br;mxms-cmt1-telebras.bkb.rnp.br;lanms-ms.bkb.rnp.br;monipe-ms-atraso.rnp.br
1750279747,2025-06-18 17:49:07,No-Hostname;No-Hostname;mxac-bac1.bkb.rnp.br;mxro-mxac-3g-allo.bkb.rnp.br;cmt1-mxro-infobarra.bkb.rnp.br;mxms-cmt1-telebras.bkb.rnp.br;lanms-ms.bkb.rnp.br;monipe-ms-atraso.rnp.br
1750280000,2025-06-18 17:53:20,No-Hostname;No-Hostname;mxac-bac1.bkb.rnp.br;mxro-mxac-3g-allo.bkb.rnp.br;cmt1-mxro-infobarra.bkb.rnp.br;mxms-cmt1-telebras.bkb.rnp.br;lanms-ms.bkb.rnp.br;monipe-ms-atraso.rnp.br
1750280826,2025-06-18 18:07:06,No-Hostname;No-Hostname;mxac-bac1.bkb.rnp.br;mxro-mxac-3g-allo.bkb.rnp.br;cmt1-mxro-infobarra.bkb.rnp.br;mxms-cmt1-telebras.bkb.rnp.br;lanms-ms.bkb.rnp.br;monipe-ms-atraso.rnp.br
1750281458,2025-06-18 18:17:38,No-Hostname;No-Hostname;mxac-bac1.bkb.rnp.br;mxro-mxac-3g-allo.bkb.rnp.br;cmt1-mxro-infobarra.bkb.rnp.br;mxms-cmt1-telebras.bkb.rnp.br;lanms-ms.bkb.rnp.br;monipe-ms-atraso.rnp.br
1750281743,2025-06-18 18:22:23,No-Hostname;No-Hostname;mxac-bac1.bkb.rnp.br;ro-ac-oi.bkb.rnp.br;cmt1-mxro-infobarra.bkb.rnp.br;mxms-cmt1-telebras.bkb.rnp.br;lanms-ms.bkb.rnp.br;monipe-ms-atraso.rnp.br
1750282401,2025-06-18 18:33:21,No-Hostname;No-Hostname;mxac-bac1.bkb.rnp.br;ro-ac-oi.bkb.rnp.br;cmt1-mxro-infobarra.bkb.rnp.br;mxms-cmt1-telebras.bkb.rnp.br;lanms-ms.bkb.rnp.br;monipe-ms-atraso.rnp.br
1750283113,2025-06-18 18:45:13,No-Hostname;No-Hostname;mxac-bac1.bkb.rnp.br;ro-ac-oi.bkb.rnp.br;cmt1-mxro-infobarra.bkb.rnp.br;mxms-cmt1-telebras.bkb.rnp.br;lanms-ms.bkb.rnp.br;monipe-ms-atraso.rnp.br
1750283533,2025-06-18 18:52:13,No-Hostname;No-Hostname;mxac-bac1.bkb.rnp.br;ro-ac-oi.bkb.rnp.br;cmt1-mxro-infobarra.bkb.rnp.br;mxms-cmt1-telebras.bkb.rnp.br;lanms-ms.bkb.rnp.br;monipe-ms-atraso.rnp.br
1750284079,2025-06-18 19:01:19,No-Hostname;No-Hostname;mxac-bac1.bkb.rnp.br;ro-ac-oi.bkb.rnp.br;cmt1-mxro-infobarra.bkb.rnp.br;mxms-cmt1-telebras.bkb.rnp.br;lanms-ms.bkb.rnp.br;monipe-ms-atraso.rnp.br
1750284748,2025-06-18 19:12:28,No-Hostname;No-Hostname;mxac-bac1.bkb.rnp.br;ro-ac-oi.bkb.rnp.br;cmt1-mxro-infobarra.bkb.rnp.br;mxms-cmt1-telebras.bkb.rnp.br;lanms-ms.bkb.rnp.br;monipe-ms-atraso.rnp.br
1750285307,2025-06-18 19:21:47,No-Hostname;No-Hostname;mxac-bac1.bkb.rnp.br;ro-ac-oi.bkb.rnp.br;cmt1-mxro-infobarra.bkb.rnp.br;mxms-cmt1-telebras.bkb.rnp.br;lanms-ms.bkb.rnp.br;monipe-ms-atraso.rnp.br
1750286224,2025-06-18 19:37:04,No-Hostname;No-Hostname;mxac-bac1.bkb.rnp.br;ro-ac-oi.bkb.rnp.br;cmt1-mxro-infobarra.bkb.rnp.br;mxms-cmt1-telebras.bkb.rnp.br;lanms-ms.bkb.rnp.br;monipe-ms-atraso.rnp.br
1750286885,2025-06-18 19:48:05,No-Hostname;No-Hostname;mxac-bac1.bkb.rnp.br;ro-ac-oi.bkb.rnp.br;cmt1-mxro-infobarra.bkb.rnp.br;mxms-cmt1-telebras.bkb.rnp.br;lanms-ms.bkb.rnp.br;monipe-ms-atraso.rnp.br
1750287336,2025-06-18 19:55:36,No-Hostname;No-Hostname;mxac-bac1.bkb.rnp.br;ro-ac-oi.bkb.rnp.br;cmt1-mxro-infobarra.bkb.rnp.br;mxms-cmt1-telebras.bkb.rnp.br;lanms-ms.bkb.rnp.br;monipe-ms-atraso.rnp.br
1750287994,2025-06-18 20:06:34,No-Hostname;No-Hostname;mxac-bac1.bkb.rnp.br;ro-ac-oi.bkb.rnp.br;cmt1-mxro-infobarra.bkb.rnp.br;mxms-cmt1-telebras.bkb.rnp.br;lanms-ms.bkb.rnp.br;monipe-ms-atraso.rnp.br
1750288325,2025-06-18 20:12:05,No-Hostname;No-Hostname;mxac-bac1.bkb.rnp.br;ro-ac-oi.bkb.rnp.br;cmt1-mxro-infobarra.bkb.rnp.br;mxms-cmt1-telebras.bkb.rnp.br;lanms-ms.bkb.rnp.br;monipe-ms-atraso.rnp.br
1750288921,2025-06-18 20:22:01,No-Hostname;No-Hostname;mxac-bac1.bkb.rnp.br;ro-ac-oi.bkb.rnp.br;cmt1-mxro-infobarra.bkb.rnp.br;mxms-cmt1-telebras.bkb.rnp.br;lanms-ms.bkb.rnp.br;monipe-ms-atraso.rnp.br
1750289868,2025-06-18 20:37:48,No-Hostname;No-Hostname;mxac-bac1.bkb.rnp.br;mxro-mxac-3g-allo.bkb.rnp.br;cmt1-mxro-infobarra.bkb.rnp.br;mxms-cmt1-telebras.bkb.rnp.br;lanms-ms.bkb.rnp.br;monipe-ms-atraso.rnp.br
1750290103,2025-06-18 20:41:43,No-Hostname;No-Hostname;mxac-bac1.bkb.rnp.br;mxro-mxac-3g-allo.bkb.rnp.br;cmt1-mxro-infobarra.bkb.rnp.br;mxms-cmt1-telebras.bkb.rnp.br;lanms-ms.bkb.rnp.br;monipe-ms-atraso.rnp.br
1750290970,2025-06-18 20:56:10,No-Hostname;No-Hostname;mxac-bac1.bkb.rnp.br;ro-ac-oi.bkb.rnp.br;cmt1-mxro-infobarra.bkb.rnp.br;mxms-cmt1-telebras.bkb.rnp.br;lanms-ms.bkb.rnp.br;monipe-ms-atraso.rnp.br
1750291749,2025-06-18 21:09:09,No-Hostname;No-Hostname;mxac-bac1.bkb.rnp.br;ro-ac-oi.bkb.rnp.br;cmt1-mxro-infobarra.bkb.rnp.br;mxms-cmt1-telebras.bkb.rnp.br;lanms-ms.bkb.rnp.br;monipe-ms-atraso.rnp.br
1750292117,2025-06-18 21:15:17,No-Hostname;No-Hostname;mxac-bac1.bkb.rnp.br;ro-ac-oi.bkb.rnp.br;cmt1-mxro-infobarra.bkb.rnp.br;mxms-cmt1-telebras.bkb.rnp.br;lanms-ms.bkb.rnp.br;monipe-ms-atraso.rnp.br
1750292559,2025-06-18 21:22:39,No-Hostname;No-Hostname;mxac-bac1.bkb.rnp.br;mxro-mxac-3g-allo.bkb.rnp.br;cmt1-mxro-infobarra.bkb.rnp.br;mxms-cmt1-telebras.bkb.rnp.br;lanms-ms.bkb.rnp.br;monipe-ms-atraso.rnp.br
1750293342,2025-06-18 21:35:42,No-Hostname;No-Hostname;mxac-bac1.bkb.rnp.br;ro-ac-oi.bkb.rnp.br;cmt1-mxro-infobarra.bkb.rnp.br;mxms-cmt1-telebras.bkb.rnp.br;lanms-ms.bkb.rnp.br;monipe-ms-atraso.rnp.br
1750293893,2025-06-18 21:44:53,No-Hostname;No-Hostname;mxac-bac1.bkb.rnp.br;mxro-mxac-3g-allo.bkb.rnp.br;cmt1-mxro-infobarra.bkb.rnp.br;mxms-cmt1-telebras.bkb.rnp.br;lanms-ms.bkb.rnp.br;monipe-ms-atraso.rnp.br
1750294611,2025-06-18 21:56:51,No-Hostname;No-Hostname;mxac-bac1.bkb.rnp.br;ro-ac-oi.bkb.rnp.br;cmt1-mxro-infobarra.bkb.rnp.br;mxms-cmt1-telebras.bkb.rnp.br;lanms-ms.bkb.rnp.br;monipe-ms-atraso.rnp.br
1750295893,2025-06-18 22:18:13,No-Hostname;No-Hostname;mxac-bac1.bkb.rnp.br;ro-ac-oi.bkb.rnp.br;cmt1-mxro-infobarra.bkb.rnp.br;mxms-cmt1-telebras.bkb.rnp.br;lanms-ms.bkb.rnp.br;monipe-ms-atraso.rnp.br
1750296037,2025-06-18 22:20:37,No-Hostname;No-Hostname;mxac-bac1.bkb.rnp.br;mxro-mxac-3g-allo.bkb.rnp.br;cmt1-mxro-infobarra.bkb.rnp.br;mxms-cmt1-telebras.bkb.rnp.br;lanms-ms.bkb.rnp.br;monipe-ms-atraso.rnp.br
1750296713,2025-06-18 22:31:53,No-Hostname;No-Hostname;mxac-bac1.bkb.rnp.br;mxro-mxac-3g-allo.bkb.rnp.br;cmt1-mxro-infobarra.bkb.rnp.br;mxms-cmt1-telebras.bkb.rnp.br;lanms-ms.bkb.rnp.br;monipe-ms-atraso.rnp.br
1750297638,2025-06-18 22:47:18,No-Hostname;No-Hostname;mxac-bac1.bkb.rnp.br;mxro-mxac-3g-allo.bkb.rnp.br;cmt1-mxro-infobarra.bkb.rnp.br;mxms-cmt1-telebras.bkb.rnp.br;lanms-ms.bkb.rnp.br;monipe-ms-atraso.rnp.br
1750298122,2025-06-18 22:55:22,No-Hostname;No-Hostname;mxac-bac1.bkb.rnp.br;mxro-mxac-3g-allo.bkb.rnp.br;cmt1-mxro-infobarra.bkb.rnp.br;mxms-cmt1-telebras.bkb.rnp.br;lanms-ms.bkb.rnp.br;monipe-ms-atraso.rnp.br
1750298431,2025-06-18 23:00:31,No-Hostname;No-Hostname;mxac-bac1.bkb.rnp.br;mxro-mxac-3g-allo.bkb.rnp.br;cmt1-mxro-infobarra.bkb.rnp.br;mxms-cmt1-telebras.bkb.rnp.br;lanms-ms.bkb.rnp.br;monipe-ms-atraso.rnp.br
1750299409,2025-06-18 23:16:49,No-Hostname;No-Hostname;mxac-bac1.bkb.rnp.br;mxro-mxac-3g-allo.bkb.rnp.br;cmt1-mxro-infobarra.bkb.rnp.br;mxms-cmt1-telebras.bkb.rnp.br;lanms-ms.bkb.rnp.br;monipe-ms-atraso.rnp.br
1750300117,2025-06-18 23:28:37,No-Hostname;No-Hostname;mxac-bac1.bkb.rnp.br;ro-ac-oi.bkb.rnp.br;cmt1-mxro-infobarra.bkb.rnp.br;mxms-cmt1-telebras.bkb.rnp.br;lanms-ms.bkb.rnp.br;monipe-ms-atraso.rnp.br
1750300663,2025-06-18 23:37:43,No-Hostname;No-Hostname;mxac-bac1.bkb.rnp.br;mxro-mxac-3g-allo.bkb.rnp.br;cmt1-mxro-infobarra.bkb.rnp.br;mxms-cmt1-telebras.bkb.rnp.br;lanms-ms.bkb.rnp.br;monipe-ms-atraso.rnp.br
1750301020,2025-06-18 23:43:40,No-Hostname;No-Hostname;mxac-bac1.bkb.rnp.br;mxro-mxac-3g-allo.bkb.rnp.br;cmt1-mxro-infobarra.bkb.rnp.br;mxms-cmt1-telebras.bkb.rnp.br;lanms-ms.bkb.rnp.br;monipe-ms-atraso.rnp.br
1750301498,2025-06-18 23:51:38,No-Hostname;No-Hostname;mxac-bac1.bkb.rnp.br;mxro-mxac-3g-allo.bkb.rnp.br;cmt1-mxro-infobarra.bkb.rnp.br;mxms-cmt1-telebras.bkb.rnp.br;lanms-ms.bkb.rnp.br;monipe-ms-atraso.rnp.br
1750302249,2025-06-19 00:04:09,No-Hostname;No-Hostname;mxac-bac1.bkb.rnp.br;mxro-mxac-3g-allo.bkb.rnp.br;cmt1-mxro-infobarra.bkb.rnp.br;mxms-cmt1-telebras.bkb.rnp.br;lanms-ms.bkb.rnp.br;monipe-ms-atraso.rnp.br
1750302738,2025-06-19 00:12:18,No-Hostname;No-Hostname;mxac-bac1.bkb.rnp.br;mxro-mxac-3g-allo.bkb.rnp.br;cmt1-mxro-infobarra.bkb.rnp.br;mxms-cmt1-telebras.bkb.rnp.br;lanms-ms.bkb.rnp.br;monipe-ms-atraso.rnp.br
1750303309,2025-06-19 00:21:49,No-Hostname;No-Hostname;mxac-bac1.bkb.rnp.br;mxro-mxac-3g-allo.bkb.rnp.br;cmt1-mxro-infobarra.bkb.rnp.br;mxms-cmt1-telebras.bkb.rnp.br;lanms-ms.bkb.rnp.br;monipe-ms-atraso.rnp.br
1750304302,2025-06-19 00:38:22,No-Hostname;No-Hostname;mxac-bac1.bkb.rnp.br;ro-ac-oi.bkb.rnp.br;cmt1-mxro-infobarra.bkb.rnp.br;mxms-cmt1-telebras.bkb.rnp.br;lanms-ms.bkb.rnp.br;monipe-ms-atraso.rnp.br
1750304882,2025-06-19 00:48:02,No-Hostname;No-Hostname;mxac-bac1.bkb.rnp.br;ro-ac-oi.bkb.rnp.br;cmt1-mxro-infobarra.bkb.rnp.br;mxms-cmt1-telebras.bkb.rnp.br;lanms-ms.bkb.rnp.br;monipe-ms-atraso.rnp.br
1750305177,2025-06-19 00:52:57,No-Hostname;No-Hostname;mxac-bac1.bkb.rnp.br;ro-ac-oi.bkb.rnp.br;cmt1-mxro-infobarra.bkb.rnp.br;mxms-cmt1-telebras.bkb.rnp.br;lanms-ms.bkb.rnp.br;monipe-ms-atraso.rnp.br
1750305714,2025-06-19 01:01:54,No-Hostname;No-Hostname;mxac-bac1.bkb.rnp.br;ro-ac-oi.bkb.rnp.br;cmt1-mxro-infobarra.bkb.rnp.br;mxms-cmt1-telebras.bkb.rnp.br;lanms-ms.bkb.rnp.br;monipe-ms-atraso.rnp.br
1750306445,2025-06-19 01:14:05,No-Hostname;No-Hostname;mxac-bac1.bkb.rnp.br;mxro-mxac-3g-allo.bkb.rnp.br;cmt1-mxro-infobarra.bkb.rnp.br;mxms-cmt1-telebras.bkb.rnp.br;lanms-ms.bkb.rnp.br;monipe-ms-atraso.rnp.br
1750307087,2025-06-19 01:24:47,No-Hostname;No-Hostname;mxac-bac1.bkb.rnp.br;ro-ac-oi.bkb.rnp.br;cmt1-mxro-infobarra.bkb.rnp.br;mxms-cmt1-telebras.bkb.rnp.br;lanms-ms.bkb.rnp.br;monipe-ms-atraso.rnp.br
1750307748,2025-06-19 01:35:48,No-Hostname;No-Hostname;mxac-bac1.bkb.rnp.br;mxro-mxac-3g-allo.bkb.rnp.br;cmt1-mxro-infobarra.bkb.rnp.br;mxms-cmt1-telebras.bkb.rnp.br;lanms-ms.bkb.rnp.br;monipe-ms-atraso.rnp.br
1750308537,2025-06-19 01:48:57,No-Hostname;No-Hostname;mxac-bac1.bkb.rnp.br;mxro-mxac-3g-allo.bkb.rnp.br;cmt1-mxro-infobarra.bkb.rnp.br;mxms-cmt1-telebras.bkb.rnp.br;lanms-ms.bkb.rnp.br;monipe-ms-atraso.rnp.br
1750309074,2025-06-19 01:57:54,No-Hostname;No-Hostname;mxac-bac1.bkb.rnp.br;ro-ac-oi.bkb.rnp.br;cmt1-mxro-infobarra.bkb.rnp.br;mxms-cmt1-telebras.bkb.rnp.br;lanms-ms.bkb.rnp.br;monipe-ms-atraso.rnp.br
1750309270,2025-06-19 02:01:10,No-Hostname;No-Hostname;mxac-bac1.bkb.rnp.br;ro-ac-oi.bkb.rnp.br;cmt1-mxro-infobarra.bkb.rnp.br;mxms-cmt1-telebras.bkb.rnp.br;lanms-ms.bkb.rnp.br;monipe-ms-atraso.rnp.br
1750310308,2025-06-19 02:18:28,No-Hostname;No-Hostname;mxac-bac1.bkb.rnp.br;ro-ac-oi.bkb.rnp.br;cmt1-mxro-infobarra.bkb.rnp.br;mxms-cmt1-telebras.bkb.rnp.br;lanms-ms.bkb.rnp.br;monipe-ms-atraso.rnp.br
1750310858,2025-06-19 02:27:38,No-Hostname;No-Hostname;mxac-bac1.bkb.rnp.br;mxro-mxac-3g-allo.bkb.rnp.br;cmt1-mxro-infobarra.bkb.rnp.br;mxms-cmt1-telebras.bkb.rnp.br;lanms-ms.bkb.rnp.br;monipe-ms-atraso.rnp.br
1750311462,2025-06-19 02:37:42,No-Hostname;No-Hostname;mxac-bac1.bkb.rnp.br;mxro-mxac-3g-allo.bkb.rnp.br;cmt1-mxro-infobarra.bkb.rnp.br;mxms-cmt1-telebras.bkb.rnp.br;lanms-ms.bkb.rnp.br;monipe-ms-atraso.rnp.br
1750312152,2025-06-19 02:49:12,No-Hostname;No-Hostname;mxac-bac1.bkb.rnp.br;mxro-mxac-3g-allo.bkb.rnp.br;cmt1-mxro-infobarra.bkb.rnp.br;mxms-cmt1-telebras.bkb.rnp.br;lanms-ms.bkb.rnp.br;monipe-ms-atraso.rnp.br
1750312361,2025-06-19 02:52:41,No-Hostname;No-Hostname;mxac-bac1.bkb.rnp.br;ro-ac-oi.bkb.rnp.br;cmt1-mxro-infobarra.bkb.rnp.br;mxms-cmt1-telebras.bkb.rnp.br;lanms-ms.bkb.rnp.br;monipe-ms-atraso.rnp.br
1750313037,2025-06-19 03:03:57,No-Hostname;No-Hostname;mxac-bac1.bkb.rnp.br;ro-ac-oi.bkb.rnp.br;cmt1-mxro-infobarra.bkb.rnp.br;mxms-cmt1-telebras.bkb.rnp.br;lanms-ms.bkb.rnp.br;monipe-ms-atraso.rnp.br
1750313533,2025-06-19 03:12:13,No-Hostname;No-Hostname;mxac-bac1.bkb.rnp.br;ro-ac-oi.bkb.rnp.br;cmt1-mxro-infobarra.bkb.rnp.br;mxms-cmt1-telebras.bkb.rnp.br;lanms-ms.bkb.rnp.br;monipe-ms-atraso.rnp.br
1750314512,2025-06-19 03:28:32,No-Hostname;No-Hostname;mxac-bac1.bkb.rnp.br;ro-ac-oi.bkb.rnp.br;cmt1-mxro-infobarra.bkb.rnp.br;mxms-cmt1-telebras.bkb.rnp.br;lanms-ms.bkb.rnp.br;monipe-ms-atraso.rnp.br
1750314988,2025-06-19 03:36:28,No-Hostname;No-Hostname;mxac-bac1.bkb.rnp.br;ro-ac-oi.bkb.rnp.br;cmt1-mxro-infobarra.bkb.rnp.br;mxms-cmt1-telebras.bkb.rnp.br;lanms-ms.bkb.rnp.br;monipe-ms-atraso.rnp.br
1750315647,2025-06-19 03:47:27,No-Hostname;No-Hostname;mxac-bac1.bkb.rnp.br;ro-ac-oi.bkb.rnp.br;cmt1-mxro-infobarra.bkb.rnp.br;mxms-cmt1-telebras.bkb.rnp.br;lanms-ms.bkb.rnp.br;monipe-ms-atraso.rnp.br
1750316278,2025-06-19 03:57:58,No-Hostname;No-Hostname;mxac-bac1.bkb.rnp.br;ro-ac-oi.bkb.rnp.br;cmt1-mxro-infobarra.bkb.rnp.br;mxms-cmt1-telebras.bkb.rnp.br;lanms-ms.bkb.rnp.br;monipe-ms-atraso.rnp.br
1750316772,2025-06-19 04:06:12,No-Hostname;No-Hostname;mxac-bac1.bkb.rnp.br;ro-ac-oi.bkb.rnp.br;cmt1-mxro-infobarra.bkb.rnp.br;mxms-cmt1-telebras.bkb.rnp.br;lanms-ms.bkb.rnp.br;monipe-ms-atraso.rnp.br
1750317198,2025-06-19 04:13:18,No-Hostname;No-Hostname;mxac-bac1.bkb.rnp.br;ro-ac-oi.bkb.rnp.br;cmt1-mxro-infobarra.bkb.rnp.br;mxms-cmt1-telebras.bkb.rnp.br;lanms-ms.bkb.rnp.br;monipe-ms-atraso.rnp.br
1750317824,2025-06-19 04:23:44,No-Hostname;No-Hostname;mxac-bac1.bkb.rnp.br;mxro-mxac-3g-allo.bkb.rnp.br;cmt1-mxro-infobarra.bkb.rnp.br;mxms-cmt1-telebras.bkb.rnp.br;lanms-ms.bkb.rnp.br;monipe-ms-atraso.rnp.br
1750318545,2025-06-19 04:35:45,No-Hostname;No-Hostname;mxac-bac1.bkb.rnp.br;ro-ac-oi.bkb.rnp.br;cmt1-mxro-infobarra.bkb.rnp.br;mxms-cmt1-telebras.bkb.rnp.br;lanms-ms.bkb.rnp.br;monipe-ms-atraso.rnp.br
1750319040,2025-06-19 04:44:00,No-Hostname;No-Hostname;mxac-bac1.bkb.rnp.br;ro-ac-oi.bkb.rnp.br;cmt1-mxro-infobarra.bkb.rnp.br;mxms-cmt1-telebras.bkb.rnp.br;lanms-ms.bkb.rnp.br;monipe-ms-atraso.rnp.br
1750319853,2025-06-19 04:57:33,No-Hostname;No-Hostname;mxac-bac1.bkb.rnp.br;mxro-mxac-3g-allo.bkb.rnp.br;cmt1-mxro-infobarra.bkb.rnp.br;mxms-cmt1-telebras.bkb.rnp.br;lanms-ms.bkb.rnp.br;monipe-ms-atraso.rnp.br
1750320498,2025-06-19 05:08:18,No-Hostname;No-Hostname;mxac-bac1.bkb.rnp.br;mxro-mxac-3g-allo.bkb.rnp.br;cmt1-mxro-infobarra.bkb.rnp.br;mxms-cmt1-telebras.bkb.rnp.br;lanms-ms.bkb.rnp.br;monipe-ms-atraso.rnp.br
1750320654,2025-06-19 05:10:54,No-Hostname;No-Hostname;mxac-bac1.bkb.rnp.br;mxro-mxac-3g-allo.bkb.rnp.br;cmt1-mxro-infobarra.bkb.rnp.br;mxms-cmt1-telebras.bkb.rnp.br;lanms-ms.bkb.rnp.br;monipe-ms-atraso.rnp.br
1750321606,2025-06-19 05:26:46,No-Hostname;No-Hostname;mxac-bac1.bkb.rnp.br;mxro-mxac-3g-allo.bkb.rnp.br;cmt1-mxro-infobarra.bkb.rnp.br;mxms-cmt1-telebras.bkb.rnp.br;lanms-ms.bkb.rnp.br;monipe-ms-atraso.rnp.br
1750322065,2025-06-19 05:34:25,No-Hostname;No-Hostname;mxac-bac1.bkb.rnp.br;mxro-mxac-3g-allo.bkb.rnp.br;cmt1-mxro-infobarra.bkb.rnp.br;mxms-cmt1-telebras.bkb.rnp.br;lanms-ms.bkb.rnp.br;monipe-ms-atraso.rnp.br
1750322840,2025-06-19 05:47:20,No-Hostname;No-Hostname;mxac-bac1.bkb.rnp.br;mxro-mxac-3g-allo.bkb.rnp.br;cmt1-mxro-infobarra.bkb.rnp.br;mxms-cmt1-telebras.bkb.rnp.br;lanms-ms.bkb.rnp.br;monipe-ms-atraso.rnp.br
1750323458,2025-06-19 05:57:38,No-Hostname;No-Hostname;mxac-bac1.bkb.rnp.br;ro-ac-oi.bkb.rnp.br;cmt1-mxro-infobarra.bkb.rnp.br;mxms-cmt1-telebras.bkb.rnp.br;lanms-ms.bkb.rnp.br;monipe-ms-atraso.rnp.br
1750323995,2025-06-19 06:06:35,No-Hostname;No-Hostname;mxac-bac1.bkb.rnp.br;ro-ac-oi.bkb.rnp.br;cmt1-mxro-infobarra.bkb.rnp.br;mxms-cmt1-telebras.bkb.rnp.br;lanms-ms.bkb.rnp.br;monipe-ms-atraso.rnp.br
1750324290,2025-06-19 06:11:30,No-Hostname;No-Hostname;mxac-bac1.bkb.rnp.br;ro-ac-oi.bkb.rnp.br;cmt1-mxro-infobarra.bkb.rnp.br;mxms-cmt1-telebras.bkb.rnp.br;lanms-ms.bkb.rnp.br;monipe-ms-atraso.rnp.br
1750324959,2025-06-19 06:22:39,No-Hostname;No-Hostname;mxac-bac1.bkb.rnp.br;ro-ac-oi.bkb.rnp.br;cmt1-mxro-infobarra.bkb.rnp.br;mxms-cmt1-telebras.bkb.rnp.br;lanms-ms.bkb.rnp.br;monipe-ms-atraso.rnp.br
1750325462,2025-06-19 06:31:02,No-Hostname;No-Hostname;mxac-bac1.bkb.rnp.br;ro-ac-oi.bkb.rnp.br;cmt1-mxro-infobarra.bkb.rnp.br;mxms-cmt1-telebras.bkb.rnp.br;lanms-ms.bkb.rnp.br;monipe-ms-atraso.rnp.br
1750326068,2025-06-19 06:41:08,No-Hostname;No-Hostname;mxac-bac1.bkb.rnp.br;mxro-mxac-3g-allo.bkb.rnp.br;cmt1-mxro-infobarra.bkb.rnp.br;mxms-cmt1-telebras.bkb.rnp.br;lanms-ms.bkb.rnp.br;monipe-ms-atraso.rnp.br
1750327458,2025-06-19 07:04:18,No-Hostname;No-Hostname;mxac-bac1.bkb.rnp.br;ro-ac-oi.bkb.rnp.br;cmt1-mxro-infobarra.bkb.rnp.br;mxms-cmt1-telebras.bkb.rnp.br;lanms-ms.bkb.rnp.br;monipe-ms-atraso.rnp.br
1750328280,2025-06-19 07:18:00,No-Hostname;No-Hostname;mxac-bac1.bkb.rnp.br;ro-ac-oi.bkb.rnp.br;cmt1-mxro-infobarra.bkb.rnp.br;mxms-cmt1-telebras.bkb.rnp.br;lanms-ms.bkb.rnp.br;monipe-ms-atraso.rnp.br
1750328685,2025-06-19 07:24:45,No-Hostname;No-Hostname;mxac-bac1.bkb.rnp.br;ro-ac-oi.bkb.rnp.br;cmt1-mxro-infobarra.bkb.rnp.br;mxms-cmt1-telebras.bkb.rnp.br;lanms-ms.bkb.rnp.br;monipe-ms-atraso.rnp.br
1750329216,2025-06-19 07:33:36,No-Hostname;No-Hostname;mxac-bac1.bkb.rnp.br;ro-ac-oi.bkb.rnp.br;cmt1-mxro-infobarra.bkb.rnp.br;mxms-cmt1-telebras.bkb.rnp.br;lanms-ms.bkb.rnp.br;monipe-ms-atraso.rnp.br
1750329819,2025-06-19 07:43:39,No-Hostname;No-Hostname;mxac-bac1.bkb.rnp.br;ro-ac-oi.bkb.rnp.br;cmt1-mxro-infobarra.bkb.rnp.br;mxms-cmt1-telebras.bkb.rnp.br;lanms-ms.bkb.rnp.br;monipe-ms-atraso.rnp.br
1750330590,2025-06-19 07:56:30,No-Hostname;No-Hostname;mxac-bac1.bkb.rnp.br;mxro-mxac-3g-allo.bkb.rnp.br;cmt1-mxro-infobarra.bkb.rnp.br;mxms-cmt1-telebras.bkb.rnp.br;lanms-ms.bkb.rnp.br;monipe-ms-atraso.rnp.br
1750331196,2025-06-19 08:06:36,No-Hostname;No-Hostname;mxac-bac1.bkb.rnp.br;mxro-mxac-3g-allo.bkb.rnp.br;cmt1-mxro-infobarra.bkb.rnp.br;mxms-cmt1-telebras.bkb.rnp.br;lanms-ms.bkb.rnp.br;monipe-ms-atraso.rnp.br
1750331696,2025-06-19 08:14:56,No-Hostname;No-Hostname;mxac-bac1.bkb.rnp.br;mxro-mxac-3g-allo.bkb.rnp.br;cmt1-mxro-infobarra.bkb.rnp.br;mxms-cmt1-telebras.bkb.rnp.br;lanms-ms.bkb.rnp.br;monipe-ms-atraso.rnp.br
1750332168,2025-06-19 08:22:48,No-Hostname;No-Hostname;mxac-bac1.bkb.rnp.br;mxro-mxac-3g-allo.bkb.rnp.br;cmt1-mxro-infobarra.bkb.rnp.br;mxms-cmt1-telebras.bkb.rnp.br;lanms-ms.bkb.rnp.br;monipe-ms-atraso.rnp.br
1750332717,2025-06-19 08:31:57,No-Hostname;No-Hostname;mxac-bac1.bkb.rnp.br;mxro-mxac-3g-allo.bkb.rnp.br;cmt1-mxro-infobarra.bkb.rnp.br;mxms-cmt1-telebras.bkb.rnp.br;lanms-ms.bkb.rnp.br;monipe-ms-atraso.rnp.br
1750333601,2025-06-19 08:46:41,No-Hostname;No-Hostname;mxac-bac1.bkb.rnp.br;mxro-mxac-3g-allo.bkb.rnp.br;cmt1-mxro-infobarra.bkb.rnp.br;mxms-cmt1-telebras.bkb.rnp.br;lanms-ms.bkb.rnp.br;monipe-ms-atraso.rnp.br
1750334063,2025-06-19 08:54:23,No-Hostname;No-Hostname;mxac-bac1.bkb.rnp.br;ro-ac-oi.bkb.rnp.br;cmt1-mxro-infobarra.bkb.rnp.br;mxms-cmt1-telebras.bkb.rnp.br;lanms-ms.bkb.rnp.br;monipe-ms-atraso.rnp.br
1750334566,2025-06-19 09:02:46,No-Hostname;No-Hostname;mxac-bac1.bkb.rnp.br;ro-ac-oi.bkb.rnp.br;cmt1-mxro-infobarra.bkb.rnp.br;mxms-cmt1-telebras.bkb.rnp.br;lanms-ms.bkb.rnp.br;monipe-ms-atraso.rnp.br
1750335273,2025-06-19 09:14:33,No-Hostname;No-Hostname;mxac-bac1.bkb.rnp.br;ro-ac-oi.bkb.rnp.br;cmt1-mxro-infobarra.bkb.rnp.br;mxms-cmt1-telebras.bkb.rnp.br;lanms-ms.bkb.rnp.br;monipe-ms-atraso.rnp.br
1750335719,2025-06-19 09:21:59,No-Hostname;No-Hostname;mxac-bac1.bkb.rnp.br;ro-ac-oi.bkb.rnp.br;cmt1-mxro-infobarra.bkb.rnp.br;mxms-cmt1-telebras.bkb.rnp.br;lanms-ms.bkb.rnp.br;monipe-ms-atraso.rnp.br
1750336451,2025-06-19 09:34:11,No-Hostname;No-Hostname;mxac-bac1.bkb.rnp.br;ro-ac-oi.bkb.rnp.br;cmt1-mxro-infobarra.bkb.rnp.br;mxms-cmt1-telebras.bkb.rnp.br;lanms-ms.bkb.rnp.br;monipe-ms-atraso.rnp.br
1750336932,2025-06-19 09:42:12,No-Hostname;No-Hostname;mxac-bac1.bkb.rnp.br;mxro-mxac-3g-allo.bkb.rnp.br;cmt1-mxro-infobarra.bkb.rnp.br;mxms-cmt1-telebras.bkb.rnp.br;lanms-ms.bkb.rnp.br;monipe-ms-atraso.rnp.br
1750338440,2025-06-19 10:07:20,No-Hostname;No-Hostname;mxac-bac1.bkb.rnp.br;ro-ac-oi.bkb.rnp.br;cmt1-mxro-infobarra.bkb.rnp.br;mxms-cmt1-telebras.bkb.rnp.br;lanms-ms.bkb.rnp.br;monipe-ms-atraso.rnp.br
1750338747,2025-06-19 10:12:27,No-Hostname;No-Hostname;mxac-bac1.bkb.rnp.br;ro-ac-oi.bkb.rnp.br;cmt1-mxro-infobarra.bkb.rnp.br;mxms-cmt1-telebras.bkb.rnp.br;lanms-ms.bkb.rnp.br;monipe-ms-atraso.rnp.br
1750339754,2025-06-19 10:29:14,No-Hostname;No-Hostname;mxac-bac1.bkb.rnp.br;ro-ac-oi.bkb.rnp.br;cmt1-mxro-infobarra.bkb.rnp.br;mxms-cmt1-telebras.bkb.rnp.br;lanms-ms.bkb.rnp.br;monipe-ms-atraso.rnp.br
1750340221,2025-06-19 10:37:01,No-Hostname;No-Hostname;mxac-bac1.bkb.rnp.br;ro-ac-oi.bkb.rnp.br;cmt1-mxro-infobarra.bkb.rnp.br;mxms-cmt1-telebras.bkb.rnp.br;lanms-ms.bkb.rnp.br;monipe-ms-atraso.rnp.br
1750340602,2025-06-19 10:43:22,No-Hostname;No-Hostname;mxac-bac1.bkb.rnp.br;ro-ac-oi.bkb.rnp.br;cmt1-mxro-infobarra.bkb.rnp.br;mxms-cmt1-telebras.bkb.rnp.br;lanms-ms.bkb.rnp.br;monipe-ms-atraso.rnp.br
1750341262,2025-06-19 10:54:22,No-Hostname;No-Hostname;mxac-bac1.bkb.rnp.br;ro-ac-oi.bkb.rnp.br;cmt1-mxro-infobarra.bkb.rnp.br;mxms-cmt1-telebras.bkb.rnp.br;lanms-ms.bkb.rnp.br;monipe-ms-atraso.rnp.br
1750342137,2025-06-19 11:08:57,No-Hostname;No-Hostname;mxac-bac1.bkb.rnp.br;ro-ac-oi.bkb.rnp.br;cmt1-mxro-infobarra.bkb.rnp.br;mxms-cmt1-telebras.bkb.rnp.br;lanms-ms.bkb.rnp.br;monipe-ms-atraso.rnp.br
1750343297,2025-06-19 11:28:17,No-Hostname;No-Hostname;mxac-bac1.bkb.rnp.br;ro-ac-oi.bkb.rnp.br;cmt1-mxro-infobarra.bkb.rnp.br;mxms-cmt1-telebras.bkb.rnp.br;lanms-ms.bkb.rnp.br;monipe-ms-atraso.rnp.br
1750343820,2025-06-19 11:37:00,No-Hostname;No-Hostname;mxac-bac1.bkb.rnp.br;mxro-mxac-3g-allo.bkb.rnp.br;cmt1-mxro-infobarra.bkb.rnp.br;mxms-cmt1-telebras.bkb.rnp.br;lanms-ms.bkb.rnp.br;monipe-ms-atraso.rnp.br
1750344405,2025-06-19 11:46:45,No-Hostname;No-Hostname;mxac-bac1.bkb.rnp.br;mxro-mxac-3g-allo.bkb.rnp.br;cmt1-mxro-infobarra.bkb.rnp.br;mxms-cmt1-telebras.bkb.rnp.br;lanms-ms.bkb.rnp.br;monipe-ms-atraso.rnp.br
1750344977,2025-06-19 11:56:17,No-Hostname;No-Hostname;mxac-bac1.bkb.rnp.br;ro-ac-oi.bkb.rnp.br;cmt1-mxro-infobarra.bkb.rnp.br;mxms-cmt1-telebras.bkb.rnp.br;lanms-ms.bkb.rnp.br;monipe-ms-atraso.rnp.br
1750345580,2025-06-19 12:06:20,No-Hostname;No-Hostname;mxac-bac1.bkb.rnp.br;ro-ac-oi.bkb.rnp.br;cmt1-mxro-infobarra.bkb.rnp.br;mxms-cmt1-telebras.bkb.rnp.br;lanms-ms.bkb.rnp.br;monipe-ms-atraso.rnp.br
1750345875,2025-06-19 12:11:15,No-Hostname;No-Hostname;mxac-bac1.bkb.rnp.br;ro-ac-oi.bkb.rnp.br;cmt1-mxro-infobarra.bkb.rnp.br;mxms-cmt1-telebras.bkb.rnp.br;lanms-ms.bkb.rnp.br;monipe-ms-atraso.rnp.br
1750346940,2025-06-19 12:29:00,No-Hostname;No-Hostname;mxac-bac1.bkb.rnp.br;ro-ac-oi.bkb.rnp.br;cmt1-mxro-infobarra.bkb.rnp.br;mxms-cmt1-telebras.bkb.rnp.br;lanms-ms.bkb.rnp.br;monipe-ms-atraso.rnp.br
1750347174,2025-06-19 12:32:54,No-Hostname;No-Hostname;mxac-bac1.bkb.rnp.br;ro-ac-oi.bkb.rnp.br;cmt1-mxro-infobarra.bkb.rnp.br;mxms-cmt1-telebras.bkb.rnp.br;lanms-ms.bkb.rnp.br;monipe-ms-atraso.rnp.br
1750347963,2025-06-19 12:46:03,No-Hostname;No-Hostname;mxac-bac1.bkb.rnp.br;mxro-mxac-3g-allo.bkb.rnp.br;cmt1-mxro-infobarra.bkb.rnp.br;mxms-cmt1-telebras.bkb.rnp.br;lanms-ms.bkb.rnp.br;monipe-ms-atraso.rnp.br
1750348226,2025-06-19 12:50:26,No-Hostname;No-Hostname;mxac-bac1.bkb.rnp.br;ro-ac-oi.bkb.rnp.br;cmt1-mxro-infobarra.bkb.rnp.br;mxms-cmt1-telebras.bkb.rnp.br;lanms-ms.bkb.rnp.br;monipe-ms-atraso.rnp.br
1750348982,2025-06-19 13:03:02,No-Hostname;No-Hostname;mxac-bac1.bkb.rnp.br;ro-ac-oi.bkb.rnp.br;cmt1-mxro-infobarra.bkb.rnp.br;mxms-cmt1-telebras.bkb.rnp.br;lanms-ms.bkb.rnp.br;monipe-ms-atraso.rnp.br
1750349644,2025-06-19 13:14:04,No-Hostname;No-Hostname;mxac-bac1.bkb.rnp.br;ro-ac-oi.bkb.rnp.br;cmt1-mxro-infobarra.bkb.rnp.br;mxms-cmt1-telebras.bkb.rnp.br;lanms-ms.bkb.rnp.br;monipe-ms-atraso.rnp.br
1750350414,2025-06-19 13:26:54,No-Hostname;No-Hostname;mxac-bac1.bkb.rnp.br;mxro-mxac-3g-allo.bkb.rnp.br;cmt1-mxro-infobarra.bkb.rnp.br;mxms-cmt1-telebras.bkb.rnp.br;lanms-ms.bkb.rnp.br;monipe-ms-atraso.rnp.br
1750350726,2025-06-19 13:32:06,No-Hostname;No-Hostname;mxac-bac1.bkb.rnp.br;mxro-mxac-3g-allo.bkb.rnp.br;cmt1-mxro-infobarra.bkb.rnp.br;mxms-cmt1-telebras.bkb.rnp.br;lanms-ms.bkb.rnp.br;monipe-ms-atraso.rnp.br
1750351258,2025-06-19 13:40:58,No-Hostname;No-Hostname;mxac-bac1.bkb.rnp.br;ro-ac-oi.bkb.rnp.br;cmt1-mxro-infobarra.bkb.rnp.br;mxms-cmt1-telebras.bkb.rnp.br;lanms-ms.bkb.rnp.br;monipe-ms-atraso.rnp.br
1750352073,2025-06-19 13:54:33,No-Hostname;No-Hostname;mxac-bac1.bkb.rnp.br;ro-ac-oi.bkb.rnp.br;cmt1-mxro-infobarra.bkb.rnp.br;mxms-cmt1-telebras.bkb.rnp.br;lanms-ms.bkb.rnp.br;monipe-ms-atraso.rnp.br
1750352560,2025-06-19 14:02:40,No-Hostname;No-Hostname;mxac-bac1.bkb.rnp.br;ro-ac-oi.bkb.rnp.br;cmt1-mxro-infobarra.bkb.rnp.br;mxms-cmt1-telebras.bkb.rnp.br;lanms-ms.bkb.rnp.br;monipe-ms-atraso.rnp.br
1750353149,2025-06-19 14:12:29,No-Hostname;No-Hostname;mxac-bac1.bkb.rnp.br;ro-ac-oi.bkb.rnp.br;cmt1-mxro-infobarra.bkb.rnp.br;mxms-cmt1-telebras.bkb.rnp.br;lanms-ms.bkb.rnp.br;monipe-ms-atraso.rnp.br
1750353750,2025-06-19 14:22:30,No-Hostname;No-Hostname;mxac-bac1.bkb.rnp.br;mxro-mxac-3g-allo.bkb.rnp.br;cmt1-mxro-infobarra.bkb.rnp.br;mxms-cmt1-telebras.bkb.rnp.br;lanms-ms.bkb.rnp.br;monipe-ms-atraso.rnp.br
1750354498,2025-06-19 14:34:58,No-Hostname;No-Hostname;mxac-bac1.bkb.rnp.br;ro-ac-oi.bkb.rnp.br;cmt1-mxro-infobarra.bkb.rnp.br;mxms-cmt1-telebras.bkb.rnp.br;lanms-ms.bkb.rnp.br;monipe-ms-atraso.rnp.br
1750355281,2025-06-19 14:48:01,No-Hostname;No-Hostname;mxac-bac1.bkb.rnp.br;mxro-mxac-3g-allo.bkb.rnp.br;cmt1-mxro-infobarra.bkb.rnp.br;mxms-cmt1-telebras.bkb.rnp.br;lanms-ms.bkb.rnp.br;monipe-ms-atraso.rnp.br
1750355832,2025-06-19 14:57:12,No-Hostname;No-Hostname;mxac-bac1.bkb.rnp.br;mxro-mxac-3g-allo.bkb.rnp.br;cmt1-mxro-infobarra.bkb.rnp.br;mxms-cmt1-telebras.bkb.rnp.br;lanms-ms.bkb.rnp.br;monipe-ms-atraso.rnp.br
1750356467,2025-06-19 15:07:47,No-Hostname;No-Hostname;mxac-bac1.bkb.rnp.br;mxro-mxac-3g-allo.bkb.rnp.br;cmt1-mxro-infobarra.bkb.rnp.br;mxms-cmt1-telebras.bkb.rnp.br;lanms-ms.bkb.rnp.br;monipe-ms-atraso.rnp.br
1750357028,2025-06-19 15:17:08,No-Hostname;No-Hostname;mxac-bac1.bkb.rnp.br;mxro-mxac-3g-allo.bkb.rnp.br;cmt1-mxro-infobarra.bkb.rnp.br;mxms-cmt1-telebras.bkb.rnp.br;lanms-ms.bkb.rnp.br;monipe-ms-atraso.rnp.br
1750357580,2025-06-19 15:26:20,No-Hostname;No-Hostname;mxac-bac1.bkb.rnp.br;ro-ac-oi.bkb.rnp.br;cmt1-mxro-infobarra.bkb.rnp.br;mxms-cmt1-telebras.bkb.rnp.br;lanms-ms.bkb.rnp.br;monipe-ms-atraso.rnp.br
1750358311,2025-06-19 15:38:31,No-Hostname;No-Hostname;mxac-bac1.bkb.rnp.br;ro-ac-oi.bkb.rnp.br;cmt1-mxro-infobarra.bkb.rnp.br;mxms-cmt1-telebras.bkb.rnp.br;lanms-ms.bkb.rnp.br;monipe-ms-atraso.rnp.br
1750358830,2025-06-19 15:47:10,No-Hostname;No-Hostname;mxac-bac1.bkb.rnp.br;ro-ac-oi.bkb.rnp.br;cmt1-mxro-infobarra.bkb.rnp.br;mxms-cmt1-telebras.bkb.rnp.br;lanms-ms.bkb.rnp.br;monipe-ms-atraso.rnp.br
1750359094,2025-06-19 15:51:34,No-Hostname;No-Hostname;mxac-bac1.bkb.rnp.br;mxro-mxac-3g-allo.bkb.rnp.br;cmt1-mxro-infobarra.bkb.rnp.br;mxms-cmt1-telebras.bkb.rnp.br;lanms-ms.bkb.rnp.br;monipe-ms-atraso.rnp.br
1750359809,2025-06-19 16:03:29,No-Hostname;No-Hostname;mxac-bac1.bkb.rnp.br;mxro-mxac-3g-allo.bkb.rnp.br;cmt1-mxro-infobarra.bkb.rnp.br;mxms-cmt1-telebras.bkb.rnp.br;lanms-ms.bkb.rnp.br;monipe-ms-atraso.rnp.br
1750360731,2025-06-19 16:18:51,No-Hostname;No-Hostname;mxac-bac1.bkb.rnp.br;mxro-mxac-3g-allo.bkb.rnp.br;cmt1-mxro-infobarra.bkb.rnp.br;mxms-cmt1-telebras.bkb.rnp.br;lanms-ms.bkb.rnp.br;monipe-ms-atraso.rnp.br
1750360974,2025-06-19 16:22:54,No-Hostname;No-Hostname;mxac-bac1.bkb.rnp.br;ro-ac-oi.bkb.rnp.br;cmt1-mxro-infobarra.bkb.rnp.br;mxms-cmt1-telebras.bkb.rnp.br;lanms-ms.bkb.rnp.br;monipe-ms-atraso.rnp.br
1750361896,2025-06-19 16:38:16,No-Hostname;No-Hostname;mxac-bac1.bkb.rnp.br;ro-ac-oi.bkb.rnp.br;cmt1-mxro-infobarra.bkb.rnp.br;mxms-cmt1-telebras.bkb.rnp.br;lanms-ms.bkb.rnp.br;monipe-ms-atraso.rnp.br
1750362095,2025-06-19 16:41:35,No-Hostname;No-Hostname;mxac-bac1.bkb.rnp.br;ro-ac-oi.bkb.rnp.br;cmt1-mxro-infobarra.bkb.rnp.br;mxms-cmt1-telebras.bkb.rnp.br;lanms-ms.bkb.rnp.br;monipe-ms-atraso.rnp.br
1750362906,2025-06-19 16:55:06,No-Hostname;No-Hostname;mxac-bac1.bkb.rnp.br;ro-ac-oi.bkb.rnp.br;cmt1-mxro-infobarra.bkb.rnp.br;mxms-cmt1-telebras.bkb.rnp.br;lanms-ms.bkb.rnp.br;monipe-ms-atraso.rnp.br
1750363410,2025-06-19 17:03:30,No-Hostname;No-Hostname;mxac-bac1.bkb.rnp.br;ro-ac-oi.bkb.rnp.br;cmt1-mxro-infobarra.bkb.rnp.br;mxms-cmt1-telebras.bkb.rnp.br;lanms-ms.bkb.rnp.br;monipe-ms-atraso.rnp.br
1750364200,2025-06-19 17:16:40,No-Hostname;No-Hostname;mxac-bac1.bkb.rnp.br;ro-ac-oi.bkb.rnp.br;cmt1-mxro-infobarra.bkb.rnp.br;mxms-cmt1-telebras.bkb.rnp.br;lanms-ms.bkb.rnp.br;monipe-ms-atraso.rnp.br
1750364770,2025-06-19 17:26:10,No-Hostname;No-Hostname;mxac-bac1.bkb.rnp.br;mxro-mxac-3g-allo.bkb.rnp.br;cmt1-mxro-infobarra.bkb.rnp.br;mxms-cmt1-telebras.bkb.rnp.br;lanms-ms.bkb.rnp.br;monipe-ms-atraso.rnp.br
1750365250,2025-06-19 17:34:10,No-Hostname;No-Hostname;mxac-bac1.bkb.rnp.br;mxro-mxac-3g-allo.bkb.rnp.br;cmt1-mxro-infobarra.bkb.rnp.br;mxms-cmt1-telebras.bkb.rnp.br;lanms-ms.bkb.rnp.br;monipe-ms-atraso.rnp.br
1750366017,2025-06-19 17:46:57,No-Hostname;No-Hostname;mxac-bac1.bkb.rnp.br;ro-ac-oi.bkb.rnp.br;cmt1-mxro-infobarra.bkb.rnp.br;mxms-cmt1-telebras.bkb.rnp.br;lanms-ms.bkb.rnp.br;monipe-ms-atraso.rnp.br
1750366680,2025-06-19 17:58:00,No-Hostname;No-Hostname;mxac-bac1.bkb.rnp.br;ro-ac-oi.bkb.rnp.br;cmt1-mxro-infobarra.bkb.rnp.br;mxms-cmt1-telebras.bkb.rnp.br;lanms-ms.bkb.rnp.br;monipe-ms-atraso.rnp.br
1750366926,2025-06-19 18:02:06,No-Hostname;No-Hostname;mxac-bac1.bkb.rnp.br;ro-ac-oi.bkb.rnp.br;cmt1-mxro-infobarra.bkb.rnp.br;mxms-cmt1-telebras.bkb.rnp.br;lanms-ms.bkb.rnp.br;monipe-ms-atraso.rnp.br
1750367750,2025-06-19 18:15:50,No-Hostname;No-Hostname;mxac-bac1.bkb.rnp.br;ro-ac-oi.bkb.rnp.br;cmt1-mxro-infobarra.bkb.rnp.br;mxms-cmt1-telebras.bkb.rnp.br;lanms-ms.bkb.rnp.br;monipe-ms-atraso.rnp.br
1750368527,2025-06-19 18:28:47,No-Hostname;No-Hostname;mxac-bac1.bkb.rnp.br;ro-ac-oi.bkb.rnp.br;cmt1-mxro-infobarra.bkb.rnp.br;mxms-cmt1-telebras.bkb.rnp.br;lanms-ms.bkb.rnp.br;monipe-ms-atraso.rnp.br
1750368725,2025-06-19 18:32:05,No-Hostname;No-Hostname;mxac-bac1.bkb.rnp.br;ro-ac-oi.bkb.rnp.br;cmt1-mxro-infobarra.bkb.rnp.br;mxms-cmt1-telebras.bkb.rnp.br;lanms-ms.bkb.rnp.br;monipe-ms-atraso.rnp.br
1750369597,2025-06-19 18:46:37,No-Hostname;No-Hostname;mxac-bac1.bkb.rnp.br;ro-ac-oi.bkb.rnp.br;cmt1-mxro-infobarra.bkb.rnp.br;mxms-cmt1-telebras.bkb.rnp.br;lanms-ms.bkb.rnp.br;monipe-ms-atraso.rnp.br
1750370193,2025-06-19 18:56:33,No-Hostname;No-Hostname;mxac-bac1.bkb.rnp.br;mxro-mxac-3g-allo.bkb.rnp.br;cmt1-mxro-infobarra.bkb.rnp.br;mxms-cmt1-telebras.bkb.rnp.br;lanms-ms.bkb.rnp.br;monipe-ms-atraso.rnp.br
1750370477,2025-06-19 19:01:17,No-Hostname;No-Hostname;mxac-bac1.bkb.rnp.br;mxro-mxac-3g-allo.bkb.rnp.br;cmt1-mxro-infobarra.bkb.rnp.br;mxms-cmt1-telebras.bkb.rnp.br;lanms-ms.bkb.rnp.br;monipe-ms-atraso.rnp.br
1750371084,2025-06-19 19:11:24,No-Hostname;No-Hostname;mxac-bac1.bkb.rnp.br;mxro-mxac-3g-allo.bkb.rnp.br;cmt1-mxro-infobarra.bkb.rnp.br;mxms-cmt1-telebras.bkb.rnp.br;lanms-ms.bkb.rnp.br;monipe-ms-atraso.rnp.br
1750372083,2025-06-19 19:28:03,No-Hostname;No-Hostname;mxac-bac1.bkb.rnp.br;ro-ac-oi.bkb.rnp.br;cmt1-mxro-infobarra.bkb.rnp.br;mxms-cmt1-telebras.bkb.rnp.br;lanms-ms.bkb.rnp.br;monipe-ms-atraso.rnp.br
1750372331,2025-06-19 19:32:11,No-Hostname;No-Hostname;mxac-bac1.bkb.rnp.br;ro-ac-oi.bkb.rnp.br;cmt1-mxro-infobarra.bkb.rnp.br;mxms-cmt1-telebras.bkb.rnp.br;lanms-ms.bkb.rnp.br;monipe-ms-atraso.rnp.br
1750372984,2025-06-19 19:43:04,No-Hostname;No-Hostname;mxac-bac1.bkb.rnp.br;ro-ac-oi.bkb.rnp.br;cmt1-mxro-infobarra.bkb.rnp.br;mxms-cmt1-telebras.bkb.rnp.br;lanms-ms.bkb.rnp.br;monipe-ms-atraso.rnp.br
1750373427,2025-06-19 19:50:27,No-Hostname;No-Hostname;mxac-bac1.bkb.rnp.br;ro-ac-oi.bkb.rnp.br;cmt1-mxro-infobarra.bkb.rnp.br;mxms-cmt1-telebras.bkb.rnp.br;lanms-ms.bkb.rnp.br;monipe-ms-atraso.rnp.br
1750374517,2025-06-19 20:08:37,No-Hostname;No-Hostname;mxac-bac1.bkb.rnp.br;ro-ac-oi.bkb.rnp.br;cmt1-mxro-infobarra.bkb.rnp.br;mxms-cmt1-telebras.bkb.rnp.br;lanms-ms.bkb.rnp.br;monipe-ms-atraso.rnp.br
1750374780,2025-06-19 20:13:00,No-Hostname;No-Hostname;mxac-bac1.bkb.rnp.br;ro-ac-oi.bkb.rnp.br;cmt1-mxro-infobarra.bkb.rnp.br;mxms-cmt1-telebras.bkb.rnp.br;lanms-ms.bkb.rnp.br;monipe-ms-atraso.rnp.br
1750375336,2025-06-19 20:22:16,No-Hostname;No-Hostname;mxac-bac1.bkb.rnp.br;ro-ac-oi.bkb.rnp.br;cmt1-mxro-infobarra.bkb.rnp.br;mxms-cmt1-telebras.bkb.rnp.br;lanms-ms.bkb.rnp.br;monipe-ms-atraso.rnp.br
1750376334,2025-06-19 20:38:54,No-Hostname;No-Hostname;mxac-bac1.bkb.rnp.br;mxro-mxac-3g-allo.bkb.rnp.br;cmt1-mxro-infobarra.bkb.rnp.br;mxms-cmt1-telebras.bkb.rnp.br;lanms-ms.bkb.rnp.br;monipe-ms-atraso.rnp.br
1750376466,2025-06-19 20:41:06,No-Hostname;No-Hostname;mxac-bac1.bkb.rnp.br;mxro-mxac-3g-allo.bkb.rnp.br;cmt1-mxro-infobarra.bkb.rnp.br;mxms-cmt1-telebras.bkb.rnp.br;lanms-ms.bkb.rnp.br;monipe-ms-atraso.rnp.br
1750377232,2025-06-19 20:53:52,No-Hostname;No-Hostname;mxac-bac1.bkb.rnp.br;mxro-mxac-3g-allo.bkb.rnp.br;cmt1-mxro-infobarra.bkb.rnp.br;mxms-cmt1-telebras.bkb.rnp.br;lanms-ms.bkb.rnp.br;monipe-ms-atraso.rnp.br
1750377811,2025-06-19 21:03:31,No-Hostname;No-Hostname;mxac-bac1.bkb.rnp.br;mxro-mxac-3g-allo.bkb.rnp.br;cmt1-mxro-infobarra.bkb.rnp.br;mxms-cmt1-telebras.bkb.rnp.br;lanms-ms.bkb.rnp.br;monipe-ms-atraso.rnp.br
1750378500,2025-06-19 21:15:00,No-Hostname;No-Hostname;mxac-bac1.bkb.rnp.br;mxro-mxac-3g-allo.bkb.rnp.br;cmt1-mxro-infobarra.bkb.rnp.br;mxms-cmt1-telebras.bkb.rnp.br;lanms-ms.bkb.rnp.br;monipe-ms-atraso.rnp.br
1750379099,2025-06-19 21:24:59,No-Hostname;No-Hostname;mxac-bac1.bkb.rnp.br;mxro-mxac-3g-allo.bkb.rnp.br;cmt1-mxro-infobarra.bkb.rnp.br;mxms-cmt1-telebras.bkb.rnp.br;lanms-ms.bkb.rnp.br;monipe-ms-atraso.rnp.br
1750379940,2025-06-19 21:39:00,No-Hostname;No-Hostname;mxac-bac1.bkb.rnp.br;mxro-mxac-3g-allo.bkb.rnp.br;cmt1-mxro-infobarra.bkb.rnp.br;mxms-cmt1-telebras.bkb.rnp.br;lanms-ms.bkb.rnp.br;monipe-ms-atraso.rnp.br
1750380314,2025-06-19 21:45:14,No-Hostname;No-Hostname;mxac-bac1.bkb.rnp.br;mxro-mxac-3g-allo.bkb.rnp.br;cmt1-mxro-infobarra.bkb.rnp.br;mxms-cmt1-telebras.bkb.rnp.br;lanms-ms.bkb.rnp.br;monipe-ms-atraso.rnp.br
1750381131,2025-06-19 21:58:51,No-Hostname;No-Hostname;mxac-bac1.bkb.rnp.br;mxro-mxac-3g-allo.bkb.rnp.br;cmt1-mxro-infobarra.bkb.rnp.br;mxms-cmt1-telebras.bkb.rnp.br;lanms-ms.bkb.rnp.br;monipe-ms-atraso.rnp.br
1750381399,2025-06-19 22:03:19,No-Hostname;No-Hostname;mxac-bac1.bkb.rnp.br;mxro-mxac-3g-allo.bkb.rnp.br;cmt1-mxro-infobarra.bkb.rnp.br;mxms-cmt1-telebras.bkb.rnp.br;lanms-ms.bkb.rnp.br;monipe-ms-atraso.rnp.br
1750382031,2025-06-19 22:13:51,No-Hostname;No-Hostname;mxac-bac1.bkb.rnp.br;mxro-mxac-3g-allo.bkb.rnp.br;cmt1-mxro-infobarra.bkb.rnp.br;mxms-cmt1-telebras.bkb.rnp.br;lanms-ms.bkb.rnp.br;monipe-ms-atraso.rnp.br
1750382671,2025-06-19 22:24:31,No-Hostname;No-Hostname;mxac-bac1.bkb.rnp.br;mxro-mxac-3g-allo.bkb.rnp.br;cmt1-mxro-infobarra.bkb.rnp.br;mxms-cmt1-telebras.bkb.rnp.br;lanms-ms.bkb.rnp.br;monipe-ms-atraso.rnp.br
1750383521,2025-06-19 22:38:41,No-Hostname;No-Hostname;mxac-bac1.bkb.rnp.br;mxro-mxac-3g-allo.bkb.rnp.br;cmt1-mxro-infobarra.bkb.rnp.br;mxms-cmt1-telebras.bkb.rnp.br;lanms-ms.bkb.rnp.br;monipe-ms-atraso.rnp.br
1750384074,2025-06-19 22:47:54,No-Hostname;No-Hostname;mxac-bac1.bkb.rnp.br;mxro-mxac-3g-allo.bkb.rnp.br;cmt1-mxro-infobarra.bkb.rnp.br;mxms-cmt1-telebras.bkb.rnp.br;lanms-ms.bkb.rnp.br;monipe-ms-atraso.rnp.br
1750384519,2025-06-19 22:55:19,No-Hostname;No-Hostname;mxac-bac1.bkb.rnp.br;mxro-mxac-3g-allo.bkb.rnp.br;cmt1-mxro-infobarra.bkb.rnp.br;mxms-cmt1-telebras.bkb.rnp.br;lanms-ms.bkb.rnp.br;monipe-ms-atraso.rnp.br
1750385344,2025-06-19 23:09:04,No-Hostname;No-Hostname;mxac-bac1.bkb.rnp.br;mxro-mxac-3g-allo.bkb.rnp.br;cmt1-mxro-infobarra.bkb.rnp.br;mxms-cmt1-telebras.bkb.rnp.br;lanms-ms.bkb.rnp.br;monipe-ms-atraso.rnp.br
1750385429,2025-06-19 23:10:29,No-Hostname;No-Hostname;mxac-bac1.bkb.rnp.br;mxro-mxac-3g-allo.bkb.rnp.br;cmt1-mxro-infobarra.bkb.rnp.br;mxms-cmt1-telebras.bkb.rnp.br;lanms-ms.bkb.rnp.br;monipe-ms-atraso.rnp.br
1750386207,2025-06-19 23:23:27,No-Hostname;No-Hostname;mxac-bac1.bkb.rnp.br;mxro-mxac-3g-allo.bkb.rnp.br;cmt1-mxro-infobarra.bkb.rnp.br;mxms-cmt1-telebras.bkb.rnp.br;lanms-ms.bkb.rnp.br;monipe-ms-atraso.rnp.br
1750386857,2025-06-19 23:34:17,No-Hostname;No-Hostname;mxac-bac1.bkb.rnp.br;mxro-mxac-3g-allo.bkb.rnp.br;cmt1-mxro-infobarra.bkb.rnp.br;mxms-cmt1-telebras.bkb.rnp.br;lanms-ms.bkb.rnp.br;monipe-ms-atraso.rnp.br
1750387541,2025-06-19 23:45:41,No-Hostname;No-Hostname;mxac-bac1.bkb.rnp.br;mxro-mxac-3g-allo.bkb.rnp.br;cmt1-mxro-infobarra.bkb.rnp.br;mxms-cmt1-telebras.bkb.rnp.br;lanms-ms.bkb.rnp.br;monipe-ms-atraso.rnp.br
1750387962,2025-06-19 23:52:42,No-Hostname;No-Hostname;mxac-bac1.bkb.rnp.br;ro-ac-oi.bkb.rnp.br;cmt1-mxro-infobarra.bkb.rnp.br;mxms-cmt1-telebras.bkb.rnp.br;lanms-ms.bkb.rnp.br;monipe-ms-atraso.rnp.br
1750388617,2025-06-20 00:03:37,No-Hostname;No-Hostname;mxac-bac1.bkb.rnp.br;ro-ac-oi.bkb.rnp.br;cmt1-mxro-infobarra.bkb.rnp.br;mxms-cmt1-telebras.bkb.rnp.br;lanms-ms.bkb.rnp.br;monipe-ms-atraso.rnp.br
1750389312,2025-06-20 00:15:12,No-Hostname;No-Hostname;mxac-bac1.bkb.rnp.br;ro-ac-oi.bkb.rnp.br;cmt1-mxro-infobarra.bkb.rnp.br;mxms-cmt1-telebras.bkb.rnp.br;lanms-ms.bkb.rnp.br;monipe-ms-atraso.rnp.br
1750389639,2025-06-20 00:20:39,No-Hostname;No-Hostname;mxac-bac1.bkb.rnp.br;mxro-mxac-3g-allo.bkb.rnp.br;cmt1-mxro-infobarra.bkb.rnp.br;mxms-cmt1-telebras.bkb.rnp.br;lanms-ms.bkb.rnp.br;monipe-ms-atraso.rnp.br
1750390670,2025-06-20 00:37:50,No-Hostname;No-Hostname;mxac-bac1.bkb.rnp.br;ro-ac-oi.bkb.rnp.br;cmt1-mxro-infobarra.bkb.rnp.br;mxms-cmt1-telebras.bkb.rnp.br;lanms-ms.bkb.rnp.br;monipe-ms-atraso.rnp.br
1750390938,2025-06-20 00:42:18,No-Hostname;No-Hostname;mxac-bac1.bkb.rnp.br;ro-ac-oi.bkb.rnp.br;cmt1-mxro-infobarra.bkb.rnp.br;mxms-cmt1-telebras.bkb.rnp.br;lanms-ms.bkb.rnp.br;monipe-ms-atraso.rnp.br
1750391455,2025-06-20 00:50:55,No-Hostname;No-Hostname;mxac-bac1.bkb.rnp.br;ro-ac-oi.bkb.rnp.br;cmt1-mxro-infobarra.bkb.rnp.br;mxms-cmt1-telebras.bkb.rnp.br;lanms-ms.bkb.rnp.br;monipe-ms-atraso.rnp.br
1750392097,2025-06-20 01:01:37,No-Hostname;No-Hostname;mxac-bac1.bkb.rnp.br;ro-ac-oi.bkb.rnp.br;cmt1-mxro-infobarra.bkb.rnp.br;mxms-cmt1-telebras.bkb.rnp.br;lanms-ms.bkb.rnp.br;monipe-ms-atraso.rnp.br
1750393111,2025-06-20 01:18:31,No-Hostname;No-Hostname;mxac-bac1.bkb.rnp.br;ro-ac-oi.bkb.rnp.br;cmt1-mxro-infobarra.bkb.rnp.br;mxms-cmt1-telebras.bkb.rnp.br;lanms-ms.bkb.rnp.br;monipe-ms-atraso.rnp.br
1750393237,2025-06-20 01:20:37,No-Hostname;No-Hostname;mxac-bac1.bkb.rnp.br;mxro-mxac-3g-allo.bkb.rnp.br;cmt1-mxro-infobarra.bkb.rnp.br;mxms-cmt1-telebras.bkb.rnp.br;lanms-ms.bkb.rnp.br;monipe-ms-atraso.rnp.br
1750393894,2025-06-20 01:31:34,No-Hostname;No-Hostname;mxac-bac1.bkb.rnp.br;mxro-mxac-3g-allo.bkb.rnp.br;cmt1-mxro-infobarra.bkb.rnp.br;mxms-cmt1-telebras.bkb.rnp.br;lanms-ms.bkb.rnp.br;monipe-ms-atraso.rnp.br
1750394920,2025-06-20 01:48:40,No-Hostname;No-Hostname;mxac-bac1.bkb.rnp.br;ro-ac-oi.bkb.rnp.br;cmt1-mxro-infobarra.bkb.rnp.br;mxms-cmt1-telebras.bkb.rnp.br;lanms-ms.bkb.rnp.br;monipe-ms-atraso.rnp.br
1750395269,2025-06-20 01:54:29,No-Hostname;No-Hostname;mxac-bac1.bkb.rnp.br;ro-ac-oi.bkb.rnp.br;cmt1-mxro-infobarra.bkb.rnp.br;mxms-cmt1-telebras.bkb.rnp.br;lanms-ms.bkb.rnp.br;monipe-ms-atraso.rnp.br
1750395669,2025-06-20 02:01:09,No-Hostname;No-Hostname;mxac-bac1.bkb.rnp.br;ro-ac-oi.bkb.rnp.br;cmt1-mxro-infobarra.bkb.rnp.br;mxms-cmt1-telebras.bkb.rnp.br;lanms-ms.bkb.rnp.br;monipe-ms-atraso.rnp.br
1750396330,2025-06-20 02:12:10,No-Hostname;No-Hostname;mxac-bac1.bkb.rnp.br;mxro-mxac-3g-allo.bkb.rnp.br;cmt1-mxro-infobarra.bkb.rnp.br;mxms-cmt1-telebras.bkb.rnp.br;lanms-ms.bkb.rnp.br;monipe-ms-atraso.rnp.br
1750397350,2025-06-20 02:29:10,No-Hostname;No-Hostname;mxac-bac1.bkb.rnp.br;mxro-mxac-3g-allo.bkb.rnp.br;cmt1-mxro-infobarra.bkb.rnp.br;mxms-cmt1-telebras.bkb.rnp.br;lanms-ms.bkb.rnp.br;monipe-ms-atraso.rnp.br
1750397772,2025-06-20 02:36:12,No-Hostname;No-Hostname;mxac-bac1.bkb.rnp.br;mxro-mxac-3g-allo.bkb.rnp.br;cmt1-mxro-infobarra.bkb.rnp.br;mxms-cmt1-telebras.bkb.rnp.br;lanms-ms.bkb.rnp.br;monipe-ms-atraso.rnp.br
1750398503,2025-06-20 02:48:23,No-Hostname;No-Hostname;mxac-bac1.bkb.rnp.br;mxro-mxac-3g-allo.bkb.rnp.br;cmt1-mxro-infobarra.bkb.rnp.br;mxms-cmt1-telebras.bkb.rnp.br;lanms-ms.bkb.rnp.br;monipe-ms-atraso.rnp.br
1750398841,2025-06-20 02:54:01,No-Hostname;No-Hostname;mxac-bac1.bkb.rnp.br;mxro-mxac-3g-allo.bkb.rnp.br;cmt1-mxro-infobarra.bkb.rnp.br;mxms-cmt1-telebras.bkb.rnp.br;lanms-ms.bkb.rnp.br;monipe-ms-atraso.rnp.br
1750399598,2025-06-20 03:06:38,No-Hostname;No-Hostname;mxac-bac1.bkb.rnp.br;mxro-mxac-3g-allo.bkb.rnp.br;cmt1-mxro-infobarra.bkb.rnp.br;mxms-cmt1-telebras.bkb.rnp.br;lanms-ms.bkb.rnp.br;monipe-ms-atraso.rnp.br
1750400320,2025-06-20 03:18:40,No-Hostname;No-Hostname;mxac-bac1.bkb.rnp.br;mxro-mxac-3g-allo.bkb.rnp.br;cmt1-mxro-infobarra.bkb.rnp.br;mxms-cmt1-telebras.bkb.rnp.br;lanms-ms.bkb.rnp.br;monipe-ms-atraso.rnp.br
1750400461,2025-06-20 03:21:01,No-Hostname;No-Hostname;mxac-bac1.bkb.rnp.br;mxro-mxac-3g-allo.bkb.rnp.br;cmt1-mxro-infobarra.bkb.rnp.br;mxms-cmt1-telebras.bkb.rnp.br;lanms-ms.bkb.rnp.br;monipe-ms-atraso.rnp.br
1750401301,2025-06-20 03:35:01,No-Hostname;No-Hostname;mxac-bac1.bkb.rnp.br;mxro-mxac-3g-allo.bkb.rnp.br;cmt1-mxro-infobarra.bkb.rnp.br;mxms-cmt1-telebras.bkb.rnp.br;lanms-ms.bkb.rnp.br;monipe-ms-atraso.rnp.br
1750401680,2025-06-20 03:41:20,No-Hostname;No-Hostname;mxac-bac1.bkb.rnp.br;mxro-mxac-3g-allo.bkb.rnp.br;cmt1-mxro-infobarra.bkb.rnp.br;mxms-cmt1-telebras.bkb.rnp.br;lanms-ms.bkb.rnp.br;monipe-ms-atraso.rnp.br
1750402619,2025-06-20 03:56:59,No-Hostname;No-Hostname;mxac-bac1.bkb.rnp.br;mxro-mxac-3g-allo.bkb.rnp.br;cmt1-mxro-infobarra.bkb.rnp.br;mxms-cmt1-telebras.bkb.rnp.br;lanms-ms.bkb.rnp.br;monipe-ms-atraso.rnp.br
1750403102,2025-06-20 04:05:02,No-Hostname;No-Hostname;mxac-bac1.bkb.rnp.br;mxro-mxac-3g-allo.bkb.rnp.br;cmt1-mxro-infobarra.bkb.rnp.br;mxms-cmt1-telebras.bkb.rnp.br;lanms-ms.bkb.rnp.br;monipe-ms-atraso.rnp.br
1750403590,2025-06-20 04:13:10,No-Hostname;No-Hostname;mxac-bac1.bkb.rnp.br;mxro-mxac-3g-allo.bkb.rnp.br;cmt1-mxro-infobarra.bkb.rnp.br;mxms-cmt1-telebras.bkb.rnp.br;lanms-ms.bkb.rnp.br;monipe-ms-atraso.rnp.br
1750404117,2025-06-20 04:21:57,No-Hostname;No-Hostname;mxac-bac1.bkb.rnp.br;mxro-mxac-3g-allo.bkb.rnp.br;cmt1-mxro-infobarra.bkb.rnp.br;mxms-cmt1-telebras.bkb.rnp.br;lanms-ms.bkb.rnp.br;monipe-ms-atraso.rnp.br
1750405138,2025-06-20 04:38:58,No-Hostname;No-Hostname;mxac-bac1.bkb.rnp.br;mxro-mxac-3g-allo.bkb.rnp.br;cmt1-mxro-infobarra.bkb.rnp.br;mxms-cmt1-telebras.bkb.rnp.br;lanms-ms.bkb.rnp.br;monipe-ms-atraso.rnp.br
1750405660,2025-06-20 04:47:40,No-Hostname;No-Hostname;mxac-bac1.bkb.rnp.br;mxro-mxac-3g-allo.bkb.rnp.br;cmt1-mxro-infobarra.bkb.rnp.br;mxms-cmt1-telebras.bkb.rnp.br;lanms-ms.bkb.rnp.br;monipe-ms-atraso.rnp.br
1750405911,2025-06-20 04:51:51,No-Hostname;No-Hostname;mxac-bac1.bkb.rnp.br;mxro-mxac-3g-allo.bkb.rnp.br;cmt1-mxro-infobarra.bkb.rnp.br;mxms-cmt1-telebras.bkb.rnp.br;lanms-ms.bkb.rnp.br;monipe-ms-atraso.rnp.br
1750406610,2025-06-20 05:03:30,No-Hostname;No-Hostname;mxac-bac1.bkb.rnp.br;mxro-mxac-3g-allo.bkb.rnp.br;cmt1-mxro-infobarra.bkb.rnp.br;mxms-cmt1-telebras.bkb.rnp.br;lanms-ms.bkb.rnp.br;monipe-ms-atraso.rnp.br
1750407526,2025-06-20 05:18:46,No-Hostname;No-Hostname;mxac-bac1.bkb.rnp.br;mxro-mxac-3g-allo.bkb.rnp.br;cmt1-mxro-infobarra.bkb.rnp.br;mxms-cmt1-telebras.bkb.rnp.br;lanms-ms.bkb.rnp.br;monipe-ms-atraso.rnp.br
1750408077,2025-06-20 05:27:57,No-Hostname;No-Hostname;mxac-bac1.bkb.rnp.br;mxro-mxac-3g-allo.bkb.rnp.br;cmt1-mxro-infobarra.bkb.rnp.br;mxms-cmt1-telebras.bkb.rnp.br;lanms-ms.bkb.rnp.br;monipe-ms-atraso.rnp.br
1750408363,2025-06-20 05:32:43,No-Hostname;No-Hostname;mxac-bac1.bkb.rnp.br;mxro-mxac-3g-allo.bkb.rnp.br;cmt1-mxro-infobarra.bkb.rnp.br;mxms-cmt1-telebras.bkb.rnp.br;lanms-ms.bkb.rnp.br;monipe-ms-atraso.rnp.br
1750409118,2025-06-20 05:45:18,No-Hostname;No-Hostname;mxac-bac1.bkb.rnp.br;mxro-mxac-3g-allo.bkb.rnp.br;cmt1-mxro-infobarra.bkb.rnp.br;mxms-cmt1-telebras.bkb.rnp.br;lanms-ms.bkb.rnp.br;monipe-ms-atraso.rnp.br
1750409737,2025-06-20 05:55:37,No-Hostname;No-Hostname;mxac-bac1.bkb.rnp.br;mxro-mxac-3g-allo.bkb.rnp.br;cmt1-mxro-infobarra.bkb.rnp.br;mxms-cmt1-telebras.bkb.rnp.br;lanms-ms.bkb.rnp.br;monipe-ms-atraso.rnp.br
1750410550,2025-06-20 06:09:10,No-Hostname;No-Hostname;mxac-bac1.bkb.rnp.br;mxro-mxac-3g-allo.bkb.rnp.br;cmt1-mxro-infobarra.bkb.rnp.br;mxms-cmt1-telebras.bkb.rnp.br;lanms-ms.bkb.rnp.br;monipe-ms-atraso.rnp.br
1750410857,2025-06-20 06:14:17,No-Hostname;No-Hostname;mxac-bac1.bkb.rnp.br;mxro-mxac-3g-allo.bkb.rnp.br;cmt1-mxro-infobarra.bkb.rnp.br;mxms-cmt1-telebras.bkb.rnp.br;lanms-ms.bkb.rnp.br;monipe-ms-atraso.rnp.br
1750411739,2025-06-20 06:28:59,No-Hostname;No-Hostname;mxac-bac1.bkb.rnp.br;mxro-mxac-3g-allo.bkb.rnp.br;cmt1-mxro-infobarra.bkb.rnp.br;mxms-cmt1-telebras.bkb.rnp.br;lanms-ms.bkb.rnp.br;monipe-ms-atraso.rnp.br
1750411891,2025-06-20 06:31:31,No-Hostname;No-Hostname;mxac-bac1.bkb.rnp.br;mxro-mxac-3g-allo.bkb.rnp.br;cmt1-mxro-infobarra.bkb.rnp.br;mxms-cmt1-telebras.bkb.rnp.br;lanms-ms.bkb.rnp.br;monipe-ms-atraso.rnp.br
1750412780,2025-06-20 06:46:20,No-Hostname;No-Hostname;mxac-bac1.bkb.rnp.br;mxro-mxac-3g-allo.bkb.rnp.br;cmt1-mxro-infobarra.bkb.rnp.br;mxms-cmt1-telebras.bkb.rnp.br;lanms-ms.bkb.rnp.br;monipe-ms-atraso.rnp.br
1750414109,2025-06-20 07:08:29,No-Hostname;No-Hostname;mxac-bac1.bkb.rnp.br;mxro-mxac-3g-allo.bkb.rnp.br;cmt1-mxro-infobarra.bkb.rnp.br;mxms-cmt1-telebras.bkb.rnp.br;lanms-ms.bkb.rnp.br;monipe-ms-atraso.rnp.br
1750414526,2025-06-20 07:15:26,No-Hostname;No-Hostname;mxac-bac1.bkb.rnp.br;mxro-mxac-3g-allo.bkb.rnp.br;cmt1-mxro-infobarra.bkb.rnp.br;mxms-cmt1-telebras.bkb.rnp.br;lanms-ms.bkb.rnp.br;monipe-ms-atraso.rnp.br
1750414866,2025-06-20 07:21:06,No-Hostname;No-Hostname;mxac-bac1.bkb.rnp.br;mxro-mxac-3g-allo.bkb.rnp.br;cmt1-mxro-infobarra.bkb.rnp.br;mxms-cmt1-telebras.bkb.rnp.br;lanms-ms.bkb.rnp.br;monipe-ms-atraso.rnp.br
1750415835,2025-06-20 07:37:15,No-Hostname;No-Hostname;mxac-bac1.bkb.rnp.br;mxro-mxac-3g-allo.bkb.rnp.br;cmt1-mxro-infobarra.bkb.rnp.br;mxms-cmt1-telebras.bkb.rnp.br;lanms-ms.bkb.rnp.br;monipe-ms-atraso.rnp.br
1750416390,2025-06-20 07:46:30,No-Hostname;No-Hostname;mxac-bac1.bkb.rnp.br;mxro-mxac-3g-allo.bkb.rnp.br;cmt1-mxro-infobarra.bkb.rnp.br;mxms-cmt1-telebras.bkb.rnp.br;lanms-ms.bkb.rnp.br;monipe-ms-atraso.rnp.br
1750416776,2025-06-20 07:52:56,No-Hostname;No-Hostname;mxac-bac1.bkb.rnp.br;mxro-mxac-3g-allo.bkb.rnp.br;cmt1-mxro-infobarra.bkb.rnp.br;mxms-cmt1-telebras.bkb.rnp.br;lanms-ms.bkb.rnp.br;monipe-ms-atraso.rnp.br
1750417599,2025-06-20 08:06:39,No-Hostname;No-Hostname;mxac-bac1.bkb.rnp.br;mxro-mxac-3g-allo.bkb.rnp.br;cmt1-mxro-infobarra.bkb.rnp.br;mxms-cmt1-telebras.bkb.rnp.br;lanms-ms.bkb.rnp.br;monipe-ms-atraso.rnp.br
1750418088,2025-06-20 08:14:48,No-Hostname;No-Hostname;mxac-bac1.bkb.rnp.br;mxro-mxac-3g-allo.bkb.rnp.br;cmt1-mxro-infobarra.bkb.rnp.br;mxms-cmt1-telebras.bkb.rnp.br;lanms-ms.bkb.rnp.br;monipe-ms-atraso.rnp.br
1750418800,2025-06-20 08:26:40,No-Hostname;No-Hostname;mxac-bac1.bkb.rnp.br;mxro-mxac-3g-allo.bkb.rnp.br;cmt1-mxro-infobarra.bkb.rnp.br;mxms-cmt1-telebras.bkb.rnp.br;lanms-ms.bkb.rnp.br;monipe-ms-atraso.rnp.br
1750419413,2025-06-20 08:36:53,No-Hostname;No-Hostname;mxac-bac1.bkb.rnp.br;mxro-mxac-3g-allo.bkb.rnp.br;cmt1-mxro-infobarra.bkb.rnp.br;mxms-cmt1-telebras.bkb.rnp.br;lanms-ms.bkb.rnp.br;monipe-ms-atraso.rnp.br
1750420075,2025-06-20 08:47:55,No-Hostname;No-Hostname;mxac-bac1.bkb.rnp.br;mxro-mxac-3g-allo.bkb.rnp.br;cmt1-mxro-infobarra.bkb.rnp.br;mxms-cmt1-telebras.bkb.rnp.br;lanms-ms.bkb.rnp.br;monipe-ms-atraso.rnp.br
1750420452,2025-06-20 08:54:12,No-Hostname;No-Hostname;mxac-bac1.bkb.rnp.br;mxro-mxac-3g-allo.bkb.rnp.br;cmt1-mxro-infobarra.bkb.rnp.br;mxms-cmt1-telebras.bkb.rnp.br;lanms-ms.bkb.rnp.br;monipe-ms-atraso.rnp.br
1750421112,2025-06-20 09:05:12,No-Hostname;No-Hostname;mxac-bac1.bkb.rnp.br;mxro-mxac-3g-allo.bkb.rnp.br;cmt1-mxro-infobarra.bkb.rnp.br;mxms-cmt1-telebras.bkb.rnp.br;lanms-ms.bkb.rnp.br;monipe-ms-atraso.rnp.br
1750421493,2025-06-20 09:11:33,No-Hostname;No-Hostname;mxac-bac1.bkb.rnp.br;mxro-mxac-3g-allo.bkb.rnp.br;cmt1-mxro-infobarra.bkb.rnp.br;mxms-cmt1-telebras.bkb.rnp.br;lanms-ms.bkb.rnp.br;monipe-ms-atraso.rnp.br
1750422243,2025-06-20 09:24:03,No-Hostname;No-Hostname;mxac-bac1.bkb.rnp.br;mxro-mxac-3g-allo.bkb.rnp.br;cmt1-mxro-infobarra.bkb.rnp.br;mxms-cmt1-telebras.bkb.rnp.br;lanms-ms.bkb.rnp.br;monipe-ms-atraso.rnp.br
1750422867,2025-06-20 09:34:27,No-Hostname;No-Hostname;mxac-bac1.bkb.rnp.br;mxro-mxac-3g-allo.bkb.rnp.br;cmt1-mxro-infobarra.bkb.rnp.br;mxms-cmt1-telebras.bkb.rnp.br;lanms-ms.bkb.rnp.br;monipe-ms-atraso.rnp.br
1750423322,2025-06-20 09:42:02,No-Hostname;No-Hostname;mxac-bac1.bkb.rnp.br;ro-ac-oi.bkb.rnp.br;cmt1-mxro-infobarra.bkb.rnp.br;mxms-cmt1-telebras.bkb.rnp.br;lanms-ms.bkb.rnp.br;monipe-ms-atraso.rnp.br
1750424718,2025-06-20 10:05:18,No-Hostname;No-Hostname;mxac-bac1.bkb.rnp.br;mxro-mxac-3g-allo.bkb.rnp.br;cmt1-mxro-infobarra.bkb.rnp.br;mxms-cmt1-telebras.bkb.rnp.br;lanms-ms.bkb.rnp.br;monipe-ms-atraso.rnp.br
1750426842,2025-06-20 10:40:42,No-Hostname;No-Hostname;mxac-bac1.bkb.rnp.br;ro-ac-oi.bkb.rnp.br;cmt1-mxro-infobarra.bkb.rnp.br;mxms-cmt1-telebras.bkb.rnp.br;lanms-ms.bkb.rnp.br;monipe-ms-atraso.rnp.br
1750428161,2025-06-20 11:02:41,No-Hostname;No-Hostname;mxac-bac1.bkb.rnp.br;mxro-mxac-3g-allo.bkb.rnp.br;cmt1-mxro-infobarra.bkb.rnp.br;mxms-cmt1-telebras.bkb.rnp.br;lanms-ms.bkb.rnp.br;monipe-ms-atraso.rnp.br
1750429460,2025-06-20 11:24:20,No-Hostname;No-Hostname;mxac-bac1.bkb.rnp.br;mxro-mxac-3g-allo.bkb.rnp.br;cmt1-mxro-infobarra.bkb.rnp.br;mxms-cmt1-telebras.bkb.rnp.br;lanms-ms.bkb.rnp.br;monipe-ms-atraso.rnp.br
1750430725,2025-06-20 11:45:25,No-Hostname;No-Hostname;mxac-bac1.bkb.rnp.br;mxro-mxac-3g-allo.bkb.rnp.br;cmt1-mxro-infobarra.bkb.rnp.br;mxms-cmt1-telebras.bkb.rnp.br;lanms-ms.bkb.rnp.br;monipe-ms-atraso.rnp.br
1750431548,2025-06-20 11:59:08,No-Hostname;No-Hostname;mxac-bac1.bkb.rnp.br;mxro-mxac-3g-allo.bkb.rnp.br;cmt1-mxro-infobarra.bkb.rnp.br;mxms-cmt1-telebras.bkb.rnp.br;lanms-ms.bkb.rnp.br;monipe-ms-atraso.rnp.br
1750431738,2025-06-20 12:02:18,No-Hostname;No-Hostname;mxac-bac1.bkb.rnp.br;mxro-mxac-3g-allo.bkb.rnp.br;cmt1-mxro-infobarra.bkb.rnp.br;mxms-cmt1-telebras.bkb.rnp.br;lanms-ms.bkb.rnp.br;monipe-ms-atraso.rnp.br
1750432620,2025-06-20 12:17:00,No-Hostname;No-Hostname;mxac-bac1.bkb.rnp.br;mxro-mxac-3g-allo.bkb.rnp.br;cmt1-mxro-infobarra.bkb.rnp.br;mxms-cmt1-telebras.bkb.rnp.br;lanms-ms.bkb.rnp.br;monipe-ms-atraso.rnp.br
1750432979,2025-06-20 12:22:59,No-Hostname;No-Hostname;mxac-bac1.bkb.rnp.br;mxro-mxac-3g-allo.bkb.rnp.br;cmt1-mxro-infobarra.bkb.rnp.br;mxms-cmt1-telebras.bkb.rnp.br;lanms-ms.bkb.rnp.br;monipe-ms-atraso.rnp.br
1750433521,2025-06-20 12:32:01,No-Hostname;No-Hostname;mxac-bac1.bkb.rnp.br;mxro-mxac-3g-allo.bkb.rnp.br;cmt1-mxro-infobarra.bkb.rnp.br;mxms-cmt1-telebras.bkb.rnp.br;lanms-ms.bkb.rnp.br;monipe-ms-atraso.rnp.br
1750434206,2025-06-20 12:43:26,No-Hostname;No-Hostname;mxac-bac1.bkb.rnp.br;mxro-mxac-3g-allo.bkb.rnp.br;cmt1-mxro-infobarra.bkb.rnp.br;mxms-cmt1-telebras.bkb.rnp.br;lanms-ms.bkb.rnp.br;monipe-ms-atraso.rnp.br
1750435007,2025-06-20 12:56:47,No-Hostname;No-Hostname;mxac-bac1.bkb.rnp.br;ro-ac-oi.bkb.rnp.br;cmt1-mxro-infobarra.bkb.rnp.br;mxms-cmt1-telebras.bkb.rnp.br;lanms-ms.bkb.rnp.br;monipe-ms-atraso.rnp.br
1750435734,2025-06-20 13:08:54,No-Hostname;No-Hostname;mxac-bac1.bkb.rnp.br;ro-ac-oi.bkb.rnp.br;cmt1-mxro-infobarra.bkb.rnp.br;mxms-cmt1-telebras.bkb.rnp.br;lanms-ms.bkb.rnp.br;monipe-ms-atraso.rnp.br
1750436271,2025-06-20 13:17:51,No-Hostname;No-Hostname;mxac-bac1.bkb.rnp.br;ro-ac-oi.bkb.rnp.br;cmt1-mxro-infobarra.bkb.rnp.br;mxms-cmt1-telebras.bkb.rnp.br;lanms-ms.bkb.rnp.br;monipe-ms-atraso.rnp.br
1750437320,2025-06-20 13:35:20,No-Hostname;No-Hostname;No-Hostname;No-Hostname;No-Hostname;No-Hostname;No-Hostname;No-Hostname;No-Hostname;No-Hostname;No-Hostname;No-Hostname;No-Hostname;No-Hostname;No-Hostname;No-Hostname;monipe-ms-atraso.rnp.br
1750438144,2025-06-20 13:49:04,No-Hostname;No-Hostname;mxac-bac1.bkb.rnp.br;ro-ac-oi.bkb.rnp.br;cmt1-mxro-infobarra.bkb.rnp.br;mxms-cmt1-telebras.bkb.rnp.br;lanms-ms.bkb.rnp.br;monipe-ms-atraso.rnp.br
1750438433,2025-06-20 13:53:53,No-Hostname;No-Hostname;mxac-bac1.bkb.rnp.br;ro-ac-oi.bkb.rnp.br;cmt1-mxro-infobarra.bkb.rnp.br;mxms-cmt1-telebras.bkb.rnp.br;lanms-ms.bkb.rnp.br;monipe-ms-atraso.rnp.br
1750439001,2025-06-20 14:03:21,No-Hostname;No-Hostname;mxac-bac1.bkb.rnp.br;ro-ac-oi.bkb.rnp.br;cmt1-mxro-infobarra.bkb.rnp.br;mxms-cmt1-telebras.bkb.rnp.br;lanms-ms.bkb.rnp.br;monipe-ms-atraso.rnp.br
1750439840,2025-06-20 14:17:20,No-Hostname;No-Hostname;mxac-bac1.bkb.rnp.br;ro-ac-oi.bkb.rnp.br;cmt1-mxro-infobarra.bkb.rnp.br;mxms-cmt1-telebras.bkb.rnp.br;lanms-ms.bkb.rnp.br;monipe-ms-atraso.rnp.br
1750440171,2025-06-20 14:22:51,No-Hostname;No-Hostname;mxac-bac1.bkb.rnp.br;mxro-mxac-3g-allo.bkb.rnp.br;cmt1-mxro-infobarra.bkb.rnp.br;mxms-cmt1-telebras.bkb.rnp.br;lanms-ms.bkb.rnp.br;monipe-ms-atraso.rnp.br
1750441577,2025-06-20 14:46:17,No-Hostname;No-Hostname;mxac-bac1.bkb.rnp.br;ro-ac-oi.bkb.rnp.br;cmt1-mxro-infobarra.bkb.rnp.br;mxms-cmt1-telebras.bkb.rnp.br;lanms-ms.bkb.rnp.br;monipe-ms-atraso.rnp.br
1750442191,2025-06-20 14:56:31,No-Hostname;No-Hostname;mxac-bac1.bkb.rnp.br;ro-ac-oi.bkb.rnp.br;cmt1-mxro-infobarra.bkb.rnp.br;mxms-cmt1-telebras.bkb.rnp.br;lanms-ms.bkb.rnp.br;monipe-ms-atraso.rnp.br
1750442673,2025-06-20 15:04:33,No-Hostname;No-Hostname;mxac-bac1.bkb.rnp.br;ro-ac-oi.bkb.rnp.br;cmt1-mxro-infobarra.bkb.rnp.br;mxms-cmt1-telebras.bkb.rnp.br;lanms-ms.bkb.rnp.br;monipe-ms-atraso.rnp.br
1750443715,2025-06-20 15:21:55,No-Hostname;No-Hostname;mxac-bac1.bkb.rnp.br;ro-ac-oi.bkb.rnp.br;cmt1-mxro-infobarra.bkb.rnp.br;mxms-cmt1-telebras.bkb.rnp.br;lanms-ms.bkb.rnp.br;monipe-ms-atraso.rnp.br
1750444330,2025-06-20 15:32:10,No-Hostname;No-Hostname;mxac-bac1.bkb.rnp.br;ro-ac-oi.bkb.rnp.br;cmt1-mxro-infobarra.bkb.rnp.br;mxms-cmt1-telebras.bkb.rnp.br;lanms-ms.bkb.rnp.br;monipe-ms-atraso.rnp.br
1750445262,2025-06-20 15:47:42,No-Hostname;No-Hostname;mxac-bac1.bkb.rnp.br;mxro-mxac-3g-allo.bkb.rnp.br;cmt1-mxro-infobarra.bkb.rnp.br;mxms-cmt1-telebras.bkb.rnp.br;lanms-ms.bkb.rnp.br;monipe-ms-atraso.rnp.br
1750446373,2025-06-20 16:06:13,No-Hostname;No-Hostname;mxac-bac1.bkb.rnp.br;mxro-mxac-3g-allo.bkb.rnp.br;cmt1-mxro-infobarra.bkb.rnp.br;mxms-cmt1-telebras.bkb.rnp.br;lanms-ms.bkb.rnp.br;monipe-ms-atraso.rnp.br
1750446691,2025-06-20 16:11:31,No-Hostname;No-Hostname;mxac-bac1.bkb.rnp.br;mxro-mxac-3g-allo.bkb.rnp.br;cmt1-mxro-infobarra.bkb.rnp.br;mxms-cmt1-telebras.bkb.rnp.br;lanms-ms.bkb.rnp.br;monipe-ms-atraso.rnp.br
1750447225,2025-06-20 16:20:25,No-Hostname;No-Hostname;mxac-bac1.bkb.rnp.br;ro-ac-oi.bkb.rnp.br;cmt1-mxro-infobarra.bkb.rnp.br;mxms-cmt1-telebras.bkb.rnp.br;lanms-ms.bkb.rnp.br;monipe-ms-atraso.rnp.br
1750448321,2025-06-20 16:38:41,No-Hostname;No-Hostname;mxac-bac1.bkb.rnp.br;ro-ac-oi.bkb.rnp.br;cmt1-mxro-infobarra.bkb.rnp.br;mxms-cmt1-telebras.bkb.rnp.br;lanms-ms.bkb.rnp.br;monipe-ms-atraso.rnp.br
1750448903,2025-06-20 16:48:23,No-Hostname;No-Hostname;mxac-bac1.bkb.rnp.br;ro-ac-oi.bkb.rnp.br;cmt1-mxro-infobarra.bkb.rnp.br;mxms-cmt1-telebras.bkb.rnp.br;lanms-ms.bkb.rnp.br;monipe-ms-atraso.rnp.br
1750449226,2025-06-20 16:53:46,No-Hostname;No-Hostname;mxac-bac1.bkb.rnp.br;ro-ac-oi.bkb.rnp.br;cmt1-mxro-infobarra.bkb.rnp.br;mxms-cmt1-telebras.bkb.rnp.br;lanms-ms.bkb.rnp.br;monipe-ms-atraso.rnp.br
1750450143,2025-06-20 17:09:03,No-Hostname;No-Hostname;mxac-bac1.bkb.rnp.br;ro-ac-oi.bkb.rnp.br;cmt1-mxro-infobarra.bkb.rnp.br;mxms-cmt1-telebras.bkb.rnp.br;lanms-ms.bkb.rnp.br;monipe-ms-atraso.rnp.br
1750450527,2025-06-20 17:15:27,No-Hostname;No-Hostname;mxac-bac1.bkb.rnp.br;ro-ac-oi.bkb.rnp.br;cmt1-mxro-infobarra.bkb.rnp.br;mxms-cmt1-telebras.bkb.rnp.br;lanms-ms.bkb.rnp.br;monipe-ms-atraso.rnp.br
1750451804,2025-06-20 17:36:44,No-Hostname;No-Hostname;mxac-bac1.bkb.rnp.br;mxro-mxac-3g-allo.bkb.rnp.br;cmt1-mxro-infobarra.bkb.rnp.br;mxms-cmt1-telebras.bkb.rnp.br;lanms-ms.bkb.rnp.br;monipe-ms-atraso.rnp.br
1750452491,2025-06-20 17:48:11,No-Hostname;No-Hostname;mxac-bac1.bkb.rnp.br;mxro-mxac-3g-allo.bkb.rnp.br;cmt1-mxro-infobarra.bkb.rnp.br;mxms-cmt1-telebras.bkb.rnp.br;lanms-ms.bkb.rnp.br;monipe-ms-atraso.rnp.br
1750452921,2025-06-20 17:55:21,No-Hostname;No-Hostname;mxac-bac1.bkb.rnp.br;ro-ac-oi.bkb.rnp.br;cmt1-mxro-infobarra.bkb.rnp.br;mxms-cmt1-telebras.bkb.rnp.br;lanms-ms.bkb.rnp.br;monipe-ms-atraso.rnp.br
1750453335,2025-06-20 18:02:15,No-Hostname;No-Hostname;mxac-bac1.bkb.rnp.br;ro-ac-oi.bkb.rnp.br;cmt1-mxro-infobarra.bkb.rnp.br;mxms-cmt1-telebras.bkb.rnp.br;lanms-ms.bkb.rnp.br;monipe-ms-atraso.rnp.br
1750453888,2025-06-20 18:11:28,No-Hostname;No-Hostname;mxac-bac1.bkb.rnp.br;ro-ac-oi.bkb.rnp.br;cmt1-mxro-infobarra.bkb.rnp.br;mxms-cmt1-telebras.bkb.rnp.br;lanms-ms.bkb.rnp.br;monipe-ms-atraso.rnp.br
1750454659,2025-06-20 18:24:19,No-Hostname;No-Hostname;mxac-bac1.bkb.rnp.br;ro-ac-oi.bkb.rnp.br;cmt1-mxro-infobarra.bkb.rnp.br;mxms-cmt1-telebras.bkb.rnp.br;lanms-ms.bkb.rnp.br;monipe-ms-atraso.rnp.br
1750455398,2025-06-20 18:36:38,No-Hostname;No-Hostname;mxac-bac1.bkb.rnp.br;mxro-mxac-3g-allo.bkb.rnp.br;cmt1-mxro-infobarra.bkb.rnp.br;mxms-cmt1-telebras.bkb.rnp.br;lanms-ms.bkb.rnp.br;monipe-ms-atraso.rnp.br
1750456098,2025-06-20 18:48:18,No-Hostname;No-Hostname;mxac-bac1.bkb.rnp.br;mxro-mxac-3g-allo.bkb.rnp.br;cmt1-mxro-infobarra.bkb.rnp.br;mxms-cmt1-telebras.bkb.rnp.br;lanms-ms.bkb.rnp.br;monipe-ms-atraso.rnp.br
1750456602,2025-06-20 18:56:42,No-Hostname;No-Hostname;mxac-bac1.bkb.rnp.br;mxro-mxac-3g-allo.bkb.rnp.br;cmt1-mxro-infobarra.bkb.rnp.br;mxms-cmt1-telebras.bkb.rnp.br;lanms-ms.bkb.rnp.br;monipe-ms-atraso.rnp.br
1750457273,2025-06-20 19:07:53,No-Hostname;No-Hostname;mxac-bac1.bkb.rnp.br;mxro-mxac-3g-allo.bkb.rnp.br;cmt1-mxro-infobarra.bkb.rnp.br;mxms-cmt1-telebras.bkb.rnp.br;lanms-ms.bkb.rnp.br;monipe-ms-atraso.rnp.br
1750457896,2025-06-20 19:18:16,No-Hostname;No-Hostname;mxac-bac1.bkb.rnp.br;mxro-mxac-3g-allo.bkb.rnp.br;cmt1-mxro-infobarra.bkb.rnp.br;mxms-cmt1-telebras.bkb.rnp.br;lanms-ms.bkb.rnp.br;monipe-ms-atraso.rnp.br
1750458320,2025-06-20 19:25:20,No-Hostname;No-Hostname;mxac-bac1.bkb.rnp.br;ro-ac-oi.bkb.rnp.br;cmt1-mxro-infobarra.bkb.rnp.br;mxms-cmt1-telebras.bkb.rnp.br;lanms-ms.bkb.rnp.br;monipe-ms-atraso.rnp.br
1750459050,2025-06-20 19:37:30,No-Hostname;No-Hostname;mxac-bac1.bkb.rnp.br;mxro-mxac-3g-allo.bkb.rnp.br;cmt1-mxro-infobarra.bkb.rnp.br;mxms-cmt1-telebras.bkb.rnp.br;lanms-ms.bkb.rnp.br;monipe-ms-atraso.rnp.br
1750459316,2025-06-20 19:41:56,No-Hostname;No-Hostname;mxac-bac1.bkb.rnp.br;mxro-mxac-3g-allo.bkb.rnp.br;cmt1-mxro-infobarra.bkb.rnp.br;mxms-cmt1-telebras.bkb.rnp.br;lanms-ms.bkb.rnp.br;monipe-ms-atraso.rnp.br
1750460597,2025-06-20 20:03:17,No-Hostname;No-Hostname;mxac-bac1.bkb.rnp.br;ro-ac-oi.bkb.rnp.br;cmt1-mxro-infobarra.bkb.rnp.br;mxms-cmt1-telebras.bkb.rnp.br;lanms-ms.bkb.rnp.br;monipe-ms-atraso.rnp.br
1750461487,2025-06-20 20:18:07,No-Hostname;No-Hostname;mxac-bac1.bkb.rnp.br;ro-ac-oi.bkb.rnp.br;cmt1-mxro-infobarra.bkb.rnp.br;mxms-cmt1-telebras.bkb.rnp.br;lanms-ms.bkb.rnp.br;monipe-ms-atraso.rnp.br
1750462082,2025-06-20 20:28:02,No-Hostname;No-Hostname;mxac-bac1.bkb.rnp.br;ro-ac-oi.bkb.rnp.br;cmt1-mxro-infobarra.bkb.rnp.br;mxms-cmt1-telebras.bkb.rnp.br;lanms-ms.bkb.rnp.br;monipe-ms-atraso.rnp.br
1750462274,2025-06-20 20:31:14,No-Hostname;No-Hostname;mxac-bac1.bkb.rnp.br;ro-ac-oi.bkb.rnp.br;cmt1-mxro-infobarra.bkb.rnp.br;mxms-cmt1-telebras.bkb.rnp.br;lanms-ms.bkb.rnp.br;monipe-ms-atraso.rnp.br
1750463085,2025-06-20 20:44:45,No-Hostname;No-Hostname;mxac-bac1.bkb.rnp.br;mxro-mxac-3g-allo.bkb.rnp.br;cmt1-mxro-infobarra.bkb.rnp.br;mxms-cmt1-telebras.bkb.rnp.br;lanms-ms.bkb.rnp.br;monipe-ms-atraso.rnp.br
1750463740,2025-06-20 20:55:40,No-Hostname;No-Hostname;mxac-bac1.bkb.rnp.br;mxro-mxac-3g-allo.bkb.rnp.br;cmt1-mxro-infobarra.bkb.rnp.br;mxms-cmt1-telebras.bkb.rnp.br;lanms-ms.bkb.rnp.br;monipe-ms-atraso.rnp.br
1750464210,2025-06-20 21:03:30,No-Hostname;No-Hostname;mxac-bac1.bkb.rnp.br;mxro-mxac-3g-allo.bkb.rnp.br;cmt1-mxro-infobarra.bkb.rnp.br;mxms-cmt1-telebras.bkb.rnp.br;lanms-ms.bkb.rnp.br;monipe-ms-atraso.rnp.br
1750464901,2025-06-20 21:15:01,No-Hostname;No-Hostname;mxac-bac1.bkb.rnp.br;mxro-mxac-3g-allo.bkb.rnp.br;cmt1-mxro-infobarra.bkb.rnp.br;mxms-cmt1-telebras.bkb.rnp.br;lanms-ms.bkb.rnp.br;monipe-ms-atraso.rnp.br
1750465359,2025-06-20 21:22:39,No-Hostname;No-Hostname;mxac-bac1.bkb.rnp.br;ro-ac-oi.bkb.rnp.br;cmt1-mxro-infobarra.bkb.rnp.br;mxms-cmt1-telebras.bkb.rnp.br;lanms-ms.bkb.rnp.br;monipe-ms-atraso.rnp.br
1750466125,2025-06-20 21:35:25,No-Hostname;No-Hostname;mxac-bac1.bkb.rnp.br;ro-ac-oi.bkb.rnp.br;cmt1-mxro-infobarra.bkb.rnp.br;mxms-cmt1-telebras.bkb.rnp.br;lanms-ms.bkb.rnp.br;monipe-ms-atraso.rnp.br
1750466588,2025-06-20 21:43:08,No-Hostname;No-Hostname;mxac-bac1.bkb.rnp.br;ro-ac-oi.bkb.rnp.br;cmt1-mxro-infobarra.bkb.rnp.br;mxms-cmt1-telebras.bkb.rnp.br;lanms-ms.bkb.rnp.br;monipe-ms-atraso.rnp.br
1750467627,2025-06-20 22:00:27,No-Hostname;No-Hostname;mxac-bac1.bkb.rnp.br;mxro-mxac-3g-allo.bkb.rnp.br;cmt1-mxro-infobarra.bkb.rnp.br;mxms-cmt1-telebras.bkb.rnp.br;lanms-ms.bkb.rnp.br;monipe-ms-atraso.rnp.br
1750468438,2025-06-20 22:13:58,No-Hostname;No-Hostname;mxac-bac1.bkb.rnp.br;mxro-mxac-3g-allo.bkb.rnp.br;cmt1-mxro-infobarra.bkb.rnp.br;mxms-cmt1-telebras.bkb.rnp.br;lanms-ms.bkb.rnp.br;monipe-ms-atraso.rnp.br
1750468910,2025-06-20 22:21:50,No-Hostname;No-Hostname;mxac-bac1.bkb.rnp.br;ro-ac-oi.bkb.rnp.br;cmt1-mxro-infobarra.bkb.rnp.br;mxms-cmt1-telebras.bkb.rnp.br;lanms-ms.bkb.rnp.br;monipe-ms-atraso.rnp.br
1750469855,2025-06-20 22:37:35,No-Hostname;No-Hostname;mxac-bac1.bkb.rnp.br;mxro-mxac-3g-allo.bkb.rnp.br;cmt1-mxro-infobarra.bkb.rnp.br;mxms-cmt1-telebras.bkb.rnp.br;lanms-ms.bkb.rnp.br;monipe-ms-atraso.rnp.br
1750470031,2025-06-20 22:40:31,No-Hostname;No-Hostname;mxac-bac1.bkb.rnp.br;mxro-mxac-3g-allo.bkb.rnp.br;cmt1-mxro-infobarra.bkb.rnp.br;mxms-cmt1-telebras.bkb.rnp.br;lanms-ms.bkb.rnp.br;monipe-ms-atraso.rnp.br
1750470711,2025-06-20 22:51:51,No-Hostname;No-Hostname;mxac-bac1.bkb.rnp.br;ro-ac-oi.bkb.rnp.br;cmt1-mxro-infobarra.bkb.rnp.br;mxms-cmt1-telebras.bkb.rnp.br;lanms-ms.bkb.rnp.br;monipe-ms-atraso.rnp.br
1750471239,2025-06-20 23:00:39,No-Hostname;No-Hostname;mxac-bac1.bkb.rnp.br;ro-ac-oi.bkb.rnp.br;cmt1-mxro-infobarra.bkb.rnp.br;mxms-cmt1-telebras.bkb.rnp.br;lanms-ms.bkb.rnp.br;monipe-ms-atraso.rnp.br
1750472045,2025-06-20 23:14:05,No-Hostname;No-Hostname;mxac-bac1.bkb.rnp.br;ro-ac-oi.bkb.rnp.br;cmt1-mxro-infobarra.bkb.rnp.br;mxms-cmt1-telebras.bkb.rnp.br;lanms-ms.bkb.rnp.br;monipe-ms-atraso.rnp.br
1750472591,2025-06-20 23:23:11,No-Hostname;No-Hostname;mxac-bac1.bkb.rnp.br;ro-ac-oi.bkb.rnp.br;cmt1-mxro-infobarra.bkb.rnp.br;mxms-cmt1-telebras.bkb.rnp.br;lanms-ms.bkb.rnp.br;monipe-ms-atraso.rnp.br
1750473107,2025-06-20 23:31:47,No-Hostname;No-Hostname;mxac-bac1.bkb.rnp.br;ro-ac-oi.bkb.rnp.br;cmt1-mxro-infobarra.bkb.rnp.br;mxms-cmt1-telebras.bkb.rnp.br;lanms-ms.bkb.rnp.br;monipe-ms-atraso.rnp.br
1750473844,2025-06-20 23:44:04,No-Hostname;No-Hostname;mxac-bac1.bkb.rnp.br;ro-ac-oi.bkb.rnp.br;cmt1-mxro-infobarra.bkb.rnp.br;mxms-cmt1-telebras.bkb.rnp.br;lanms-ms.bkb.rnp.br;monipe-ms-atraso.rnp.br
1750474398,2025-06-20 23:53:18,No-Hostname;No-Hostname;mxac-bac1.bkb.rnp.br;mxro-mxac-3g-allo.bkb.rnp.br;cmt1-mxro-infobarra.bkb.rnp.br;mxms-cmt1-telebras.bkb.rnp.br;lanms-ms.bkb.rnp.br;monipe-ms-atraso.rnp.br
1750475039,2025-06-21 00:03:59,No-Hostname;No-Hostname;mxac-bac1.bkb.rnp.br;mxro-mxac-3g-allo.bkb.rnp.br;cmt1-mxro-infobarra.bkb.rnp.br;mxms-cmt1-telebras.bkb.rnp.br;lanms-ms.bkb.rnp.br;monipe-ms-atraso.rnp.br
1750475740,2025-06-21 00:15:40,No-Hostname;No-Hostname;mxac-bac1.bkb.rnp.br;mxro-mxac-3g-allo.bkb.rnp.br;cmt1-mxro-infobarra.bkb.rnp.br;mxms-cmt1-telebras.bkb.rnp.br;lanms-ms.bkb.rnp.br;monipe-ms-atraso.rnp.br
1750476249,2025-06-21 00:24:09,No-Hostname;No-Hostname;mxac-bac1.bkb.rnp.br;mxro-mxac-3g-allo.bkb.rnp.br;cmt1-mxro-infobarra.bkb.rnp.br;mxms-cmt1-telebras.bkb.rnp.br;lanms-ms.bkb.rnp.br;monipe-ms-atraso.rnp.br
1750476686,2025-06-21 00:31:26,No-Hostname;No-Hostname;mxac-bac1.bkb.rnp.br;mxro-mxac-3g-allo.bkb.rnp.br;cmt1-mxro-infobarra.bkb.rnp.br;mxms-cmt1-telebras.bkb.rnp.br;lanms-ms.bkb.rnp.br;monipe-ms-atraso.rnp.br
1750477318,2025-06-21 00:41:58,No-Hostname;No-Hostname;mxac-bac1.bkb.rnp.br;ro-ac-oi.bkb.rnp.br;cmt1-mxro-infobarra.bkb.rnp.br;mxms-cmt1-telebras.bkb.rnp.br;lanms-ms.bkb.rnp.br;monipe-ms-atraso.rnp.br
1750478252,2025-06-21 00:57:32,No-Hostname;No-Hostname;mxac-bac1.bkb.rnp.br;mxro-mxac-3g-allo.bkb.rnp.br;cmt1-mxro-infobarra.bkb.rnp.br;mxms-cmt1-telebras.bkb.rnp.br;lanms-ms.bkb.rnp.br;monipe-ms-atraso.rnp.br
1750478755,2025-06-21 01:05:55,No-Hostname;No-Hostname;mxac-bac1.bkb.rnp.br;mxro-mxac-3g-allo.bkb.rnp.br;cmt1-mxro-infobarra.bkb.rnp.br;mxms-cmt1-telebras.bkb.rnp.br;lanms-ms.bkb.rnp.br;monipe-ms-atraso.rnp.br
1750479346,2025-06-21 01:15:46,No-Hostname;No-Hostname;mxac-bac1.bkb.rnp.br;mxro-mxac-3g-allo.bkb.rnp.br;cmt1-mxro-infobarra.bkb.rnp.br;mxms-cmt1-telebras.bkb.rnp.br;lanms-ms.bkb.rnp.br;monipe-ms-atraso.rnp.br
1750480042,2025-06-21 01:27:22,No-Hostname;No-Hostname;mxac-bac1.bkb.rnp.br;mxro-mxac-3g-allo.bkb.rnp.br;cmt1-mxro-infobarra.bkb.rnp.br;mxms-cmt1-telebras.bkb.rnp.br;lanms-ms.bkb.rnp.br;monipe-ms-atraso.rnp.br
1750480445,2025-06-21 01:34:05,No-Hostname;No-Hostname;mxac-bac1.bkb.rnp.br;mxro-mxac-3g-allo.bkb.rnp.br;cmt1-mxro-infobarra.bkb.rnp.br;mxms-cmt1-telebras.bkb.rnp.br;lanms-ms.bkb.rnp.br;monipe-ms-atraso.rnp.br
1750481119,2025-06-21 01:45:19,No-Hostname;No-Hostname;mxac-bac1.bkb.rnp.br;ro-ac-oi.bkb.rnp.br;cmt1-mxro-infobarra.bkb.rnp.br;mxms-cmt1-telebras.bkb.rnp.br;lanms-ms.bkb.rnp.br;monipe-ms-atraso.rnp.br
1750481908,2025-06-21 01:58:28,No-Hostname;No-Hostname;mxac-bac1.bkb.rnp.br;mxro-mxac-3g-allo.bkb.rnp.br;cmt1-mxro-infobarra.bkb.rnp.br;mxms-cmt1-telebras.bkb.rnp.br;lanms-ms.bkb.rnp.br;monipe-ms-atraso.rnp.br
1750482529,2025-06-21 02:08:49,No-Hostname;No-Hostname;mxac-bac1.bkb.rnp.br;mxro-mxac-3g-allo.bkb.rnp.br;cmt1-mxro-infobarra.bkb.rnp.br;mxms-cmt1-telebras.bkb.rnp.br;lanms-ms.bkb.rnp.br;monipe-ms-atraso.rnp.br
1750482698,2025-06-21 02:11:38,No-Hostname;No-Hostname;mxac-bac1.bkb.rnp.br;mxro-mxac-3g-allo.bkb.rnp.br;cmt1-mxro-infobarra.bkb.rnp.br;mxms-cmt1-telebras.bkb.rnp.br;lanms-ms.bkb.rnp.br;monipe-ms-atraso.rnp.br
1750483742,2025-06-21 02:29:02,No-Hostname;No-Hostname;mxac-bac1.bkb.rnp.br;mxro-mxac-3g-allo.bkb.rnp.br;cmt1-mxro-infobarra.bkb.rnp.br;mxms-cmt1-telebras.bkb.rnp.br;lanms-ms.bkb.rnp.br;monipe-ms-atraso.rnp.br
1750484277,2025-06-21 02:37:57,No-Hostname;No-Hostname;mxac-bac1.bkb.rnp.br;ro-ac-oi.bkb.rnp.br;cmt1-mxro-infobarra.bkb.rnp.br;mxms-cmt1-telebras.bkb.rnp.br;lanms-ms.bkb.rnp.br;monipe-ms-atraso.rnp.br
1750484447,2025-06-21 02:40:47,No-Hostname;No-Hostname;mxac-bac1.bkb.rnp.br;ro-ac-oi.bkb.rnp.br;cmt1-mxro-infobarra.bkb.rnp.br;mxms-cmt1-telebras.bkb.rnp.br;lanms-ms.bkb.rnp.br;monipe-ms-atraso.rnp.br
1750485214,2025-06-21 02:53:34,No-Hostname;No-Hostname;mxac-bac1.bkb.rnp.br;mxro-mxac-3g-allo.bkb.rnp.br;cmt1-mxro-infobarra.bkb.rnp.br;mxms-cmt1-telebras.bkb.rnp.br;lanms-ms.bkb.rnp.br;monipe-ms-atraso.rnp.br
1750485731,2025-06-21 03:02:11,No-Hostname;No-Hostname;mxac-bac1.bkb.rnp.br;mxro-mxac-3g-allo.bkb.rnp.br;cmt1-mxro-infobarra.bkb.rnp.br;mxms-cmt1-telebras.bkb.rnp.br;lanms-ms.bkb.rnp.br;monipe-ms-atraso.rnp.br
1750486357,2025-06-21 03:12:37,No-Hostname;No-Hostname;mxac-bac1.bkb.rnp.br;ro-ac-oi.bkb.rnp.br;cmt1-mxro-infobarra.bkb.rnp.br;mxms-cmt1-telebras.bkb.rnp.br;lanms-ms.bkb.rnp.br;monipe-ms-atraso.rnp.br
1750487025,2025-06-21 03:23:45,No-Hostname;No-Hostname;mxac-bac1.bkb.rnp.br;ro-ac-oi.bkb.rnp.br;cmt1-mxro-infobarra.bkb.rnp.br;mxms-cmt1-telebras.bkb.rnp.br;lanms-ms.bkb.rnp.br;monipe-ms-atraso.rnp.br
1750487730,2025-06-21 03:35:30,No-Hostname;No-Hostname;mxac-bac1.bkb.rnp.br;mxro-mxac-3g-allo.bkb.rnp.br;cmt1-mxro-infobarra.bkb.rnp.br;mxms-cmt1-telebras.bkb.rnp.br;lanms-ms.bkb.rnp.br;monipe-ms-atraso.rnp.br
1750488733,2025-06-21 03:52:13,No-Hostname;No-Hostname;mxac-bac1.bkb.rnp.br;ro-ac-oi.bkb.rnp.br;cmt1-mxro-infobarra.bkb.rnp.br;mxms-cmt1-telebras.bkb.rnp.br;lanms-ms.bkb.rnp.br;monipe-ms-atraso.rnp.br
1750489573,2025-06-21 04:06:13,No-Hostname;No-Hostname;mxac-bac1.bkb.rnp.br;ro-ac-oi.bkb.rnp.br;cmt1-mxro-infobarra.bkb.rnp.br;mxms-cmt1-telebras.bkb.rnp.br;lanms-ms.bkb.rnp.br;monipe-ms-atraso.rnp.br
1750490037,2025-06-21 04:13:57,No-Hostname;No-Hostname;mxac-bac1.bkb.rnp.br;mxro-mxac-3g-allo.bkb.rnp.br;cmt1-mxro-infobarra.bkb.rnp.br;mxms-cmt1-telebras.bkb.rnp.br;lanms-ms.bkb.rnp.br;monipe-ms-atraso.rnp.br
1750490664,2025-06-21 04:24:24,No-Hostname;No-Hostname;mxac-bac1.bkb.rnp.br;ro-ac-oi.bkb.rnp.br;cmt1-mxro-infobarra.bkb.rnp.br;mxms-cmt1-telebras.bkb.rnp.br;lanms-ms.bkb.rnp.br;monipe-ms-atraso.rnp.br
1750491384,2025-06-21 04:36:24,No-Hostname;No-Hostname;mxac-bac1.bkb.rnp.br;mxro-mxac-3g-allo.bkb.rnp.br;cmt1-mxro-infobarra.bkb.rnp.br;mxms-cmt1-telebras.bkb.rnp.br;lanms-ms.bkb.rnp.br;monipe-ms-atraso.rnp.br
1750491922,2025-06-21 04:45:22,No-Hostname;No-Hostname;mxac-bac1.bkb.rnp.br;mxro-mxac-3g-allo.bkb.rnp.br;cmt1-mxro-infobarra.bkb.rnp.br;mxms-cmt1-telebras.bkb.rnp.br;lanms-ms.bkb.rnp.br;monipe-ms-atraso.rnp.br
1750492523,2025-06-21 04:55:23,No-Hostname;No-Hostname;mxac-bac1.bkb.rnp.br;ro-ac-oi.bkb.rnp.br;cmt1-mxro-infobarra.bkb.rnp.br;mxms-cmt1-telebras.bkb.rnp.br;lanms-ms.bkb.rnp.br;monipe-ms-atraso.rnp.br
1750492901,2025-06-21 05:01:41,No-Hostname;No-Hostname;mxac-bac1.bkb.rnp.br;ro-ac-oi.bkb.rnp.br;cmt1-mxro-infobarra.bkb.rnp.br;mxms-cmt1-telebras.bkb.rnp.br;lanms-ms.bkb.rnp.br;monipe-ms-atraso.rnp.br
1750493442,2025-06-21 05:10:42,No-Hostname;No-Hostname;mxac-bac1.bkb.rnp.br;ro-ac-oi.bkb.rnp.br;cmt1-mxro-infobarra.bkb.rnp.br;mxms-cmt1-telebras.bkb.rnp.br;lanms-ms.bkb.rnp.br;monipe-ms-atraso.rnp.br
1750494443,2025-06-21 05:27:23,No-Hostname;No-Hostname;mxac-bac1.bkb.rnp.br;ro-ac-oi.bkb.rnp.br;cmt1-mxro-infobarra.bkb.rnp.br;mxms-cmt1-telebras.bkb.rnp.br;lanms-ms.bkb.rnp.br;monipe-ms-atraso.rnp.br
1750494816,2025-06-21 05:33:36,No-Hostname;No-Hostname;mxac-bac1.bkb.rnp.br;ro-ac-oi.bkb.rnp.br;cmt1-mxro-infobarra.bkb.rnp.br;mxms-cmt1-telebras.bkb.rnp.br;lanms-ms.bkb.rnp.br;monipe-ms-atraso.rnp.br
1750495490,2025-06-21 05:44:50,No-Hostname;No-Hostname;mxac-bac1.bkb.rnp.br;ro-ac-oi.bkb.rnp.br;cmt1-mxro-infobarra.bkb.rnp.br;mxms-cmt1-telebras.bkb.rnp.br;lanms-ms.bkb.rnp.br;monipe-ms-atraso.rnp.br
1750496322,2025-06-21 05:58:42,No-Hostname;No-Hostname;mxac-bac1.bkb.rnp.br;ro-ac-oi.bkb.rnp.br;cmt1-mxro-infobarra.bkb.rnp.br;mxms-cmt1-telebras.bkb.rnp.br;lanms-ms.bkb.rnp.br;monipe-ms-atraso.rnp.br
1750496525,2025-06-21 06:02:05,No-Hostname;No-Hostname;mxac-bac1.bkb.rnp.br;ro-ac-oi.bkb.rnp.br;cmt1-mxro-infobarra.bkb.rnp.br;mxms-cmt1-telebras.bkb.rnp.br;lanms-ms.bkb.rnp.br;monipe-ms-atraso.rnp.br
1750497297,2025-06-21 06:14:57,No-Hostname;No-Hostname;mxac-bac1.bkb.rnp.br;ro-ac-oi.bkb.rnp.br;cmt1-mxro-infobarra.bkb.rnp.br;mxms-cmt1-telebras.bkb.rnp.br;lanms-ms.bkb.rnp.br;monipe-ms-atraso.rnp.br
1750497687,2025-06-21 06:21:27,No-Hostname;No-Hostname;mxac-bac1.bkb.rnp.br;ro-ac-oi.bkb.rnp.br;cmt1-mxro-infobarra.bkb.rnp.br;mxms-cmt1-telebras.bkb.rnp.br;lanms-ms.bkb.rnp.br;monipe-ms-atraso.rnp.br
1750498603,2025-06-21 06:36:43,No-Hostname;No-Hostname;mxac-bac1.bkb.rnp.br;mxro-mxac-3g-allo.bkb.rnp.br;cmt1-mxro-infobarra.bkb.rnp.br;mxms-cmt1-telebras.bkb.rnp.br;lanms-ms.bkb.rnp.br;monipe-ms-atraso.rnp.br
1750499154,2025-06-21 06:45:54,No-Hostname;No-Hostname;mxac-bac1.bkb.rnp.br;mxro-mxac-3g-allo.bkb.rnp.br;cmt1-mxro-infobarra.bkb.rnp.br;mxms-cmt1-telebras.bkb.rnp.br;lanms-ms.bkb.rnp.br;monipe-ms-atraso.rnp.br
1750499559,2025-06-21 06:52:39,No-Hostname;No-Hostname;mxac-bac1.bkb.rnp.br;ro-ac-oi.bkb.rnp.br;cmt1-mxro-infobarra.bkb.rnp.br;mxms-cmt1-telebras.bkb.rnp.br;lanms-ms.bkb.rnp.br;monipe-ms-atraso.rnp.br
1750500324,2025-06-21 07:05:24,No-Hostname;No-Hostname;mxac-bac1.bkb.rnp.br;ro-ac-oi.bkb.rnp.br;cmt1-mxro-infobarra.bkb.rnp.br;mxms-cmt1-telebras.bkb.rnp.br;lanms-ms.bkb.rnp.br;monipe-ms-atraso.rnp.br
1750500995,2025-06-21 07:16:35,No-Hostname;No-Hostname;mxac-bac1.bkb.rnp.br;ro-ac-oi.bkb.rnp.br;cmt1-mxro-infobarra.bkb.rnp.br;mxms-cmt1-telebras.bkb.rnp.br;lanms-ms.bkb.rnp.br;monipe-ms-atraso.rnp.br
1750501658,2025-06-21 07:27:38,No-Hostname;No-Hostname;mxac-bac1.bkb.rnp.br;ro-ac-oi.bkb.rnp.br;cmt1-mxro-infobarra.bkb.rnp.br;mxms-cmt1-telebras.bkb.rnp.br;lanms-ms.bkb.rnp.br;monipe-ms-atraso.rnp.br
1750502148,2025-06-21 07:35:48,No-Hostname;No-Hostname;mxac-bac1.bkb.rnp.br;ro-ac-oi.bkb.rnp.br;cmt1-mxro-infobarra.bkb.rnp.br;mxms-cmt1-telebras.bkb.rnp.br;lanms-ms.bkb.rnp.br;monipe-ms-atraso.rnp.br
1750502668,2025-06-21 07:44:28,No-Hostname;No-Hostname;mxac-bac1.bkb.rnp.br;ro-ac-oi.bkb.rnp.br;cmt1-mxro-infobarra.bkb.rnp.br;mxms-cmt1-telebras.bkb.rnp.br;lanms-ms.bkb.rnp.br;monipe-ms-atraso.rnp.br
1750503490,2025-06-21 07:58:10,No-Hostname;No-Hostname;mxac-bac1.bkb.rnp.br;mxro-mxac-3g-allo.bkb.rnp.br;cmt1-mxro-infobarra.bkb.rnp.br;mxms-cmt1-telebras.bkb.rnp.br;lanms-ms.bkb.rnp.br;monipe-ms-atraso.rnp.br
1750504030,2025-06-21 08:07:10,No-Hostname;No-Hostname;mxac-bac1.bkb.rnp.br;ro-ac-oi.bkb.rnp.br;cmt1-mxro-infobarra.bkb.rnp.br;mxms-cmt1-telebras.bkb.rnp.br;lanms-ms.bkb.rnp.br;monipe-ms-atraso.rnp.br
1750504342,2025-06-21 08:12:22,No-Hostname;No-Hostname;mxac-bac1.bkb.rnp.br;ro-ac-oi.bkb.rnp.br;cmt1-mxro-infobarra.bkb.rnp.br;mxms-cmt1-telebras.bkb.rnp.br;lanms-ms.bkb.rnp.br;monipe-ms-atraso.rnp.br
1750505305,2025-06-21 08:28:25,No-Hostname;No-Hostname;mxac-bac1.bkb.rnp.br;ro-ac-oi.bkb.rnp.br;cmt1-mxro-infobarra.bkb.rnp.br;mxms-cmt1-telebras.bkb.rnp.br;lanms-ms.bkb.rnp.br;monipe-ms-atraso.rnp.br
1750505541,2025-06-21 08:32:21,No-Hostname;No-Hostname;mxac-bac1.bkb.rnp.br;ro-ac-oi.bkb.rnp.br;cmt1-mxro-infobarra.bkb.rnp.br;mxms-cmt1-telebras.bkb.rnp.br;lanms-ms.bkb.rnp.br;monipe-ms-atraso.rnp.br
1750506372,2025-06-21 08:46:12,No-Hostname;No-Hostname;mxac-bac1.bkb.rnp.br;ro-ac-oi.bkb.rnp.br;cmt1-mxro-infobarra.bkb.rnp.br;mxms-cmt1-telebras.bkb.rnp.br;lanms-ms.bkb.rnp.br;monipe-ms-atraso.rnp.br
1750506757,2025-06-21 08:52:37,No-Hostname;No-Hostname;mxac-bac1.bkb.rnp.br;ro-ac-oi.bkb.rnp.br;cmt1-mxro-infobarra.bkb.rnp.br;mxms-cmt1-telebras.bkb.rnp.br;lanms-ms.bkb.rnp.br;monipe-ms-atraso.rnp.br
1750507949,2025-06-21 09:12:29,No-Hostname;No-Hostname;mxac-bac1.bkb.rnp.br;ro-ac-oi.bkb.rnp.br;cmt1-mxro-infobarra.bkb.rnp.br;mxms-cmt1-telebras.bkb.rnp.br;lanms-ms.bkb.rnp.br;monipe-ms-atraso.rnp.br
1750508515,2025-06-21 09:21:55,No-Hostname;No-Hostname;mxac-bac1.bkb.rnp.br;mxro-mxac-3g-allo.bkb.rnp.br;cmt1-mxro-infobarra.bkb.rnp.br;mxms-cmt1-telebras.bkb.rnp.br;lanms-ms.bkb.rnp.br;monipe-ms-atraso.rnp.br
1750509394,2025-06-21 09:36:34,No-Hostname;No-Hostname;mxac-bac1.bkb.rnp.br;ro-ac-oi.bkb.rnp.br;cmt1-mxro-infobarra.bkb.rnp.br;mxms-cmt1-telebras.bkb.rnp.br;lanms-ms.bkb.rnp.br;monipe-ms-atraso.rnp.br
1750509806,2025-06-21 09:43:26,No-Hostname;No-Hostname;mxac-bac1.bkb.rnp.br;ro-ac-oi.bkb.rnp.br;cmt1-mxro-infobarra.bkb.rnp.br;mxms-cmt1-telebras.bkb.rnp.br;lanms-ms.bkb.rnp.br;monipe-ms-atraso.rnp.br
1750510711,2025-06-21 09:58:31,No-Hostname;No-Hostname;mxac-bac1.bkb.rnp.br;ro-ac-oi.bkb.rnp.br;cmt1-mxro-infobarra.bkb.rnp.br;mxms-cmt1-telebras.bkb.rnp.br;lanms-ms.bkb.rnp.br;monipe-ms-atraso.rnp.br
1750511334,2025-06-21 10:08:54,No-Hostname;No-Hostname;mxac-bac1.bkb.rnp.br;ro-ac-oi.bkb.rnp.br;cmt1-mxro-infobarra.bkb.rnp.br;mxms-cmt1-telebras.bkb.rnp.br;lanms-ms.bkb.rnp.br;monipe-ms-atraso.rnp.br
1750511622,2025-06-21 10:13:42,No-Hostname;No-Hostname;mxac-bac1.bkb.rnp.br;ro-ac-oi.bkb.rnp.br;cmt1-mxro-infobarra.bkb.rnp.br;mxms-cmt1-telebras.bkb.rnp.br;lanms-ms.bkb.rnp.br;monipe-ms-atraso.rnp.br
1750513073,2025-06-21 10:37:53,No-Hostname;No-Hostname;mxac-bac1.bkb.rnp.br;ro-ac-oi.bkb.rnp.br;cmt1-mxro-infobarra.bkb.rnp.br;mxms-cmt1-telebras.bkb.rnp.br;lanms-ms.bkb.rnp.br;monipe-ms-atraso.rnp.br
1750513477,2025-06-21 10:44:37,No-Hostname;No-Hostname;mxac-bac1.bkb.rnp.br;ro-ac-oi.bkb.rnp.br;cmt1-mxro-infobarra.bkb.rnp.br;mxms-cmt1-telebras.bkb.rnp.br;lanms-ms.bkb.rnp.br;monipe-ms-atraso.rnp.br
1750514579,2025-06-21 11:02:59,No-Hostname;No-Hostname;mxac-bac1.bkb.rnp.br;mxro-mxac-3g-allo.bkb.rnp.br;cmt1-mxro-infobarra.bkb.rnp.br;mxms-cmt1-telebras.bkb.rnp.br;lanms-ms.bkb.rnp.br;monipe-ms-atraso.rnp.br
1750515677,2025-06-21 11:21:17,No-Hostname;No-Hostname;mxac-bac1.bkb.rnp.br;ro-ac-oi.bkb.rnp.br;cmt1-mxro-infobarra.bkb.rnp.br;mxms-cmt1-telebras.bkb.rnp.br;lanms-ms.bkb.rnp.br;monipe-ms-atraso.rnp.br
1750516621,2025-06-21 11:37:01,No-Hostname;No-Hostname;mxac-bac1.bkb.rnp.br;ro-ac-oi.bkb.rnp.br;cmt1-mxro-infobarra.bkb.rnp.br;mxms-cmt1-telebras.bkb.rnp.br;lanms-ms.bkb.rnp.br;monipe-ms-atraso.rnp.br
1750517324,2025-06-21 11:48:44,No-Hostname;No-Hostname;mxac-bac1.bkb.rnp.br;ro-ac-oi.bkb.rnp.br;cmt1-mxro-infobarra.bkb.rnp.br;mxms-cmt1-telebras.bkb.rnp.br;lanms-ms.bkb.rnp.br;monipe-ms-atraso.rnp.br
1750518504,2025-06-21 12:08:24,No-Hostname;No-Hostname;mxac-bac1.bkb.rnp.br;mxro-mxac-3g-allo.bkb.rnp.br;cmt1-mxro-infobarra.bkb.rnp.br;mxms-cmt1-telebras.bkb.rnp.br;lanms-ms.bkb.rnp.br;monipe-ms-atraso.rnp.br
1750519016,2025-06-21 12:16:56,No-Hostname;No-Hostname;mxac-bac1.bkb.rnp.br;mxro-mxac-3g-allo.bkb.rnp.br;cmt1-mxro-infobarra.bkb.rnp.br;mxms-cmt1-telebras.bkb.rnp.br;lanms-ms.bkb.rnp.br;monipe-ms-atraso.rnp.br
1750519446,2025-06-21 12:24:06,No-Hostname;No-Hostname;mxac-bac1.bkb.rnp.br;mxro-mxac-3g-allo.bkb.rnp.br;cmt1-mxro-infobarra.bkb.rnp.br;mxms-cmt1-telebras.bkb.rnp.br;lanms-ms.bkb.rnp.br;monipe-ms-atraso.rnp.br
1750520355,2025-06-21 12:39:15,No-Hostname;No-Hostname;mxac-bac1.bkb.rnp.br;ro-ac-oi.bkb.rnp.br;cmt1-mxro-infobarra.bkb.rnp.br;mxms-cmt1-telebras.bkb.rnp.br;lanms-ms.bkb.rnp.br;monipe-ms-atraso.rnp.br
1750520592,2025-06-21 12:43:12,No-Hostname;No-Hostname;mxac-bac1.bkb.rnp.br;ro-ac-oi.bkb.rnp.br;cmt1-mxro-infobarra.bkb.rnp.br;mxms-cmt1-telebras.bkb.rnp.br;lanms-ms.bkb.rnp.br;monipe-ms-atraso.rnp.br
1750521904,2025-06-21 13:05:04,No-Hostname;No-Hostname;mxac-bac1.bkb.rnp.br;ro-ac-oi.bkb.rnp.br;cmt1-mxro-infobarra.bkb.rnp.br;mxms-cmt1-telebras.bkb.rnp.br;lanms-ms.bkb.rnp.br;monipe-ms-atraso.rnp.br
1750522751,2025-06-21 13:19:11,No-Hostname;No-Hostname;mxac-bac1.bkb.rnp.br;ro-ac-oi.bkb.rnp.br;cmt1-mxro-infobarra.bkb.rnp.br;mxms-cmt1-telebras.bkb.rnp.br;lanms-ms.bkb.rnp.br;monipe-ms-atraso.rnp.br
1750523055,2025-06-21 13:24:15,No-Hostname;No-Hostname;mxac-bac1.bkb.rnp.br;mxro-mxac-3g-allo.bkb.rnp.br;cmt1-mxro-infobarra.bkb.rnp.br;mxms-cmt1-telebras.bkb.rnp.br;lanms-ms.bkb.rnp.br;monipe-ms-atraso.rnp.br
1750524426,2025-06-21 13:47:06,No-Hostname;No-Hostname;mxac-bac1.bkb.rnp.br;mxro-mxac-3g-allo.bkb.rnp.br;cmt1-mxro-infobarra.bkb.rnp.br;mxms-cmt1-telebras.bkb.rnp.br;lanms-ms.bkb.rnp.br;monipe-ms-atraso.rnp.br
1750524780,2025-06-21 13:53:00,No-Hostname;No-Hostname;mxac-bac1.bkb.rnp.br;ro-ac-oi.bkb.rnp.br;cmt1-mxro-infobarra.bkb.rnp.br;mxms-cmt1-telebras.bkb.rnp.br;lanms-ms.bkb.rnp.br;monipe-ms-atraso.rnp.br
1750525278,2025-06-21 14:01:18,No-Hostname;No-Hostname;mxac-bac1.bkb.rnp.br;ro-ac-oi.bkb.rnp.br;cmt1-mxro-infobarra.bkb.rnp.br;mxms-cmt1-telebras.bkb.rnp.br;lanms-ms.bkb.rnp.br;monipe-ms-atraso.rnp.br
1750525994,2025-06-21 14:13:14,No-Hostname;No-Hostname;mxac-bac1.bkb.rnp.br;ro-ac-oi.bkb.rnp.br;cmt1-mxro-infobarra.bkb.rnp.br;mxms-cmt1-telebras.bkb.rnp.br;lanms-ms.bkb.rnp.br;monipe-ms-atraso.rnp.br
1750526492,2025-06-21 14:21:32,No-Hostname;No-Hostname;mxac-bac1.bkb.rnp.br;ro-ac-oi.bkb.rnp.br;cmt1-mxro-infobarra.bkb.rnp.br;mxms-cmt1-telebras.bkb.rnp.br;lanms-ms.bkb.rnp.br;monipe-ms-atraso.rnp.br
1750527190,2025-06-21 14:33:10,No-Hostname;No-Hostname;mxac-bac1.bkb.rnp.br;ro-ac-oi.bkb.rnp.br;cmt1-mxro-infobarra.bkb.rnp.br;mxms-cmt1-telebras.bkb.rnp.br;lanms-ms.bkb.rnp.br;monipe-ms-atraso.rnp.br
1750527724,2025-06-21 14:42:04,No-Hostname;No-Hostname;mxac-bac1.bkb.rnp.br;ro-ac-oi.bkb.rnp.br;cmt1-mxro-infobarra.bkb.rnp.br;mxms-cmt1-telebras.bkb.rnp.br;lanms-ms.bkb.rnp.br;monipe-ms-atraso.rnp.br
1750529296,2025-06-21 15:08:16,No-Hostname;No-Hostname;mxac-bac1.bkb.rnp.br;ro-ac-oi.bkb.rnp.br;cmt1-mxro-infobarra.bkb.rnp.br;mxms-cmt1-telebras.bkb.rnp.br;lanms-ms.bkb.rnp.br;monipe-ms-atraso.rnp.br
1750529929,2025-06-21 15:18:49,No-Hostname;No-Hostname;mxac-bac1.bkb.rnp.br;ro-ac-oi.bkb.rnp.br;cmt1-mxro-infobarra.bkb.rnp.br;mxms-cmt1-telebras.bkb.rnp.br;lanms-ms.bkb.rnp.br;monipe-ms-atraso.rnp.br
1750530123,2025-06-21 15:22:03,No-Hostname;No-Hostname;mxac-bac1.bkb.rnp.br;ro-ac-oi.bkb.rnp.br;cmt1-mxro-infobarra.bkb.rnp.br;mxms-cmt1-telebras.bkb.rnp.br;lanms-ms.bkb.rnp.br;monipe-ms-atraso.rnp.br
1750530833,2025-06-21 15:33:53,No-Hostname;No-Hostname;mxac-bac1.bkb.rnp.br;ro-ac-oi.bkb.rnp.br;cmt1-mxro-infobarra.bkb.rnp.br;mxms-cmt1-telebras.bkb.rnp.br;lanms-ms.bkb.rnp.br;monipe-ms-atraso.rnp.br
1750531434,2025-06-21 15:43:54,No-Hostname;No-Hostname;mxac-bac1.bkb.rnp.br;mxro-mxac-3g-allo.bkb.rnp.br;cmt1-mxro-infobarra.bkb.rnp.br;mxms-cmt1-telebras.bkb.rnp.br;lanms-ms.bkb.rnp.br;monipe-ms-atraso.rnp.br
1750532118,2025-06-21 15:55:18,No-Hostname;No-Hostname;mxac-bac1.bkb.rnp.br;ro-ac-oi.bkb.rnp.br;cmt1-mxro-infobarra.bkb.rnp.br;mxms-cmt1-telebras.bkb.rnp.br;lanms-ms.bkb.rnp.br;monipe-ms-atraso.rnp.br
1750532765,2025-06-21 16:06:05,No-Hostname;No-Hostname;mxac-bac1.bkb.rnp.br;ro-ac-oi.bkb.rnp.br;cmt1-mxro-infobarra.bkb.rnp.br;mxms-cmt1-telebras.bkb.rnp.br;lanms-ms.bkb.rnp.br;monipe-ms-atraso.rnp.br
1750533444,2025-06-21 16:17:24,No-Hostname;No-Hostname;mxac-bac1.bkb.rnp.br;ro-ac-oi.bkb.rnp.br;cmt1-mxro-infobarra.bkb.rnp.br;mxms-cmt1-telebras.bkb.rnp.br;lanms-ms.bkb.rnp.br;monipe-ms-atraso.rnp.br
1750534589,2025-06-21 16:36:29,No-Hostname;No-Hostname;mxac-bac1.bkb.rnp.br;ro-ac-oi.bkb.rnp.br;cmt1-mxro-infobarra.bkb.rnp.br;mxms-cmt1-telebras.bkb.rnp.br;lanms-ms.bkb.rnp.br;monipe-ms-atraso.rnp.br
1750534871,2025-06-21 16:41:11,No-Hostname;No-Hostname;mxac-bac1.bkb.rnp.br;ro-ac-oi.bkb.rnp.br;cmt1-mxro-infobarra.bkb.rnp.br;mxms-cmt1-telebras.bkb.rnp.br;lanms-ms.bkb.rnp.br;monipe-ms-atraso.rnp.br
1750535667,2025-06-21 16:54:27,No-Hostname;No-Hostname;mxac-bac1.bkb.rnp.br;mxro-mxac-3g-allo.bkb.rnp.br;cmt1-mxro-infobarra.bkb.rnp.br;mxms-cmt1-telebras.bkb.rnp.br;lanms-ms.bkb.rnp.br;monipe-ms-atraso.rnp.br
1750536458,2025-06-21 17:07:38,No-Hostname;No-Hostname;mxac-bac1.bkb.rnp.br;ro-ac-oi.bkb.rnp.br;cmt1-mxro-infobarra.bkb.rnp.br;mxms-cmt1-telebras.bkb.rnp.br;lanms-ms.bkb.rnp.br;monipe-ms-atraso.rnp.br
1750536942,2025-06-21 17:15:42,No-Hostname;No-Hostname;mxac-bac1.bkb.rnp.br;ro-ac-oi.bkb.rnp.br;cmt1-mxro-infobarra.bkb.rnp.br;mxms-cmt1-telebras.bkb.rnp.br;lanms-ms.bkb.rnp.br;monipe-ms-atraso.rnp.br
1750537510,2025-06-21 17:25:10,No-Hostname;No-Hostname;mxac-bac1.bkb.rnp.br;ro-ac-oi.bkb.rnp.br;cmt1-mxro-infobarra.bkb.rnp.br;mxms-cmt1-telebras.bkb.rnp.br;lanms-ms.bkb.rnp.br;monipe-ms-atraso.rnp.br
1750538142,2025-06-21 17:35:42,No-Hostname;No-Hostname;mxac-bac1.bkb.rnp.br;mxro-mxac-3g-allo.bkb.rnp.br;cmt1-mxro-infobarra.bkb.rnp.br;mxms-cmt1-telebras.bkb.rnp.br;lanms-ms.bkb.rnp.br;monipe-ms-atraso.rnp.br
1750538837,2025-06-21 17:47:17,No-Hostname;No-Hostname;mxac-bac1.bkb.rnp.br;ro-ac-oi.bkb.rnp.br;cmt1-mxro-infobarra.bkb.rnp.br;mxms-cmt1-telebras.bkb.rnp.br;lanms-ms.bkb.rnp.br;monipe-ms-atraso.rnp.br
1750539150,2025-06-21 17:52:30,No-Hostname;No-Hostname;mxac-bac1.bkb.rnp.br;mxro-mxac-3g-allo.bkb.rnp.br;cmt1-mxro-infobarra.bkb.rnp.br;mxms-cmt1-telebras.bkb.rnp.br;lanms-ms.bkb.rnp.br;monipe-ms-atraso.rnp.br
1750539644,2025-06-21 18:00:44,No-Hostname;No-Hostname;mxac-bac1.bkb.rnp.br;mxro-mxac-3g-allo.bkb.rnp.br;cmt1-mxro-infobarra.bkb.rnp.br;mxms-cmt1-telebras.bkb.rnp.br;lanms-ms.bkb.rnp.br;monipe-ms-atraso.rnp.br
1750540724,2025-06-21 18:18:44,No-Hostname;No-Hostname;mxac-bac1.bkb.rnp.br;mxro-mxac-3g-allo.bkb.rnp.br;cmt1-mxro-infobarra.bkb.rnp.br;mxms-cmt1-telebras.bkb.rnp.br;lanms-ms.bkb.rnp.br;monipe-ms-atraso.rnp.br
1750541340,2025-06-21 18:29:00,No-Hostname;No-Hostname;mxac-bac1.bkb.rnp.br;ro-ac-oi.bkb.rnp.br;cmt1-mxro-infobarra.bkb.rnp.br;mxms-cmt1-telebras.bkb.rnp.br;lanms-ms.bkb.rnp.br;monipe-ms-atraso.rnp.br
1750541750,2025-06-21 18:35:50,No-Hostname;No-Hostname;mxac-bac1.bkb.rnp.br;ro-ac-oi.bkb.rnp.br;cmt1-mxro-infobarra.bkb.rnp.br;mxms-cmt1-telebras.bkb.rnp.br;lanms-ms.bkb.rnp.br;monipe-ms-atraso.rnp.br
1750542155,2025-06-21 18:42:35,No-Hostname;No-Hostname;mxac-bac1.bkb.rnp.br;ro-ac-oi.bkb.rnp.br;cmt1-mxro-infobarra.bkb.rnp.br;mxms-cmt1-telebras.bkb.rnp.br;lanms-ms.bkb.rnp.br;monipe-ms-atraso.rnp.br
1750543046,2025-06-21 18:57:26,No-Hostname;No-Hostname;mxac-bac1.bkb.rnp.br;ro-ac-oi.bkb.rnp.br;cmt1-mxro-infobarra.bkb.rnp.br;mxms-cmt1-telebras.bkb.rnp.br;lanms-ms.bkb.rnp.br;monipe-ms-atraso.rnp.br
1750543288,2025-06-21 19:01:28,No-Hostname;No-Hostname;mxac-bac1.bkb.rnp.br;ro-ac-oi.bkb.rnp.br;cmt1-mxro-infobarra.bkb.rnp.br;mxms-cmt1-telebras.bkb.rnp.br;lanms-ms.bkb.rnp.br;monipe-ms-atraso.rnp.br
1750544186,2025-06-21 19:16:26,No-Hostname;No-Hostname;mxac-bac1.bkb.rnp.br;ro-ac-oi.bkb.rnp.br;cmt1-mxro-infobarra.bkb.rnp.br;mxms-cmt1-telebras.bkb.rnp.br;lanms-ms.bkb.rnp.br;monipe-ms-atraso.rnp.br
1750544906,2025-06-21 19:28:26,No-Hostname;No-Hostname;mxac-bac1.bkb.rnp.br;mxro-mxac-3g-allo.bkb.rnp.br;cmt1-mxro-infobarra.bkb.rnp.br;mxms-cmt1-telebras.bkb.rnp.br;lanms-ms.bkb.rnp.br;monipe-ms-atraso.rnp.br
1750545441,2025-06-21 19:37:21,No-Hostname;No-Hostname;mxac-bac1.bkb.rnp.br;ro-ac-oi.bkb.rnp.br;cmt1-mxro-infobarra.bkb.rnp.br;mxms-cmt1-telebras.bkb.rnp.br;lanms-ms.bkb.rnp.br;monipe-ms-atraso.rnp.br
1750546049,2025-06-21 19:47:29,No-Hostname;No-Hostname;mxac-bac1.bkb.rnp.br;ro-ac-oi.bkb.rnp.br;cmt1-mxro-infobarra.bkb.rnp.br;mxms-cmt1-telebras.bkb.rnp.br;lanms-ms.bkb.rnp.br;monipe-ms-atraso.rnp.br
1750546578,2025-06-21 19:56:18,No-Hostname;No-Hostname;mxac-bac1.bkb.rnp.br;mxro-mxac-3g-allo.bkb.rnp.br;cmt1-mxro-infobarra.bkb.rnp.br;mxms-cmt1-telebras.bkb.rnp.br;lanms-ms.bkb.rnp.br;monipe-ms-atraso.rnp.br
1750547213,2025-06-21 20:06:53,No-Hostname;No-Hostname;mxac-bac1.bkb.rnp.br;mxro-mxac-3g-allo.bkb.rnp.br;cmt1-mxro-infobarra.bkb.rnp.br;mxms-cmt1-telebras.bkb.rnp.br;lanms-ms.bkb.rnp.br;monipe-ms-atraso.rnp.br
1750547650,2025-06-21 20:14:10,No-Hostname;No-Hostname;mxac-bac1.bkb.rnp.br;mxro-mxac-3g-allo.bkb.rnp.br;cmt1-mxro-infobarra.bkb.rnp.br;mxms-cmt1-telebras.bkb.rnp.br;lanms-ms.bkb.rnp.br;monipe-ms-atraso.rnp.br
1750548073,2025-06-21 20:21:13,No-Hostname;No-Hostname;mxac-bac1.bkb.rnp.br;mxro-mxac-3g-allo.bkb.rnp.br;cmt1-mxro-infobarra.bkb.rnp.br;mxms-cmt1-telebras.bkb.rnp.br;lanms-ms.bkb.rnp.br;monipe-ms-atraso.rnp.br
1750548714,2025-06-21 20:31:54,No-Hostname;No-Hostname;mxac-bac1.bkb.rnp.br;mxro-mxac-3g-allo.bkb.rnp.br;cmt1-mxro-infobarra.bkb.rnp.br;mxms-cmt1-telebras.bkb.rnp.br;lanms-ms.bkb.rnp.br;monipe-ms-atraso.rnp.br
1750549724,2025-06-21 20:48:44,No-Hostname;No-Hostname;mxac-bac1.bkb.rnp.br;mxro-mxac-3g-allo.bkb.rnp.br;cmt1-mxro-infobarra.bkb.rnp.br;mxms-cmt1-telebras.bkb.rnp.br;lanms-ms.bkb.rnp.br;monipe-ms-atraso.rnp.br
1750550217,2025-06-21 20:56:57,No-Hostname;No-Hostname;mxac-bac1.bkb.rnp.br;ro-ac-oi.bkb.rnp.br;cmt1-mxro-infobarra.bkb.rnp.br;mxms-cmt1-telebras.bkb.rnp.br;lanms-ms.bkb.rnp.br;monipe-ms-atraso.rnp.br
1750550606,2025-06-21 21:03:26,No-Hostname;No-Hostname;mxac-bac1.bkb.rnp.br;ro-ac-oi.bkb.rnp.br;cmt1-mxro-infobarra.bkb.rnp.br;mxms-cmt1-telebras.bkb.rnp.br;lanms-ms.bkb.rnp.br;monipe-ms-atraso.rnp.br
1750551467,2025-06-21 21:17:47,No-Hostname;No-Hostname;mxac-bac1.bkb.rnp.br;ro-ac-oi.bkb.rnp.br;cmt1-mxro-infobarra.bkb.rnp.br;mxms-cmt1-telebras.bkb.rnp.br;lanms-ms.bkb.rnp.br;monipe-ms-atraso.rnp.br
1750551760,2025-06-21 21:22:40,No-Hostname;No-Hostname;mxac-bac1.bkb.rnp.br;ro-ac-oi.bkb.rnp.br;cmt1-mxro-infobarra.bkb.rnp.br;mxms-cmt1-telebras.bkb.rnp.br;lanms-ms.bkb.rnp.br;monipe-ms-atraso.rnp.br
1750552463,2025-06-21 21:34:23,No-Hostname;No-Hostname;mxac-bac1.bkb.rnp.br;ro-ac-oi.bkb.rnp.br;cmt1-mxro-infobarra.bkb.rnp.br;mxms-cmt1-telebras.bkb.rnp.br;lanms-ms.bkb.rnp.br;monipe-ms-atraso.rnp.br
1750553247,2025-06-21 21:47:27,No-Hostname;No-Hostname;No-Hostname;No-Hostname;cmt1-mxro-infobarra.bkb.rnp.br;No-Hostname;lanms-ms.bkb.rnp.br;monipe-ms-atraso.rnp.br
1750553519,2025-06-21 21:51:59,No-Hostname;No-Hostname;mxac-bac1.bkb.rnp.br;mxro-mxac-3g-allo.bkb.rnp.br;cmt1-mxro-infobarra.bkb.rnp.br;mxms-cmt1-telebras.bkb.rnp.br;lanms-ms.bkb.rnp.br;monipe-ms-atraso.rnp.br
1750554080,2025-06-21 22:01:20,No-Hostname;No-Hostname;mxac-bac1.bkb.rnp.br;mxro-mxac-3g-allo.bkb.rnp.br;cmt1-mxro-infobarra.bkb.rnp.br;mxms-cmt1-telebras.bkb.rnp.br;lanms-ms.bkb.rnp.br;monipe-ms-atraso.rnp.br
1750554848,2025-06-21 22:14:08,No-Hostname;No-Hostname;mxac-bac1.bkb.rnp.br;mxro-mxac-3g-allo.bkb.rnp.br;cmt1-mxro-infobarra.bkb.rnp.br;mxms-cmt1-telebras.bkb.rnp.br;lanms-ms.bkb.rnp.br;monipe-ms-atraso.rnp.br
1750555582,2025-06-21 22:26:22,No-Hostname;No-Hostname;mxac-bac1.bkb.rnp.br;ro-ac-oi.bkb.rnp.br;cmt1-mxro-infobarra.bkb.rnp.br;mxms-cmt1-telebras.bkb.rnp.br;lanms-ms.bkb.rnp.br;monipe-ms-atraso.rnp.br
1750555977,2025-06-21 22:32:57,No-Hostname;No-Hostname;mxac-bac1.bkb.rnp.br;ro-ac-oi.bkb.rnp.br;cmt1-mxro-infobarra.bkb.rnp.br;mxms-cmt1-telebras.bkb.rnp.br;lanms-ms.bkb.rnp.br;monipe-ms-atraso.rnp.br
1750556915,2025-06-21 22:48:35,No-Hostname;No-Hostname;mxac-bac1.bkb.rnp.br;mxro-mxac-3g-allo.bkb.rnp.br;cmt1-mxro-infobarra.bkb.rnp.br;mxms-cmt1-telebras.bkb.rnp.br;lanms-ms.bkb.rnp.br;monipe-ms-atraso.rnp.br
1750557457,2025-06-21 22:57:37,No-Hostname;No-Hostname;mxac-bac1.bkb.rnp.br;ro-ac-oi.bkb.rnp.br;cmt1-mxro-infobarra.bkb.rnp.br;mxms-cmt1-telebras.bkb.rnp.br;lanms-ms.bkb.rnp.br;monipe-ms-atraso.rnp.br
1750558103,2025-06-21 23:08:23,No-Hostname;No-Hostname;mxac-bac1.bkb.rnp.br;ro-ac-oi.bkb.rnp.br;cmt1-mxro-infobarra.bkb.rnp.br;mxms-cmt1-telebras.bkb.rnp.br;lanms-ms.bkb.rnp.br;monipe-ms-atraso.rnp.br
1750558648,2025-06-21 23:17:28,No-Hostname;No-Hostname;mxac-bac1.bkb.rnp.br;ro-ac-oi.bkb.rnp.br;cmt1-mxro-infobarra.bkb.rnp.br;mxms-cmt1-telebras.bkb.rnp.br;lanms-ms.bkb.rnp.br;monipe-ms-atraso.rnp.br
1750558861,2025-06-21 23:21:01,No-Hostname;No-Hostname;mxac-bac1.bkb.rnp.br;ro-ac-oi.bkb.rnp.br;cmt1-mxro-infobarra.bkb.rnp.br;mxms-cmt1-telebras.bkb.rnp.br;lanms-ms.bkb.rnp.br;monipe-ms-atraso.rnp.br
1750559484,2025-06-21 23:31:24,No-Hostname;No-Hostname;mxac-bac1.bkb.rnp.br;ro-ac-oi.bkb.rnp.br;cmt1-mxro-infobarra.bkb.rnp.br;mxms-cmt1-telebras.bkb.rnp.br;lanms-ms.bkb.rnp.br;monipe-ms-atraso.rnp.br
1750560179,2025-06-21 23:42:59,No-Hostname;No-Hostname;mxac-bac1.bkb.rnp.br;mxro-mxac-3g-allo.bkb.rnp.br;cmt1-mxro-infobarra.bkb.rnp.br;mxms-cmt1-telebras.bkb.rnp.br;lanms-ms.bkb.rnp.br;monipe-ms-atraso.rnp.br
1750561054,2025-06-21 23:57:34,No-Hostname;No-Hostname;mxac-bac1.bkb.rnp.br;mxro-mxac-3g-allo.bkb.rnp.br;cmt1-mxro-infobarra.bkb.rnp.br;mxms-cmt1-telebras.bkb.rnp.br;lanms-ms.bkb.rnp.br;monipe-ms-atraso.rnp.br
1750561315,2025-06-22 00:01:55,No-Hostname;No-Hostname;mxac-bac1.bkb.rnp.br;mxro-mxac-3g-allo.bkb.rnp.br;cmt1-mxro-infobarra.bkb.rnp.br;mxms-cmt1-telebras.bkb.rnp.br;lanms-ms.bkb.rnp.br;monipe-ms-atraso.rnp.br
1750562161,2025-06-22 00:16:01,No-Hostname;No-Hostname;mxac-bac1.bkb.rnp.br;mxro-mxac-3g-allo.bkb.rnp.br;cmt1-mxro-infobarra.bkb.rnp.br;mxms-cmt1-telebras.bkb.rnp.br;lanms-ms.bkb.rnp.br;monipe-ms-atraso.rnp.br
1750562677,2025-06-22 00:24:37,No-Hostname;No-Hostname;mxac-bac1.bkb.rnp.br;ro-ac-oi.bkb.rnp.br;cmt1-mxro-infobarra.bkb.rnp.br;mxms-cmt1-telebras.bkb.rnp.br;lanms-ms.bkb.rnp.br;monipe-ms-atraso.rnp.br
1750563393,2025-06-22 00:36:33,No-Hostname;No-Hostname;mxac-bac1.bkb.rnp.br;ro-ac-oi.bkb.rnp.br;cmt1-mxro-infobarra.bkb.rnp.br;mxms-cmt1-telebras.bkb.rnp.br;lanms-ms.bkb.rnp.br;monipe-ms-atraso.rnp.br
1750563780,2025-06-22 00:43:00,No-Hostname;No-Hostname;mxac-bac1.bkb.rnp.br;ro-ac-oi.bkb.rnp.br;cmt1-mxro-infobarra.bkb.rnp.br;mxms-cmt1-telebras.bkb.rnp.br;lanms-ms.bkb.rnp.br;monipe-ms-atraso.rnp.br
1750564318,2025-06-22 00:51:58,No-Hostname;No-Hostname;mxac-bac1.bkb.rnp.br;ro-ac-oi.bkb.rnp.br;cmt1-mxro-infobarra.bkb.rnp.br;mxms-cmt1-telebras.bkb.rnp.br;lanms-ms.bkb.rnp.br;monipe-ms-atraso.rnp.br
1750565209,2025-06-22 01:06:49,No-Hostname;No-Hostname;mxac-bac1.bkb.rnp.br;ro-ac-oi.bkb.rnp.br;cmt1-mxro-infobarra.bkb.rnp.br;mxms-cmt1-telebras.bkb.rnp.br;lanms-ms.bkb.rnp.br;monipe-ms-atraso.rnp.br
1750565787,2025-06-22 01:16:27,No-Hostname;No-Hostname;mxac-bac1.bkb.rnp.br;ro-ac-oi.bkb.rnp.br;cmt1-mxro-infobarra.bkb.rnp.br;mxms-cmt1-telebras.bkb.rnp.br;lanms-ms.bkb.rnp.br;monipe-ms-atraso.rnp.br
1750566148,2025-06-22 01:22:28,No-Hostname;No-Hostname;mxac-bac1.bkb.rnp.br;ro-ac-oi.bkb.rnp.br;cmt1-mxro-infobarra.bkb.rnp.br;mxms-cmt1-telebras.bkb.rnp.br;lanms-ms.bkb.rnp.br;monipe-ms-atraso.rnp.br
1750566956,2025-06-22 01:35:56,No-Hostname;No-Hostname;mxac-bac1.bkb.rnp.br;ro-ac-oi.bkb.rnp.br;cmt1-mxro-infobarra.bkb.rnp.br;mxms-cmt1-telebras.bkb.rnp.br;lanms-ms.bkb.rnp.br;monipe-ms-atraso.rnp.br
1750567237,2025-06-22 01:40:37,No-Hostname;No-Hostname;mxac-bac1.bkb.rnp.br;ro-ac-oi.bkb.rnp.br;cmt1-mxro-infobarra.bkb.rnp.br;mxms-cmt1-telebras.bkb.rnp.br;lanms-ms.bkb.rnp.br;monipe-ms-atraso.rnp.br
1750568184,2025-06-22 01:56:24,No-Hostname;No-Hostname;mxac-bac1.bkb.rnp.br;ro-ac-oi.bkb.rnp.br;cmt1-mxro-infobarra.bkb.rnp.br;mxms-cmt1-telebras.bkb.rnp.br;lanms-ms.bkb.rnp.br;monipe-ms-atraso.rnp.br
1750568576,2025-06-22 02:02:56,No-Hostname;No-Hostname;mxac-bac1.bkb.rnp.br;ro-ac-oi.bkb.rnp.br;cmt1-mxro-infobarra.bkb.rnp.br;mxms-cmt1-telebras.bkb.rnp.br;lanms-ms.bkb.rnp.br;monipe-ms-atraso.rnp.br
1750569895,2025-06-22 02:24:55,No-Hostname;No-Hostname;mxac-bac1.bkb.rnp.br;ro-ac-oi.bkb.rnp.br;cmt1-mxro-infobarra.bkb.rnp.br;mxms-cmt1-telebras.bkb.rnp.br;lanms-ms.bkb.rnp.br;monipe-ms-atraso.rnp.br
1750570417,2025-06-22 02:33:37,No-Hostname;No-Hostname;mxac-bac1.bkb.rnp.br;ro-ac-oi.bkb.rnp.br;cmt1-mxro-infobarra.bkb.rnp.br;mxms-cmt1-telebras.bkb.rnp.br;lanms-ms.bkb.rnp.br;monipe-ms-atraso.rnp.br
1750570970,2025-06-22 02:42:50,No-Hostname;No-Hostname;mxac-bac1.bkb.rnp.br;ro-ac-oi.bkb.rnp.br;cmt1-mxro-infobarra.bkb.rnp.br;mxms-cmt1-telebras.bkb.rnp.br;lanms-ms.bkb.rnp.br;monipe-ms-atraso.rnp.br
1750571631,2025-06-22 02:53:51,No-Hostname;No-Hostname;mxac-bac1.bkb.rnp.br;ro-ac-oi.bkb.rnp.br;cmt1-mxro-infobarra.bkb.rnp.br;mxms-cmt1-telebras.bkb.rnp.br;lanms-ms.bkb.rnp.br;monipe-ms-atraso.rnp.br
1750572260,2025-06-22 03:04:20,No-Hostname;No-Hostname;mxac-bac1.bkb.rnp.br;ro-ac-oi.bkb.rnp.br;cmt1-mxro-infobarra.bkb.rnp.br;mxms-cmt1-telebras.bkb.rnp.br;lanms-ms.bkb.rnp.br;monipe-ms-atraso.rnp.br
1750572673,2025-06-22 03:11:13,No-Hostname;No-Hostname;mxac-bac1.bkb.rnp.br;ro-ac-oi.bkb.rnp.br;cmt1-mxro-infobarra.bkb.rnp.br;mxms-cmt1-telebras.bkb.rnp.br;lanms-ms.bkb.rnp.br;monipe-ms-atraso.rnp.br
1750573377,2025-06-22 03:22:57,No-Hostname;No-Hostname;mxac-bac1.bkb.rnp.br;ro-ac-oi.bkb.rnp.br;cmt1-mxro-infobarra.bkb.rnp.br;mxms-cmt1-telebras.bkb.rnp.br;lanms-ms.bkb.rnp.br;monipe-ms-atraso.rnp.br
1750574822,2025-06-22 03:47:02,No-Hostname;No-Hostname;mxac-bac1.bkb.rnp.br;ro-ac-oi.bkb.rnp.br;cmt1-mxro-infobarra.bkb.rnp.br;mxms-cmt1-telebras.bkb.rnp.br;lanms-ms.bkb.rnp.br;monipe-ms-atraso.rnp.br
1750575518,2025-06-22 03:58:38,No-Hostname;No-Hostname;mxac-bac1.bkb.rnp.br;ro-ac-oi.bkb.rnp.br;cmt1-mxro-infobarra.bkb.rnp.br;mxms-cmt1-telebras.bkb.rnp.br;lanms-ms.bkb.rnp.br;monipe-ms-atraso.rnp.br
1750575839,2025-06-22 04:03:59,No-Hostname;No-Hostname;mxac-bac1.bkb.rnp.br;ro-ac-oi.bkb.rnp.br;cmt1-mxro-infobarra.bkb.rnp.br;mxms-cmt1-telebras.bkb.rnp.br;lanms-ms.bkb.rnp.br;monipe-ms-atraso.rnp.br
1750576297,2025-06-22 04:11:37,No-Hostname;No-Hostname;mxac-bac1.bkb.rnp.br;ro-ac-oi.bkb.rnp.br;cmt1-mxro-infobarra.bkb.rnp.br;mxms-cmt1-telebras.bkb.rnp.br;lanms-ms.bkb.rnp.br;monipe-ms-atraso.rnp.br
1750576866,2025-06-22 04:21:06,No-Hostname;No-Hostname;mxac-bac1.bkb.rnp.br;ro-ac-oi.bkb.rnp.br;cmt1-mxro-infobarra.bkb.rnp.br;mxms-cmt1-telebras.bkb.rnp.br;lanms-ms.bkb.rnp.br;monipe-ms-atraso.rnp.br
1750577467,2025-06-22 04:31:07,No-Hostname;No-Hostname;mxac-bac1.bkb.rnp.br;ro-ac-oi.bkb.rnp.br;cmt1-mxro-infobarra.bkb.rnp.br;mxms-cmt1-telebras.bkb.rnp.br;lanms-ms.bkb.rnp.br;monipe-ms-atraso.rnp.br
1750578455,2025-06-22 04:47:35,No-Hostname;No-Hostname;mxac-bac1.bkb.rnp.br;ro-ac-oi.bkb.rnp.br;cmt1-mxro-infobarra.bkb.rnp.br;mxms-cmt1-telebras.bkb.rnp.br;lanms-ms.bkb.rnp.br;monipe-ms-atraso.rnp.br
1750579047,2025-06-22 04:57:27,No-Hostname;No-Hostname;mxac-bac1.bkb.rnp.br;ro-ac-oi.bkb.rnp.br;cmt1-mxro-infobarra.bkb.rnp.br;mxms-cmt1-telebras.bkb.rnp.br;lanms-ms.bkb.rnp.br;monipe-ms-atraso.rnp.br
1750579264,2025-06-22 05:01:04,No-Hostname;No-Hostname;mxac-bac1.bkb.rnp.br;ro-ac-oi.bkb.rnp.br;cmt1-mxro-infobarra.bkb.rnp.br;mxms-cmt1-telebras.bkb.rnp.br;lanms-ms.bkb.rnp.br;monipe-ms-atraso.rnp.br
1750580207,2025-06-22 05:16:47,No-Hostname;No-Hostname;mxac-bac1.bkb.rnp.br;ro-ac-oi.bkb.rnp.br;cmt1-mxro-infobarra.bkb.rnp.br;mxms-cmt1-telebras.bkb.rnp.br;lanms-ms.bkb.rnp.br;monipe-ms-atraso.rnp.br
1750580626,2025-06-22 05:23:46,No-Hostname;No-Hostname;mxac-bac1.bkb.rnp.br;ro-ac-oi.bkb.rnp.br;cmt1-mxro-infobarra.bkb.rnp.br;mxms-cmt1-telebras.bkb.rnp.br;lanms-ms.bkb.rnp.br;monipe-ms-atraso.rnp.br
1750581173,2025-06-22 05:32:53,No-Hostname;No-Hostname;mxac-bac1.bkb.rnp.br;ro-ac-oi.bkb.rnp.br;cmt1-mxro-infobarra.bkb.rnp.br;mxms-cmt1-telebras.bkb.rnp.br;lanms-ms.bkb.rnp.br;monipe-ms-atraso.rnp.br
1750581982,2025-06-22 05:46:22,No-Hostname;No-Hostname;mxac-bac1.bkb.rnp.br;mxro-mxac-3g-allo.bkb.rnp.br;cmt1-mxro-infobarra.bkb.rnp.br;mxms-cmt1-telebras.bkb.rnp.br;lanms-ms.bkb.rnp.br;monipe-ms-atraso.rnp.br
1750582409,2025-06-22 05:53:29,No-Hostname;No-Hostname;mxac-bac1.bkb.rnp.br;mxro-mxac-3g-allo.bkb.rnp.br;cmt1-mxro-infobarra.bkb.rnp.br;mxms-cmt1-telebras.bkb.rnp.br;lanms-ms.bkb.rnp.br;monipe-ms-atraso.rnp.br
1750582889,2025-06-22 06:01:29,No-Hostname;No-Hostname;mxac-bac1.bkb.rnp.br;mxro-mxac-3g-allo.bkb.rnp.br;cmt1-mxro-infobarra.bkb.rnp.br;mxms-cmt1-telebras.bkb.rnp.br;lanms-ms.bkb.rnp.br;monipe-ms-atraso.rnp.br
1750583449,2025-06-22 06:10:49,No-Hostname;No-Hostname;mxac-bac1.bkb.rnp.br;mxro-mxac-3g-allo.bkb.rnp.br;cmt1-mxro-infobarra.bkb.rnp.br;mxms-cmt1-telebras.bkb.rnp.br;lanms-ms.bkb.rnp.br;monipe-ms-atraso.rnp.br
1750584188,2025-06-22 06:23:08,No-Hostname;No-Hostname;mxac-bac1.bkb.rnp.br;ro-ac-oi.bkb.rnp.br;cmt1-mxro-infobarra.bkb.rnp.br;mxms-cmt1-telebras.bkb.rnp.br;lanms-ms.bkb.rnp.br;monipe-ms-atraso.rnp.br
1750584784,2025-06-22 06:33:04,No-Hostname;No-Hostname;mxac-bac1.bkb.rnp.br;ro-ac-oi.bkb.rnp.br;cmt1-mxro-infobarra.bkb.rnp.br;mxms-cmt1-telebras.bkb.rnp.br;lanms-ms.bkb.rnp.br;monipe-ms-atraso.rnp.br
1750585256,2025-06-22 06:40:56,No-Hostname;No-Hostname;mxac-bac1.bkb.rnp.br;ro-ac-oi.bkb.rnp.br;cmt1-mxro-infobarra.bkb.rnp.br;mxms-cmt1-telebras.bkb.rnp.br;lanms-ms.bkb.rnp.br;monipe-ms-atraso.rnp.br
1750586146,2025-06-22 06:55:46,No-Hostname;No-Hostname;mxac-bac1.bkb.rnp.br;mxro-mxac-3g-allo.bkb.rnp.br;cmt1-mxro-infobarra.bkb.rnp.br;mxms-cmt1-telebras.bkb.rnp.br;lanms-ms.bkb.rnp.br;monipe-ms-atraso.rnp.br
1750586599,2025-06-22 07:03:19,No-Hostname;No-Hostname;mxac-bac1.bkb.rnp.br;mxro-mxac-3g-allo.bkb.rnp.br;cmt1-mxro-infobarra.bkb.rnp.br;mxms-cmt1-telebras.bkb.rnp.br;lanms-ms.bkb.rnp.br;monipe-ms-atraso.rnp.br
1750587385,2025-06-22 07:16:25,No-Hostname;No-Hostname;mxac-bac1.bkb.rnp.br;mxro-mxac-3g-allo.bkb.rnp.br;cmt1-mxro-infobarra.bkb.rnp.br;mxms-cmt1-telebras.bkb.rnp.br;lanms-ms.bkb.rnp.br;monipe-ms-atraso.rnp.br
1750587696,2025-06-22 07:21:36,No-Hostname;No-Hostname;mxac-bac1.bkb.rnp.br;mxro-mxac-3g-allo.bkb.rnp.br;cmt1-mxro-infobarra.bkb.rnp.br;mxms-cmt1-telebras.bkb.rnp.br;lanms-ms.bkb.rnp.br;monipe-ms-atraso.rnp.br
1750588351,2025-06-22 07:32:31,No-Hostname;No-Hostname;mxac-bac1.bkb.rnp.br;mxro-mxac-3g-allo.bkb.rnp.br;cmt1-mxro-infobarra.bkb.rnp.br;mxms-cmt1-telebras.bkb.rnp.br;lanms-ms.bkb.rnp.br;monipe-ms-atraso.rnp.br
1750589102,2025-06-22 07:45:02,No-Hostname;No-Hostname;mxac-bac1.bkb.rnp.br;ro-ac-oi.bkb.rnp.br;cmt1-mxro-infobarra.bkb.rnp.br;mxms-cmt1-telebras.bkb.rnp.br;lanms-ms.bkb.rnp.br;monipe-ms-atraso.rnp.br
1750589484,2025-06-22 07:51:24,No-Hostname;No-Hostname;mxac-bac1.bkb.rnp.br;mxro-mxac-3g-allo.bkb.rnp.br;cmt1-mxro-infobarra.bkb.rnp.br;mxms-cmt1-telebras.bkb.rnp.br;lanms-ms.bkb.rnp.br;monipe-ms-atraso.rnp.br
1750590518,2025-06-22 08:08:38,No-Hostname;No-Hostname;mxac-bac1.bkb.rnp.br;mxro-mxac-3g-allo.bkb.rnp.br;cmt1-mxro-infobarra.bkb.rnp.br;mxms-cmt1-telebras.bkb.rnp.br;lanms-ms.bkb.rnp.br;monipe-ms-atraso.rnp.br
1750590694,2025-06-22 08:11:34,No-Hostname;No-Hostname;mxac-bac1.bkb.rnp.br;mxro-mxac-3g-allo.bkb.rnp.br;cmt1-mxro-infobarra.bkb.rnp.br;mxms-cmt1-telebras.bkb.rnp.br;lanms-ms.bkb.rnp.br;monipe-ms-atraso.rnp.br
1750591368,2025-06-22 08:22:48,No-Hostname;No-Hostname;mxac-bac1.bkb.rnp.br;mxro-mxac-3g-allo.bkb.rnp.br;cmt1-mxro-infobarra.bkb.rnp.br;mxms-cmt1-telebras.bkb.rnp.br;lanms-ms.bkb.rnp.br;monipe-ms-atraso.rnp.br
1750592116,2025-06-22 08:35:16,No-Hostname;No-Hostname;mxac-bac1.bkb.rnp.br;ro-ac-oi.bkb.rnp.br;cmt1-mxro-infobarra.bkb.rnp.br;mxms-cmt1-telebras.bkb.rnp.br;lanms-ms.bkb.rnp.br;monipe-ms-atraso.rnp.br
1750592758,2025-06-22 08:45:58,No-Hostname;No-Hostname;mxac-bac1.bkb.rnp.br;ro-ac-oi.bkb.rnp.br;cmt1-mxro-infobarra.bkb.rnp.br;mxms-cmt1-telebras.bkb.rnp.br;lanms-ms.bkb.rnp.br;monipe-ms-atraso.rnp.br
1750593120,2025-06-22 08:52:00,No-Hostname;No-Hostname;mxac-bac1.bkb.rnp.br;ro-ac-oi.bkb.rnp.br;cmt1-mxro-infobarra.bkb.rnp.br;mxms-cmt1-telebras.bkb.rnp.br;lanms-ms.bkb.rnp.br;monipe-ms-atraso.rnp.br
1750594079,2025-06-22 09:07:59,No-Hostname;No-Hostname;mxac-bac1.bkb.rnp.br;ro-ac-oi.bkb.rnp.br;cmt1-mxro-infobarra.bkb.rnp.br;mxms-cmt1-telebras.bkb.rnp.br;lanms-ms.bkb.rnp.br;monipe-ms-atraso.rnp.br
1750595184,2025-06-22 09:26:24,No-Hostname;No-Hostname;mxac-bac1.bkb.rnp.br;ro-ac-oi.bkb.rnp.br;cmt1-mxro-infobarra.bkb.rnp.br;mxms-cmt1-telebras.bkb.rnp.br;lanms-ms.bkb.rnp.br;monipe-ms-atraso.rnp.br
1750597142,2025-06-22 09:59:02,No-Hostname;No-Hostname;mxac-bac1.bkb.rnp.br;mxro-mxac-3g-allo.bkb.rnp.br;cmt1-mxro-infobarra.bkb.rnp.br;mxms-cmt1-telebras.bkb.rnp.br;lanms-ms.bkb.rnp.br;monipe-ms-atraso.rnp.br
1750598861,2025-06-22 10:27:41,No-Hostname;No-Hostname;mxac-bac1.bkb.rnp.br;ro-ac-oi.bkb.rnp.br;cmt1-mxro-infobarra.bkb.rnp.br;mxms-cmt1-telebras.bkb.rnp.br;lanms-ms.bkb.rnp.br;monipe-ms-atraso.rnp.br
1750599465,2025-06-22 10:37:45,No-Hostname;No-Hostname;mxac-bac1.bkb.rnp.br;mxro-mxac-3g-allo.bkb.rnp.br;cmt1-mxro-infobarra.bkb.rnp.br;mxms-cmt1-telebras.bkb.rnp.br;lanms-ms.bkb.rnp.br;monipe-ms-atraso.rnp.br
1750600685,2025-06-22 10:58:05,No-Hostname;No-Hostname;mxac-bac1.bkb.rnp.br;ro-ac-oi.bkb.rnp.br;cmt1-mxro-infobarra.bkb.rnp.br;mxms-cmt1-telebras.bkb.rnp.br;lanms-ms.bkb.rnp.br;monipe-ms-atraso.rnp.br
1750601063,2025-06-22 11:04:23,No-Hostname;No-Hostname;mxac-bac1.bkb.rnp.br;ro-ac-oi.bkb.rnp.br;cmt1-mxro-infobarra.bkb.rnp.br;mxms-cmt1-telebras.bkb.rnp.br;lanms-ms.bkb.rnp.br;monipe-ms-atraso.rnp.br
1750601788,2025-06-22 11:16:28,No-Hostname;No-Hostname;mxac-bac1.bkb.rnp.br;ro-ac-oi.bkb.rnp.br;cmt1-mxro-infobarra.bkb.rnp.br;mxms-cmt1-telebras.bkb.rnp.br;lanms-ms.bkb.rnp.br;monipe-ms-atraso.rnp.br
1750602319,2025-06-22 11:25:19,No-Hostname;No-Hostname;mxac-bac1.bkb.rnp.br;ro-ac-oi.bkb.rnp.br;cmt1-mxro-infobarra.bkb.rnp.br;mxms-cmt1-telebras.bkb.rnp.br;lanms-ms.bkb.rnp.br;monipe-ms-atraso.rnp.br
1750602681,2025-06-22 11:31:21,No-Hostname;No-Hostname;mxac-bac1.bkb.rnp.br;ro-ac-oi.bkb.rnp.br;cmt1-mxro-infobarra.bkb.rnp.br;mxms-cmt1-telebras.bkb.rnp.br;lanms-ms.bkb.rnp.br;monipe-ms-atraso.rnp.br
1750603625,2025-06-22 11:47:05,No-Hostname;No-Hostname;mxac-bac1.bkb.rnp.br;ro-ac-oi.bkb.rnp.br;cmt1-mxro-infobarra.bkb.rnp.br;mxms-cmt1-telebras.bkb.rnp.br;lanms-ms.bkb.rnp.br;monipe-ms-atraso.rnp.br
1750606050,2025-06-22 12:27:30,No-Hostname;No-Hostname;mxac-bac1.bkb.rnp.br;mxro-mxac-3g-allo.bkb.rnp.br;cmt1-mxro-infobarra.bkb.rnp.br;mxms-cmt1-telebras.bkb.rnp.br;lanms-ms.bkb.rnp.br;monipe-ms-atraso.rnp.br
1750606689,2025-06-22 12:38:09,No-Hostname;No-Hostname;mxac-bac1.bkb.rnp.br;ro-ac-oi.bkb.rnp.br;cmt1-mxro-infobarra.bkb.rnp.br;mxms-cmt1-telebras.bkb.rnp.br;lanms-ms.bkb.rnp.br;monipe-ms-atraso.rnp.br
1750606890,2025-06-22 12:41:30,No-Hostname;No-Hostname;mxac-bac1.bkb.rnp.br;ro-ac-oi.bkb.rnp.br;cmt1-mxro-infobarra.bkb.rnp.br;mxms-cmt1-telebras.bkb.rnp.br;lanms-ms.bkb.rnp.br;monipe-ms-atraso.rnp.br
1750607461,2025-06-22 12:51:01,No-Hostname;No-Hostname;mxac-bac1.bkb.rnp.br;mxro-mxac-3g-allo.bkb.rnp.br;cmt1-mxro-infobarra.bkb.rnp.br;mxms-cmt1-telebras.bkb.rnp.br;lanms-ms.bkb.rnp.br;monipe-ms-atraso.rnp.br
1750608121,2025-06-22 13:02:01,No-Hostname;No-Hostname;mxac-bac1.bkb.rnp.br;mxro-mxac-3g-allo.bkb.rnp.br;cmt1-mxro-infobarra.bkb.rnp.br;mxms-cmt1-telebras.bkb.rnp.br;lanms-ms.bkb.rnp.br;monipe-ms-atraso.rnp.br
1750608800,2025-06-22 13:13:20,No-Hostname;No-Hostname;mxac-bac1.bkb.rnp.br;mxro-mxac-3g-allo.bkb.rnp.br;cmt1-mxro-infobarra.bkb.rnp.br;mxms-cmt1-telebras.bkb.rnp.br;lanms-ms.bkb.rnp.br;monipe-ms-atraso.rnp.br
1750609369,2025-06-22 13:22:49,No-Hostname;No-Hostname;mxac-bac1.bkb.rnp.br;mxro-mxac-3g-allo.bkb.rnp.br;cmt1-mxro-infobarra.bkb.rnp.br;mxms-cmt1-telebras.bkb.rnp.br;lanms-ms.bkb.rnp.br;monipe-ms-atraso.rnp.br
1750609945,2025-06-22 13:32:25,No-Hostname;No-Hostname;mxac-bac1.bkb.rnp.br;mxro-mxac-3g-allo.bkb.rnp.br;cmt1-mxro-infobarra.bkb.rnp.br;mxms-cmt1-telebras.bkb.rnp.br;lanms-ms.bkb.rnp.br;monipe-ms-atraso.rnp.br
1750610892,2025-06-22 13:48:12,No-Hostname;No-Hostname;mxac-bac1.bkb.rnp.br;mxro-mxac-3g-allo.bkb.rnp.br;cmt1-mxro-infobarra.bkb.rnp.br;mxms-cmt1-telebras.bkb.rnp.br;lanms-ms.bkb.rnp.br;monipe-ms-atraso.rnp.br
1750611401,2025-06-22 13:56:41,No-Hostname;No-Hostname;mxac-bac1.bkb.rnp.br;ro-ac-oi.bkb.rnp.br;cmt1-mxro-infobarra.bkb.rnp.br;mxms-cmt1-telebras.bkb.rnp.br;lanms-ms.bkb.rnp.br;monipe-ms-atraso.rnp.br
1750611741,2025-06-22 14:02:21,No-Hostname;No-Hostname;mxac-bac1.bkb.rnp.br;ro-ac-oi.bkb.rnp.br;cmt1-mxro-infobarra.bkb.rnp.br;mxms-cmt1-telebras.bkb.rnp.br;lanms-ms.bkb.rnp.br;monipe-ms-atraso.rnp.br
1750612503,2025-06-22 14:15:03,No-Hostname;No-Hostname;mxac-bac1.bkb.rnp.br;ro-ac-oi.bkb.rnp.br;cmt1-mxro-infobarra.bkb.rnp.br;mxms-cmt1-telebras.bkb.rnp.br;lanms-ms.bkb.rnp.br;monipe-ms-atraso.rnp.br
1750612943,2025-06-22 14:22:23,No-Hostname;No-Hostname;mxac-bac1.bkb.rnp.br;ro-ac-oi.bkb.rnp.br;cmt1-mxro-infobarra.bkb.rnp.br;mxms-cmt1-telebras.bkb.rnp.br;lanms-ms.bkb.rnp.br;monipe-ms-atraso.rnp.br
1750613931,2025-06-22 14:38:51,No-Hostname;No-Hostname;mxac-bac1.bkb.rnp.br;ro-ac-oi.bkb.rnp.br;cmt1-mxro-infobarra.bkb.rnp.br;mxms-cmt1-telebras.bkb.rnp.br;lanms-ms.bkb.rnp.br;monipe-ms-atraso.rnp.br
1750614314,2025-06-22 14:45:14,No-Hostname;No-Hostname;mxac-bac1.bkb.rnp.br;ro-ac-oi.bkb.rnp.br;cmt1-mxro-infobarra.bkb.rnp.br;mxms-cmt1-telebras.bkb.rnp.br;lanms-ms.bkb.rnp.br;monipe-ms-atraso.rnp.br
1750614984,2025-06-22 14:56:24,No-Hostname;No-Hostname;mxac-bac1.bkb.rnp.br;ro-ac-oi.bkb.rnp.br;cmt1-mxro-infobarra.bkb.rnp.br;mxms-cmt1-telebras.bkb.rnp.br;lanms-ms.bkb.rnp.br;monipe-ms-atraso.rnp.br
1750615686,2025-06-22 15:08:06,No-Hostname;No-Hostname;mxac-bac1.bkb.rnp.br;ro-ac-oi.bkb.rnp.br;cmt1-mxro-infobarra.bkb.rnp.br;mxms-cmt1-telebras.bkb.rnp.br;lanms-ms.bkb.rnp.br;monipe-ms-atraso.rnp.br
1750616311,2025-06-22 15:18:31,No-Hostname;No-Hostname;mxac-bac1.bkb.rnp.br;ro-ac-oi.bkb.rnp.br;cmt1-mxro-infobarra.bkb.rnp.br;mxms-cmt1-telebras.bkb.rnp.br;lanms-ms.bkb.rnp.br;monipe-ms-atraso.rnp.br
1750616586,2025-06-22 15:23:06,No-Hostname;No-Hostname;mxac-bac1.bkb.rnp.br;ro-ac-oi.bkb.rnp.br;cmt1-mxro-infobarra.bkb.rnp.br;mxms-cmt1-telebras.bkb.rnp.br;lanms-ms.bkb.rnp.br;monipe-ms-atraso.rnp.br
1750617476,2025-06-22 15:37:56,No-Hostname;No-Hostname;mxac-bac1.bkb.rnp.br;ro-ac-oi.bkb.rnp.br;cmt1-mxro-infobarra.bkb.rnp.br;mxms-cmt1-telebras.bkb.rnp.br;lanms-ms.bkb.rnp.br;monipe-ms-atraso.rnp.br
1750618126,2025-06-22 15:48:46,No-Hostname;No-Hostname;mxac-bac1.bkb.rnp.br;ro-ac-oi.bkb.rnp.br;cmt1-mxro-infobarra.bkb.rnp.br;mxms-cmt1-telebras.bkb.rnp.br;lanms-ms.bkb.rnp.br;monipe-ms-atraso.rnp.br
1750619183,2025-06-22 16:06:23,No-Hostname;No-Hostname;mxac-bac1.bkb.rnp.br;mxro-mxac-3g-allo.bkb.rnp.br;cmt1-mxro-infobarra.bkb.rnp.br;mxms-cmt1-telebras.bkb.rnp.br;lanms-ms.bkb.rnp.br;monipe-ms-atraso.rnp.br
1750619731,2025-06-22 16:15:31,No-Hostname;No-Hostname;mxac-bac1.bkb.rnp.br;mxro-mxac-3g-allo.bkb.rnp.br;cmt1-mxro-infobarra.bkb.rnp.br;mxms-cmt1-telebras.bkb.rnp.br;lanms-ms.bkb.rnp.br;monipe-ms-atraso.rnp.br
1750620123,2025-06-22 16:22:03,No-Hostname;No-Hostname;mxac-bac1.bkb.rnp.br;ro-ac-oi.bkb.rnp.br;cmt1-mxro-infobarra.bkb.rnp.br;mxms-cmt1-telebras.bkb.rnp.br;lanms-ms.bkb.rnp.br;monipe-ms-atraso.rnp.br
1750620767,2025-06-22 16:32:47,No-Hostname;No-Hostname;mxac-bac1.bkb.rnp.br;ro-ac-oi.bkb.rnp.br;cmt1-mxro-infobarra.bkb.rnp.br;mxms-cmt1-telebras.bkb.rnp.br;lanms-ms.bkb.rnp.br;monipe-ms-atraso.rnp.br
1750621313,2025-06-22 16:41:53,No-Hostname;No-Hostname;mxac-bac1.bkb.rnp.br;ro-ac-oi.bkb.rnp.br;cmt1-mxro-infobarra.bkb.rnp.br;mxms-cmt1-telebras.bkb.rnp.br;lanms-ms.bkb.rnp.br;monipe-ms-atraso.rnp.br
1750622225,2025-06-22 16:57:05,No-Hostname;No-Hostname;mxac-bac1.bkb.rnp.br;ro-ac-oi.bkb.rnp.br;cmt1-mxro-infobarra.bkb.rnp.br;mxms-cmt1-telebras.bkb.rnp.br;lanms-ms.bkb.rnp.br;monipe-ms-atraso.rnp.br
1750622746,2025-06-22 17:05:46,No-Hostname;No-Hostname;mxac-bac1.bkb.rnp.br;ro-ac-oi.bkb.rnp.br;cmt1-mxro-infobarra.bkb.rnp.br;mxms-cmt1-telebras.bkb.rnp.br;lanms-ms.bkb.rnp.br;monipe-ms-atraso.rnp.br
1750623105,2025-06-22 17:11:45,No-Hostname;No-Hostname;mxac-bac1.bkb.rnp.br;ro-ac-oi.bkb.rnp.br;cmt1-mxro-infobarra.bkb.rnp.br;mxms-cmt1-telebras.bkb.rnp.br;lanms-ms.bkb.rnp.br;monipe-ms-atraso.rnp.br
1750623728,2025-06-22 17:22:08,No-Hostname;No-Hostname;mxac-bac1.bkb.rnp.br;ro-ac-oi.bkb.rnp.br;cmt1-mxro-infobarra.bkb.rnp.br;mxms-cmt1-telebras.bkb.rnp.br;lanms-ms.bkb.rnp.br;monipe-ms-atraso.rnp.br
1750624569,2025-06-22 17:36:09,No-Hostname;No-Hostname;mxac-bac1.bkb.rnp.br;ro-ac-oi.bkb.rnp.br;cmt1-mxro-infobarra.bkb.rnp.br;mxms-cmt1-telebras.bkb.rnp.br;lanms-ms.bkb.rnp.br;monipe-ms-atraso.rnp.br
1750625099,2025-06-22 17:44:59,No-Hostname;No-Hostname;mxac-bac1.bkb.rnp.br;ro-ac-oi.bkb.rnp.br;cmt1-mxro-infobarra.bkb.rnp.br;mxms-cmt1-telebras.bkb.rnp.br;lanms-ms.bkb.rnp.br;monipe-ms-atraso.rnp.br
1750625480,2025-06-22 17:51:20,No-Hostname;No-Hostname;mxac-bac1.bkb.rnp.br;ro-ac-oi.bkb.rnp.br;cmt1-mxro-infobarra.bkb.rnp.br;mxms-cmt1-telebras.bkb.rnp.br;lanms-ms.bkb.rnp.br;monipe-ms-atraso.rnp.br
1750626267,2025-06-22 18:04:27,No-Hostname;No-Hostname;mxac-bac1.bkb.rnp.br;ro-ac-oi.bkb.rnp.br;cmt1-mxro-infobarra.bkb.rnp.br;mxms-cmt1-telebras.bkb.rnp.br;lanms-ms.bkb.rnp.br;monipe-ms-atraso.rnp.br
1750626882,2025-06-22 18:14:42,No-Hostname;No-Hostname;mxac-bac1.bkb.rnp.br;ro-ac-oi.bkb.rnp.br;cmt1-mxro-infobarra.bkb.rnp.br;mxms-cmt1-telebras.bkb.rnp.br;lanms-ms.bkb.rnp.br;monipe-ms-atraso.rnp.br
1750627370,2025-06-22 18:22:50,No-Hostname;No-Hostname;mxac-bac1.bkb.rnp.br;ro-ac-oi.bkb.rnp.br;cmt1-mxro-infobarra.bkb.rnp.br;mxms-cmt1-telebras.bkb.rnp.br;lanms-ms.bkb.rnp.br;monipe-ms-atraso.rnp.br
1750628077,2025-06-22 18:34:37,No-Hostname;No-Hostname;mxac-bac1.bkb.rnp.br;ro-ac-oi.bkb.rnp.br;cmt1-mxro-infobarra.bkb.rnp.br;mxms-cmt1-telebras.bkb.rnp.br;lanms-ms.bkb.rnp.br;monipe-ms-atraso.rnp.br
1750628562,2025-06-22 18:42:42,No-Hostname;No-Hostname;mxac-bac1.bkb.rnp.br;ro-ac-oi.bkb.rnp.br;cmt1-mxro-infobarra.bkb.rnp.br;mxms-cmt1-telebras.bkb.rnp.br;lanms-ms.bkb.rnp.br;monipe-ms-atraso.rnp.br
1750629297,2025-06-22 18:54:57,No-Hostname;No-Hostname;mxac-bac1.bkb.rnp.br;ro-ac-oi.bkb.rnp.br;cmt1-mxro-infobarra.bkb.rnp.br;mxms-cmt1-telebras.bkb.rnp.br;lanms-ms.bkb.rnp.br;monipe-ms-atraso.rnp.br
1750629862,2025-06-22 19:04:22,No-Hostname;No-Hostname;mxac-bac1.bkb.rnp.br;ro-ac-oi.bkb.rnp.br;cmt1-mxro-infobarra.bkb.rnp.br;mxms-cmt1-telebras.bkb.rnp.br;lanms-ms.bkb.rnp.br;monipe-ms-atraso.rnp.br
1750630450,2025-06-22 19:14:10,No-Hostname;No-Hostname;mxac-bac1.bkb.rnp.br;ro-ac-oi.bkb.rnp.br;cmt1-mxro-infobarra.bkb.rnp.br;mxms-cmt1-telebras.bkb.rnp.br;lanms-ms.bkb.rnp.br;monipe-ms-atraso.rnp.br
1750630844,2025-06-22 19:20:44,No-Hostname;No-Hostname;mxac-bac1.bkb.rnp.br;ro-ac-oi.bkb.rnp.br;cmt1-mxro-infobarra.bkb.rnp.br;mxms-cmt1-telebras.bkb.rnp.br;lanms-ms.bkb.rnp.br;monipe-ms-atraso.rnp.br
1750631449,2025-06-22 19:30:49,No-Hostname;No-Hostname;mxac-bac1.bkb.rnp.br;ro-ac-oi.bkb.rnp.br;cmt1-mxro-infobarra.bkb.rnp.br;mxms-cmt1-telebras.bkb.rnp.br;lanms-ms.bkb.rnp.br;monipe-ms-atraso.rnp.br
1750632215,2025-06-22 19:43:35,No-Hostname;No-Hostname;mxac-bac1.bkb.rnp.br;mxro-mxac-3g-allo.bkb.rnp.br;cmt1-mxro-infobarra.bkb.rnp.br;mxms-cmt1-telebras.bkb.rnp.br;lanms-ms.bkb.rnp.br;monipe-ms-atraso.rnp.br
1750632653,2025-06-22 19:50:53,No-Hostname;No-Hostname;mxac-bac1.bkb.rnp.br;ro-ac-oi.bkb.rnp.br;cmt1-mxro-infobarra.bkb.rnp.br;mxms-cmt1-telebras.bkb.rnp.br;lanms-ms.bkb.rnp.br;monipe-ms-atraso.rnp.br
1750633505,2025-06-22 20:05:05,No-Hostname;No-Hostname;mxac-bac1.bkb.rnp.br;ro-ac-oi.bkb.rnp.br;cmt1-mxro-infobarra.bkb.rnp.br;mxms-cmt1-telebras.bkb.rnp.br;lanms-ms.bkb.rnp.br;monipe-ms-atraso.rnp.br
1750633906,2025-06-22 20:11:46,No-Hostname;No-Hostname;mxac-bac1.bkb.rnp.br;ro-ac-oi.bkb.rnp.br;cmt1-mxro-infobarra.bkb.rnp.br;mxms-cmt1-telebras.bkb.rnp.br;lanms-ms.bkb.rnp.br;monipe-ms-atraso.rnp.br
1750634575,2025-06-22 20:22:55,No-Hostname;No-Hostname;mxac-bac1.bkb.rnp.br;ro-ac-oi.bkb.rnp.br;cmt1-mxro-infobarra.bkb.rnp.br;mxms-cmt1-telebras.bkb.rnp.br;lanms-ms.bkb.rnp.br;monipe-ms-atraso.rnp.br
1750635293,2025-06-22 20:34:53,No-Hostname;No-Hostname;mxac-bac1.bkb.rnp.br;ro-ac-oi.bkb.rnp.br;cmt1-mxro-infobarra.bkb.rnp.br;mxms-cmt1-telebras.bkb.rnp.br;lanms-ms.bkb.rnp.br;monipe-ms-atraso.rnp.br
1750635952,2025-06-22 20:45:52,No-Hostname;No-Hostname;mxac-bac1.bkb.rnp.br;ro-ac-oi.bkb.rnp.br;cmt1-mxro-infobarra.bkb.rnp.br;mxms-cmt1-telebras.bkb.rnp.br;lanms-ms.bkb.rnp.br;monipe-ms-atraso.rnp.br
1750636653,2025-06-22 20:57:33,No-Hostname;No-Hostname;mxac-bac1.bkb.rnp.br;ro-ac-oi.bkb.rnp.br;cmt1-mxro-infobarra.bkb.rnp.br;mxms-cmt1-telebras.bkb.rnp.br;lanms-ms.bkb.rnp.br;monipe-ms-atraso.rnp.br
1750637111,2025-06-22 21:05:11,No-Hostname;No-Hostname;mxac-bac1.bkb.rnp.br;ro-ac-oi.bkb.rnp.br;cmt1-mxro-infobarra.bkb.rnp.br;mxms-cmt1-telebras.bkb.rnp.br;lanms-ms.bkb.rnp.br;monipe-ms-atraso.rnp.br
1750637482,2025-06-22 21:11:22,No-Hostname;No-Hostname;mxac-bac1.bkb.rnp.br;ro-ac-oi.bkb.rnp.br;cmt1-mxro-infobarra.bkb.rnp.br;mxms-cmt1-telebras.bkb.rnp.br;lanms-ms.bkb.rnp.br;monipe-ms-atraso.rnp.br
1750638254,2025-06-22 21:24:14,No-Hostname;No-Hostname;mxac-bac1.bkb.rnp.br;mxro-mxac-3g-allo.bkb.rnp.br;cmt1-mxro-infobarra.bkb.rnp.br;mxms-cmt1-telebras.bkb.rnp.br;lanms-ms.bkb.rnp.br;monipe-ms-atraso.rnp.br
1750639145,2025-06-22 21:39:05,No-Hostname;No-Hostname;mxac-bac1.bkb.rnp.br;ro-ac-oi.bkb.rnp.br;cmt1-mxro-infobarra.bkb.rnp.br;mxms-cmt1-telebras.bkb.rnp.br;lanms-ms.bkb.rnp.br;monipe-ms-atraso.rnp.br
1750639574,2025-06-22 21:46:14,No-Hostname;No-Hostname;mxac-bac1.bkb.rnp.br;ro-ac-oi.bkb.rnp.br;cmt1-mxro-infobarra.bkb.rnp.br;mxms-cmt1-telebras.bkb.rnp.br;lanms-ms.bkb.rnp.br;monipe-ms-atraso.rnp.br
1750640128,2025-06-22 21:55:28,No-Hostname;No-Hostname;mxac-bac1.bkb.rnp.br;mxro-mxac-3g-allo.bkb.rnp.br;cmt1-mxro-infobarra.bkb.rnp.br;mxms-cmt1-telebras.bkb.rnp.br;lanms-ms.bkb.rnp.br;monipe-ms-atraso.rnp.br
1750640724,2025-06-22 22:05:24,No-Hostname;No-Hostname;mxac-bac1.bkb.rnp.br;mxro-mxac-3g-allo.bkb.rnp.br;cmt1-mxro-infobarra.bkb.rnp.br;mxms-cmt1-telebras.bkb.rnp.br;lanms-ms.bkb.rnp.br;monipe-ms-atraso.rnp.br
1750641423,2025-06-22 22:17:03,No-Hostname;No-Hostname;mxac-bac1.bkb.rnp.br;mxro-mxac-3g-allo.bkb.rnp.br;cmt1-mxro-infobarra.bkb.rnp.br;mxms-cmt1-telebras.bkb.rnp.br;lanms-ms.bkb.rnp.br;monipe-ms-atraso.rnp.br
1750641761,2025-06-22 22:22:41,No-Hostname;No-Hostname;mxac-bac1.bkb.rnp.br;mxro-mxac-3g-allo.bkb.rnp.br;cmt1-mxro-infobarra.bkb.rnp.br;mxms-cmt1-telebras.bkb.rnp.br;lanms-ms.bkb.rnp.br;monipe-ms-atraso.rnp.br
1750642294,2025-06-22 22:31:34,No-Hostname;No-Hostname;mxac-bac1.bkb.rnp.br;mxro-mxac-3g-allo.bkb.rnp.br;cmt1-mxro-infobarra.bkb.rnp.br;mxms-cmt1-telebras.bkb.rnp.br;lanms-ms.bkb.rnp.br;monipe-ms-atraso.rnp.br
1750643120,2025-06-22 22:45:20,No-Hostname;No-Hostname;mxac-bac1.bkb.rnp.br;ro-ac-oi.bkb.rnp.br;cmt1-mxro-infobarra.bkb.rnp.br;mxms-cmt1-telebras.bkb.rnp.br;lanms-ms.bkb.rnp.br;monipe-ms-atraso.rnp.br
1750643454,2025-06-22 22:50:54,No-Hostname;No-Hostname;mxac-bac1.bkb.rnp.br;mxro-mxac-3g-allo.bkb.rnp.br;cmt1-mxro-infobarra.bkb.rnp.br;mxms-cmt1-telebras.bkb.rnp.br;lanms-ms.bkb.rnp.br;monipe-ms-atraso.rnp.br
1750644367,2025-06-22 23:06:07,No-Hostname;No-Hostname;mxac-bac1.bkb.rnp.br;mxro-mxac-3g-allo.bkb.rnp.br;cmt1-mxro-infobarra.bkb.rnp.br;mxms-cmt1-telebras.bkb.rnp.br;lanms-ms.bkb.rnp.br;monipe-ms-atraso.rnp.br
1750644930,2025-06-22 23:15:30,No-Hostname;No-Hostname;mxac-bac1.bkb.rnp.br;mxro-mxac-3g-allo.bkb.rnp.br;cmt1-mxro-infobarra.bkb.rnp.br;mxms-cmt1-telebras.bkb.rnp.br;lanms-ms.bkb.rnp.br;monipe-ms-atraso.rnp.br
1750645631,2025-06-22 23:27:11,No-Hostname;No-Hostname;mxac-bac1.bkb.rnp.br;mxro-mxac-3g-allo.bkb.rnp.br;cmt1-mxro-infobarra.bkb.rnp.br;mxms-cmt1-telebras.bkb.rnp.br;lanms-ms.bkb.rnp.br;monipe-ms-atraso.rnp.br
1750645890,2025-06-22 23:31:30,No-Hostname;No-Hostname;mxac-bac1.bkb.rnp.br;mxro-mxac-3g-allo.bkb.rnp.br;cmt1-mxro-infobarra.bkb.rnp.br;mxms-cmt1-telebras.bkb.rnp.br;lanms-ms.bkb.rnp.br;monipe-ms-atraso.rnp.br
1750646649,2025-06-22 23:44:09,No-Hostname;No-Hostname;mxac-bac1.bkb.rnp.br;mxro-mxac-3g-allo.bkb.rnp.br;cmt1-mxro-infobarra.bkb.rnp.br;mxms-cmt1-telebras.bkb.rnp.br;lanms-ms.bkb.rnp.br;monipe-ms-atraso.rnp.br
1750647475,2025-06-22 23:57:55,No-Hostname;No-Hostname;mxac-bac1.bkb.rnp.br;ro-ac-oi.bkb.rnp.br;cmt1-mxro-infobarra.bkb.rnp.br;mxms-cmt1-telebras.bkb.rnp.br;lanms-ms.bkb.rnp.br;monipe-ms-atraso.rnp.br
1750648039,2025-06-23 00:07:19,No-Hostname;No-Hostname;mxac-bac1.bkb.rnp.br;ro-ac-oi.bkb.rnp.br;cmt1-mxro-infobarra.bkb.rnp.br;mxms-cmt1-telebras.bkb.rnp.br;lanms-ms.bkb.rnp.br;monipe-ms-atraso.rnp.br
1750648473,2025-06-23 00:14:33,No-Hostname;No-Hostname;mxac-bac1.bkb.rnp.br;ro-ac-oi.bkb.rnp.br;cmt1-mxro-infobarra.bkb.rnp.br;mxms-cmt1-telebras.bkb.rnp.br;lanms-ms.bkb.rnp.br;monipe-ms-atraso.rnp.br
1750649231,2025-06-23 00:27:11,No-Hostname;No-Hostname;mxac-bac1.bkb.rnp.br;ro-ac-oi.bkb.rnp.br;cmt1-mxro-infobarra.bkb.rnp.br;mxms-cmt1-telebras.bkb.rnp.br;lanms-ms.bkb.rnp.br;monipe-ms-atraso.rnp.br
1750649833,2025-06-23 00:37:13,No-Hostname;No-Hostname;mxac-bac1.bkb.rnp.br;mxro-mxac-3g-allo.bkb.rnp.br;cmt1-mxro-infobarra.bkb.rnp.br;mxms-cmt1-telebras.bkb.rnp.br;lanms-ms.bkb.rnp.br;monipe-ms-atraso.rnp.br
1750650282,2025-06-23 00:44:42,No-Hostname;No-Hostname;mxac-bac1.bkb.rnp.br;mxro-mxac-3g-allo.bkb.rnp.br;cmt1-mxro-infobarra.bkb.rnp.br;mxms-cmt1-telebras.bkb.rnp.br;lanms-ms.bkb.rnp.br;monipe-ms-atraso.rnp.br
1750650968,2025-06-23 00:56:08,No-Hostname;No-Hostname;mxac-bac1.bkb.rnp.br;ro-ac-oi.bkb.rnp.br;cmt1-mxro-infobarra.bkb.rnp.br;mxms-cmt1-telebras.bkb.rnp.br;lanms-ms.bkb.rnp.br;monipe-ms-atraso.rnp.br
1750651630,2025-06-23 01:07:10,No-Hostname;No-Hostname;mxac-bac1.bkb.rnp.br;ro-ac-oi.bkb.rnp.br;cmt1-mxro-infobarra.bkb.rnp.br;mxms-cmt1-telebras.bkb.rnp.br;lanms-ms.bkb.rnp.br;monipe-ms-atraso.rnp.br
1750651906,2025-06-23 01:11:46,No-Hostname;No-Hostname;mxac-bac1.bkb.rnp.br;ro-ac-oi.bkb.rnp.br;cmt1-mxro-infobarra.bkb.rnp.br;mxms-cmt1-telebras.bkb.rnp.br;lanms-ms.bkb.rnp.br;monipe-ms-atraso.rnp.br
1750652955,2025-06-23 01:29:15,No-Hostname;No-Hostname;mxac-bac1.bkb.rnp.br;mxro-mxac-3g-allo.bkb.rnp.br;cmt1-mxro-infobarra.bkb.rnp.br;mxms-cmt1-telebras.bkb.rnp.br;lanms-ms.bkb.rnp.br;monipe-ms-atraso.rnp.br
1750653413,2025-06-23 01:36:53,No-Hostname;No-Hostname;mxac-bac1.bkb.rnp.br;mxro-mxac-3g-allo.bkb.rnp.br;cmt1-mxro-infobarra.bkb.rnp.br;mxms-cmt1-telebras.bkb.rnp.br;lanms-ms.bkb.rnp.br;monipe-ms-atraso.rnp.br
1750653811,2025-06-23 01:43:31,No-Hostname;No-Hostname;mxac-bac1.bkb.rnp.br;mxro-mxac-3g-allo.bkb.rnp.br;cmt1-mxro-infobarra.bkb.rnp.br;mxms-cmt1-telebras.bkb.rnp.br;lanms-ms.bkb.rnp.br;monipe-ms-atraso.rnp.br
1750654439,2025-06-23 01:53:59,No-Hostname;No-Hostname;mxac-bac1.bkb.rnp.br;ro-ac-oi.bkb.rnp.br;cmt1-mxro-infobarra.bkb.rnp.br;mxms-cmt1-telebras.bkb.rnp.br;lanms-ms.bkb.rnp.br;monipe-ms-atraso.rnp.br
1750655154,2025-06-23 02:05:54,No-Hostname;No-Hostname;mxac-bac1.bkb.rnp.br;ro-ac-oi.bkb.rnp.br;cmt1-mxro-infobarra.bkb.rnp.br;mxms-cmt1-telebras.bkb.rnp.br;lanms-ms.bkb.rnp.br;monipe-ms-atraso.rnp.br
1750655777,2025-06-23 02:16:17,No-Hostname;No-Hostname;mxac-bac1.bkb.rnp.br;ro-ac-oi.bkb.rnp.br;cmt1-mxro-infobarra.bkb.rnp.br;mxms-cmt1-telebras.bkb.rnp.br;lanms-ms.bkb.rnp.br;monipe-ms-atraso.rnp.br
1750656142,2025-06-23 02:22:22,No-Hostname;No-Hostname;mxac-bac1.bkb.rnp.br;mxro-mxac-3g-allo.bkb.rnp.br;cmt1-mxro-infobarra.bkb.rnp.br;mxms-cmt1-telebras.bkb.rnp.br;lanms-ms.bkb.rnp.br;monipe-ms-atraso.rnp.br
1750657042,2025-06-23 02:37:22,No-Hostname;No-Hostname;mxac-bac1.bkb.rnp.br;mxro-mxac-3g-allo.bkb.rnp.br;cmt1-mxro-infobarra.bkb.rnp.br;mxms-cmt1-telebras.bkb.rnp.br;lanms-ms.bkb.rnp.br;monipe-ms-atraso.rnp.br
1750657304,2025-06-23 02:41:44,No-Hostname;No-Hostname;mxac-bac1.bkb.rnp.br;mxro-mxac-3g-allo.bkb.rnp.br;cmt1-mxro-infobarra.bkb.rnp.br;mxms-cmt1-telebras.bkb.rnp.br;lanms-ms.bkb.rnp.br;monipe-ms-atraso.rnp.br
1750658239,2025-06-23 02:57:19,No-Hostname;No-Hostname;mxac-bac1.bkb.rnp.br;mxro-mxac-3g-allo.bkb.rnp.br;cmt1-mxro-infobarra.bkb.rnp.br;mxms-cmt1-telebras.bkb.rnp.br;lanms-ms.bkb.rnp.br;monipe-ms-atraso.rnp.br
1750658473,2025-06-23 03:01:13,No-Hostname;No-Hostname;mxac-bac1.bkb.rnp.br;mxro-mxac-3g-allo.bkb.rnp.br;cmt1-mxro-infobarra.bkb.rnp.br;mxms-cmt1-telebras.bkb.rnp.br;lanms-ms.bkb.rnp.br;monipe-ms-atraso.rnp.br
1750659089,2025-06-23 03:11:29,No-Hostname;No-Hostname;mxac-bac1.bkb.rnp.br;mxro-mxac-3g-allo.bkb.rnp.br;cmt1-mxro-infobarra.bkb.rnp.br;mxms-cmt1-telebras.bkb.rnp.br;lanms-ms.bkb.rnp.br;monipe-ms-atraso.rnp.br
1750659777,2025-06-23 03:22:57,No-Hostname;No-Hostname;mxac-bac1.bkb.rnp.br;ro-ac-oi.bkb.rnp.br;cmt1-mxro-infobarra.bkb.rnp.br;mxms-cmt1-telebras.bkb.rnp.br;lanms-ms.bkb.rnp.br;monipe-ms-atraso.rnp.br
1750660565,2025-06-23 03:36:05,No-Hostname;No-Hostname;mxac-bac1.bkb.rnp.br;ro-ac-oi.bkb.rnp.br;cmt1-mxro-infobarra.bkb.rnp.br;mxms-cmt1-telebras.bkb.rnp.br;lanms-ms.bkb.rnp.br;monipe-ms-atraso.rnp.br
1750661853,2025-06-23 03:57:33,No-Hostname;No-Hostname;mxac-bac1.bkb.rnp.br;ro-ac-oi.bkb.rnp.br;cmt1-mxro-infobarra.bkb.rnp.br;mxms-cmt1-telebras.bkb.rnp.br;lanms-ms.bkb.rnp.br;monipe-ms-atraso.rnp.br
1750662066,2025-06-23 04:01:06,No-Hostname;No-Hostname;mxac-bac1.bkb.rnp.br;ro-ac-oi.bkb.rnp.br;cmt1-mxro-infobarra.bkb.rnp.br;mxms-cmt1-telebras.bkb.rnp.br;lanms-ms.bkb.rnp.br;monipe-ms-atraso.rnp.br
1750662630,2025-06-23 04:10:30,No-Hostname;No-Hostname;mxac-bac1.bkb.rnp.br;ro-ac-oi.bkb.rnp.br;cmt1-mxro-infobarra.bkb.rnp.br;mxms-cmt1-telebras.bkb.rnp.br;lanms-ms.bkb.rnp.br;monipe-ms-atraso.rnp.br
1750663228,2025-06-23 04:20:28,No-Hostname;No-Hostname;mxac-bac1.bkb.rnp.br;mxro-mxac-3g-allo.bkb.rnp.br;cmt1-mxro-infobarra.bkb.rnp.br;mxms-cmt1-telebras.bkb.rnp.br;lanms-ms.bkb.rnp.br;monipe-ms-atraso.rnp.br
1750664244,2025-06-23 04:37:24,No-Hostname;No-Hostname;mxac-bac1.bkb.rnp.br;mxro-mxac-3g-allo.bkb.rnp.br;cmt1-mxro-infobarra.bkb.rnp.br;mxms-cmt1-telebras.bkb.rnp.br;lanms-ms.bkb.rnp.br;monipe-ms-atraso.rnp.br
1750664475,2025-06-23 04:41:15,No-Hostname;No-Hostname;mxac-bac1.bkb.rnp.br;mxro-mxac-3g-allo.bkb.rnp.br;cmt1-mxro-infobarra.bkb.rnp.br;mxms-cmt1-telebras.bkb.rnp.br;lanms-ms.bkb.rnp.br;monipe-ms-atraso.rnp.br
1750665285,2025-06-23 04:54:45,No-Hostname;No-Hostname;mxac-bac1.bkb.rnp.br;ro-ac-oi.bkb.rnp.br;cmt1-mxro-infobarra.bkb.rnp.br;mxms-cmt1-telebras.bkb.rnp.br;lanms-ms.bkb.rnp.br;monipe-ms-atraso.rnp.br
1750665686,2025-06-23 05:01:26,No-Hostname;No-Hostname;mxac-bac1.bkb.rnp.br;mxro-mxac-3g-allo.bkb.rnp.br;cmt1-mxro-infobarra.bkb.rnp.br;mxms-cmt1-telebras.bkb.rnp.br;lanms-ms.bkb.rnp.br;monipe-ms-atraso.rnp.br
1750666399,2025-06-23 05:13:19,No-Hostname;No-Hostname;mxac-bac1.bkb.rnp.br;mxro-mxac-3g-allo.bkb.rnp.br;cmt1-mxro-infobarra.bkb.rnp.br;mxms-cmt1-telebras.bkb.rnp.br;lanms-ms.bkb.rnp.br;monipe-ms-atraso.rnp.br
1750667351,2025-06-23 05:29:11,No-Hostname;No-Hostname;mxac-bac1.bkb.rnp.br;mxro-mxac-3g-allo.bkb.rnp.br;cmt1-mxro-infobarra.bkb.rnp.br;mxms-cmt1-telebras.bkb.rnp.br;lanms-ms.bkb.rnp.br;monipe-ms-atraso.rnp.br
1750667936,2025-06-23 05:38:56,No-Hostname;No-Hostname;mxac-bac1.bkb.rnp.br;ro-ac-oi.bkb.rnp.br;cmt1-mxro-infobarra.bkb.rnp.br;mxms-cmt1-telebras.bkb.rnp.br;lanms-ms.bkb.rnp.br;monipe-ms-atraso.rnp.br
1750668196,2025-06-23 05:43:16,No-Hostname;No-Hostname;mxac-bac1.bkb.rnp.br;ro-ac-oi.bkb.rnp.br;cmt1-mxro-infobarra.bkb.rnp.br;mxms-cmt1-telebras.bkb.rnp.br;lanms-ms.bkb.rnp.br;monipe-ms-atraso.rnp.br
1750668832,2025-06-23 05:53:52,No-Hostname;No-Hostname;mxac-bac1.bkb.rnp.br;mxro-mxac-3g-allo.bkb.rnp.br;cmt1-mxro-infobarra.bkb.rnp.br;mxms-cmt1-telebras.bkb.rnp.br;lanms-ms.bkb.rnp.br;monipe-ms-atraso.rnp.br
1750669226,2025-06-23 06:00:26,No-Hostname;No-Hostname;mxac-bac1.bkb.rnp.br;mxro-mxac-3g-allo.bkb.rnp.br;cmt1-mxro-infobarra.bkb.rnp.br;mxms-cmt1-telebras.bkb.rnp.br;lanms-ms.bkb.rnp.br;monipe-ms-atraso.rnp.br
1750670215,2025-06-23 06:16:55,No-Hostname;No-Hostname;mxac-bac1.bkb.rnp.br;mxro-mxac-3g-allo.bkb.rnp.br;cmt1-mxro-infobarra.bkb.rnp.br;mxms-cmt1-telebras.bkb.rnp.br;lanms-ms.bkb.rnp.br;monipe-ms-atraso.rnp.br
1750670635,2025-06-23 06:23:55,No-Hostname;No-Hostname;mxac-bac1.bkb.rnp.br;mxro-mxac-3g-allo.bkb.rnp.br;cmt1-mxro-infobarra.bkb.rnp.br;mxms-cmt1-telebras.bkb.rnp.br;lanms-ms.bkb.rnp.br;monipe-ms-atraso.rnp.br
1750671905,2025-06-23 06:45:05,No-Hostname;No-Hostname;mxac-bac1.bkb.rnp.br;ro-ac-oi.bkb.rnp.br;cmt1-mxro-infobarra.bkb.rnp.br;mxms-cmt1-telebras.bkb.rnp.br;lanms-ms.bkb.rnp.br;monipe-ms-atraso.rnp.br
1750672559,2025-06-23 06:55:59,No-Hostname;No-Hostname;mxac-bac1.bkb.rnp.br;mxro-mxac-3g-allo.bkb.rnp.br;cmt1-mxro-infobarra.bkb.rnp.br;mxms-cmt1-telebras.bkb.rnp.br;lanms-ms.bkb.rnp.br;monipe-ms-atraso.rnp.br
1750673288,2025-06-23 07:08:08,No-Hostname;No-Hostname;mxac-bac1.bkb.rnp.br;mxro-mxac-3g-allo.bkb.rnp.br;cmt1-mxro-infobarra.bkb.rnp.br;mxms-cmt1-telebras.bkb.rnp.br;lanms-ms.bkb.rnp.br;monipe-ms-atraso.rnp.br
1750673724,2025-06-23 07:15:24,No-Hostname;No-Hostname;mxac-bac1.bkb.rnp.br;mxro-mxac-3g-allo.bkb.rnp.br;cmt1-mxro-infobarra.bkb.rnp.br;mxms-cmt1-telebras.bkb.rnp.br;lanms-ms.bkb.rnp.br;monipe-ms-atraso.rnp.br
1750674172,2025-06-23 07:22:52,No-Hostname;No-Hostname;mxac-bac1.bkb.rnp.br;ro-ac-oi.bkb.rnp.br;cmt1-mxro-infobarra.bkb.rnp.br;mxms-cmt1-telebras.bkb.rnp.br;lanms-ms.bkb.rnp.br;monipe-ms-atraso.rnp.br
1750675065,2025-06-23 07:37:45,No-Hostname;No-Hostname;mxac-bac1.bkb.rnp.br;mxro-mxac-3g-allo.bkb.rnp.br;cmt1-mxro-infobarra.bkb.rnp.br;mxms-cmt1-telebras.bkb.rnp.br;lanms-ms.bkb.rnp.br;monipe-ms-atraso.rnp.br
1750676013,2025-06-23 07:53:33,No-Hostname;No-Hostname;mxac-bac1.bkb.rnp.br;mxro-mxac-3g-allo.bkb.rnp.br;cmt1-mxro-infobarra.bkb.rnp.br;mxms-cmt1-telebras.bkb.rnp.br;lanms-ms.bkb.rnp.br;monipe-ms-atraso.rnp.br
1750676806,2025-06-23 08:06:46,No-Hostname;No-Hostname;mxac-bac1.bkb.rnp.br;mxro-mxac-3g-allo.bkb.rnp.br;cmt1-mxro-infobarra.bkb.rnp.br;mxms-cmt1-telebras.bkb.rnp.br;lanms-ms.bkb.rnp.br;monipe-ms-atraso.rnp.br
1750677168,2025-06-23 08:12:48,No-Hostname;No-Hostname;mxac-bac1.bkb.rnp.br;mxro-mxac-3g-allo.bkb.rnp.br;cmt1-mxro-infobarra.bkb.rnp.br;mxms-cmt1-telebras.bkb.rnp.br;lanms-ms.bkb.rnp.br;monipe-ms-atraso.rnp.br
1750677853,2025-06-23 08:24:13,No-Hostname;No-Hostname;mxac-bac1.bkb.rnp.br;mxro-mxac-3g-allo.bkb.rnp.br;cmt1-mxro-infobarra.bkb.rnp.br;mxms-cmt1-telebras.bkb.rnp.br;lanms-ms.bkb.rnp.br;monipe-ms-atraso.rnp.br
1750678693,2025-06-23 08:38:13,No-Hostname;No-Hostname;mxac-bac1.bkb.rnp.br;ro-ac-oi.bkb.rnp.br;cmt1-mxro-infobarra.bkb.rnp.br;mxms-cmt1-telebras.bkb.rnp.br;lanms-ms.bkb.rnp.br;monipe-ms-atraso.rnp.br
1750678927,2025-06-23 08:42:07,No-Hostname;No-Hostname;mxac-bac1.bkb.rnp.br;mxro-mxac-3g-allo.bkb.rnp.br;cmt1-mxro-infobarra.bkb.rnp.br;mxms-cmt1-telebras.bkb.rnp.br;lanms-ms.bkb.rnp.br;monipe-ms-atraso.rnp.br
1750679467,2025-06-23 08:51:07,No-Hostname;No-Hostname;mxac-bac1.bkb.rnp.br;ro-ac-oi.bkb.rnp.br;cmt1-mxro-infobarra.bkb.rnp.br;mxms-cmt1-telebras.bkb.rnp.br;lanms-ms.bkb.rnp.br;monipe-ms-atraso.rnp.br
1750680153,2025-06-23 09:02:33,No-Hostname;No-Hostname;mxac-bac1.bkb.rnp.br;ro-ac-oi.bkb.rnp.br;cmt1-mxro-infobarra.bkb.rnp.br;mxms-cmt1-telebras.bkb.rnp.br;lanms-ms.bkb.rnp.br;monipe-ms-atraso.rnp.br
1750680894,2025-06-23 09:14:54,No-Hostname;No-Hostname;mxac-bac1.bkb.rnp.br;ro-ac-oi.bkb.rnp.br;cmt1-mxro-infobarra.bkb.rnp.br;mxms-cmt1-telebras.bkb.rnp.br;lanms-ms.bkb.rnp.br;monipe-ms-atraso.rnp.br
1750682304,2025-06-23 09:38:24,No-Hostname;No-Hostname;mxac-bac1.bkb.rnp.br;ro-ac-oi.bkb.rnp.br;cmt1-mxro-infobarra.bkb.rnp.br;mxms-cmt1-telebras.bkb.rnp.br;lanms-ms.bkb.rnp.br;monipe-ms-atraso.rnp.br
1750683896,2025-06-23 10:04:56,No-Hostname;No-Hostname;mxac-bac1.bkb.rnp.br;ro-ac-oi.bkb.rnp.br;cmt1-mxro-infobarra.bkb.rnp.br;mxms-cmt1-telebras.bkb.rnp.br;lanms-ms.bkb.rnp.br;monipe-ms-atraso.rnp.br
1750684610,2025-06-23 10:16:50,No-Hostname;No-Hostname;mxac-bac1.bkb.rnp.br;ro-ac-oi.bkb.rnp.br;cmt1-mxro-infobarra.bkb.rnp.br;mxms-cmt1-telebras.bkb.rnp.br;lanms-ms.bkb.rnp.br;monipe-ms-atraso.rnp.br
1750686978,2025-06-23 10:56:18,No-Hostname;No-Hostname;mxac-bac1.bkb.rnp.br;ro-ac-oi.bkb.rnp.br;cmt1-mxro-infobarra.bkb.rnp.br;mxms-cmt1-telebras.bkb.rnp.br;lanms-ms.bkb.rnp.br;monipe-ms-atraso.rnp.br
1750687688,2025-06-23 11:08:08,No-Hostname;No-Hostname;mxac-bac1.bkb.rnp.br;ro-ac-oi.bkb.rnp.br;cmt1-mxro-infobarra.bkb.rnp.br;mxms-cmt1-telebras.bkb.rnp.br;lanms-ms.bkb.rnp.br;monipe-ms-atraso.rnp.br
1750687993,2025-06-23 11:13:13,No-Hostname;No-Hostname;mxac-bac1.bkb.rnp.br;ro-ac-oi.bkb.rnp.br;cmt1-mxro-infobarra.bkb.rnp.br;mxms-cmt1-telebras.bkb.rnp.br;lanms-ms.bkb.rnp.br;monipe-ms-atraso.rnp.br
1750688725,2025-06-23 11:25:25,No-Hostname;No-Hostname;mxac-bac1.bkb.rnp.br;mxro-mxac-3g-allo.bkb.rnp.br;cmt1-mxro-infobarra.bkb.rnp.br;mxms-cmt1-telebras.bkb.rnp.br;lanms-ms.bkb.rnp.br;monipe-ms-atraso.rnp.br
1750689177,2025-06-23 11:32:57,No-Hostname;No-Hostname;mxac-bac1.bkb.rnp.br;mxro-mxac-3g-allo.bkb.rnp.br;cmt1-mxro-infobarra.bkb.rnp.br;mxms-cmt1-telebras.bkb.rnp.br;lanms-ms.bkb.rnp.br;monipe-ms-atraso.rnp.br
1750689777,2025-06-23 11:42:57,No-Hostname;No-Hostname;mxac-bac1.bkb.rnp.br;mxro-mxac-3g-allo.bkb.rnp.br;cmt1-mxro-infobarra.bkb.rnp.br;mxms-cmt1-telebras.bkb.rnp.br;lanms-ms.bkb.rnp.br;monipe-ms-atraso.rnp.br
1750690457,2025-06-23 11:54:17,No-Hostname;No-Hostname;mxac-bac1.bkb.rnp.br;mxro-mxac-3g-allo.bkb.rnp.br;cmt1-mxro-infobarra.bkb.rnp.br;mxms-cmt1-telebras.bkb.rnp.br;lanms-ms.bkb.rnp.br;monipe-ms-atraso.rnp.br
1750692298,2025-06-23 12:24:58,No-Hostname;No-Hostname;mxac-bac1.bkb.rnp.br;ro-ac-oi.bkb.rnp.br;cmt1-mxro-infobarra.bkb.rnp.br;mxms-cmt1-telebras.bkb.rnp.br;lanms-ms.bkb.rnp.br;monipe-ms-atraso.rnp.br
1750692694,2025-06-23 12:31:34,No-Hostname;No-Hostname;mxac-bac1.bkb.rnp.br;ro-ac-oi.bkb.rnp.br;cmt1-mxro-infobarra.bkb.rnp.br;mxms-cmt1-telebras.bkb.rnp.br;lanms-ms.bkb.rnp.br;monipe-ms-atraso.rnp.br
1750693428,2025-06-23 12:43:48,No-Hostname;No-Hostname;mxac-bac1.bkb.rnp.br;mxro-mxac-3g-allo.bkb.rnp.br;cmt1-mxro-infobarra.bkb.rnp.br;mxms-cmt1-telebras.bkb.rnp.br;lanms-ms.bkb.rnp.br;monipe-ms-atraso.rnp.br
1750694072,2025-06-23 12:54:32,No-Hostname;No-Hostname;mxac-bac1.bkb.rnp.br;ro-ac-oi.bkb.rnp.br;cmt1-mxro-infobarra.bkb.rnp.br;mxms-cmt1-telebras.bkb.rnp.br;lanms-ms.bkb.rnp.br;monipe-ms-atraso.rnp.br
1750694837,2025-06-23 13:07:17,No-Hostname;No-Hostname;mxac-bac1.bkb.rnp.br;ro-ac-oi.bkb.rnp.br;cmt1-mxro-infobarra.bkb.rnp.br;mxms-cmt1-telebras.bkb.rnp.br;lanms-ms.bkb.rnp.br;monipe-ms-atraso.rnp.br
1750695161,2025-06-23 13:12:41,No-Hostname;No-Hostname;mxac-bac1.bkb.rnp.br;ro-ac-oi.bkb.rnp.br;cmt1-mxro-infobarra.bkb.rnp.br;mxms-cmt1-telebras.bkb.rnp.br;lanms-ms.bkb.rnp.br;monipe-ms-atraso.rnp.br
1750695714,2025-06-23 13:21:54,No-Hostname;No-Hostname;mxac-bac1.bkb.rnp.br;mxro-mxac-3g-allo.bkb.rnp.br;cmt1-mxro-infobarra.bkb.rnp.br;mxms-cmt1-telebras.bkb.rnp.br;lanms-ms.bkb.rnp.br;monipe-ms-atraso.rnp.br
1750696664,2025-06-23 13:37:44,No-Hostname;No-Hostname;mxac-bac1.bkb.rnp.br;ro-ac-oi.bkb.rnp.br;cmt1-mxro-infobarra.bkb.rnp.br;mxms-cmt1-telebras.bkb.rnp.br;lanms-ms.bkb.rnp.br;monipe-ms-atraso.rnp.br
1750697790,2025-06-23 13:56:30,No-Hostname;No-Hostname;mxac-bac1.bkb.rnp.br;ro-ac-oi.bkb.rnp.br;cmt1-mxro-infobarra.bkb.rnp.br;mxms-cmt1-telebras.bkb.rnp.br;lanms-ms.bkb.rnp.br;monipe-ms-atraso.rnp.br
1750698218,2025-06-23 14:03:38,No-Hostname;No-Hostname;mxac-bac1.bkb.rnp.br;mxro-mxac-3g-allo.bkb.rnp.br;cmt1-mxro-infobarra.bkb.rnp.br;mxms-cmt1-telebras.bkb.rnp.br;lanms-ms.bkb.rnp.br;monipe-ms-atraso.rnp.br
1750698797,2025-06-23 14:13:17,No-Hostname;No-Hostname;mxac-bac1.bkb.rnp.br;mxro-mxac-3g-allo.bkb.rnp.br;cmt1-mxro-infobarra.bkb.rnp.br;mxms-cmt1-telebras.bkb.rnp.br;lanms-ms.bkb.rnp.br;monipe-ms-atraso.rnp.br
1750700521,2025-06-23 14:42:01,No-Hostname;No-Hostname;mxac-bac1.bkb.rnp.br;mxro-mxac-3g-allo.bkb.rnp.br;cmt1-mxro-infobarra.bkb.rnp.br;mxms-cmt1-telebras.bkb.rnp.br;lanms-ms.bkb.rnp.br;monipe-ms-atraso.rnp.br
1750701419,2025-06-23 14:56:59,No-Hostname;No-Hostname;mxac-bac1.bkb.rnp.br;ro-ac-oi.bkb.rnp.br;cmt1-mxro-infobarra.bkb.rnp.br;mxms-cmt1-telebras.bkb.rnp.br;lanms-ms.bkb.rnp.br;monipe-ms-atraso.rnp.br
1750702034,2025-06-23 15:07:14,No-Hostname;No-Hostname;mxac-bac1.bkb.rnp.br;ro-ac-oi.bkb.rnp.br;cmt1-mxro-infobarra.bkb.rnp.br;mxms-cmt1-telebras.bkb.rnp.br;lanms-ms.bkb.rnp.br;monipe-ms-atraso.rnp.br
1750703326,2025-06-23 15:28:46,No-Hostname;No-Hostname;mxac-bac1.bkb.rnp.br;ro-ac-oi.bkb.rnp.br;cmt1-mxro-infobarra.bkb.rnp.br;mxms-cmt1-telebras.bkb.rnp.br;lanms-ms.bkb.rnp.br;monipe-ms-atraso.rnp.br
1750703520,2025-06-23 15:32:00,No-Hostname;No-Hostname;mxac-bac1.bkb.rnp.br;ro-ac-oi.bkb.rnp.br;cmt1-mxro-infobarra.bkb.rnp.br;mxms-cmt1-telebras.bkb.rnp.br;lanms-ms.bkb.rnp.br;monipe-ms-atraso.rnp.br
1750704866,2025-06-23 15:54:26,No-Hostname;No-Hostname;mxac-bac1.bkb.rnp.br;ro-ac-oi.bkb.rnp.br;cmt1-mxro-infobarra.bkb.rnp.br;mxms-cmt1-telebras.bkb.rnp.br;lanms-ms.bkb.rnp.br;monipe-ms-atraso.rnp.br
1750705490,2025-06-23 16:04:50,No-Hostname;No-Hostname;mxac-bac1.bkb.rnp.br;ro-ac-oi.bkb.rnp.br;cmt1-mxro-infobarra.bkb.rnp.br;mxms-cmt1-telebras.bkb.rnp.br;lanms-ms.bkb.rnp.br;monipe-ms-atraso.rnp.br
1750706299,2025-06-23 16:18:19,No-Hostname;No-Hostname;mxac-bac1.bkb.rnp.br;ro-ac-oi.bkb.rnp.br;cmt1-mxro-infobarra.bkb.rnp.br;mxms-cmt1-telebras.bkb.rnp.br;lanms-ms.bkb.rnp.br;monipe-ms-atraso.rnp.br
1750706583,2025-06-23 16:23:03,No-Hostname;No-Hostname;mxac-bac1.bkb.rnp.br;mxro-mxac-3g-allo.bkb.rnp.br;cmt1-mxro-infobarra.bkb.rnp.br;mxms-cmt1-telebras.bkb.rnp.br;lanms-ms.bkb.rnp.br;monipe-ms-atraso.rnp.br
1750707202,2025-06-23 16:33:22,No-Hostname;No-Hostname;mxac-bac1.bkb.rnp.br;mxro-mxac-3g-allo.bkb.rnp.br;cmt1-mxro-infobarra.bkb.rnp.br;mxms-cmt1-telebras.bkb.rnp.br;lanms-ms.bkb.rnp.br;monipe-ms-atraso.rnp.br
1750707666,2025-06-23 16:41:06,No-Hostname;No-Hostname;mxac-bac1.bkb.rnp.br;ro-ac-oi.bkb.rnp.br;cmt1-mxro-infobarra.bkb.rnp.br;mxms-cmt1-telebras.bkb.rnp.br;lanms-ms.bkb.rnp.br;monipe-ms-atraso.rnp.br
1750708506,2025-06-23 16:55:06,No-Hostname;No-Hostname;mxac-bac1.bkb.rnp.br;ro-ac-oi.bkb.rnp.br;cmt1-mxro-infobarra.bkb.rnp.br;mxms-cmt1-telebras.bkb.rnp.br;lanms-ms.bkb.rnp.br;monipe-ms-atraso.rnp.br
1750709089,2025-06-23 17:04:49,No-Hostname;No-Hostname;mxac-bac1.bkb.rnp.br;ro-ac-oi.bkb.rnp.br;cmt1-mxro-infobarra.bkb.rnp.br;mxms-cmt1-telebras.bkb.rnp.br;lanms-ms.bkb.rnp.br;monipe-ms-atraso.rnp.br
1750709949,2025-06-23 17:19:09,No-Hostname;No-Hostname;mxac-bac1.bkb.rnp.br;ro-ac-oi.bkb.rnp.br;cmt1-mxro-infobarra.bkb.rnp.br;mxms-cmt1-telebras.bkb.rnp.br;lanms-ms.bkb.rnp.br;monipe-ms-atraso.rnp.br
1750710438,2025-06-23 17:27:18,No-Hostname;No-Hostname;mxac-bac1.bkb.rnp.br;mxro-mxac-3g-allo.bkb.rnp.br;cmt1-mxro-infobarra.bkb.rnp.br;mxms-cmt1-telebras.bkb.rnp.br;lanms-ms.bkb.rnp.br;monipe-ms-atraso.rnp.br
1750711033,2025-06-23 17:37:13,No-Hostname;No-Hostname;mxac-bac1.bkb.rnp.br;ro-ac-oi.bkb.rnp.br;cmt1-mxro-infobarra.bkb.rnp.br;mxms-cmt1-telebras.bkb.rnp.br;lanms-ms.bkb.rnp.br;monipe-ms-atraso.rnp.br
1750711738,2025-06-23 17:48:58,No-Hostname;No-Hostname;mxac-bac1.bkb.rnp.br;ro-ac-oi.bkb.rnp.br;cmt1-mxro-infobarra.bkb.rnp.br;mxms-cmt1-telebras.bkb.rnp.br;lanms-ms.bkb.rnp.br;monipe-ms-atraso.rnp.br
1750711980,2025-06-23 17:53:00,No-Hostname;No-Hostname;mxac-bac1.bkb.rnp.br;mxro-mxac-3g-allo.bkb.rnp.br;cmt1-mxro-infobarra.bkb.rnp.br;mxms-cmt1-telebras.bkb.rnp.br;lanms-ms.bkb.rnp.br;monipe-ms-atraso.rnp.br
1750712631,2025-06-23 18:03:51,No-Hostname;No-Hostname;mxac-bac1.bkb.rnp.br;mxro-mxac-3g-allo.bkb.rnp.br;cmt1-mxro-infobarra.bkb.rnp.br;mxms-cmt1-telebras.bkb.rnp.br;lanms-ms.bkb.rnp.br;monipe-ms-atraso.rnp.br
1750713504,2025-06-23 18:18:24,No-Hostname;No-Hostname;mxac-bac1.bkb.rnp.br;mxro-mxac-3g-allo.bkb.rnp.br;cmt1-mxro-infobarra.bkb.rnp.br;mxms-cmt1-telebras.bkb.rnp.br;lanms-ms.bkb.rnp.br;monipe-ms-atraso.rnp.br
1750713900,2025-06-23 18:25:00,No-Hostname;No-Hostname;mxac-bac1.bkb.rnp.br;ro-ac-oi.bkb.rnp.br;cmt1-mxro-infobarra.bkb.rnp.br;mxms-cmt1-telebras.bkb.rnp.br;lanms-ms.bkb.rnp.br;monipe-ms-atraso.rnp.br
1750714512,2025-06-23 18:35:12,No-Hostname;No-Hostname;mxac-bac1.bkb.rnp.br;ro-ac-oi.bkb.rnp.br;cmt1-mxro-infobarra.bkb.rnp.br;mxms-cmt1-telebras.bkb.rnp.br;lanms-ms.bkb.rnp.br;monipe-ms-atraso.rnp.br
1750715184,2025-06-23 18:46:24,No-Hostname;No-Hostname;mxac-bac1.bkb.rnp.br;ro-ac-oi.bkb.rnp.br;cmt1-mxro-infobarra.bkb.rnp.br;mxms-cmt1-telebras.bkb.rnp.br;lanms-ms.bkb.rnp.br;monipe-ms-atraso.rnp.br
1750715563,2025-06-23 18:52:43,No-Hostname;No-Hostname;mxac-bac1.bkb.rnp.br;ro-ac-oi.bkb.rnp.br;cmt1-mxro-infobarra.bkb.rnp.br;mxms-cmt1-telebras.bkb.rnp.br;lanms-ms.bkb.rnp.br;monipe-ms-atraso.rnp.br
1750716482,2025-06-23 19:08:02,No-Hostname;No-Hostname;mxac-bac1.bkb.rnp.br;ro-ac-oi.bkb.rnp.br;cmt1-mxro-infobarra.bkb.rnp.br;mxms-cmt1-telebras.bkb.rnp.br;lanms-ms.bkb.rnp.br;monipe-ms-atraso.rnp.br
1750716761,2025-06-23 19:12:41,No-Hostname;No-Hostname;mxac-bac1.bkb.rnp.br;ro-ac-oi.bkb.rnp.br;cmt1-mxro-infobarra.bkb.rnp.br;mxms-cmt1-telebras.bkb.rnp.br;lanms-ms.bkb.rnp.br;monipe-ms-atraso.rnp.br
1750717717,2025-06-23 19:28:37,No-Hostname;No-Hostname;mxac-bac1.bkb.rnp.br;ro-ac-oi.bkb.rnp.br;cmt1-mxro-infobarra.bkb.rnp.br;mxms-cmt1-telebras.bkb.rnp.br;lanms-ms.bkb.rnp.br;monipe-ms-atraso.rnp.br
1750718181,2025-06-23 19:36:21,No-Hostname;No-Hostname;mxac-bac1.bkb.rnp.br;ro-ac-oi.bkb.rnp.br;cmt1-mxro-infobarra.bkb.rnp.br;mxms-cmt1-telebras.bkb.rnp.br;lanms-ms.bkb.rnp.br;monipe-ms-atraso.rnp.br
1750718670,2025-06-23 19:44:30,No-Hostname;No-Hostname;mxac-bac1.bkb.rnp.br;ro-ac-oi.bkb.rnp.br;cmt1-mxro-infobarra.bkb.rnp.br;mxms-cmt1-telebras.bkb.rnp.br;lanms-ms.bkb.rnp.br;monipe-ms-atraso.rnp.br
1750719317,2025-06-23 19:55:17,No-Hostname;No-Hostname;mxac-bac1.bkb.rnp.br;ro-ac-oi.bkb.rnp.br;cmt1-mxro-infobarra.bkb.rnp.br;mxms-cmt1-telebras.bkb.rnp.br;lanms-ms.bkb.rnp.br;monipe-ms-atraso.rnp.br
1750720066,2025-06-23 20:07:46,No-Hostname;No-Hostname;mxac-bac1.bkb.rnp.br;mxro-mxac-3g-allo.bkb.rnp.br;cmt1-mxro-infobarra.bkb.rnp.br;mxms-cmt1-telebras.bkb.rnp.br;lanms-ms.bkb.rnp.br;monipe-ms-atraso.rnp.br
1750720266,2025-06-23 20:11:06,No-Hostname;No-Hostname;mxac-bac1.bkb.rnp.br;mxro-mxac-3g-allo.bkb.rnp.br;cmt1-mxro-infobarra.bkb.rnp.br;mxms-cmt1-telebras.bkb.rnp.br;lanms-ms.bkb.rnp.br;monipe-ms-atraso.rnp.br
1750721037,2025-06-23 20:23:57,No-Hostname;No-Hostname;mxac-bac1.bkb.rnp.br;mxro-mxac-3g-allo.bkb.rnp.br;cmt1-mxro-infobarra.bkb.rnp.br;mxms-cmt1-telebras.bkb.rnp.br;lanms-ms.bkb.rnp.br;monipe-ms-atraso.rnp.br
1750721915,2025-06-23 20:38:35,No-Hostname;No-Hostname;mxac-bac1.bkb.rnp.br;ro-ac-oi.bkb.rnp.br;cmt1-mxro-infobarra.bkb.rnp.br;mxms-cmt1-telebras.bkb.rnp.br;lanms-ms.bkb.rnp.br;monipe-ms-atraso.rnp.br
1750722205,2025-06-23 20:43:25,No-Hostname;No-Hostname;mxac-bac1.bkb.rnp.br;ro-ac-oi.bkb.rnp.br;cmt1-mxro-infobarra.bkb.rnp.br;mxms-cmt1-telebras.bkb.rnp.br;lanms-ms.bkb.rnp.br;monipe-ms-atraso.rnp.br
1750722990,2025-06-23 20:56:30,No-Hostname;No-Hostname;mxac-bac1.bkb.rnp.br;ro-ac-oi.bkb.rnp.br;cmt1-mxro-infobarra.bkb.rnp.br;mxms-cmt1-telebras.bkb.rnp.br;lanms-ms.bkb.rnp.br;monipe-ms-atraso.rnp.br
1750724628,2025-06-23 21:23:48,No-Hostname;No-Hostname;mxac-bac1.bkb.rnp.br;ro-ac-oi.bkb.rnp.br;cmt1-mxro-infobarra.bkb.rnp.br;mxms-cmt1-telebras.bkb.rnp.br;lanms-ms.bkb.rnp.br;monipe-ms-atraso.rnp.br
1750725362,2025-06-23 21:36:02,No-Hostname;No-Hostname;mxac-bac1.bkb.rnp.br;mxro-mxac-3g-allo.bkb.rnp.br;cmt1-mxro-infobarra.bkb.rnp.br;mxms-cmt1-telebras.bkb.rnp.br;lanms-ms.bkb.rnp.br;monipe-ms-atraso.rnp.br
1750725882,2025-06-23 21:44:42,No-Hostname;No-Hostname;mxac-bac1.bkb.rnp.br;mxro-mxac-3g-allo.bkb.rnp.br;cmt1-mxro-infobarra.bkb.rnp.br;mxms-cmt1-telebras.bkb.rnp.br;lanms-ms.bkb.rnp.br;monipe-ms-atraso.rnp.br
1750726401,2025-06-23 21:53:21,No-Hostname;No-Hostname;mxac-bac1.bkb.rnp.br;ro-ac-oi.bkb.rnp.br;cmt1-mxro-infobarra.bkb.rnp.br;mxms-cmt1-telebras.bkb.rnp.br;lanms-ms.bkb.rnp.br;monipe-ms-atraso.rnp.br
1750727275,2025-06-23 22:07:55,No-Hostname;No-Hostname;mxac-bac1.bkb.rnp.br;ro-ac-oi.bkb.rnp.br;cmt1-mxro-infobarra.bkb.rnp.br;mxms-cmt1-telebras.bkb.rnp.br;lanms-ms.bkb.rnp.br;monipe-ms-atraso.rnp.br
1750727576,2025-06-23 22:12:56,No-Hostname;No-Hostname;mxac-bac1.bkb.rnp.br;ro-ac-oi.bkb.rnp.br;cmt1-mxro-infobarra.bkb.rnp.br;mxms-cmt1-telebras.bkb.rnp.br;lanms-ms.bkb.rnp.br;monipe-ms-atraso.rnp.br
1750728068,2025-06-23 22:21:08,No-Hostname;No-Hostname;mxac-bac1.bkb.rnp.br;ro-ac-oi.bkb.rnp.br;cmt1-mxro-infobarra.bkb.rnp.br;mxms-cmt1-telebras.bkb.rnp.br;lanms-ms.bkb.rnp.br;monipe-ms-atraso.rnp.br
1750728817,2025-06-23 22:33:37,No-Hostname;No-Hostname;mxac-bac1.bkb.rnp.br;ro-ac-oi.bkb.rnp.br;cmt1-mxro-infobarra.bkb.rnp.br;mxms-cmt1-telebras.bkb.rnp.br;lanms-ms.bkb.rnp.br;monipe-ms-atraso.rnp.br
1750729728,2025-06-23 22:48:48,No-Hostname;No-Hostname;mxac-bac1.bkb.rnp.br;mxro-mxac-3g-allo.bkb.rnp.br;cmt1-mxro-infobarra.bkb.rnp.br;mxms-cmt1-telebras.bkb.rnp.br;lanms-ms.bkb.rnp.br;monipe-ms-atraso.rnp.br
1750730118,2025-06-23 22:55:18,No-Hostname;No-Hostname;mxac-bac1.bkb.rnp.br;ro-ac-oi.bkb.rnp.br;cmt1-mxro-infobarra.bkb.rnp.br;mxms-cmt1-telebras.bkb.rnp.br;lanms-ms.bkb.rnp.br;monipe-ms-atraso.rnp.br
1750730858,2025-06-23 23:07:38,No-Hostname;No-Hostname;mxac-bac1.bkb.rnp.br;ro-ac-oi.bkb.rnp.br;cmt1-mxro-infobarra.bkb.rnp.br;mxms-cmt1-telebras.bkb.rnp.br;lanms-ms.bkb.rnp.br;monipe-ms-atraso.rnp.br
1750731694,2025-06-23 23:21:34,No-Hostname;No-Hostname;mxac-bac1.bkb.rnp.br;ro-ac-oi.bkb.rnp.br;cmt1-mxro-infobarra.bkb.rnp.br;mxms-cmt1-telebras.bkb.rnp.br;lanms-ms.bkb.rnp.br;monipe-ms-atraso.rnp.br
1750732370,2025-06-23 23:32:50,No-Hostname;No-Hostname;mxac-bac1.bkb.rnp.br;ro-ac-oi.bkb.rnp.br;cmt1-mxro-infobarra.bkb.rnp.br;mxms-cmt1-telebras.bkb.rnp.br;lanms-ms.bkb.rnp.br;monipe-ms-atraso.rnp.br
1750733329,2025-06-23 23:48:49,No-Hostname;No-Hostname;mxac-bac1.bkb.rnp.br;mxro-mxac-3g-allo.bkb.rnp.br;cmt1-mxro-infobarra.bkb.rnp.br;mxms-cmt1-telebras.bkb.rnp.br;lanms-ms.bkb.rnp.br;monipe-ms-atraso.rnp.br
1750733939,2025-06-23 23:58:59,No-Hostname;No-Hostname;mxac-bac1.bkb.rnp.br;mxro-mxac-3g-allo.bkb.rnp.br;cmt1-mxro-infobarra.bkb.rnp.br;mxms-cmt1-telebras.bkb.rnp.br;lanms-ms.bkb.rnp.br;monipe-ms-atraso.rnp.br
1750734268,2025-06-24 00:04:28,No-Hostname;No-Hostname;mxac-bac1.bkb.rnp.br;mxro-mxac-3g-allo.bkb.rnp.br;cmt1-mxro-infobarra.bkb.rnp.br;mxms-cmt1-telebras.bkb.rnp.br;lanms-ms.bkb.rnp.br;monipe-ms-atraso.rnp.br
1750735101,2025-06-24 00:18:21,No-Hostname;No-Hostname;mxac-bac1.bkb.rnp.br;mxro-mxac-3g-allo.bkb.rnp.br;cmt1-mxro-infobarra.bkb.rnp.br;mxms-cmt1-telebras.bkb.rnp.br;lanms-ms.bkb.rnp.br;monipe-ms-atraso.rnp.br
1750735527,2025-06-24 00:25:27,No-Hostname;No-Hostname;mxac-bac1.bkb.rnp.br;ro-ac-oi.bkb.rnp.br;cmt1-mxro-infobarra.bkb.rnp.br;mxms-cmt1-telebras.bkb.rnp.br;lanms-ms.bkb.rnp.br;monipe-ms-atraso.rnp.br
1750735943,2025-06-24 00:32:23,No-Hostname;No-Hostname;mxac-bac1.bkb.rnp.br;ro-ac-oi.bkb.rnp.br;cmt1-mxro-infobarra.bkb.rnp.br;mxms-cmt1-telebras.bkb.rnp.br;lanms-ms.bkb.rnp.br;monipe-ms-atraso.rnp.br
1750736792,2025-06-24 00:46:32,No-Hostname;No-Hostname;mxac-bac1.bkb.rnp.br;ro-ac-oi.bkb.rnp.br;cmt1-mxro-infobarra.bkb.rnp.br;mxms-cmt1-telebras.bkb.rnp.br;lanms-ms.bkb.rnp.br;monipe-ms-atraso.rnp.br
1750737625,2025-06-24 01:00:25,No-Hostname;No-Hostname;mxac-bac1.bkb.rnp.br;ro-ac-oi.bkb.rnp.br;cmt1-mxro-infobarra.bkb.rnp.br;mxms-cmt1-telebras.bkb.rnp.br;lanms-ms.bkb.rnp.br;monipe-ms-atraso.rnp.br
1750738856,2025-06-24 01:20:56,No-Hostname;No-Hostname;No-Hostname;mxro-mxac-3g-allo.bkb.rnp.br;cmt1-mxro-infobarra.bkb.rnp.br;mxms-cmt1-telebras.bkb.rnp.br;lanms-ms.bkb.rnp.br;monipe-ms-atraso.rnp.br
1750739502,2025-06-24 01:31:42,No-Hostname;No-Hostname;mxac-bac1.bkb.rnp.br;mxro-mxac-3g-allo.bkb.rnp.br;cmt1-mxro-infobarra.bkb.rnp.br;mxms-cmt1-telebras.bkb.rnp.br;lanms-ms.bkb.rnp.br;monipe-ms-atraso.rnp.br
1750740398,2025-06-24 01:46:38,No-Hostname;No-Hostname;mxac-bac1.bkb.rnp.br;ro-ac-oi.bkb.rnp.br;cmt1-mxro-infobarra.bkb.rnp.br;mxms-cmt1-telebras.bkb.rnp.br;lanms-ms.bkb.rnp.br;monipe-ms-atraso.rnp.br
1750740725,2025-06-24 01:52:05,No-Hostname;No-Hostname;mxac-bac1.bkb.rnp.br;ro-ac-oi.bkb.rnp.br;cmt1-mxro-infobarra.bkb.rnp.br;mxms-cmt1-telebras.bkb.rnp.br;lanms-ms.bkb.rnp.br;monipe-ms-atraso.rnp.br
1750741452,2025-06-24 02:04:12,No-Hostname;No-Hostname;mxac-bac1.bkb.rnp.br;ro-ac-oi.bkb.rnp.br;cmt1-mxro-infobarra.bkb.rnp.br;mxms-cmt1-telebras.bkb.rnp.br;lanms-ms.bkb.rnp.br;monipe-ms-atraso.rnp.br
1750741913,2025-06-24 02:11:53,No-Hostname;No-Hostname;mxac-bac1.bkb.rnp.br;ro-ac-oi.bkb.rnp.br;cmt1-mxro-infobarra.bkb.rnp.br;mxms-cmt1-telebras.bkb.rnp.br;lanms-ms.bkb.rnp.br;monipe-ms-atraso.rnp.br
1750742673,2025-06-24 02:24:33,No-Hostname;No-Hostname;mxac-bac1.bkb.rnp.br;mxro-mxac-3g-allo.bkb.rnp.br;cmt1-mxro-infobarra.bkb.rnp.br;mxms-cmt1-telebras.bkb.rnp.br;lanms-ms.bkb.rnp.br;monipe-ms-atraso.rnp.br
1750743321,2025-06-24 02:35:21,No-Hostname;No-Hostname;mxac-bac1.bkb.rnp.br;mxro-mxac-3g-allo.bkb.rnp.br;cmt1-mxro-infobarra.bkb.rnp.br;mxms-cmt1-telebras.bkb.rnp.br;lanms-ms.bkb.rnp.br;monipe-ms-atraso.rnp.br
1750743876,2025-06-24 02:44:36,No-Hostname;No-Hostname;mxac-bac1.bkb.rnp.br;mxro-mxac-3g-allo.bkb.rnp.br;cmt1-mxro-infobarra.bkb.rnp.br;mxms-cmt1-telebras.bkb.rnp.br;lanms-ms.bkb.rnp.br;monipe-ms-atraso.rnp.br
1750744411,2025-06-24 02:53:31,No-Hostname;No-Hostname;mxac-bac1.bkb.rnp.br;mxro-mxac-3g-allo.bkb.rnp.br;cmt1-mxro-infobarra.bkb.rnp.br;mxms-cmt1-telebras.bkb.rnp.br;lanms-ms.bkb.rnp.br;monipe-ms-atraso.rnp.br
1750745180,2025-06-24 03:06:20,No-Hostname;No-Hostname;mxac-bac1.bkb.rnp.br;mxro-mxac-3g-allo.bkb.rnp.br;cmt1-mxro-infobarra.bkb.rnp.br;mxms-cmt1-telebras.bkb.rnp.br;lanms-ms.bkb.rnp.br;monipe-ms-atraso.rnp.br
1750745722,2025-06-24 03:15:22,No-Hostname;No-Hostname;mxac-bac1.bkb.rnp.br;mxro-mxac-3g-allo.bkb.rnp.br;cmt1-mxro-infobarra.bkb.rnp.br;mxms-cmt1-telebras.bkb.rnp.br;lanms-ms.bkb.rnp.br;monipe-ms-atraso.rnp.br
1750746478,2025-06-24 03:27:58,No-Hostname;No-Hostname;mxac-bac1.bkb.rnp.br;mxro-mxac-3g-allo.bkb.rnp.br;cmt1-mxro-infobarra.bkb.rnp.br;mxms-cmt1-telebras.bkb.rnp.br;lanms-ms.bkb.rnp.br;monipe-ms-atraso.rnp.br
1750747112,2025-06-24 03:38:32,No-Hostname;No-Hostname;mxac-bac1.bkb.rnp.br;mxro-mxac-3g-allo.bkb.rnp.br;cmt1-mxro-infobarra.bkb.rnp.br;mxms-cmt1-telebras.bkb.rnp.br;lanms-ms.bkb.rnp.br;monipe-ms-atraso.rnp.br
1750747645,2025-06-24 03:47:25,No-Hostname;No-Hostname;mxac-bac1.bkb.rnp.br;ro-ac-oi.bkb.rnp.br;cmt1-mxro-infobarra.bkb.rnp.br;mxms-cmt1-telebras.bkb.rnp.br;lanms-ms.bkb.rnp.br;monipe-ms-atraso.rnp.br
1750748262,2025-06-24 03:57:42,No-Hostname;No-Hostname;mxac-bac1.bkb.rnp.br;ro-ac-oi.bkb.rnp.br;cmt1-mxro-infobarra.bkb.rnp.br;mxms-cmt1-telebras.bkb.rnp.br;lanms-ms.bkb.rnp.br;monipe-ms-atraso.rnp.br
1750748788,2025-06-24 04:06:28,No-Hostname;No-Hostname;mxac-bac1.bkb.rnp.br;ro-ac-oi.bkb.rnp.br;cmt1-mxro-infobarra.bkb.rnp.br;mxms-cmt1-telebras.bkb.rnp.br;lanms-ms.bkb.rnp.br;monipe-ms-atraso.rnp.br
1750749133,2025-06-24 04:12:13,No-Hostname;No-Hostname;mxac-bac1.bkb.rnp.br;ro-ac-oi.bkb.rnp.br;cmt1-mxro-infobarra.bkb.rnp.br;mxms-cmt1-telebras.bkb.rnp.br;lanms-ms.bkb.rnp.br;monipe-ms-atraso.rnp.br
1750749871,2025-06-24 04:24:31,No-Hostname;No-Hostname;mxac-bac1.bkb.rnp.br;ro-ac-oi.bkb.rnp.br;cmt1-mxro-infobarra.bkb.rnp.br;mxms-cmt1-telebras.bkb.rnp.br;lanms-ms.bkb.rnp.br;monipe-ms-atraso.rnp.br
1750750338,2025-06-24 04:32:18,No-Hostname;No-Hostname;mxac-bac1.bkb.rnp.br;ro-ac-oi.bkb.rnp.br;cmt1-mxro-infobarra.bkb.rnp.br;mxms-cmt1-telebras.bkb.rnp.br;lanms-ms.bkb.rnp.br;monipe-ms-atraso.rnp.br
1750751659,2025-06-24 04:54:19,No-Hostname;No-Hostname;mxac-bac1.bkb.rnp.br;mxro-mxac-3g-allo.bkb.rnp.br;cmt1-mxro-infobarra.bkb.rnp.br;mxms-cmt1-telebras.bkb.rnp.br;lanms-ms.bkb.rnp.br;monipe-ms-atraso.rnp.br
1750752767,2025-06-24 05:12:47,No-Hostname;No-Hostname;mxac-bac1.bkb.rnp.br;mxro-mxac-3g-allo.bkb.rnp.br;cmt1-mxro-infobarra.bkb.rnp.br;mxms-cmt1-telebras.bkb.rnp.br;lanms-ms.bkb.rnp.br;monipe-ms-atraso.rnp.br
1750753519,2025-06-24 05:25:19,No-Hostname;No-Hostname;mxac-bac1.bkb.rnp.br;ro-ac-oi.bkb.rnp.br;cmt1-mxro-infobarra.bkb.rnp.br;mxms-cmt1-telebras.bkb.rnp.br;lanms-ms.bkb.rnp.br;monipe-ms-atraso.rnp.br
1750754239,2025-06-24 05:37:19,No-Hostname;No-Hostname;mxac-bac1.bkb.rnp.br;mxro-mxac-3g-allo.bkb.rnp.br;cmt1-mxro-infobarra.bkb.rnp.br;mxms-cmt1-telebras.bkb.rnp.br;lanms-ms.bkb.rnp.br;monipe-ms-atraso.rnp.br
1750754445,2025-06-24 05:40:45,No-Hostname;No-Hostname;mxac-bac1.bkb.rnp.br;mxro-mxac-3g-allo.bkb.rnp.br;cmt1-mxro-infobarra.bkb.rnp.br;mxms-cmt1-telebras.bkb.rnp.br;lanms-ms.bkb.rnp.br;monipe-ms-atraso.rnp.br
1750755261,2025-06-24 05:54:21,No-Hostname;No-Hostname;mxac-bac1.bkb.rnp.br;ro-ac-oi.bkb.rnp.br;cmt1-mxro-infobarra.bkb.rnp.br;mxms-cmt1-telebras.bkb.rnp.br;lanms-ms.bkb.rnp.br;monipe-ms-atraso.rnp.br
1750756366,2025-06-24 06:12:46,No-Hostname;No-Hostname;mxac-bac1.bkb.rnp.br;ro-ac-oi.bkb.rnp.br;cmt1-mxro-infobarra.bkb.rnp.br;mxms-cmt1-telebras.bkb.rnp.br;lanms-ms.bkb.rnp.br;monipe-ms-atraso.rnp.br
1750756892,2025-06-24 06:21:32,No-Hostname;No-Hostname;mxac-bac1.bkb.rnp.br;ro-ac-oi.bkb.rnp.br;cmt1-mxro-infobarra.bkb.rnp.br;mxms-cmt1-telebras.bkb.rnp.br;lanms-ms.bkb.rnp.br;monipe-ms-atraso.rnp.br
1750757790,2025-06-24 06:36:30,No-Hostname;No-Hostname;mxac-bac1.bkb.rnp.br;mxro-mxac-3g-allo.bkb.rnp.br;cmt1-mxro-infobarra.bkb.rnp.br;mxms-cmt1-telebras.bkb.rnp.br;lanms-ms.bkb.rnp.br;monipe-ms-atraso.rnp.br
1750758284,2025-06-24 06:44:44,No-Hostname;No-Hostname;mxac-bac1.bkb.rnp.br;mxro-mxac-3g-allo.bkb.rnp.br;cmt1-mxro-infobarra.bkb.rnp.br;mxms-cmt1-telebras.bkb.rnp.br;lanms-ms.bkb.rnp.br;monipe-ms-atraso.rnp.br
1750759097,2025-06-24 06:58:17,No-Hostname;No-Hostname;mxac-bac1.bkb.rnp.br;mxro-mxac-3g-allo.bkb.rnp.br;cmt1-mxro-infobarra.bkb.rnp.br;mxms-cmt1-telebras.bkb.rnp.br;lanms-ms.bkb.rnp.br;monipe-ms-atraso.rnp.br
1750760276,2025-06-24 07:17:56,No-Hostname;No-Hostname;mxac-bac1.bkb.rnp.br;mxro-mxac-3g-allo.bkb.rnp.br;cmt1-mxro-infobarra.bkb.rnp.br;mxms-cmt1-telebras.bkb.rnp.br;lanms-ms.bkb.rnp.br;monipe-ms-atraso.rnp.br
1750760699,2025-06-24 07:24:59,No-Hostname;No-Hostname;mxac-bac1.bkb.rnp.br;ro-ac-oi.bkb.rnp.br;cmt1-mxro-infobarra.bkb.rnp.br;mxms-cmt1-telebras.bkb.rnp.br;lanms-ms.bkb.rnp.br;monipe-ms-atraso.rnp.br
1750761137,2025-06-24 07:32:17,No-Hostname;No-Hostname;mxac-bac1.bkb.rnp.br;ro-ac-oi.bkb.rnp.br;cmt1-mxro-infobarra.bkb.rnp.br;mxms-cmt1-telebras.bkb.rnp.br;lanms-ms.bkb.rnp.br;monipe-ms-atraso.rnp.br
1750761872,2025-06-24 07:44:32,No-Hostname;No-Hostname;mxac-bac1.bkb.rnp.br;mxro-mxac-3g-allo.bkb.rnp.br;cmt1-mxro-infobarra.bkb.rnp.br;mxms-cmt1-telebras.bkb.rnp.br;lanms-ms.bkb.rnp.br;monipe-ms-atraso.rnp.br
1750762494,2025-06-24 07:54:54,No-Hostname;No-Hostname;mxac-bac1.bkb.rnp.br;ro-ac-oi.bkb.rnp.br;cmt1-mxro-infobarra.bkb.rnp.br;mxms-cmt1-telebras.bkb.rnp.br;lanms-ms.bkb.rnp.br;monipe-ms-atraso.rnp.br
1750763337,2025-06-24 08:08:57,No-Hostname;No-Hostname;mxac-bac1.bkb.rnp.br;ro-ac-oi.bkb.rnp.br;cmt1-mxro-infobarra.bkb.rnp.br;mxms-cmt1-telebras.bkb.rnp.br;lanms-ms.bkb.rnp.br;monipe-ms-atraso.rnp.br
1750763738,2025-06-24 08:15:38,No-Hostname;No-Hostname;mxac-bac1.bkb.rnp.br;ro-ac-oi.bkb.rnp.br;cmt1-mxro-infobarra.bkb.rnp.br;mxms-cmt1-telebras.bkb.rnp.br;lanms-ms.bkb.rnp.br;monipe-ms-atraso.rnp.br
1750764547,2025-06-24 08:29:07,No-Hostname;No-Hostname;mxac-bac1.bkb.rnp.br;ro-ac-oi.bkb.rnp.br;cmt1-mxro-infobarra.bkb.rnp.br;mxms-cmt1-telebras.bkb.rnp.br;lanms-ms.bkb.rnp.br;monipe-ms-atraso.rnp.br
1750765067,2025-06-24 08:37:47,No-Hostname;No-Hostname;mxac-bac1.bkb.rnp.br;ro-ac-oi.bkb.rnp.br;cmt1-mxro-infobarra.bkb.rnp.br;mxms-cmt1-telebras.bkb.rnp.br;lanms-ms.bkb.rnp.br;monipe-ms-atraso.rnp.br
1750765530,2025-06-24 08:45:30,No-Hostname;No-Hostname;mxac-bac1.bkb.rnp.br;ro-ac-oi.bkb.rnp.br;cmt1-mxro-infobarra.bkb.rnp.br;mxms-cmt1-telebras.bkb.rnp.br;lanms-ms.bkb.rnp.br;monipe-ms-atraso.rnp.br
1750766242,2025-06-24 08:57:22,No-Hostname;No-Hostname;mxac-bac1.bkb.rnp.br;mxro-mxac-3g-allo.bkb.rnp.br;cmt1-mxro-infobarra.bkb.rnp.br;mxms-cmt1-telebras.bkb.rnp.br;lanms-ms.bkb.rnp.br;monipe-ms-atraso.rnp.br
1750766587,2025-06-24 09:03:07,No-Hostname;No-Hostname;mxac-bac1.bkb.rnp.br;mxro-mxac-3g-allo.bkb.rnp.br;cmt1-mxro-infobarra.bkb.rnp.br;mxms-cmt1-telebras.bkb.rnp.br;lanms-ms.bkb.rnp.br;monipe-ms-atraso.rnp.br
1750767128,2025-06-24 09:12:08,No-Hostname;No-Hostname;mxac-bac1.bkb.rnp.br;mxro-mxac-3g-allo.bkb.rnp.br;cmt1-mxro-infobarra.bkb.rnp.br;mxms-cmt1-telebras.bkb.rnp.br;lanms-ms.bkb.rnp.br;monipe-ms-atraso.rnp.br
1750767817,2025-06-24 09:23:37,No-Hostname;No-Hostname;mxac-bac1.bkb.rnp.br;mxro-mxac-3g-allo.bkb.rnp.br;cmt1-mxro-infobarra.bkb.rnp.br;mxms-cmt1-telebras.bkb.rnp.br;lanms-ms.bkb.rnp.br;monipe-ms-atraso.rnp.br
1750768462,2025-06-24 09:34:22,No-Hostname;No-Hostname;mxac-bac1.bkb.rnp.br;mxro-mxac-3g-allo.bkb.rnp.br;cmt1-mxro-infobarra.bkb.rnp.br;mxms-cmt1-telebras.bkb.rnp.br;lanms-ms.bkb.rnp.br;monipe-ms-atraso.rnp.br
1750769095,2025-06-24 09:44:55,No-Hostname;No-Hostname;mxac-bac1.bkb.rnp.br;ro-ac-oi.bkb.rnp.br;cmt1-mxro-infobarra.bkb.rnp.br;mxms-cmt1-telebras.bkb.rnp.br;lanms-ms.bkb.rnp.br;monipe-ms-atraso.rnp.br
1750769856,2025-06-24 09:57:36,No-Hostname;No-Hostname;mxac-bac1.bkb.rnp.br;ro-ac-oi.bkb.rnp.br;cmt1-mxro-infobarra.bkb.rnp.br;mxms-cmt1-telebras.bkb.rnp.br;lanms-ms.bkb.rnp.br;monipe-ms-atraso.rnp.br
1750771551,2025-06-24 10:25:51,No-Hostname;No-Hostname;mxac-bac1.bkb.rnp.br;ro-ac-oi.bkb.rnp.br;cmt1-mxro-infobarra.bkb.rnp.br;mxms-cmt1-telebras.bkb.rnp.br;lanms-ms.bkb.rnp.br;monipe-ms-atraso.rnp.br
1750772053,2025-06-24 10:34:13,No-Hostname;No-Hostname;mxac-bac1.bkb.rnp.br;ro-ac-oi.bkb.rnp.br;cmt1-mxro-infobarra.bkb.rnp.br;mxms-cmt1-telebras.bkb.rnp.br;lanms-ms.bkb.rnp.br;monipe-ms-atraso.rnp.br
1750773140,2025-06-24 10:52:20,No-Hostname;No-Hostname;mxac-bac1.bkb.rnp.br;mxro-mxac-3g-allo.bkb.rnp.br;cmt1-mxro-infobarra.bkb.rnp.br;mxms-cmt1-telebras.bkb.rnp.br;lanms-ms.bkb.rnp.br;monipe-ms-atraso.rnp.br
1750774085,2025-06-24 11:08:05,No-Hostname;No-Hostname;mxac-bac1.bkb.rnp.br;mxro-mxac-3g-allo.bkb.rnp.br;cmt1-mxro-infobarra.bkb.rnp.br;mxms-cmt1-telebras.bkb.rnp.br;lanms-ms.bkb.rnp.br;monipe-ms-atraso.rnp.br
1750774713,2025-06-24 11:18:33,No-Hostname;No-Hostname;mxac-bac1.bkb.rnp.br;mxro-mxac-3g-allo.bkb.rnp.br;cmt1-mxro-infobarra.bkb.rnp.br;mxms-cmt1-telebras.bkb.rnp.br;lanms-ms.bkb.rnp.br;monipe-ms-atraso.rnp.br
1750774934,2025-06-24 11:22:14,No-Hostname;No-Hostname;mxac-bac1.bkb.rnp.br;ro-ac-oi.bkb.rnp.br;cmt1-mxro-infobarra.bkb.rnp.br;mxms-cmt1-telebras.bkb.rnp.br;lanms-ms.bkb.rnp.br;monipe-ms-atraso.rnp.br
1750775673,2025-06-24 11:34:33,No-Hostname;No-Hostname;mxac-bac1.bkb.rnp.br;ro-ac-oi.bkb.rnp.br;cmt1-mxro-infobarra.bkb.rnp.br;mxms-cmt1-telebras.bkb.rnp.br;lanms-ms.bkb.rnp.br;monipe-ms-atraso.rnp.br
1750776134,2025-06-24 11:42:14,No-Hostname;No-Hostname;mxac-bac1.bkb.rnp.br;mxro-mxac-3g-allo.bkb.rnp.br;cmt1-mxro-infobarra.bkb.rnp.br;mxms-cmt1-telebras.bkb.rnp.br;lanms-ms.bkb.rnp.br;monipe-ms-atraso.rnp.br
1750777126,2025-06-24 11:58:46,No-Hostname;No-Hostname;mxac-bac1.bkb.rnp.br;mxro-mxac-3g-allo.bkb.rnp.br;cmt1-mxro-infobarra.bkb.rnp.br;mxms-cmt1-telebras.bkb.rnp.br;lanms-ms.bkb.rnp.br;monipe-ms-atraso.rnp.br
1750777722,2025-06-24 12:08:42,No-Hostname;No-Hostname;mxac-bac1.bkb.rnp.br;mxro-mxac-3g-allo.bkb.rnp.br;cmt1-mxro-infobarra.bkb.rnp.br;mxms-cmt1-telebras.bkb.rnp.br;lanms-ms.bkb.rnp.br;monipe-ms-atraso.rnp.br
1750778856,2025-06-24 12:27:36,No-Hostname;No-Hostname;mxac-bac1.bkb.rnp.br;ro-ac-oi.bkb.rnp.br;cmt1-mxro-infobarra.bkb.rnp.br;mxms-cmt1-telebras.bkb.rnp.br;lanms-ms.bkb.rnp.br;monipe-ms-atraso.rnp.br
1750780154,2025-06-24 12:49:14,No-Hostname;No-Hostname;mxac-bac1.bkb.rnp.br;ro-ac-oi.bkb.rnp.br;cmt1-mxro-infobarra.bkb.rnp.br;mxms-cmt1-telebras.bkb.rnp.br;lanms-ms.bkb.rnp.br;monipe-ms-atraso.rnp.br
1750780299,2025-06-24 12:51:39,No-Hostname;No-Hostname;mxac-bac1.bkb.rnp.br;mxro-mxac-3g-allo.bkb.rnp.br;cmt1-mxro-infobarra.bkb.rnp.br;mxms-cmt1-telebras.bkb.rnp.br;lanms-ms.bkb.rnp.br;monipe-ms-atraso.rnp.br
1750781060,2025-06-24 13:04:20,No-Hostname;No-Hostname;mxac-bac1.bkb.rnp.br;mxro-mxac-3g-allo.bkb.rnp.br;cmt1-mxro-infobarra.bkb.rnp.br;mxms-cmt1-telebras.bkb.rnp.br;lanms-ms.bkb.rnp.br;monipe-ms-atraso.rnp.br
1750781638,2025-06-24 13:13:58,No-Hostname;No-Hostname;mxac-bac1.bkb.rnp.br;mxro-mxac-3g-allo.bkb.rnp.br;cmt1-mxro-infobarra.bkb.rnp.br;mxms-cmt1-telebras.bkb.rnp.br;lanms-ms.bkb.rnp.br;monipe-ms-atraso.rnp.br
1750782165,2025-06-24 13:22:45,No-Hostname;No-Hostname;mxac-bac1.bkb.rnp.br;ro-ac-oi.bkb.rnp.br;cmt1-mxro-infobarra.bkb.rnp.br;mxms-cmt1-telebras.bkb.rnp.br;lanms-ms.bkb.rnp.br;monipe-ms-atraso.rnp.br
1750783121,2025-06-24 13:38:41,No-Hostname;No-Hostname;mxac-bac1.bkb.rnp.br;mxro-mxac-3g-allo.bkb.rnp.br;cmt1-mxro-infobarra.bkb.rnp.br;mxms-cmt1-telebras.bkb.rnp.br;lanms-ms.bkb.rnp.br;monipe-ms-atraso.rnp.br
1750783622,2025-06-24 13:47:02,No-Hostname;No-Hostname;mxac-bac1.bkb.rnp.br;ro-ac-oi.bkb.rnp.br;cmt1-mxro-infobarra.bkb.rnp.br;mxms-cmt1-telebras.bkb.rnp.br;lanms-ms.bkb.rnp.br;monipe-ms-atraso.rnp.br
1750784226,2025-06-24 13:57:06,No-Hostname;No-Hostname;mxac-bac1.bkb.rnp.br;mxro-mxac-3g-allo.bkb.rnp.br;cmt1-mxro-infobarra.bkb.rnp.br;mxms-cmt1-telebras.bkb.rnp.br;lanms-ms.bkb.rnp.br;monipe-ms-atraso.rnp.br
1750784496,2025-06-24 14:01:36,No-Hostname;No-Hostname;mxac-bac1.bkb.rnp.br;mxro-mxac-3g-allo.bkb.rnp.br;cmt1-mxro-infobarra.bkb.rnp.br;mxms-cmt1-telebras.bkb.rnp.br;lanms-ms.bkb.rnp.br;monipe-ms-atraso.rnp.br
1750785280,2025-06-24 14:14:40,No-Hostname;No-Hostname;mxac-bac1.bkb.rnp.br;ro-ac-oi.bkb.rnp.br;cmt1-mxro-infobarra.bkb.rnp.br;mxms-cmt1-telebras.bkb.rnp.br;lanms-ms.bkb.rnp.br;monipe-ms-atraso.rnp.br
1750786103,2025-06-24 14:28:23,No-Hostname;No-Hostname;mxac-bac1.bkb.rnp.br;ro-ac-oi.bkb.rnp.br;cmt1-mxro-infobarra.bkb.rnp.br;mxms-cmt1-telebras.bkb.rnp.br;lanms-ms.bkb.rnp.br;monipe-ms-atraso.rnp.br
1750786588,2025-06-24 14:36:28,No-Hostname;No-Hostname;mxac-bac1.bkb.rnp.br;mxro-mxac-3g-allo.bkb.rnp.br;cmt1-mxro-infobarra.bkb.rnp.br;mxms-cmt1-telebras.bkb.rnp.br;lanms-ms.bkb.rnp.br;monipe-ms-atraso.rnp.br
1750786995,2025-06-24 14:43:15,No-Hostname;No-Hostname;mxac-bac1.bkb.rnp.br;mxro-mxac-3g-allo.bkb.rnp.br;cmt1-mxro-infobarra.bkb.rnp.br;mxms-cmt1-telebras.bkb.rnp.br;lanms-ms.bkb.rnp.br;monipe-ms-atraso.rnp.br
1750788213,2025-06-24 15:03:33,No-Hostname;No-Hostname;mxac-bac1.bkb.rnp.br;ro-ac-oi.bkb.rnp.br;cmt1-mxro-infobarra.bkb.rnp.br;mxms-cmt1-telebras.bkb.rnp.br;lanms-ms.bkb.rnp.br;monipe-ms-atraso.rnp.br
1750788727,2025-06-24 15:12:07,No-Hostname;No-Hostname;No-Hostname;No-Hostname;No-Hostname;No-Hostname;No-Hostname;monipe-ms-atraso.rnp.br
1750789731,2025-06-24 15:28:51,No-Hostname;No-Hostname;mxac-bac1.bkb.rnp.br;mxro-mxac-3g-allo.bkb.rnp.br;cmt1-mxro-infobarra.bkb.rnp.br;mxms-cmt1-telebras.bkb.rnp.br;lanms-ms.bkb.rnp.br;monipe-ms-atraso.rnp.br
1750789878,2025-06-24 15:31:18,No-Hostname;No-Hostname;mxac-bac1.bkb.rnp.br;mxro-mxac-3g-allo.bkb.rnp.br;cmt1-mxro-infobarra.bkb.rnp.br;mxms-cmt1-telebras.bkb.rnp.br;lanms-ms.bkb.rnp.br;monipe-ms-atraso.rnp.br
1750790795,2025-06-24 15:46:35,No-Hostname;No-Hostname;mxac-bac1.bkb.rnp.br;mxro-mxac-3g-allo.bkb.rnp.br;cmt1-mxro-infobarra.bkb.rnp.br;mxms-cmt1-telebras.bkb.rnp.br;lanms-ms.bkb.rnp.br;monipe-ms-atraso.rnp.br
1750791396,2025-06-24 15:56:36,No-Hostname;No-Hostname;mxac-bac1.bkb.rnp.br;mxro-mxac-3g-allo.bkb.rnp.br;cmt1-mxro-infobarra.bkb.rnp.br;mxms-cmt1-telebras.bkb.rnp.br;lanms-ms.bkb.rnp.br;monipe-ms-atraso.rnp.br
1750791756,2025-06-24 16:02:36,No-Hostname;No-Hostname;mxac-bac1.bkb.rnp.br;mxro-mxac-3g-allo.bkb.rnp.br;cmt1-mxro-infobarra.bkb.rnp.br;mxms-cmt1-telebras.bkb.rnp.br;lanms-ms.bkb.rnp.br;monipe-ms-atraso.rnp.br
1750792296,2025-06-24 16:11:36,No-Hostname;No-Hostname;mxac-bac1.bkb.rnp.br;ro-ac-oi.bkb.rnp.br;cmt1-mxro-infobarra.bkb.rnp.br;mxms-cmt1-telebras.bkb.rnp.br;lanms-ms.bkb.rnp.br;monipe-ms-atraso.rnp.br
1750792965,2025-06-24 16:22:45,No-Hostname;No-Hostname;mxac-bac1.bkb.rnp.br;ro-ac-oi.bkb.rnp.br;cmt1-mxro-infobarra.bkb.rnp.br;mxms-cmt1-telebras.bkb.rnp.br;lanms-ms.bkb.rnp.br;monipe-ms-atraso.rnp.br
1750793563,2025-06-24 16:32:43,No-Hostname;No-Hostname;mxac-bac1.bkb.rnp.br;mxro-mxac-3g-allo.bkb.rnp.br;cmt1-mxro-infobarra.bkb.rnp.br;mxms-cmt1-telebras.bkb.rnp.br;lanms-ms.bkb.rnp.br;monipe-ms-atraso.rnp.br
1750794439,2025-06-24 16:47:19,No-Hostname;No-Hostname;mxac-bac1.bkb.rnp.br;ro-ac-oi.bkb.rnp.br;cmt1-mxro-infobarra.bkb.rnp.br;mxms-cmt1-telebras.bkb.rnp.br;lanms-ms.bkb.rnp.br;monipe-ms-atraso.rnp.br
1750794938,2025-06-24 16:55:38,No-Hostname;No-Hostname;mxac-bac1.bkb.rnp.br;ro-ac-oi.bkb.rnp.br;cmt1-mxro-infobarra.bkb.rnp.br;mxms-cmt1-telebras.bkb.rnp.br;lanms-ms.bkb.rnp.br;monipe-ms-atraso.rnp.br
1750795258,2025-06-24 17:00:58,No-Hostname;No-Hostname;mxac-bac1.bkb.rnp.br;mxro-mxac-3g-allo.bkb.rnp.br;cmt1-mxro-infobarra.bkb.rnp.br;mxms-cmt1-telebras.bkb.rnp.br;lanms-ms.bkb.rnp.br;monipe-ms-atraso.rnp.br
1750796228,2025-06-24 17:17:08,No-Hostname;No-Hostname;mxac-bac1.bkb.rnp.br;mxro-mxac-3g-allo.bkb.rnp.br;cmt1-mxro-infobarra.bkb.rnp.br;mxms-cmt1-telebras.bkb.rnp.br;lanms-ms.bkb.rnp.br;monipe-ms-atraso.rnp.br
1750796829,2025-06-24 17:27:09,No-Hostname;No-Hostname;mxac-bac1.bkb.rnp.br;mxro-mxac-3g-allo.bkb.rnp.br;cmt1-mxro-infobarra.bkb.rnp.br;mxms-cmt1-telebras.bkb.rnp.br;lanms-ms.bkb.rnp.br;monipe-ms-atraso.rnp.br
1750797222,2025-06-24 17:33:42,No-Hostname;No-Hostname;mxac-bac1.bkb.rnp.br;mxro-mxac-3g-allo.bkb.rnp.br;cmt1-mxro-infobarra.bkb.rnp.br;mxms-cmt1-telebras.bkb.rnp.br;lanms-ms.bkb.rnp.br;monipe-ms-atraso.rnp.br
1750797635,2025-06-24 17:40:35,No-Hostname;No-Hostname;mxac-bac1.bkb.rnp.br;mxro-mxac-3g-allo.bkb.rnp.br;cmt1-mxro-infobarra.bkb.rnp.br;mxms-cmt1-telebras.bkb.rnp.br;lanms-ms.bkb.rnp.br;monipe-ms-atraso.rnp.br
1750798446,2025-06-24 17:54:06,No-Hostname;No-Hostname;mxac-bac1.bkb.rnp.br;mxro-mxac-3g-allo.bkb.rnp.br;cmt1-mxro-infobarra.bkb.rnp.br;mxms-cmt1-telebras.bkb.rnp.br;lanms-ms.bkb.rnp.br;monipe-ms-atraso.rnp.br
1750798929,2025-06-24 18:02:09,No-Hostname;No-Hostname;mxac-bac1.bkb.rnp.br;ro-ac-oi.bkb.rnp.br;cmt1-mxro-infobarra.bkb.rnp.br;mxms-cmt1-telebras.bkb.rnp.br;lanms-ms.bkb.rnp.br;monipe-ms-atraso.rnp.br
1750799633,2025-06-24 18:13:53,No-Hostname;No-Hostname;mxac-bac1.bkb.rnp.br;ro-ac-oi.bkb.rnp.br;cmt1-mxro-infobarra.bkb.rnp.br;mxms-cmt1-telebras.bkb.rnp.br;lanms-ms.bkb.rnp.br;monipe-ms-atraso.rnp.br
1750800414,2025-06-24 18:26:54,No-Hostname;No-Hostname;mxac-bac1.bkb.rnp.br;mxro-mxac-3g-allo.bkb.rnp.br;cmt1-mxro-infobarra.bkb.rnp.br;mxms-cmt1-telebras.bkb.rnp.br;lanms-ms.bkb.rnp.br;monipe-ms-atraso.rnp.br
1750800899,2025-06-24 18:34:59,No-Hostname;No-Hostname;mxac-bac1.bkb.rnp.br;mxro-mxac-3g-allo.bkb.rnp.br;cmt1-mxro-infobarra.bkb.rnp.br;mxms-cmt1-telebras.bkb.rnp.br;lanms-ms.bkb.rnp.br;monipe-ms-atraso.rnp.br
1750801467,2025-06-24 18:44:27,No-Hostname;No-Hostname;mxac-bac1.bkb.rnp.br;ro-ac-oi.bkb.rnp.br;cmt1-mxro-infobarra.bkb.rnp.br;mxms-cmt1-telebras.bkb.rnp.br;lanms-ms.bkb.rnp.br;monipe-ms-atraso.rnp.br
1750802897,2025-06-24 19:08:17,No-Hostname;No-Hostname;mxac-bac1.bkb.rnp.br;mxro-mxac-3g-allo.bkb.rnp.br;cmt1-mxro-infobarra.bkb.rnp.br;mxms-cmt1-telebras.bkb.rnp.br;lanms-ms.bkb.rnp.br;monipe-ms-atraso.rnp.br
1750803516,2025-06-24 19:18:36,No-Hostname;No-Hostname;mxac-bac1.bkb.rnp.br;mxro-mxac-3g-allo.bkb.rnp.br;cmt1-mxro-infobarra.bkb.rnp.br;mxms-cmt1-telebras.bkb.rnp.br;lanms-ms.bkb.rnp.br;monipe-ms-atraso.rnp.br
1750803690,2025-06-24 19:21:30,No-Hostname;No-Hostname;mxac-bac1.bkb.rnp.br;mxro-mxac-3g-allo.bkb.rnp.br;cmt1-mxro-infobarra.bkb.rnp.br;mxms-cmt1-telebras.bkb.rnp.br;lanms-ms.bkb.rnp.br;monipe-ms-atraso.rnp.br
1750804526,2025-06-24 19:35:26,No-Hostname;No-Hostname;mxac-bac1.bkb.rnp.br;ro-ac-oi.bkb.rnp.br;cmt1-mxro-infobarra.bkb.rnp.br;mxms-cmt1-telebras.bkb.rnp.br;lanms-ms.bkb.rnp.br;monipe-ms-atraso.rnp.br
1750805028,2025-06-24 19:43:48,No-Hostname;No-Hostname;mxac-bac1.bkb.rnp.br;ro-ac-oi.bkb.rnp.br;cmt1-mxro-infobarra.bkb.rnp.br;mxms-cmt1-telebras.bkb.rnp.br;lanms-ms.bkb.rnp.br;monipe-ms-atraso.rnp.br
1750806128,2025-06-24 20:02:08,No-Hostname;No-Hostname;mxac-bac1.bkb.rnp.br;ro-ac-oi.bkb.rnp.br;cmt1-mxro-infobarra.bkb.rnp.br;mxms-cmt1-telebras.bkb.rnp.br;lanms-ms.bkb.rnp.br;monipe-ms-atraso.rnp.br
1750807012,2025-06-24 20:16:52,No-Hostname;No-Hostname;mxac-bac1.bkb.rnp.br;ro-ac-oi.bkb.rnp.br;cmt1-mxro-infobarra.bkb.rnp.br;mxms-cmt1-telebras.bkb.rnp.br;lanms-ms.bkb.rnp.br;monipe-ms-atraso.rnp.br
1750807750,2025-06-24 20:29:10,No-Hostname;No-Hostname;mxac-bac1.bkb.rnp.br;mxro-mxac-3g-allo.bkb.rnp.br;cmt1-mxro-infobarra.bkb.rnp.br;mxms-cmt1-telebras.bkb.rnp.br;lanms-ms.bkb.rnp.br;monipe-ms-atraso.rnp.br
1750808263,2025-06-24 20:37:43,No-Hostname;No-Hostname;mxac-bac1.bkb.rnp.br;ro-ac-oi.bkb.rnp.br;cmt1-mxro-infobarra.bkb.rnp.br;mxms-cmt1-telebras.bkb.rnp.br;lanms-ms.bkb.rnp.br;monipe-ms-atraso.rnp.br
1750808738,2025-06-24 20:45:38,No-Hostname;No-Hostname;mxac-bac1.bkb.rnp.br;ro-ac-oi.bkb.rnp.br;cmt1-mxro-infobarra.bkb.rnp.br;mxms-cmt1-telebras.bkb.rnp.br;lanms-ms.bkb.rnp.br;monipe-ms-atraso.rnp.br
1750809503,2025-06-24 20:58:23,No-Hostname;No-Hostname;mxac-bac1.bkb.rnp.br;ro-ac-oi.bkb.rnp.br;cmt1-mxro-infobarra.bkb.rnp.br;mxms-cmt1-telebras.bkb.rnp.br;lanms-ms.bkb.rnp.br;monipe-ms-atraso.rnp.br
1750810117,2025-06-24 21:08:37,No-Hostname;No-Hostname;mxac-bac1.bkb.rnp.br;ro-ac-oi.bkb.rnp.br;cmt1-mxro-infobarra.bkb.rnp.br;mxms-cmt1-telebras.bkb.rnp.br;lanms-ms.bkb.rnp.br;monipe-ms-atraso.rnp.br
1750810447,2025-06-24 21:14:07,No-Hostname;No-Hostname;mxac-bac1.bkb.rnp.br;ro-ac-oi.bkb.rnp.br;cmt1-mxro-infobarra.bkb.rnp.br;mxms-cmt1-telebras.bkb.rnp.br;lanms-ms.bkb.rnp.br;monipe-ms-atraso.rnp.br
1750811138,2025-06-24 21:25:38,No-Hostname;No-Hostname;mxac-bac1.bkb.rnp.br;ro-ac-oi.bkb.rnp.br;cmt1-mxro-infobarra.bkb.rnp.br;mxms-cmt1-telebras.bkb.rnp.br;lanms-ms.bkb.rnp.br;monipe-ms-atraso.rnp.br
1750811926,2025-06-24 21:38:46,No-Hostname;No-Hostname;mxac-bac1.bkb.rnp.br;ro-ac-oi.bkb.rnp.br;cmt1-mxro-infobarra.bkb.rnp.br;mxms-cmt1-telebras.bkb.rnp.br;lanms-ms.bkb.rnp.br;monipe-ms-atraso.rnp.br
1750812300,2025-06-24 21:45:00,No-Hostname;No-Hostname;mxac-bac1.bkb.rnp.br;ro-ac-oi.bkb.rnp.br;cmt1-mxro-infobarra.bkb.rnp.br;mxms-cmt1-telebras.bkb.rnp.br;lanms-ms.bkb.rnp.br;monipe-ms-atraso.rnp.br
1750813067,2025-06-24 21:57:47,No-Hostname;No-Hostname;mxac-bac1.bkb.rnp.br;mxro-mxac-3g-allo.bkb.rnp.br;cmt1-mxro-infobarra.bkb.rnp.br;mxms-cmt1-telebras.bkb.rnp.br;lanms-ms.bkb.rnp.br;monipe-ms-atraso.rnp.br
1750813346,2025-06-24 22:02:26,No-Hostname;No-Hostname;mxac-bac1.bkb.rnp.br;mxro-mxac-3g-allo.bkb.rnp.br;cmt1-mxro-infobarra.bkb.rnp.br;mxms-cmt1-telebras.bkb.rnp.br;lanms-ms.bkb.rnp.br;monipe-ms-atraso.rnp.br
1750814062,2025-06-24 22:14:22,No-Hostname;No-Hostname;mxac-bac1.bkb.rnp.br;mxro-mxac-3g-allo.bkb.rnp.br;cmt1-mxro-infobarra.bkb.rnp.br;mxms-cmt1-telebras.bkb.rnp.br;lanms-ms.bkb.rnp.br;monipe-ms-atraso.rnp.br
1750814442,2025-06-24 22:20:42,No-Hostname;No-Hostname;mxac-bac1.bkb.rnp.br;mxro-mxac-3g-allo.bkb.rnp.br;cmt1-mxro-infobarra.bkb.rnp.br;mxms-cmt1-telebras.bkb.rnp.br;lanms-ms.bkb.rnp.br;monipe-ms-atraso.rnp.br
1750815169,2025-06-24 22:32:49,No-Hostname;No-Hostname;mxac-bac1.bkb.rnp.br;mxro-mxac-3g-allo.bkb.rnp.br;cmt1-mxro-infobarra.bkb.rnp.br;mxms-cmt1-telebras.bkb.rnp.br;lanms-ms.bkb.rnp.br;monipe-ms-atraso.rnp.br
1750816064,2025-06-24 22:47:44,No-Hostname;No-Hostname;mxac-bac1.bkb.rnp.br;mxro-mxac-3g-allo.bkb.rnp.br;cmt1-mxro-infobarra.bkb.rnp.br;mxms-cmt1-telebras.bkb.rnp.br;lanms-ms.bkb.rnp.br;monipe-ms-atraso.rnp.br
1750816225,2025-06-24 22:50:25,No-Hostname;No-Hostname;mxac-bac1.bkb.rnp.br;ro-ac-oi.bkb.rnp.br;cmt1-mxro-infobarra.bkb.rnp.br;mxms-cmt1-telebras.bkb.rnp.br;lanms-ms.bkb.rnp.br;monipe-ms-atraso.rnp.br
1750816968,2025-06-24 23:02:48,No-Hostname;No-Hostname;mxac-bac1.bkb.rnp.br;ro-ac-oi.bkb.rnp.br;cmt1-mxro-infobarra.bkb.rnp.br;mxms-cmt1-telebras.bkb.rnp.br;lanms-ms.bkb.rnp.br;monipe-ms-atraso.rnp.br
1750817625,2025-06-24 23:13:45,No-Hostname;No-Hostname;mxac-bac1.bkb.rnp.br;ro-ac-oi.bkb.rnp.br;cmt1-mxro-infobarra.bkb.rnp.br;mxms-cmt1-telebras.bkb.rnp.br;lanms-ms.bkb.rnp.br;monipe-ms-atraso.rnp.br
1750818287,2025-06-24 23:24:47,No-Hostname;No-Hostname;mxac-bac1.bkb.rnp.br;mxro-mxac-3g-allo.bkb.rnp.br;cmt1-mxro-infobarra.bkb.rnp.br;mxms-cmt1-telebras.bkb.rnp.br;lanms-ms.bkb.rnp.br;monipe-ms-atraso.rnp.br
1750818969,2025-06-24 23:36:09,No-Hostname;No-Hostname;mxac-bac1.bkb.rnp.br;ro-ac-oi.bkb.rnp.br;cmt1-mxro-infobarra.bkb.rnp.br;mxms-cmt1-telebras.bkb.rnp.br;lanms-ms.bkb.rnp.br;monipe-ms-atraso.rnp.br
1750819846,2025-06-24 23:50:46,No-Hostname;No-Hostname;mxac-bac1.bkb.rnp.br;ro-ac-oi.bkb.rnp.br;cmt1-mxro-infobarra.bkb.rnp.br;mxms-cmt1-telebras.bkb.rnp.br;lanms-ms.bkb.rnp.br;monipe-ms-atraso.rnp.br
1750820824,2025-06-25 00:07:04,No-Hostname;No-Hostname;mxac-bac1.bkb.rnp.br;ro-ac-oi.bkb.rnp.br;cmt1-mxro-infobarra.bkb.rnp.br;mxms-cmt1-telebras.bkb.rnp.br;lanms-ms.bkb.rnp.br;monipe-ms-atraso.rnp.br
1750821274,2025-06-25 00:14:34,No-Hostname;No-Hostname;mxac-bac1.bkb.rnp.br;ro-ac-oi.bkb.rnp.br;cmt1-mxro-infobarra.bkb.rnp.br;mxms-cmt1-telebras.bkb.rnp.br;lanms-ms.bkb.rnp.br;monipe-ms-atraso.rnp.br
1750821745,2025-06-25 00:22:25,No-Hostname;No-Hostname;mxac-bac1.bkb.rnp.br;ro-ac-oi.bkb.rnp.br;cmt1-mxro-infobarra.bkb.rnp.br;mxms-cmt1-telebras.bkb.rnp.br;lanms-ms.bkb.rnp.br;monipe-ms-atraso.rnp.br
1750822454,2025-06-25 00:34:14,No-Hostname;No-Hostname;mxac-bac1.bkb.rnp.br;ro-ac-oi.bkb.rnp.br;cmt1-mxro-infobarra.bkb.rnp.br;mxms-cmt1-telebras.bkb.rnp.br;lanms-ms.bkb.rnp.br;monipe-ms-atraso.rnp.br
1750823500,2025-06-25 00:51:40,No-Hostname;No-Hostname;mxac-bac1.bkb.rnp.br;mxro-mxac-3g-allo.bkb.rnp.br;cmt1-mxro-infobarra.bkb.rnp.br;mxms-cmt1-telebras.bkb.rnp.br;lanms-ms.bkb.rnp.br;monipe-ms-atraso.rnp.br
1750824171,2025-06-25 01:02:51,No-Hostname;No-Hostname;mxac-bac1.bkb.rnp.br;mxro-mxac-3g-allo.bkb.rnp.br;cmt1-mxro-infobarra.bkb.rnp.br;mxms-cmt1-telebras.bkb.rnp.br;lanms-ms.bkb.rnp.br;monipe-ms-atraso.rnp.br
1750825278,2025-06-25 01:21:18,No-Hostname;No-Hostname;mxac-bac1.bkb.rnp.br;ro-ac-oi.bkb.rnp.br;cmt1-mxro-infobarra.bkb.rnp.br;mxms-cmt1-telebras.bkb.rnp.br;lanms-ms.bkb.rnp.br;monipe-ms-atraso.rnp.br
1750826343,2025-06-25 01:39:03,No-Hostname;No-Hostname;mxac-bac1.bkb.rnp.br;ro-ac-oi.bkb.rnp.br;cmt1-mxro-infobarra.bkb.rnp.br;mxms-cmt1-telebras.bkb.rnp.br;lanms-ms.bkb.rnp.br;monipe-ms-atraso.rnp.br
1750826885,2025-06-25 01:48:05,No-Hostname;No-Hostname;mxac-bac1.bkb.rnp.br;ro-ac-oi.bkb.rnp.br;cmt1-mxro-infobarra.bkb.rnp.br;mxms-cmt1-telebras.bkb.rnp.br;lanms-ms.bkb.rnp.br;monipe-ms-atraso.rnp.br
1750827288,2025-06-25 01:54:48,No-Hostname;No-Hostname;mxac-bac1.bkb.rnp.br;ro-ac-oi.bkb.rnp.br;cmt1-mxro-infobarra.bkb.rnp.br;mxms-cmt1-telebras.bkb.rnp.br;lanms-ms.bkb.rnp.br;monipe-ms-atraso.rnp.br
1750827797,2025-06-25 02:03:17,No-Hostname;No-Hostname;mxac-bac1.bkb.rnp.br;ro-ac-oi.bkb.rnp.br;cmt1-mxro-infobarra.bkb.rnp.br;mxms-cmt1-telebras.bkb.rnp.br;lanms-ms.bkb.rnp.br;monipe-ms-atraso.rnp.br
1750828513,2025-06-25 02:15:13,No-Hostname;No-Hostname;mxac-bac1.bkb.rnp.br;ro-ac-oi.bkb.rnp.br;cmt1-mxro-infobarra.bkb.rnp.br;mxms-cmt1-telebras.bkb.rnp.br;lanms-ms.bkb.rnp.br;monipe-ms-atraso.rnp.br
1750828899,2025-06-25 02:21:39,No-Hostname;No-Hostname;mxac-bac1.bkb.rnp.br;ro-ac-oi.bkb.rnp.br;cmt1-mxro-infobarra.bkb.rnp.br;mxms-cmt1-telebras.bkb.rnp.br;lanms-ms.bkb.rnp.br;monipe-ms-atraso.rnp.br
1750829674,2025-06-25 02:34:34,No-Hostname;No-Hostname;mxac-bac1.bkb.rnp.br;ro-ac-oi.bkb.rnp.br;cmt1-mxro-infobarra.bkb.rnp.br;mxms-cmt1-telebras.bkb.rnp.br;lanms-ms.bkb.rnp.br;monipe-ms-atraso.rnp.br
1750830508,2025-06-25 02:48:28,No-Hostname;No-Hostname;mxac-bac1.bkb.rnp.br;mxro-mxac-3g-allo.bkb.rnp.br;cmt1-mxro-infobarra.bkb.rnp.br;mxms-cmt1-telebras.bkb.rnp.br;lanms-ms.bkb.rnp.br;monipe-ms-atraso.rnp.br
1750830762,2025-06-25 02:52:42,No-Hostname;No-Hostname;mxac-bac1.bkb.rnp.br;mxro-mxac-3g-allo.bkb.rnp.br;cmt1-mxro-infobarra.bkb.rnp.br;mxms-cmt1-telebras.bkb.rnp.br;lanms-ms.bkb.rnp.br;monipe-ms-atraso.rnp.br
1750831554,2025-06-25 03:05:54,No-Hostname;No-Hostname;mxac-bac1.bkb.rnp.br;mxro-mxac-3g-allo.bkb.rnp.br;cmt1-mxro-infobarra.bkb.rnp.br;mxms-cmt1-telebras.bkb.rnp.br;lanms-ms.bkb.rnp.br;monipe-ms-atraso.rnp.br
1750831901,2025-06-25 03:11:41,No-Hostname;No-Hostname;mxac-bac1.bkb.rnp.br;mxro-mxac-3g-allo.bkb.rnp.br;cmt1-mxro-infobarra.bkb.rnp.br;mxms-cmt1-telebras.bkb.rnp.br;lanms-ms.bkb.rnp.br;monipe-ms-atraso.rnp.br
1750832484,2025-06-25 03:21:24,No-Hostname;No-Hostname;mxac-bac1.bkb.rnp.br;ro-ac-oi.bkb.rnp.br;cmt1-mxro-infobarra.bkb.rnp.br;mxms-cmt1-telebras.bkb.rnp.br;lanms-ms.bkb.rnp.br;monipe-ms-atraso.rnp.br
1750833173,2025-06-25 03:32:53,No-Hostname;No-Hostname;mxac-bac1.bkb.rnp.br;ro-ac-oi.bkb.rnp.br;cmt1-mxro-infobarra.bkb.rnp.br;mxms-cmt1-telebras.bkb.rnp.br;lanms-ms.bkb.rnp.br;monipe-ms-atraso.rnp.br
1750833724,2025-06-25 03:42:04,No-Hostname;No-Hostname;mxac-bac1.bkb.rnp.br;mxro-mxac-3g-allo.bkb.rnp.br;cmt1-mxro-infobarra.bkb.rnp.br;mxms-cmt1-telebras.bkb.rnp.br;lanms-ms.bkb.rnp.br;monipe-ms-atraso.rnp.br
1750834925,2025-06-25 04:02:05,No-Hostname;No-Hostname;mxac-bac1.bkb.rnp.br;ro-ac-oi.bkb.rnp.br;cmt1-mxro-infobarra.bkb.rnp.br;mxms-cmt1-telebras.bkb.rnp.br;lanms-ms.bkb.rnp.br;monipe-ms-atraso.rnp.br
1750835648,2025-06-25 04:14:08,No-Hostname;No-Hostname;mxac-bac1.bkb.rnp.br;ro-ac-oi.bkb.rnp.br;cmt1-mxro-infobarra.bkb.rnp.br;mxms-cmt1-telebras.bkb.rnp.br;lanms-ms.bkb.rnp.br;monipe-ms-atraso.rnp.br
1750836298,2025-06-25 04:24:58,No-Hostname;No-Hostname;mxac-bac1.bkb.rnp.br;mxro-mxac-3g-allo.bkb.rnp.br;cmt1-mxro-infobarra.bkb.rnp.br;mxms-cmt1-telebras.bkb.rnp.br;lanms-ms.bkb.rnp.br;monipe-ms-atraso.rnp.br
1750836850,2025-06-25 04:34:10,No-Hostname;No-Hostname;mxac-bac1.bkb.rnp.br;mxro-mxac-3g-allo.bkb.rnp.br;cmt1-mxro-infobarra.bkb.rnp.br;mxms-cmt1-telebras.bkb.rnp.br;lanms-ms.bkb.rnp.br;monipe-ms-atraso.rnp.br
1750837581,2025-06-25 04:46:21,No-Hostname;No-Hostname;mxac-bac1.bkb.rnp.br;mxro-mxac-3g-allo.bkb.rnp.br;cmt1-mxro-infobarra.bkb.rnp.br;mxms-cmt1-telebras.bkb.rnp.br;lanms-ms.bkb.rnp.br;monipe-ms-atraso.rnp.br
1750838193,2025-06-25 04:56:33,No-Hostname;No-Hostname;mxac-bac1.bkb.rnp.br;mxro-mxac-3g-allo.bkb.rnp.br;cmt1-mxro-infobarra.bkb.rnp.br;mxms-cmt1-telebras.bkb.rnp.br;lanms-ms.bkb.rnp.br;monipe-ms-atraso.rnp.br
1750838636,2025-06-25 05:03:56,No-Hostname;No-Hostname;mxac-bac1.bkb.rnp.br;mxro-mxac-3g-allo.bkb.rnp.br;cmt1-mxro-infobarra.bkb.rnp.br;mxms-cmt1-telebras.bkb.rnp.br;lanms-ms.bkb.rnp.br;monipe-ms-atraso.rnp.br
1750839939,2025-06-25 05:25:39,No-Hostname;No-Hostname;mxac-bac1.bkb.rnp.br;ro-ac-oi.bkb.rnp.br;cmt1-mxro-infobarra.bkb.rnp.br;mxms-cmt1-telebras.bkb.rnp.br;lanms-ms.bkb.rnp.br;monipe-ms-atraso.rnp.br
1750840355,2025-06-25 05:32:35,No-Hostname;No-Hostname;mxac-bac1.bkb.rnp.br;ro-ac-oi.bkb.rnp.br;cmt1-mxro-infobarra.bkb.rnp.br;mxms-cmt1-telebras.bkb.rnp.br;lanms-ms.bkb.rnp.br;monipe-ms-atraso.rnp.br
1750841538,2025-06-25 05:52:18,No-Hostname;No-Hostname;mxac-bac1.bkb.rnp.br;ro-ac-oi.bkb.rnp.br;cmt1-mxro-infobarra.bkb.rnp.br;mxms-cmt1-telebras.bkb.rnp.br;lanms-ms.bkb.rnp.br;monipe-ms-atraso.rnp.br
1750842527,2025-06-25 06:08:47,No-Hostname;No-Hostname;mxac-bac1.bkb.rnp.br;ro-ac-oi.bkb.rnp.br;cmt1-mxro-infobarra.bkb.rnp.br;mxms-cmt1-telebras.bkb.rnp.br;lanms-ms.bkb.rnp.br;monipe-ms-atraso.rnp.br
1750842700,2025-06-25 06:11:40,No-Hostname;No-Hostname;mxac-bac1.bkb.rnp.br;ro-ac-oi.bkb.rnp.br;cmt1-mxro-infobarra.bkb.rnp.br;mxms-cmt1-telebras.bkb.rnp.br;lanms-ms.bkb.rnp.br;monipe-ms-atraso.rnp.br
1750843509,2025-06-25 06:25:09,No-Hostname;No-Hostname;mxac-bac1.bkb.rnp.br;ro-ac-oi.bkb.rnp.br;cmt1-mxro-infobarra.bkb.rnp.br;mxms-cmt1-telebras.bkb.rnp.br;lanms-ms.bkb.rnp.br;monipe-ms-atraso.rnp.br
1750844114,2025-06-25 06:35:14,No-Hostname;No-Hostname;mxac-bac1.bkb.rnp.br;ro-ac-oi.bkb.rnp.br;cmt1-mxro-infobarra.bkb.rnp.br;mxms-cmt1-telebras.bkb.rnp.br;lanms-ms.bkb.rnp.br;monipe-ms-atraso.rnp.br
1750844516,2025-06-25 06:41:56,No-Hostname;No-Hostname;mxac-bac1.bkb.rnp.br;ro-ac-oi.bkb.rnp.br;cmt1-mxro-infobarra.bkb.rnp.br;mxms-cmt1-telebras.bkb.rnp.br;lanms-ms.bkb.rnp.br;monipe-ms-atraso.rnp.br
1750845177,2025-06-25 06:52:57,No-Hostname;No-Hostname;mxac-bac1.bkb.rnp.br;ro-ac-oi.bkb.rnp.br;cmt1-mxro-infobarra.bkb.rnp.br;mxms-cmt1-telebras.bkb.rnp.br;lanms-ms.bkb.rnp.br;monipe-ms-atraso.rnp.br
1750845896,2025-06-25 07:04:56,No-Hostname;No-Hostname;mxac-bac1.bkb.rnp.br;ro-ac-oi.bkb.rnp.br;cmt1-mxro-infobarra.bkb.rnp.br;mxms-cmt1-telebras.bkb.rnp.br;lanms-ms.bkb.rnp.br;monipe-ms-atraso.rnp.br
1750846327,2025-06-25 07:12:07,No-Hostname;No-Hostname;mxac-bac1.bkb.rnp.br;ro-ac-oi.bkb.rnp.br;cmt1-mxro-infobarra.bkb.rnp.br;mxms-cmt1-telebras.bkb.rnp.br;lanms-ms.bkb.rnp.br;monipe-ms-atraso.rnp.br
1750846952,2025-06-25 07:22:32,No-Hostname;No-Hostname;mxac-bac1.bkb.rnp.br;ro-ac-oi.bkb.rnp.br;cmt1-mxro-infobarra.bkb.rnp.br;mxms-cmt1-telebras.bkb.rnp.br;lanms-ms.bkb.rnp.br;monipe-ms-atraso.rnp.br
1750847901,2025-06-25 07:38:21,No-Hostname;No-Hostname;mxac-bac1.bkb.rnp.br;mxro-mxac-3g-allo.bkb.rnp.br;cmt1-mxro-infobarra.bkb.rnp.br;mxms-cmt1-telebras.bkb.rnp.br;lanms-ms.bkb.rnp.br;monipe-ms-atraso.rnp.br
1750848146,2025-06-25 07:42:26,No-Hostname;No-Hostname;mxac-bac1.bkb.rnp.br;mxro-mxac-3g-allo.bkb.rnp.br;cmt1-mxro-infobarra.bkb.rnp.br;mxms-cmt1-telebras.bkb.rnp.br;lanms-ms.bkb.rnp.br;monipe-ms-atraso.rnp.br
1750848789,2025-06-25 07:53:09,No-Hostname;No-Hostname;mxac-bac1.bkb.rnp.br;mxro-mxac-3g-allo.bkb.rnp.br;cmt1-mxro-infobarra.bkb.rnp.br;mxms-cmt1-telebras.bkb.rnp.br;lanms-ms.bkb.rnp.br;monipe-ms-atraso.rnp.br
1750849342,2025-06-25 08:02:22,No-Hostname;No-Hostname;mxac-bac1.bkb.rnp.br;mxro-mxac-3g-allo.bkb.rnp.br;cmt1-mxro-infobarra.bkb.rnp.br;mxms-cmt1-telebras.bkb.rnp.br;lanms-ms.bkb.rnp.br;monipe-ms-atraso.rnp.br
1750849911,2025-06-25 08:11:51,No-Hostname;No-Hostname;mxac-bac1.bkb.rnp.br;ro-ac-oi.bkb.rnp.br;cmt1-mxro-infobarra.bkb.rnp.br;mxms-cmt1-telebras.bkb.rnp.br;lanms-ms.bkb.rnp.br;monipe-ms-atraso.rnp.br
1750850435,2025-06-25 08:20:35,No-Hostname;No-Hostname;mxac-bac1.bkb.rnp.br;ro-ac-oi.bkb.rnp.br;cmt1-mxro-infobarra.bkb.rnp.br;mxms-cmt1-telebras.bkb.rnp.br;lanms-ms.bkb.rnp.br;monipe-ms-atraso.rnp.br
1750851161,2025-06-25 08:32:41,No-Hostname;No-Hostname;mxac-bac1.bkb.rnp.br;ro-ac-oi.bkb.rnp.br;cmt1-mxro-infobarra.bkb.rnp.br;mxms-cmt1-telebras.bkb.rnp.br;lanms-ms.bkb.rnp.br;monipe-ms-atraso.rnp.br
1750851901,2025-06-25 08:45:01,No-Hostname;No-Hostname;mxac-bac1.bkb.rnp.br;mxro-mxac-3g-allo.bkb.rnp.br;cmt1-mxro-infobarra.bkb.rnp.br;mxms-cmt1-telebras.bkb.rnp.br;lanms-ms.bkb.rnp.br;monipe-ms-atraso.rnp.br
1750852313,2025-06-25 08:51:53,No-Hostname;No-Hostname;mxac-bac1.bkb.rnp.br;ro-ac-oi.bkb.rnp.br;cmt1-mxro-infobarra.bkb.rnp.br;mxms-cmt1-telebras.bkb.rnp.br;lanms-ms.bkb.rnp.br;monipe-ms-atraso.rnp.br
1750853201,2025-06-25 09:06:41,No-Hostname;No-Hostname;mxac-bac1.bkb.rnp.br;ro-ac-oi.bkb.rnp.br;cmt1-mxro-infobarra.bkb.rnp.br;mxms-cmt1-telebras.bkb.rnp.br;lanms-ms.bkb.rnp.br;monipe-ms-atraso.rnp.br
1750853756,2025-06-25 09:15:56,No-Hostname;No-Hostname;mxac-bac1.bkb.rnp.br;mxro-mxac-3g-allo.bkb.rnp.br;cmt1-mxro-infobarra.bkb.rnp.br;mxms-cmt1-telebras.bkb.rnp.br;lanms-ms.bkb.rnp.br;monipe-ms-atraso.rnp.br
1750854250,2025-06-25 09:24:10,No-Hostname;No-Hostname;mxac-bac1.bkb.rnp.br;ro-ac-oi.bkb.rnp.br;cmt1-mxro-infobarra.bkb.rnp.br;mxms-cmt1-telebras.bkb.rnp.br;lanms-ms.bkb.rnp.br;monipe-ms-atraso.rnp.br
1750854797,2025-06-25 09:33:17,No-Hostname;No-Hostname;mxac-bac1.bkb.rnp.br;ro-ac-oi.bkb.rnp.br;cmt1-mxro-infobarra.bkb.rnp.br;mxms-cmt1-telebras.bkb.rnp.br;lanms-ms.bkb.rnp.br;monipe-ms-atraso.rnp.br
1750856135,2025-06-25 09:55:35,No-Hostname;No-Hostname;mxac-bac1.bkb.rnp.br;mxro-mxac-3g-allo.bkb.rnp.br;cmt1-mxro-infobarra.bkb.rnp.br;mxms-cmt1-telebras.bkb.rnp.br;lanms-ms.bkb.rnp.br;monipe-ms-atraso.rnp.br
1750856688,2025-06-25 10:04:48,No-Hostname;No-Hostname;mxac-bac1.bkb.rnp.br;mxro-mxac-3g-allo.bkb.rnp.br;cmt1-mxro-infobarra.bkb.rnp.br;mxms-cmt1-telebras.bkb.rnp.br;lanms-ms.bkb.rnp.br;monipe-ms-atraso.rnp.br
1750857155,2025-06-25 10:12:35,No-Hostname;No-Hostname;mxac-bac1.bkb.rnp.br;mxro-mxac-3g-allo.bkb.rnp.br;cmt1-mxro-infobarra.bkb.rnp.br;mxms-cmt1-telebras.bkb.rnp.br;lanms-ms.bkb.rnp.br;monipe-ms-atraso.rnp.br
1750859696,2025-06-25 10:54:56,No-Hostname;No-Hostname;mxac-bac1.bkb.rnp.br;ro-ac-oi.bkb.rnp.br;cmt1-mxro-infobarra.bkb.rnp.br;mxms-cmt1-telebras.bkb.rnp.br;lanms-ms.bkb.rnp.br;monipe-ms-atraso.rnp.br
1750860876,2025-06-25 11:14:36,No-Hostname;No-Hostname;mxac-bac1.bkb.rnp.br;mxro-mxac-3g-allo.bkb.rnp.br;cmt1-mxro-infobarra.bkb.rnp.br;mxms-cmt1-telebras.bkb.rnp.br;lanms-ms.bkb.rnp.br;monipe-ms-atraso.rnp.br
1750861562,2025-06-25 11:26:02,No-Hostname;No-Hostname;mxac-bac1.bkb.rnp.br;ro-ac-oi.bkb.rnp.br;cmt1-mxro-infobarra.bkb.rnp.br;mxms-cmt1-telebras.bkb.rnp.br;lanms-ms.bkb.rnp.br;monipe-ms-atraso.rnp.br
1750861963,2025-06-25 11:32:43,No-Hostname;No-Hostname;mxac-bac1.bkb.rnp.br;ro-ac-oi.bkb.rnp.br;cmt1-mxro-infobarra.bkb.rnp.br;mxms-cmt1-telebras.bkb.rnp.br;lanms-ms.bkb.rnp.br;monipe-ms-atraso.rnp.br
1750862947,2025-06-25 11:49:07,No-Hostname;No-Hostname;mxac-bac1.bkb.rnp.br;mxro-mxac-3g-allo.bkb.rnp.br;cmt1-mxro-infobarra.bkb.rnp.br;mxms-cmt1-telebras.bkb.rnp.br;lanms-ms.bkb.rnp.br;monipe-ms-atraso.rnp.br
1750863300,2025-06-25 11:55:00,No-Hostname;No-Hostname;mxac-bac1.bkb.rnp.br;ro-ac-oi.bkb.rnp.br;cmt1-mxro-infobarra.bkb.rnp.br;mxms-cmt1-telebras.bkb.rnp.br;lanms-ms.bkb.rnp.br;monipe-ms-atraso.rnp.br
1750863820,2025-06-25 12:03:40,No-Hostname;No-Hostname;mxac-bac1.bkb.rnp.br;ro-ac-oi.bkb.rnp.br;cmt1-mxro-infobarra.bkb.rnp.br;mxms-cmt1-telebras.bkb.rnp.br;lanms-ms.bkb.rnp.br;monipe-ms-atraso.rnp.br
1750864608,2025-06-25 12:16:48,No-Hostname;No-Hostname;mxac-bac1.bkb.rnp.br;ro-ac-oi.bkb.rnp.br;cmt1-mxro-infobarra.bkb.rnp.br;mxms-cmt1-telebras.bkb.rnp.br;lanms-ms.bkb.rnp.br;monipe-ms-atraso.rnp.br
1750864966,2025-06-25 12:22:46,No-Hostname;No-Hostname;mxac-bac1.bkb.rnp.br;ro-ac-oi.bkb.rnp.br;cmt1-mxro-infobarra.bkb.rnp.br;mxms-cmt1-telebras.bkb.rnp.br;lanms-ms.bkb.rnp.br;monipe-ms-atraso.rnp.br
1750865699,2025-06-25 12:34:59,No-Hostname;No-Hostname;mxac-bac1.bkb.rnp.br;ro-ac-oi.bkb.rnp.br;cmt1-mxro-infobarra.bkb.rnp.br;mxms-cmt1-telebras.bkb.rnp.br;lanms-ms.bkb.rnp.br;monipe-ms-atraso.rnp.br
1750866139,2025-06-25 12:42:19,No-Hostname;No-Hostname;mxac-bac1.bkb.rnp.br;ro-ac-oi.bkb.rnp.br;cmt1-mxro-infobarra.bkb.rnp.br;mxms-cmt1-telebras.bkb.rnp.br;lanms-ms.bkb.rnp.br;monipe-ms-atraso.rnp.br
1750866862,2025-06-25 12:54:22,No-Hostname;No-Hostname;mxac-bac1.bkb.rnp.br;mxro-mxac-3g-allo.bkb.rnp.br;cmt1-mxro-infobarra.bkb.rnp.br;mxms-cmt1-telebras.bkb.rnp.br;lanms-ms.bkb.rnp.br;monipe-ms-atraso.rnp.br
1750867490,2025-06-25 13:04:50,No-Hostname;No-Hostname;mxac-bac1.bkb.rnp.br;mxro-mxac-3g-allo.bkb.rnp.br;cmt1-mxro-infobarra.bkb.rnp.br;mxms-cmt1-telebras.bkb.rnp.br;lanms-ms.bkb.rnp.br;monipe-ms-atraso.rnp.br
1750868273,2025-06-25 13:17:53,No-Hostname;No-Hostname;mxac-bac1.bkb.rnp.br;mxro-mxac-3g-allo.bkb.rnp.br;cmt1-mxro-infobarra.bkb.rnp.br;mxms-cmt1-telebras.bkb.rnp.br;lanms-ms.bkb.rnp.br;monipe-ms-atraso.rnp.br
1750868814,2025-06-25 13:26:54,No-Hostname;No-Hostname;mxac-bac1.bkb.rnp.br;ro-ac-oi.bkb.rnp.br;cmt1-mxro-infobarra.bkb.rnp.br;mxms-cmt1-telebras.bkb.rnp.br;lanms-ms.bkb.rnp.br;monipe-ms-atraso.rnp.br
1750869454,2025-06-25 13:37:34,No-Hostname;No-Hostname;mxac-bac1.bkb.rnp.br;mxro-mxac-3g-allo.bkb.rnp.br;cmt1-mxro-infobarra.bkb.rnp.br;mxms-cmt1-telebras.bkb.rnp.br;lanms-ms.bkb.rnp.br;monipe-ms-atraso.rnp.br
1750869757,2025-06-25 13:42:37,No-Hostname;No-Hostname;mxac-bac1.bkb.rnp.br;mxro-mxac-3g-allo.bkb.rnp.br;cmt1-mxro-infobarra.bkb.rnp.br;mxms-cmt1-telebras.bkb.rnp.br;lanms-ms.bkb.rnp.br;monipe-ms-atraso.rnp.br
1750870924,2025-06-25 14:02:04,No-Hostname;No-Hostname;mxac-bac1.bkb.rnp.br;mxro-mxac-3g-allo.bkb.rnp.br;cmt1-mxro-infobarra.bkb.rnp.br;mxms-cmt1-telebras.bkb.rnp.br;lanms-ms.bkb.rnp.br;monipe-ms-atraso.rnp.br
1750871841,2025-06-25 14:17:21,No-Hostname;No-Hostname;mxac-bac1.bkb.rnp.br;mxro-mxac-3g-allo.bkb.rnp.br;cmt1-mxro-infobarra.bkb.rnp.br;mxms-cmt1-telebras.bkb.rnp.br;lanms-ms.bkb.rnp.br;monipe-ms-atraso.rnp.br
1750872753,2025-06-25 14:32:33,No-Hostname;No-Hostname;mxac-bac1.bkb.rnp.br;mxro-mxac-3g-allo.bkb.rnp.br;cmt1-mxro-infobarra.bkb.rnp.br;mxms-cmt1-telebras.bkb.rnp.br;lanms-ms.bkb.rnp.br;monipe-ms-atraso.rnp.br
1750873480,2025-06-25 14:44:40,No-Hostname;No-Hostname;mxac-bac1.bkb.rnp.br;ro-ac-oi.bkb.rnp.br;cmt1-mxro-infobarra.bkb.rnp.br;mxms-cmt1-telebras.bkb.rnp.br;lanms-ms.bkb.rnp.br;monipe-ms-atraso.rnp.br
1750875090,2025-06-25 15:11:30,No-Hostname;No-Hostname;mxac-bac1.bkb.rnp.br;mxro-mxac-3g-allo.bkb.rnp.br;cmt1-mxro-infobarra.bkb.rnp.br;mxms-cmt1-telebras.bkb.rnp.br;lanms-ms.bkb.rnp.br;monipe-ms-atraso.rnp.br
1750876002,2025-06-25 15:26:42,No-Hostname;No-Hostname;mxac-bac1.bkb.rnp.br;ro-ac-oi.bkb.rnp.br;cmt1-mxro-infobarra.bkb.rnp.br;mxms-cmt1-telebras.bkb.rnp.br;lanms-ms.bkb.rnp.br;monipe-ms-atraso.rnp.br
1750876281,2025-06-25 15:31:21,No-Hostname;No-Hostname;mxac-bac1.bkb.rnp.br;ro-ac-oi.bkb.rnp.br;cmt1-mxro-infobarra.bkb.rnp.br;mxms-cmt1-telebras.bkb.rnp.br;lanms-ms.bkb.rnp.br;monipe-ms-atraso.rnp.br
1750877868,2025-06-25 15:57:48,No-Hostname;No-Hostname;mxac-bac1.bkb.rnp.br;ro-ac-oi.bkb.rnp.br;cmt1-mxro-infobarra.bkb.rnp.br;mxms-cmt1-telebras.bkb.rnp.br;lanms-ms.bkb.rnp.br;monipe-ms-atraso.rnp.br
1750878379,2025-06-25 16:06:19,No-Hostname;No-Hostname;mxac-bac1.bkb.rnp.br;ro-ac-oi.bkb.rnp.br;cmt1-mxro-infobarra.bkb.rnp.br;mxms-cmt1-telebras.bkb.rnp.br;lanms-ms.bkb.rnp.br;monipe-ms-atraso.rnp.br
1750878677,2025-06-25 16:11:17,No-Hostname;No-Hostname;mxac-bac1.bkb.rnp.br;ro-ac-oi.bkb.rnp.br;cmt1-mxro-infobarra.bkb.rnp.br;mxms-cmt1-telebras.bkb.rnp.br;lanms-ms.bkb.rnp.br;monipe-ms-atraso.rnp.br
1750879381,2025-06-25 16:23:01,No-Hostname;No-Hostname;mxac-bac1.bkb.rnp.br;mxro-mxac-3g-allo.bkb.rnp.br;cmt1-mxro-infobarra.bkb.rnp.br;mxms-cmt1-telebras.bkb.rnp.br;lanms-ms.bkb.rnp.br;monipe-ms-atraso.rnp.br
1750880059,2025-06-25 16:34:19,No-Hostname;No-Hostname;mxac-bac1.bkb.rnp.br;mxro-mxac-3g-allo.bkb.rnp.br;cmt1-mxro-infobarra.bkb.rnp.br;mxms-cmt1-telebras.bkb.rnp.br;lanms-ms.bkb.rnp.br;monipe-ms-atraso.rnp.br
1750880849,2025-06-25 16:47:29,No-Hostname;No-Hostname;mxac-bac1.bkb.rnp.br;mxro-mxac-3g-allo.bkb.rnp.br;cmt1-mxro-infobarra.bkb.rnp.br;mxms-cmt1-telebras.bkb.rnp.br;lanms-ms.bkb.rnp.br;monipe-ms-atraso.rnp.br
1750881379,2025-06-25 16:56:19,No-Hostname;No-Hostname;mxac-bac1.bkb.rnp.br;mxro-mxac-3g-allo.bkb.rnp.br;cmt1-mxro-infobarra.bkb.rnp.br;mxms-cmt1-telebras.bkb.rnp.br;lanms-ms.bkb.rnp.br;monipe-ms-atraso.rnp.br
1750882007,2025-06-25 17:06:47,No-Hostname;No-Hostname;mxac-bac1.bkb.rnp.br;mxro-mxac-3g-allo.bkb.rnp.br;cmt1-mxro-infobarra.bkb.rnp.br;mxms-cmt1-telebras.bkb.rnp.br;lanms-ms.bkb.rnp.br;monipe-ms-atraso.rnp.br
1750882348,2025-06-25 17:12:28,No-Hostname;No-Hostname;mxac-bac1.bkb.rnp.br;mxro-mxac-3g-allo.bkb.rnp.br;cmt1-mxro-infobarra.bkb.rnp.br;mxms-cmt1-telebras.bkb.rnp.br;lanms-ms.bkb.rnp.br;monipe-ms-atraso.rnp.br
1750883333,2025-06-25 17:28:53,No-Hostname;No-Hostname;mxac-bac1.bkb.rnp.br;mxro-mxac-3g-allo.bkb.rnp.br;cmt1-mxro-infobarra.bkb.rnp.br;mxms-cmt1-telebras.bkb.rnp.br;lanms-ms.bkb.rnp.br;monipe-ms-atraso.rnp.br
1750883604,2025-06-25 17:33:24,No-Hostname;No-Hostname;mxac-bac1.bkb.rnp.br;mxro-mxac-3g-allo.bkb.rnp.br;cmt1-mxro-infobarra.bkb.rnp.br;mxms-cmt1-telebras.bkb.rnp.br;lanms-ms.bkb.rnp.br;monipe-ms-atraso.rnp.br
1750884063,2025-06-25 17:41:03,No-Hostname;No-Hostname;mxac-bac1.bkb.rnp.br;ro-ac-oi.bkb.rnp.br;cmt1-mxro-infobarra.bkb.rnp.br;mxms-cmt1-telebras.bkb.rnp.br;lanms-ms.bkb.rnp.br;monipe-ms-atraso.rnp.br
1750884686,2025-06-25 17:51:26,No-Hostname;No-Hostname;mxac-bac1.bkb.rnp.br;mxro-mxac-3g-allo.bkb.rnp.br;cmt1-mxro-infobarra.bkb.rnp.br;mxms-cmt1-telebras.bkb.rnp.br;lanms-ms.bkb.rnp.br;monipe-ms-atraso.rnp.br
1750885480,2025-06-25 18:04:40,No-Hostname;No-Hostname;mxac-bac1.bkb.rnp.br;mxro-mxac-3g-allo.bkb.rnp.br;cmt1-mxro-infobarra.bkb.rnp.br;mxms-cmt1-telebras.bkb.rnp.br;lanms-ms.bkb.rnp.br;monipe-ms-atraso.rnp.br
1750885882,2025-06-25 18:11:22,No-Hostname;No-Hostname;mxac-bac1.bkb.rnp.br;mxro-mxac-3g-allo.bkb.rnp.br;cmt1-mxro-infobarra.bkb.rnp.br;mxms-cmt1-telebras.bkb.rnp.br;lanms-ms.bkb.rnp.br;monipe-ms-atraso.rnp.br
1750886533,2025-06-25 18:22:13,No-Hostname;No-Hostname;mxac-bac1.bkb.rnp.br;ro-ac-oi.bkb.rnp.br;cmt1-mxro-infobarra.bkb.rnp.br;mxms-cmt1-telebras.bkb.rnp.br;lanms-ms.bkb.rnp.br;monipe-ms-atraso.rnp.br
1750887108,2025-06-25 18:31:48,No-Hostname;No-Hostname;mxac-bac1.bkb.rnp.br;ro-ac-oi.bkb.rnp.br;cmt1-mxro-infobarra.bkb.rnp.br;mxms-cmt1-telebras.bkb.rnp.br;lanms-ms.bkb.rnp.br;monipe-ms-atraso.rnp.br
1750887696,2025-06-25 18:41:36,No-Hostname;No-Hostname;mxac-bac1.bkb.rnp.br;ro-ac-oi.bkb.rnp.br;cmt1-mxro-infobarra.bkb.rnp.br;mxms-cmt1-telebras.bkb.rnp.br;lanms-ms.bkb.rnp.br;monipe-ms-atraso.rnp.br
1750888540,2025-06-25 18:55:40,No-Hostname;No-Hostname;mxac-bac1.bkb.rnp.br;ro-ac-oi.bkb.rnp.br;cmt1-mxro-infobarra.bkb.rnp.br;mxms-cmt1-telebras.bkb.rnp.br;lanms-ms.bkb.rnp.br;monipe-ms-atraso.rnp.br
1750889118,2025-06-25 19:05:18,No-Hostname;No-Hostname;mxac-bac1.bkb.rnp.br;ro-ac-oi.bkb.rnp.br;cmt1-mxro-infobarra.bkb.rnp.br;mxms-cmt1-telebras.bkb.rnp.br;lanms-ms.bkb.rnp.br;monipe-ms-atraso.rnp.br
1750889698,2025-06-25 19:14:58,No-Hostname;No-Hostname;mxac-bac1.bkb.rnp.br;ro-ac-oi.bkb.rnp.br;cmt1-mxro-infobarra.bkb.rnp.br;mxms-cmt1-telebras.bkb.rnp.br;lanms-ms.bkb.rnp.br;monipe-ms-atraso.rnp.br
1750890540,2025-06-25 19:29:00,No-Hostname;No-Hostname;mxac-bac1.bkb.rnp.br;ro-ac-oi.bkb.rnp.br;cmt1-mxro-infobarra.bkb.rnp.br;mxms-cmt1-telebras.bkb.rnp.br;lanms-ms.bkb.rnp.br;monipe-ms-atraso.rnp.br
1750890790,2025-06-25 19:33:10,No-Hostname;No-Hostname;mxac-bac1.bkb.rnp.br;ro-ac-oi.bkb.rnp.br;cmt1-mxro-infobarra.bkb.rnp.br;mxms-cmt1-telebras.bkb.rnp.br;lanms-ms.bkb.rnp.br;monipe-ms-atraso.rnp.br
1750891484,2025-06-25 19:44:44,No-Hostname;No-Hostname;mxac-bac1.bkb.rnp.br;mxro-mxac-3g-allo.bkb.rnp.br;cmt1-mxro-infobarra.bkb.rnp.br;mxms-cmt1-telebras.bkb.rnp.br;lanms-ms.bkb.rnp.br;monipe-ms-atraso.rnp.br
1750892340,2025-06-25 19:59:00,No-Hostname;No-Hostname;mxac-bac1.bkb.rnp.br;ro-ac-oi.bkb.rnp.br;cmt1-mxro-infobarra.bkb.rnp.br;mxms-cmt1-telebras.bkb.rnp.br;lanms-ms.bkb.rnp.br;monipe-ms-atraso.rnp.br
1750892838,2025-06-25 20:07:18,No-Hostname;No-Hostname;mxac-bac1.bkb.rnp.br;ro-ac-oi.bkb.rnp.br;cmt1-mxro-infobarra.bkb.rnp.br;mxms-cmt1-telebras.bkb.rnp.br;lanms-ms.bkb.rnp.br;monipe-ms-atraso.rnp.br
1750893517,2025-06-25 20:18:37,No-Hostname;No-Hostname;mxac-bac1.bkb.rnp.br;ro-ac-oi.bkb.rnp.br;cmt1-mxro-infobarra.bkb.rnp.br;mxms-cmt1-telebras.bkb.rnp.br;lanms-ms.bkb.rnp.br;monipe-ms-atraso.rnp.br
1750893768,2025-06-25 20:22:48,No-Hostname;No-Hostname;mxac-bac1.bkb.rnp.br;mxro-mxac-3g-allo.bkb.rnp.br;cmt1-mxro-infobarra.bkb.rnp.br;mxms-cmt1-telebras.bkb.rnp.br;lanms-ms.bkb.rnp.br;monipe-ms-atraso.rnp.br
1750894495,2025-06-25 20:34:55,No-Hostname;No-Hostname;mxac-bac1.bkb.rnp.br;mxro-mxac-3g-allo.bkb.rnp.br;cmt1-mxro-infobarra.bkb.rnp.br;mxms-cmt1-telebras.bkb.rnp.br;lanms-ms.bkb.rnp.br;monipe-ms-atraso.rnp.br
1750894975,2025-06-25 20:42:55,No-Hostname;No-Hostname;mxac-bac1.bkb.rnp.br;mxro-mxac-3g-allo.bkb.rnp.br;cmt1-mxro-infobarra.bkb.rnp.br;mxms-cmt1-telebras.bkb.rnp.br;lanms-ms.bkb.rnp.br;monipe-ms-atraso.rnp.br
1750895899,2025-06-25 20:58:19,No-Hostname;No-Hostname;mxac-bac1.bkb.rnp.br;ro-ac-oi.bkb.rnp.br;cmt1-mxro-infobarra.bkb.rnp.br;mxms-cmt1-telebras.bkb.rnp.br;lanms-ms.bkb.rnp.br;monipe-ms-atraso.rnp.br
1750896978,2025-06-25 21:16:18,No-Hostname;No-Hostname;mxac-bac1.bkb.rnp.br;ro-ac-oi.bkb.rnp.br;cmt1-mxro-infobarra.bkb.rnp.br;mxms-cmt1-telebras.bkb.rnp.br;lanms-ms.bkb.rnp.br;monipe-ms-atraso.rnp.br
1750897605,2025-06-25 21:26:45,No-Hostname;No-Hostname;mxac-bac1.bkb.rnp.br;ro-ac-oi.bkb.rnp.br;cmt1-mxro-infobarra.bkb.rnp.br;mxms-cmt1-telebras.bkb.rnp.br;lanms-ms.bkb.rnp.br;monipe-ms-atraso.rnp.br
1750897893,2025-06-25 21:31:33,No-Hostname;No-Hostname;mxac-bac1.bkb.rnp.br;ro-ac-oi.bkb.rnp.br;No-Hostname;mxms-cmt1-telebras.bkb.rnp.br;lanms-ms.bkb.rnp.br;monipe-ms-atraso.rnp.br
1750898847,2025-06-25 21:47:27,No-Hostname;No-Hostname;mxac-bac1.bkb.rnp.br;ro-ac-oi.bkb.rnp.br;cmt1-mxro-infobarra.bkb.rnp.br;mxms-cmt1-telebras.bkb.rnp.br;lanms-ms.bkb.rnp.br;monipe-ms-atraso.rnp.br
1750899102,2025-06-25 21:51:42,No-Hostname;No-Hostname;mxac-bac1.bkb.rnp.br;ro-ac-oi.bkb.rnp.br;cmt1-mxro-infobarra.bkb.rnp.br;mxms-cmt1-telebras.bkb.rnp.br;lanms-ms.bkb.rnp.br;monipe-ms-atraso.rnp.br
1750899764,2025-06-25 22:02:44,No-Hostname;No-Hostname;mxac-bac1.bkb.rnp.br;ro-ac-oi.bkb.rnp.br;cmt1-mxro-infobarra.bkb.rnp.br;mxms-cmt1-telebras.bkb.rnp.br;lanms-ms.bkb.rnp.br;monipe-ms-atraso.rnp.br
1750900445,2025-06-25 22:14:05,No-Hostname;No-Hostname;mxac-bac1.bkb.rnp.br;ro-ac-oi.bkb.rnp.br;cmt1-mxro-infobarra.bkb.rnp.br;mxms-cmt1-telebras.bkb.rnp.br;lanms-ms.bkb.rnp.br;monipe-ms-atraso.rnp.br
1750901250,2025-06-25 22:27:30,No-Hostname;No-Hostname;mxac-bac1.bkb.rnp.br;mxro-mxac-3g-allo.bkb.rnp.br;cmt1-mxro-infobarra.bkb.rnp.br;mxms-cmt1-telebras.bkb.rnp.br;lanms-ms.bkb.rnp.br;monipe-ms-atraso.rnp.br
1750901655,2025-06-25 22:34:15,No-Hostname;No-Hostname;mxac-bac1.bkb.rnp.br;mxro-mxac-3g-allo.bkb.rnp.br;cmt1-mxro-infobarra.bkb.rnp.br;mxms-cmt1-telebras.bkb.rnp.br;lanms-ms.bkb.rnp.br;monipe-ms-atraso.rnp.br
1750902058,2025-06-25 22:40:58,No-Hostname;No-Hostname;mxac-bac1.bkb.rnp.br;ro-ac-oi.bkb.rnp.br;cmt1-mxro-infobarra.bkb.rnp.br;mxms-cmt1-telebras.bkb.rnp.br;lanms-ms.bkb.rnp.br;monipe-ms-atraso.rnp.br
1750902940,2025-06-25 22:55:40,No-Hostname;No-Hostname;mxac-bac1.bkb.rnp.br;ro-ac-oi.bkb.rnp.br;cmt1-mxro-infobarra.bkb.rnp.br;mxms-cmt1-telebras.bkb.rnp.br;lanms-ms.bkb.rnp.br;monipe-ms-atraso.rnp.br
1750903465,2025-06-25 23:04:25,No-Hostname;No-Hostname;mxac-bac1.bkb.rnp.br;ro-ac-oi.bkb.rnp.br;cmt1-mxro-infobarra.bkb.rnp.br;mxms-cmt1-telebras.bkb.rnp.br;lanms-ms.bkb.rnp.br;monipe-ms-atraso.rnp.br
1750903885,2025-06-25 23:11:25,No-Hostname;No-Hostname;mxac-bac1.bkb.rnp.br;ro-ac-oi.bkb.rnp.br;cmt1-mxro-infobarra.bkb.rnp.br;mxms-cmt1-telebras.bkb.rnp.br;lanms-ms.bkb.rnp.br;monipe-ms-atraso.rnp.br
1750904947,2025-06-25 23:29:07,No-Hostname;No-Hostname;mxac-bac1.bkb.rnp.br;ro-ac-oi.bkb.rnp.br;cmt1-mxro-infobarra.bkb.rnp.br;mxms-cmt1-telebras.bkb.rnp.br;lanms-ms.bkb.rnp.br;monipe-ms-atraso.rnp.br
1750905112,2025-06-25 23:31:52,No-Hostname;No-Hostname;mxac-bac1.bkb.rnp.br;ro-ac-oi.bkb.rnp.br;cmt1-mxro-infobarra.bkb.rnp.br;mxms-cmt1-telebras.bkb.rnp.br;lanms-ms.bkb.rnp.br;monipe-ms-atraso.rnp.br
1750906053,2025-06-25 23:47:33,No-Hostname;No-Hostname;mxac-bac1.bkb.rnp.br;ro-ac-oi.bkb.rnp.br;cmt1-mxro-infobarra.bkb.rnp.br;mxms-cmt1-telebras.bkb.rnp.br;lanms-ms.bkb.rnp.br;monipe-ms-atraso.rnp.br
1750906306,2025-06-25 23:51:46,No-Hostname;No-Hostname;mxac-bac1.bkb.rnp.br;mxro-mxac-3g-allo.bkb.rnp.br;cmt1-mxro-infobarra.bkb.rnp.br;mxms-cmt1-telebras.bkb.rnp.br;lanms-ms.bkb.rnp.br;monipe-ms-atraso.rnp.br
1750906969,2025-06-26 00:02:49,No-Hostname;No-Hostname;mxac-bac1.bkb.rnp.br;mxro-mxac-3g-allo.bkb.rnp.br;cmt1-mxro-infobarra.bkb.rnp.br;mxms-cmt1-telebras.bkb.rnp.br;lanms-ms.bkb.rnp.br;monipe-ms-atraso.rnp.br
1750907553,2025-06-26 00:12:33,No-Hostname;No-Hostname;mxac-bac1.bkb.rnp.br;mxro-mxac-3g-allo.bkb.rnp.br;cmt1-mxro-infobarra.bkb.rnp.br;mxms-cmt1-telebras.bkb.rnp.br;lanms-ms.bkb.rnp.br;monipe-ms-atraso.rnp.br
1750908265,2025-06-26 00:24:25,No-Hostname;No-Hostname;mxac-bac1.bkb.rnp.br;mxro-mxac-3g-allo.bkb.rnp.br;cmt1-mxro-infobarra.bkb.rnp.br;mxms-cmt1-telebras.bkb.rnp.br;lanms-ms.bkb.rnp.br;monipe-ms-atraso.rnp.br
1750908685,2025-06-26 00:31:25,No-Hostname;No-Hostname;mxac-bac1.bkb.rnp.br;mxro-mxac-3g-allo.bkb.rnp.br;cmt1-mxro-infobarra.bkb.rnp.br;mxms-cmt1-telebras.bkb.rnp.br;lanms-ms.bkb.rnp.br;monipe-ms-atraso.rnp.br
1750909355,2025-06-26 00:42:35,No-Hostname;No-Hostname;mxac-bac1.bkb.rnp.br;ro-ac-oi.bkb.rnp.br;cmt1-mxro-infobarra.bkb.rnp.br;mxms-cmt1-telebras.bkb.rnp.br;lanms-ms.bkb.rnp.br;monipe-ms-atraso.rnp.br
1750910871,2025-06-26 01:07:51,No-Hostname;No-Hostname;mxac-bac1.bkb.rnp.br;ro-ac-oi.bkb.rnp.br;cmt1-mxro-infobarra.bkb.rnp.br;mxms-cmt1-telebras.bkb.rnp.br;lanms-ms.bkb.rnp.br;monipe-ms-atraso.rnp.br
1750911137,2025-06-26 01:12:17,No-Hostname;No-Hostname;mxac-bac1.bkb.rnp.br;ro-ac-oi.bkb.rnp.br;cmt1-mxro-infobarra.bkb.rnp.br;mxms-cmt1-telebras.bkb.rnp.br;lanms-ms.bkb.rnp.br;monipe-ms-atraso.rnp.br
1750911744,2025-06-26 01:22:24,No-Hostname;No-Hostname;mxac-bac1.bkb.rnp.br;ro-ac-oi.bkb.rnp.br;cmt1-mxro-infobarra.bkb.rnp.br;mxms-cmt1-telebras.bkb.rnp.br;lanms-ms.bkb.rnp.br;monipe-ms-atraso.rnp.br
1750912724,2025-06-26 01:38:44,No-Hostname;No-Hostname;mxac-bac1.bkb.rnp.br;ro-ac-oi.bkb.rnp.br;cmt1-mxro-infobarra.bkb.rnp.br;mxms-cmt1-telebras.bkb.rnp.br;lanms-ms.bkb.rnp.br;monipe-ms-atraso.rnp.br
1750913015,2025-06-26 01:43:35,No-Hostname;No-Hostname;mxac-bac1.bkb.rnp.br;ro-ac-oi.bkb.rnp.br;cmt1-mxro-infobarra.bkb.rnp.br;mxms-cmt1-telebras.bkb.rnp.br;lanms-ms.bkb.rnp.br;monipe-ms-atraso.rnp.br
1750913704,2025-06-26 01:55:04,No-Hostname;No-Hostname;mxac-bac1.bkb.rnp.br;ro-ac-oi.bkb.rnp.br;cmt1-mxro-infobarra.bkb.rnp.br;mxms-cmt1-telebras.bkb.rnp.br;lanms-ms.bkb.rnp.br;monipe-ms-atraso.rnp.br
1750914355,2025-06-26 02:05:55,No-Hostname;No-Hostname;mxac-bac1.bkb.rnp.br;ro-ac-oi.bkb.rnp.br;cmt1-mxro-infobarra.bkb.rnp.br;mxms-cmt1-telebras.bkb.rnp.br;lanms-ms.bkb.rnp.br;monipe-ms-atraso.rnp.br
1750915032,2025-06-26 02:17:12,No-Hostname;No-Hostname;mxac-bac1.bkb.rnp.br;ro-ac-oi.bkb.rnp.br;cmt1-mxro-infobarra.bkb.rnp.br;mxms-cmt1-telebras.bkb.rnp.br;lanms-ms.bkb.rnp.br;monipe-ms-atraso.rnp.br
1750915742,2025-06-26 02:29:02,No-Hostname;No-Hostname;mxac-bac1.bkb.rnp.br;mxro-mxac-3g-allo.bkb.rnp.br;cmt1-mxro-infobarra.bkb.rnp.br;mxms-cmt1-telebras.bkb.rnp.br;lanms-ms.bkb.rnp.br;monipe-ms-atraso.rnp.br
1750915954,2025-06-26 02:32:34,No-Hostname;No-Hostname;mxac-bac1.bkb.rnp.br;mxro-mxac-3g-allo.bkb.rnp.br;cmt1-mxro-infobarra.bkb.rnp.br;mxms-cmt1-telebras.bkb.rnp.br;lanms-ms.bkb.rnp.br;monipe-ms-atraso.rnp.br
1750916774,2025-06-26 02:46:14,No-Hostname;No-Hostname;mxac-bac1.bkb.rnp.br;mxro-mxac-3g-allo.bkb.rnp.br;cmt1-mxro-infobarra.bkb.rnp.br;mxms-cmt1-telebras.bkb.rnp.br;lanms-ms.bkb.rnp.br;monipe-ms-atraso.rnp.br
1750917494,2025-06-26 02:58:14,No-Hostname;No-Hostname;mxac-bac1.bkb.rnp.br;ro-ac-oi.bkb.rnp.br;cmt1-mxro-infobarra.bkb.rnp.br;mxms-cmt1-telebras.bkb.rnp.br;lanms-ms.bkb.rnp.br;monipe-ms-atraso.rnp.br
1750917864,2025-06-26 03:04:24,No-Hostname;No-Hostname;mxac-bac1.bkb.rnp.br;ro-ac-oi.bkb.rnp.br;cmt1-mxro-infobarra.bkb.rnp.br;mxms-cmt1-telebras.bkb.rnp.br;lanms-ms.bkb.rnp.br;monipe-ms-atraso.rnp.br
1750918654,2025-06-26 03:17:34,No-Hostname;No-Hostname;mxac-bac1.bkb.rnp.br;ro-ac-oi.bkb.rnp.br;cmt1-mxro-infobarra.bkb.rnp.br;mxms-cmt1-telebras.bkb.rnp.br;lanms-ms.bkb.rnp.br;monipe-ms-atraso.rnp.br
1750919269,2025-06-26 03:27:49,No-Hostname;No-Hostname;mxac-bac1.bkb.rnp.br;mxro-mxac-3g-allo.bkb.rnp.br;cmt1-mxro-infobarra.bkb.rnp.br;mxms-cmt1-telebras.bkb.rnp.br;lanms-ms.bkb.rnp.br;monipe-ms-atraso.rnp.br
1750919902,2025-06-26 03:38:22,No-Hostname;No-Hostname;mxac-bac1.bkb.rnp.br;ro-ac-oi.bkb.rnp.br;cmt1-mxro-infobarra.bkb.rnp.br;mxms-cmt1-telebras.bkb.rnp.br;lanms-ms.bkb.rnp.br;monipe-ms-atraso.rnp.br
1750920166,2025-06-26 03:42:46,No-Hostname;No-Hostname;mxac-bac1.bkb.rnp.br;ro-ac-oi.bkb.rnp.br;cmt1-mxro-infobarra.bkb.rnp.br;mxms-cmt1-telebras.bkb.rnp.br;lanms-ms.bkb.rnp.br;monipe-ms-atraso.rnp.br
1750920710,2025-06-26 03:51:50,No-Hostname;No-Hostname;mxac-bac1.bkb.rnp.br;ro-ac-oi.bkb.rnp.br;cmt1-mxro-infobarra.bkb.rnp.br;mxms-cmt1-telebras.bkb.rnp.br;lanms-ms.bkb.rnp.br;monipe-ms-atraso.rnp.br
1750921635,2025-06-26 04:07:15,No-Hostname;No-Hostname;mxac-bac1.bkb.rnp.br;ro-ac-oi.bkb.rnp.br;cmt1-mxro-infobarra.bkb.rnp.br;mxms-cmt1-telebras.bkb.rnp.br;lanms-ms.bkb.rnp.br;monipe-ms-atraso.rnp.br
1750922510,2025-06-26 04:21:50,No-Hostname;No-Hostname;mxac-bac1.bkb.rnp.br;ro-ac-oi.bkb.rnp.br;cmt1-mxro-infobarra.bkb.rnp.br;mxms-cmt1-telebras.bkb.rnp.br;lanms-ms.bkb.rnp.br;monipe-ms-atraso.rnp.br
1750923201,2025-06-26 04:33:21,No-Hostname;No-Hostname;mxac-bac1.bkb.rnp.br;ro-ac-oi.bkb.rnp.br;cmt1-mxro-infobarra.bkb.rnp.br;mxms-cmt1-telebras.bkb.rnp.br;lanms-ms.bkb.rnp.br;monipe-ms-atraso.rnp.br
1750924123,2025-06-26 04:48:43,No-Hostname;No-Hostname;mxac-bac1.bkb.rnp.br;mxro-mxac-3g-allo.bkb.rnp.br;cmt1-mxro-infobarra.bkb.rnp.br;mxms-cmt1-telebras.bkb.rnp.br;lanms-ms.bkb.rnp.br;monipe-ms-atraso.rnp.br
1750924996,2025-06-26 05:03:16,No-Hostname;No-Hostname;mxac-bac1.bkb.rnp.br;ro-ac-oi.bkb.rnp.br;cmt1-mxro-infobarra.bkb.rnp.br;mxms-cmt1-telebras.bkb.rnp.br;lanms-ms.bkb.rnp.br;monipe-ms-atraso.rnp.br
1750925540,2025-06-26 05:12:20,No-Hostname;No-Hostname;mxac-bac1.bkb.rnp.br;ro-ac-oi.bkb.rnp.br;cmt1-mxro-infobarra.bkb.rnp.br;mxms-cmt1-telebras.bkb.rnp.br;lanms-ms.bkb.rnp.br;monipe-ms-atraso.rnp.br
1750926086,2025-06-26 05:21:26,No-Hostname;No-Hostname;mxac-bac1.bkb.rnp.br;mxro-mxac-3g-allo.bkb.rnp.br;cmt1-mxro-infobarra.bkb.rnp.br;mxms-cmt1-telebras.bkb.rnp.br;lanms-ms.bkb.rnp.br;monipe-ms-atraso.rnp.br
1750926773,2025-06-26 05:32:53,No-Hostname;No-Hostname;mxac-bac1.bkb.rnp.br;mxro-mxac-3g-allo.bkb.rnp.br;cmt1-mxro-infobarra.bkb.rnp.br;mxms-cmt1-telebras.bkb.rnp.br;lanms-ms.bkb.rnp.br;monipe-ms-atraso.rnp.br
1750927730,2025-06-26 05:48:50,No-Hostname;No-Hostname;mxac-bac1.bkb.rnp.br;ro-ac-oi.bkb.rnp.br;cmt1-mxro-infobarra.bkb.rnp.br;mxms-cmt1-telebras.bkb.rnp.br;lanms-ms.bkb.rnp.br;monipe-ms-atraso.rnp.br
1750928235,2025-06-26 05:57:15,No-Hostname;No-Hostname;mxac-bac1.bkb.rnp.br;ro-ac-oi.bkb.rnp.br;cmt1-mxro-infobarra.bkb.rnp.br;mxms-cmt1-telebras.bkb.rnp.br;lanms-ms.bkb.rnp.br;monipe-ms-atraso.rnp.br
1750928717,2025-06-26 06:05:17,No-Hostname;No-Hostname;mxac-bac1.bkb.rnp.br;ro-ac-oi.bkb.rnp.br;cmt1-mxro-infobarra.bkb.rnp.br;mxms-cmt1-telebras.bkb.rnp.br;lanms-ms.bkb.rnp.br;monipe-ms-atraso.rnp.br
1750929400,2025-06-26 06:16:40,No-Hostname;No-Hostname;mxac-bac1.bkb.rnp.br;ro-ac-oi.bkb.rnp.br;cmt1-mxro-infobarra.bkb.rnp.br;mxms-cmt1-telebras.bkb.rnp.br;lanms-ms.bkb.rnp.br;monipe-ms-atraso.rnp.br
1750929772,2025-06-26 06:22:52,No-Hostname;No-Hostname;mxac-bac1.bkb.rnp.br;mxro-mxac-3g-allo.bkb.rnp.br;cmt1-mxro-infobarra.bkb.rnp.br;mxms-cmt1-telebras.bkb.rnp.br;lanms-ms.bkb.rnp.br;monipe-ms-atraso.rnp.br
1750930306,2025-06-26 06:31:46,No-Hostname;No-Hostname;mxac-bac1.bkb.rnp.br;mxro-mxac-3g-allo.bkb.rnp.br;cmt1-mxro-infobarra.bkb.rnp.br;mxms-cmt1-telebras.bkb.rnp.br;lanms-ms.bkb.rnp.br;monipe-ms-atraso.rnp.br
1750931301,2025-06-26 06:48:21,No-Hostname;No-Hostname;mxac-bac1.bkb.rnp.br;mxro-mxac-3g-allo.bkb.rnp.br;cmt1-mxro-infobarra.bkb.rnp.br;mxms-cmt1-telebras.bkb.rnp.br;lanms-ms.bkb.rnp.br;monipe-ms-atraso.rnp.br
1750931568,2025-06-26 06:52:48,No-Hostname;No-Hostname;mxac-bac1.bkb.rnp.br;mxro-mxac-3g-allo.bkb.rnp.br;cmt1-mxro-infobarra.bkb.rnp.br;mxms-cmt1-telebras.bkb.rnp.br;lanms-ms.bkb.rnp.br;monipe-ms-atraso.rnp.br
1750933034,2025-06-26 07:17:14,No-Hostname;No-Hostname;mxac-bac1.bkb.rnp.br;mxro-mxac-3g-allo.bkb.rnp.br;cmt1-mxro-infobarra.bkb.rnp.br;mxms-cmt1-telebras.bkb.rnp.br;lanms-ms.bkb.rnp.br;monipe-ms-atraso.rnp.br
1750933445,2025-06-26 07:24:05,No-Hostname;No-Hostname;mxac-bac1.bkb.rnp.br;ro-ac-oi.bkb.rnp.br;cmt1-mxro-infobarra.bkb.rnp.br;mxms-cmt1-telebras.bkb.rnp.br;lanms-ms.bkb.rnp.br;monipe-ms-atraso.rnp.br
1750933866,2025-06-26 07:31:06,No-Hostname;No-Hostname;mxac-bac1.bkb.rnp.br;ro-ac-oi.bkb.rnp.br;cmt1-mxro-infobarra.bkb.rnp.br;mxms-cmt1-telebras.bkb.rnp.br;lanms-ms.bkb.rnp.br;monipe-ms-atraso.rnp.br
1750934579,2025-06-26 07:42:59,No-Hostname;No-Hostname;mxac-bac1.bkb.rnp.br;mxro-mxac-3g-allo.bkb.rnp.br;cmt1-mxro-infobarra.bkb.rnp.br;mxms-cmt1-telebras.bkb.rnp.br;lanms-ms.bkb.rnp.br;monipe-ms-atraso.rnp.br
1750935336,2025-06-26 07:55:36,No-Hostname;No-Hostname;mxac-bac1.bkb.rnp.br;mxro-mxac-3g-allo.bkb.rnp.br;cmt1-mxro-infobarra.bkb.rnp.br;mxms-cmt1-telebras.bkb.rnp.br;lanms-ms.bkb.rnp.br;monipe-ms-atraso.rnp.br
1750935657,2025-06-26 08:00:57,No-Hostname;No-Hostname;mxac-bac1.bkb.rnp.br;mxro-mxac-3g-allo.bkb.rnp.br;cmt1-mxro-infobarra.bkb.rnp.br;mxms-cmt1-telebras.bkb.rnp.br;lanms-ms.bkb.rnp.br;monipe-ms-atraso.rnp.br
1750936259,2025-06-26 08:10:59,No-Hostname;No-Hostname;mxac-bac1.bkb.rnp.br;mxro-mxac-3g-allo.bkb.rnp.br;cmt1-mxro-infobarra.bkb.rnp.br;mxms-cmt1-telebras.bkb.rnp.br;lanms-ms.bkb.rnp.br;monipe-ms-atraso.rnp.br
1750937257,2025-06-26 08:27:37,No-Hostname;No-Hostname;mxac-bac1.bkb.rnp.br;ro-ac-oi.bkb.rnp.br;cmt1-mxro-infobarra.bkb.rnp.br;mxms-cmt1-telebras.bkb.rnp.br;lanms-ms.bkb.rnp.br;monipe-ms-atraso.rnp.br
1750937623,2025-06-26 08:33:43,No-Hostname;No-Hostname;mxac-bac1.bkb.rnp.br;ro-ac-oi.bkb.rnp.br;cmt1-mxro-infobarra.bkb.rnp.br;mxms-cmt1-telebras.bkb.rnp.br;lanms-ms.bkb.rnp.br;monipe-ms-atraso.rnp.br
1750938442,2025-06-26 08:47:22,No-Hostname;No-Hostname;mxac-bac1.bkb.rnp.br;mxro-mxac-3g-allo.bkb.rnp.br;cmt1-mxro-infobarra.bkb.rnp.br;mxms-cmt1-telebras.bkb.rnp.br;lanms-ms.bkb.rnp.br;monipe-ms-atraso.rnp.br
1750939042,2025-06-26 08:57:22,No-Hostname;No-Hostname;mxac-bac1.bkb.rnp.br;mxro-mxac-3g-allo.bkb.rnp.br;cmt1-mxro-infobarra.bkb.rnp.br;mxms-cmt1-telebras.bkb.rnp.br;lanms-ms.bkb.rnp.br;monipe-ms-atraso.rnp.br
1750939293,2025-06-26 09:01:33,No-Hostname;No-Hostname;mxac-bac1.bkb.rnp.br;mxro-mxac-3g-allo.bkb.rnp.br;cmt1-mxro-infobarra.bkb.rnp.br;mxms-cmt1-telebras.bkb.rnp.br;lanms-ms.bkb.rnp.br;monipe-ms-atraso.rnp.br
1750939991,2025-06-26 09:13:11,No-Hostname;No-Hostname;mxac-bac1.bkb.rnp.br;mxro-mxac-3g-allo.bkb.rnp.br;cmt1-mxro-infobarra.bkb.rnp.br;mxms-cmt1-telebras.bkb.rnp.br;lanms-ms.bkb.rnp.br;monipe-ms-atraso.rnp.br
1750940879,2025-06-26 09:27:59,No-Hostname;No-Hostname;No-Hostname;No-Hostname;No-Hostname;mxms-cmt1-telebras.bkb.rnp.br;lanms-ms.bkb.rnp.br;monipe-ms-atraso.rnp.br
1750941206,2025-06-26 09:33:26,No-Hostname;No-Hostname;mxac-bac1.bkb.rnp.br;ro-ac-oi.bkb.rnp.br;cmt1-mxro-infobarra.bkb.rnp.br;mxms-cmt1-telebras.bkb.rnp.br;lanms-ms.bkb.rnp.br;monipe-ms-atraso.rnp.br
1750941675,2025-06-26 09:41:15,No-Hostname;No-Hostname;mxac-bac1.bkb.rnp.br;ro-ac-oi.bkb.rnp.br;cmt1-mxro-infobarra.bkb.rnp.br;mxms-cmt1-telebras.bkb.rnp.br;lanms-ms.bkb.rnp.br;monipe-ms-atraso.rnp.br
1750943238,2025-06-26 10:07:18,No-Hostname;No-Hostname;mxac-bac1.bkb.rnp.br;ro-ac-oi.bkb.rnp.br;cmt1-mxro-infobarra.bkb.rnp.br;mxms-cmt1-telebras.bkb.rnp.br;lanms-ms.bkb.rnp.br;monipe-ms-atraso.rnp.br
1750943512,2025-06-26 10:11:52,No-Hostname;No-Hostname;mxac-bac1.bkb.rnp.br;ro-ac-oi.bkb.rnp.br;cmt1-mxro-infobarra.bkb.rnp.br;mxms-cmt1-telebras.bkb.rnp.br;lanms-ms.bkb.rnp.br;monipe-ms-atraso.rnp.br
1750948377,2025-06-26 11:32:57,No-Hostname;No-Hostname;mxac-bac1.bkb.rnp.br;ro-ac-oi.bkb.rnp.br;cmt1-mxro-infobarra.bkb.rnp.br;mxms-cmt1-telebras.bkb.rnp.br;lanms-ms.bkb.rnp.br;monipe-ms-atraso.rnp.br
1750949013,2025-06-26 11:43:33,No-Hostname;No-Hostname;mxac-bac1.bkb.rnp.br;ro-ac-oi.bkb.rnp.br;cmt1-mxro-infobarra.bkb.rnp.br;mxms-cmt1-telebras.bkb.rnp.br;lanms-ms.bkb.rnp.br;monipe-ms-atraso.rnp.br
1750949840,2025-06-26 11:57:20,No-Hostname;No-Hostname;mxac-bac1.bkb.rnp.br;mxro-mxac-3g-allo.bkb.rnp.br;cmt1-mxro-infobarra.bkb.rnp.br;mxms-cmt1-telebras.bkb.rnp.br;lanms-ms.bkb.rnp.br;monipe-ms-atraso.rnp.br
1750950519,2025-06-26 12:08:39,No-Hostname;No-Hostname;mxac-bac1.bkb.rnp.br;mxro-mxac-3g-allo.bkb.rnp.br;cmt1-mxro-infobarra.bkb.rnp.br;mxms-cmt1-telebras.bkb.rnp.br;lanms-ms.bkb.rnp.br;monipe-ms-atraso.rnp.br
1750951440,2025-06-26 12:24:00,No-Hostname;No-Hostname;mxac-bac1.bkb.rnp.br;ro-ac-oi.bkb.rnp.br;cmt1-mxro-infobarra.bkb.rnp.br;mxms-cmt1-telebras.bkb.rnp.br;lanms-ms.bkb.rnp.br;monipe-ms-atraso.rnp.br
1750951981,2025-06-26 12:33:01,No-Hostname;No-Hostname;mxac-bac1.bkb.rnp.br;ro-ac-oi.bkb.rnp.br;cmt1-mxro-infobarra.bkb.rnp.br;mxms-cmt1-telebras.bkb.rnp.br;lanms-ms.bkb.rnp.br;monipe-ms-atraso.rnp.br
1750953542,2025-06-26 12:59:02,No-Hostname;No-Hostname;mxac-bac1.bkb.rnp.br;mxro-mxac-3g-allo.bkb.rnp.br;cmt1-mxro-infobarra.bkb.rnp.br;mxms-cmt1-telebras.bkb.rnp.br;lanms-ms.bkb.rnp.br;monipe-ms-atraso.rnp.br
1750954032,2025-06-26 13:07:12,No-Hostname;No-Hostname;mxac-bac1.bkb.rnp.br;ro-ac-oi.bkb.rnp.br;cmt1-mxro-infobarra.bkb.rnp.br;mxms-cmt1-telebras.bkb.rnp.br;lanms-ms.bkb.rnp.br;monipe-ms-atraso.rnp.br
1750954437,2025-06-26 13:13:57,No-Hostname;No-Hostname;mxac-bac1.bkb.rnp.br;ro-ac-oi.bkb.rnp.br;cmt1-mxro-infobarra.bkb.rnp.br;mxms-cmt1-telebras.bkb.rnp.br;lanms-ms.bkb.rnp.br;monipe-ms-atraso.rnp.br
1750955104,2025-06-26 13:25:04,No-Hostname;No-Hostname;mxac-bac1.bkb.rnp.br;mxro-mxac-3g-allo.bkb.rnp.br;cmt1-mxro-infobarra.bkb.rnp.br;mxms-cmt1-telebras.bkb.rnp.br;lanms-ms.bkb.rnp.br;monipe-ms-atraso.rnp.br
1750955955,2025-06-26 13:39:15,No-Hostname;No-Hostname;mxac-bac1.bkb.rnp.br;mxro-mxac-3g-allo.bkb.rnp.br;cmt1-mxro-infobarra.bkb.rnp.br;mxms-cmt1-telebras.bkb.rnp.br;lanms-ms.bkb.rnp.br;monipe-ms-atraso.rnp.br
1750956499,2025-06-26 13:48:19,No-Hostname;No-Hostname;mxac-bac1.bkb.rnp.br;mxro-mxac-3g-allo.bkb.rnp.br;cmt1-mxro-infobarra.bkb.rnp.br;mxms-cmt1-telebras.bkb.rnp.br;lanms-ms.bkb.rnp.br;monipe-ms-atraso.rnp.br
1750957618,2025-06-26 14:06:58,No-Hostname;No-Hostname;mxac-bac1.bkb.rnp.br;ro-ac-oi.bkb.rnp.br;cmt1-mxro-infobarra.bkb.rnp.br;mxms-cmt1-telebras.bkb.rnp.br;lanms-ms.bkb.rnp.br;monipe-ms-atraso.rnp.br
1750958349,2025-06-26 14:19:09,No-Hostname;No-Hostname;mxac-bac1.bkb.rnp.br;ro-ac-oi.bkb.rnp.br;cmt1-mxro-infobarra.bkb.rnp.br;mxms-cmt1-telebras.bkb.rnp.br;lanms-ms.bkb.rnp.br;monipe-ms-atraso.rnp.br
1750958949,2025-06-26 14:29:09,No-Hostname;No-Hostname;mxac-bac1.bkb.rnp.br;ro-ac-oi.bkb.rnp.br;cmt1-mxro-infobarra.bkb.rnp.br;mxms-cmt1-telebras.bkb.rnp.br;lanms-ms.bkb.rnp.br;monipe-ms-atraso.rnp.br
1750959527,2025-06-26 14:38:47,No-Hostname;No-Hostname;mxac-bac1.bkb.rnp.br;mxro-mxac-3g-allo.bkb.rnp.br;cmt1-mxro-infobarra.bkb.rnp.br;mxms-cmt1-telebras.bkb.rnp.br;lanms-ms.bkb.rnp.br;monipe-ms-atraso.rnp.br
1750959737,2025-06-26 14:42:17,No-Hostname;No-Hostname;mxac-bac1.bkb.rnp.br;mxro-mxac-3g-allo.bkb.rnp.br;cmt1-mxro-infobarra.bkb.rnp.br;mxms-cmt1-telebras.bkb.rnp.br;lanms-ms.bkb.rnp.br;monipe-ms-atraso.rnp.br
1750960380,2025-06-26 14:53:00,No-Hostname;No-Hostname;mxac-bac1.bkb.rnp.br;ro-ac-oi.bkb.rnp.br;cmt1-mxro-infobarra.bkb.rnp.br;mxms-cmt1-telebras.bkb.rnp.br;lanms-ms.bkb.rnp.br;monipe-ms-atraso.rnp.br
1750961301,2025-06-26 15:08:21,No-Hostname;No-Hostname;mxac-bac1.bkb.rnp.br;ro-ac-oi.bkb.rnp.br;cmt1-mxro-infobarra.bkb.rnp.br;mxms-cmt1-telebras.bkb.rnp.br;lanms-ms.bkb.rnp.br;monipe-ms-atraso.rnp.br
1750961891,2025-06-26 15:18:11,No-Hostname;No-Hostname;mxac-bac1.bkb.rnp.br;ro-ac-oi.bkb.rnp.br;cmt1-mxro-infobarra.bkb.rnp.br;mxms-cmt1-telebras.bkb.rnp.br;lanms-ms.bkb.rnp.br;monipe-ms-atraso.rnp.br
1750962254,2025-06-26 15:24:14,No-Hostname;No-Hostname;mxac-bac1.bkb.rnp.br;ro-ac-oi.bkb.rnp.br;cmt1-mxro-infobarra.bkb.rnp.br;mxms-cmt1-telebras.bkb.rnp.br;lanms-ms.bkb.rnp.br;monipe-ms-atraso.rnp.br
1750962855,2025-06-26 15:34:15,No-Hostname;No-Hostname;mxac-bac1.bkb.rnp.br;ro-ac-oi.bkb.rnp.br;cmt1-mxro-infobarra.bkb.rnp.br;mxms-cmt1-telebras.bkb.rnp.br;lanms-ms.bkb.rnp.br;monipe-ms-atraso.rnp.br
1750963288,2025-06-26 15:41:28,No-Hostname;No-Hostname;mxac-bac1.bkb.rnp.br;mxro-mxac-3g-allo.bkb.rnp.br;cmt1-mxro-infobarra.bkb.rnp.br;mxms-cmt1-telebras.bkb.rnp.br;lanms-ms.bkb.rnp.br;monipe-ms-atraso.rnp.br
1750964107,2025-06-26 15:55:07,No-Hostname;No-Hostname;mxac-bac1.bkb.rnp.br;mxro-mxac-3g-allo.bkb.rnp.br;cmt1-mxro-infobarra.bkb.rnp.br;mxms-cmt1-telebras.bkb.rnp.br;lanms-ms.bkb.rnp.br;monipe-ms-atraso.rnp.br
1750964548,2025-06-26 16:02:28,No-Hostname;No-Hostname;mxac-bac1.bkb.rnp.br;mxro-mxac-3g-allo.bkb.rnp.br;cmt1-mxro-infobarra.bkb.rnp.br;mxms-cmt1-telebras.bkb.rnp.br;lanms-ms.bkb.rnp.br;monipe-ms-atraso.rnp.br
1750965237,2025-06-26 16:13:57,No-Hostname;No-Hostname;mxac-bac1.bkb.rnp.br;mxro-mxac-3g-allo.bkb.rnp.br;cmt1-mxro-infobarra.bkb.rnp.br;mxms-cmt1-telebras.bkb.rnp.br;lanms-ms.bkb.rnp.br;monipe-ms-atraso.rnp.br
1750965889,2025-06-26 16:24:49,No-Hostname;No-Hostname;mxac-bac1.bkb.rnp.br;mxro-mxac-3g-allo.bkb.rnp.br;cmt1-mxro-infobarra.bkb.rnp.br;mxms-cmt1-telebras.bkb.rnp.br;lanms-ms.bkb.rnp.br;monipe-ms-atraso.rnp.br
1750966749,2025-06-26 16:39:09,No-Hostname;No-Hostname;mxac-bac1.bkb.rnp.br;mxro-mxac-3g-allo.bkb.rnp.br;cmt1-mxro-infobarra.bkb.rnp.br;mxms-cmt1-telebras.bkb.rnp.br;lanms-ms.bkb.rnp.br;monipe-ms-atraso.rnp.br
1750967008,2025-06-26 16:43:28,No-Hostname;No-Hostname;mxac-bac1.bkb.rnp.br;mxro-mxac-3g-allo.bkb.rnp.br;cmt1-mxro-infobarra.bkb.rnp.br;mxms-cmt1-telebras.bkb.rnp.br;lanms-ms.bkb.rnp.br;monipe-ms-atraso.rnp.br
1750968457,2025-06-26 17:07:37,No-Hostname;No-Hostname;mxac-bac1.bkb.rnp.br;ro-ac-oi.bkb.rnp.br;cmt1-mxro-infobarra.bkb.rnp.br;mxms-cmt1-telebras.bkb.rnp.br;lanms-ms.bkb.rnp.br;monipe-ms-atraso.rnp.br
1750968907,2025-06-26 17:15:07,No-Hostname;No-Hostname;mxac-bac1.bkb.rnp.br;ro-ac-oi.bkb.rnp.br;cmt1-mxro-infobarra.bkb.rnp.br;mxms-cmt1-telebras.bkb.rnp.br;lanms-ms.bkb.rnp.br;monipe-ms-atraso.rnp.br
1750969587,2025-06-26 17:26:27,No-Hostname;No-Hostname;mxac-bac1.bkb.rnp.br;mxro-mxac-3g-allo.bkb.rnp.br;cmt1-mxro-infobarra.bkb.rnp.br;mxms-cmt1-telebras.bkb.rnp.br;lanms-ms.bkb.rnp.br;monipe-ms-atraso.rnp.br
1750970123,2025-06-26 17:35:23,No-Hostname;No-Hostname;mxac-bac1.bkb.rnp.br;ro-ac-oi.bkb.rnp.br;cmt1-mxro-infobarra.bkb.rnp.br;mxms-cmt1-telebras.bkb.rnp.br;lanms-ms.bkb.rnp.br;monipe-ms-atraso.rnp.br
1750970545,2025-06-26 17:42:25,No-Hostname;No-Hostname;mxac-bac1.bkb.rnp.br;ro-ac-oi.bkb.rnp.br;cmt1-mxro-infobarra.bkb.rnp.br;mxms-cmt1-telebras.bkb.rnp.br;lanms-ms.bkb.rnp.br;monipe-ms-atraso.rnp.br
1750971316,2025-06-26 17:55:16,No-Hostname;No-Hostname;mxac-bac1.bkb.rnp.br;ro-ac-oi.bkb.rnp.br;cmt1-mxro-infobarra.bkb.rnp.br;mxms-cmt1-telebras.bkb.rnp.br;lanms-ms.bkb.rnp.br;monipe-ms-atraso.rnp.br
1750971982,2025-06-26 18:06:22,No-Hostname;No-Hostname;mxac-bac1.bkb.rnp.br;ro-ac-oi.bkb.rnp.br;cmt1-mxro-infobarra.bkb.rnp.br;mxms-cmt1-telebras.bkb.rnp.br;lanms-ms.bkb.rnp.br;monipe-ms-atraso.rnp.br
1750972351,2025-06-26 18:12:31,No-Hostname;No-Hostname;mxac-bac1.bkb.rnp.br;ro-ac-oi.bkb.rnp.br;cmt1-mxro-infobarra.bkb.rnp.br;mxms-cmt1-telebras.bkb.rnp.br;lanms-ms.bkb.rnp.br;monipe-ms-atraso.rnp.br
1750973105,2025-06-26 18:25:05,No-Hostname;No-Hostname;mxac-bac1.bkb.rnp.br;mxro-mxac-3g-allo.bkb.rnp.br;cmt1-mxro-infobarra.bkb.rnp.br;mxms-cmt1-telebras.bkb.rnp.br;lanms-ms.bkb.rnp.br;monipe-ms-atraso.rnp.br
1750973441,2025-06-26 18:30:41,No-Hostname;No-Hostname;mxac-bac1.bkb.rnp.br;mxro-mxac-3g-allo.bkb.rnp.br;cmt1-mxro-infobarra.bkb.rnp.br;mxms-cmt1-telebras.bkb.rnp.br;lanms-ms.bkb.rnp.br;monipe-ms-atraso.rnp.br
1750974314,2025-06-26 18:45:14,No-Hostname;No-Hostname;mxac-bac1.bkb.rnp.br;mxro-mxac-3g-allo.bkb.rnp.br;cmt1-mxro-infobarra.bkb.rnp.br;mxms-cmt1-telebras.bkb.rnp.br;lanms-ms.bkb.rnp.br;monipe-ms-atraso.rnp.br
1750975027,2025-06-26 18:57:07,No-Hostname;No-Hostname;mxac-bac1.bkb.rnp.br;ro-ac-oi.bkb.rnp.br;cmt1-mxro-infobarra.bkb.rnp.br;mxms-cmt1-telebras.bkb.rnp.br;lanms-ms.bkb.rnp.br;monipe-ms-atraso.rnp.br
1750975646,2025-06-26 19:07:26,No-Hostname;No-Hostname;mxac-bac1.bkb.rnp.br;ro-ac-oi.bkb.rnp.br;cmt1-mxro-infobarra.bkb.rnp.br;mxms-cmt1-telebras.bkb.rnp.br;lanms-ms.bkb.rnp.br;monipe-ms-atraso.rnp.br
1750976352,2025-06-26 19:19:12,No-Hostname;No-Hostname;mxac-bac1.bkb.rnp.br;ro-ac-oi.bkb.rnp.br;cmt1-mxro-infobarra.bkb.rnp.br;mxms-cmt1-telebras.bkb.rnp.br;lanms-ms.bkb.rnp.br;monipe-ms-atraso.rnp.br
1750976920,2025-06-26 19:28:40,No-Hostname;No-Hostname;mxac-bac1.bkb.rnp.br;ro-ac-oi.bkb.rnp.br;cmt1-mxro-infobarra.bkb.rnp.br;mxms-cmt1-telebras.bkb.rnp.br;lanms-ms.bkb.rnp.br;monipe-ms-atraso.rnp.br
1750977423,2025-06-26 19:37:03,No-Hostname;No-Hostname;mxac-bac1.bkb.rnp.br;ro-ac-oi.bkb.rnp.br;cmt1-mxro-infobarra.bkb.rnp.br;mxms-cmt1-telebras.bkb.rnp.br;lanms-ms.bkb.rnp.br;monipe-ms-atraso.rnp.br
1750978146,2025-06-26 19:49:06,No-Hostname;No-Hostname;mxac-bac1.bkb.rnp.br;ro-ac-oi.bkb.rnp.br;cmt1-mxro-infobarra.bkb.rnp.br;mxms-cmt1-telebras.bkb.rnp.br;lanms-ms.bkb.rnp.br;monipe-ms-atraso.rnp.br
1750978539,2025-06-26 19:55:39,No-Hostname;No-Hostname;mxac-bac1.bkb.rnp.br;mxro-mxac-3g-allo.bkb.rnp.br;cmt1-mxro-infobarra.bkb.rnp.br;mxms-cmt1-telebras.bkb.rnp.br;lanms-ms.bkb.rnp.br;monipe-ms-atraso.rnp.br
1750979194,2025-06-26 20:06:34,No-Hostname;No-Hostname;mxac-bac1.bkb.rnp.br;mxro-mxac-3g-allo.bkb.rnp.br;cmt1-mxro-infobarra.bkb.rnp.br;mxms-cmt1-telebras.bkb.rnp.br;lanms-ms.bkb.rnp.br;monipe-ms-atraso.rnp.br
1750979788,2025-06-26 20:16:28,No-Hostname;No-Hostname;mxac-bac1.bkb.rnp.br;mxro-mxac-3g-allo.bkb.rnp.br;cmt1-mxro-infobarra.bkb.rnp.br;mxms-cmt1-telebras.bkb.rnp.br;lanms-ms.bkb.rnp.br;monipe-ms-atraso.rnp.br
1750980375,2025-06-26 20:26:15,No-Hostname;No-Hostname;mxac-bac1.bkb.rnp.br;ro-ac-oi.bkb.rnp.br;cmt1-mxro-infobarra.bkb.rnp.br;mxms-cmt1-telebras.bkb.rnp.br;lanms-ms.bkb.rnp.br;monipe-ms-atraso.rnp.br
1750980780,2025-06-26 20:33:00,No-Hostname;No-Hostname;mxac-bac1.bkb.rnp.br;ro-ac-oi.bkb.rnp.br;cmt1-mxro-infobarra.bkb.rnp.br;mxms-cmt1-telebras.bkb.rnp.br;lanms-ms.bkb.rnp.br;monipe-ms-atraso.rnp.br
1750981279,2025-06-26 20:41:19,No-Hostname;No-Hostname;mxac-bac1.bkb.rnp.br;mxro-mxac-3g-allo.bkb.rnp.br;cmt1-mxro-infobarra.bkb.rnp.br;mxms-cmt1-telebras.bkb.rnp.br;lanms-ms.bkb.rnp.br;monipe-ms-atraso.rnp.br
1750981986,2025-06-26 20:53:06,No-Hostname;No-Hostname;mxac-bac1.bkb.rnp.br;ro-ac-oi.bkb.rnp.br;cmt1-mxro-infobarra.bkb.rnp.br;mxms-cmt1-telebras.bkb.rnp.br;lanms-ms.bkb.rnp.br;monipe-ms-atraso.rnp.br
1750982500,2025-06-26 21:01:40,No-Hostname;No-Hostname;mxac-bac1.bkb.rnp.br;ro-ac-oi.bkb.rnp.br;cmt1-mxro-infobarra.bkb.rnp.br;mxms-cmt1-telebras.bkb.rnp.br;lanms-ms.bkb.rnp.br;monipe-ms-atraso.rnp.br
1750983516,2025-06-26 21:18:36,No-Hostname;No-Hostname;mxac-bac1.bkb.rnp.br;ro-ac-oi.bkb.rnp.br;cmt1-mxro-infobarra.bkb.rnp.br;mxms-cmt1-telebras.bkb.rnp.br;lanms-ms.bkb.rnp.br;monipe-ms-atraso.rnp.br
1750983899,2025-06-26 21:24:59,No-Hostname;No-Hostname;mxac-bac1.bkb.rnp.br;ro-ac-oi.bkb.rnp.br;cmt1-mxro-infobarra.bkb.rnp.br;mxms-cmt1-telebras.bkb.rnp.br;lanms-ms.bkb.rnp.br;monipe-ms-atraso.rnp.br
1750984282,2025-06-26 21:31:22,No-Hostname;No-Hostname;mxac-bac1.bkb.rnp.br;ro-ac-oi.bkb.rnp.br;cmt1-mxro-infobarra.bkb.rnp.br;mxms-cmt1-telebras.bkb.rnp.br;lanms-ms.bkb.rnp.br;monipe-ms-atraso.rnp.br
1750985347,2025-06-26 21:49:07,No-Hostname;No-Hostname;mxac-bac1.bkb.rnp.br;ro-ac-oi.bkb.rnp.br;cmt1-mxro-infobarra.bkb.rnp.br;mxms-cmt1-telebras.bkb.rnp.br;lanms-ms.bkb.rnp.br;monipe-ms-atraso.rnp.br
1750985663,2025-06-26 21:54:23,No-Hostname;No-Hostname;mxac-bac1.bkb.rnp.br;mxro-mxac-3g-allo.bkb.rnp.br;cmt1-mxro-infobarra.bkb.rnp.br;mxms-cmt1-telebras.bkb.rnp.br;lanms-ms.bkb.rnp.br;monipe-ms-atraso.rnp.br
1750986137,2025-06-26 22:02:17,No-Hostname;No-Hostname;mxac-bac1.bkb.rnp.br;mxro-mxac-3g-allo.bkb.rnp.br;cmt1-mxro-infobarra.bkb.rnp.br;mxms-cmt1-telebras.bkb.rnp.br;lanms-ms.bkb.rnp.br;monipe-ms-atraso.rnp.br
1750986869,2025-06-26 22:14:29,No-Hostname;No-Hostname;mxac-bac1.bkb.rnp.br;mxro-mxac-3g-allo.bkb.rnp.br;cmt1-mxro-infobarra.bkb.rnp.br;mxms-cmt1-telebras.bkb.rnp.br;lanms-ms.bkb.rnp.br;monipe-ms-atraso.rnp.br
1750987614,2025-06-26 22:26:54,No-Hostname;No-Hostname;mxac-bac1.bkb.rnp.br;mxro-mxac-3g-allo.bkb.rnp.br;cmt1-mxro-infobarra.bkb.rnp.br;mxms-cmt1-telebras.bkb.rnp.br;lanms-ms.bkb.rnp.br;monipe-ms-atraso.rnp.br
1750988036,2025-06-26 22:33:56,No-Hostname;No-Hostname;mxac-bac1.bkb.rnp.br;mxro-mxac-3g-allo.bkb.rnp.br;cmt1-mxro-infobarra.bkb.rnp.br;mxms-cmt1-telebras.bkb.rnp.br;lanms-ms.bkb.rnp.br;monipe-ms-atraso.rnp.br
1750988553,2025-06-26 22:42:33,No-Hostname;No-Hostname;mxac-bac1.bkb.rnp.br;ro-ac-oi.bkb.rnp.br;cmt1-mxro-infobarra.bkb.rnp.br;mxms-cmt1-telebras.bkb.rnp.br;lanms-ms.bkb.rnp.br;monipe-ms-atraso.rnp.br
1750989277,2025-06-26 22:54:37,No-Hostname;No-Hostname;mxac-bac1.bkb.rnp.br;mxro-mxac-3g-allo.bkb.rnp.br;cmt1-mxro-infobarra.bkb.rnp.br;mxms-cmt1-telebras.bkb.rnp.br;lanms-ms.bkb.rnp.br;monipe-ms-atraso.rnp.br
1750989730,2025-06-26 23:02:10,No-Hostname;No-Hostname;mxac-bac1.bkb.rnp.br;mxro-mxac-3g-allo.bkb.rnp.br;cmt1-mxro-infobarra.bkb.rnp.br;mxms-cmt1-telebras.bkb.rnp.br;lanms-ms.bkb.rnp.br;monipe-ms-atraso.rnp.br
1750990523,2025-06-26 23:15:23,No-Hostname;No-Hostname;mxac-bac1.bkb.rnp.br;mxro-mxac-3g-allo.bkb.rnp.br;cmt1-mxro-infobarra.bkb.rnp.br;mxms-cmt1-telebras.bkb.rnp.br;lanms-ms.bkb.rnp.br;monipe-ms-atraso.rnp.br
1750991454,2025-06-26 23:30:54,No-Hostname;No-Hostname;mxac-bac1.bkb.rnp.br;ro-ac-oi.bkb.rnp.br;cmt1-mxro-infobarra.bkb.rnp.br;mxms-cmt1-telebras.bkb.rnp.br;lanms-ms.bkb.rnp.br;monipe-ms-atraso.rnp.br
1750992340,2025-06-26 23:45:40,No-Hostname;No-Hostname;mxac-bac1.bkb.rnp.br;ro-ac-oi.bkb.rnp.br;cmt1-mxro-infobarra.bkb.rnp.br;mxms-cmt1-telebras.bkb.rnp.br;lanms-ms.bkb.rnp.br;monipe-ms-atraso.rnp.br
1750992732,2025-06-26 23:52:12,No-Hostname;No-Hostname;mxac-bac1.bkb.rnp.br;ro-ac-oi.bkb.rnp.br;cmt1-mxro-infobarra.bkb.rnp.br;mxms-cmt1-telebras.bkb.rnp.br;lanms-ms.bkb.rnp.br;monipe-ms-atraso.rnp.br
1750993438,2025-06-27 00:03:58,No-Hostname;No-Hostname;mxac-bac1.bkb.rnp.br;mxro-mxac-3g-allo.bkb.rnp.br;cmt1-mxro-infobarra.bkb.rnp.br;mxms-cmt1-telebras.bkb.rnp.br;lanms-ms.bkb.rnp.br;monipe-ms-atraso.rnp.br
1750994180,2025-06-27 00:16:20,No-Hostname;No-Hostname;mxac-bac1.bkb.rnp.br;mxro-mxac-3g-allo.bkb.rnp.br;cmt1-mxro-infobarra.bkb.rnp.br;mxms-cmt1-telebras.bkb.rnp.br;lanms-ms.bkb.rnp.br;monipe-ms-atraso.rnp.br
1750994816,2025-06-27 00:26:56,No-Hostname;No-Hostname;mxac-bac1.bkb.rnp.br;ro-ac-oi.bkb.rnp.br;cmt1-mxro-infobarra.bkb.rnp.br;mxms-cmt1-telebras.bkb.rnp.br;lanms-ms.bkb.rnp.br;monipe-ms-atraso.rnp.br
1750995483,2025-06-27 00:38:03,No-Hostname;No-Hostname;mxac-bac1.bkb.rnp.br;mxro-mxac-3g-allo.bkb.rnp.br;cmt1-mxro-infobarra.bkb.rnp.br;mxms-cmt1-telebras.bkb.rnp.br;lanms-ms.bkb.rnp.br;monipe-ms-atraso.rnp.br
1750996099,2025-06-27 00:48:19,No-Hostname;No-Hostname;mxac-bac1.bkb.rnp.br;mxro-mxac-3g-allo.bkb.rnp.br;cmt1-mxro-infobarra.bkb.rnp.br;mxms-cmt1-telebras.bkb.rnp.br;lanms-ms.bkb.rnp.br;monipe-ms-atraso.rnp.br
1750996588,2025-06-27 00:56:28,No-Hostname;No-Hostname;mxac-bac1.bkb.rnp.br;ro-ac-oi.bkb.rnp.br;cmt1-mxro-infobarra.bkb.rnp.br;mxms-cmt1-telebras.bkb.rnp.br;lanms-ms.bkb.rnp.br;monipe-ms-atraso.rnp.br
1750997221,2025-06-27 01:07:01,No-Hostname;No-Hostname;mxac-bac1.bkb.rnp.br;ro-ac-oi.bkb.rnp.br;cmt1-mxro-infobarra.bkb.rnp.br;mxms-cmt1-telebras.bkb.rnp.br;lanms-ms.bkb.rnp.br;monipe-ms-atraso.rnp.br
1750997569,2025-06-27 01:12:49,No-Hostname;No-Hostname;mxac-bac1.bkb.rnp.br;ro-ac-oi.bkb.rnp.br;cmt1-mxro-infobarra.bkb.rnp.br;mxms-cmt1-telebras.bkb.rnp.br;lanms-ms.bkb.rnp.br;monipe-ms-atraso.rnp.br
1750998074,2025-06-27 01:21:14,No-Hostname;No-Hostname;mxac-bac1.bkb.rnp.br;ro-ac-oi.bkb.rnp.br;cmt1-mxro-infobarra.bkb.rnp.br;mxms-cmt1-telebras.bkb.rnp.br;lanms-ms.bkb.rnp.br;monipe-ms-atraso.rnp.br
1750998891,2025-06-27 01:34:51,No-Hostname;No-Hostname;mxac-bac1.bkb.rnp.br;ro-ac-oi.bkb.rnp.br;cmt1-mxro-infobarra.bkb.rnp.br;mxms-cmt1-telebras.bkb.rnp.br;lanms-ms.bkb.rnp.br;monipe-ms-atraso.rnp.br
1750999372,2025-06-27 01:42:52,No-Hostname;No-Hostname;mxac-bac1.bkb.rnp.br;ro-ac-oi.bkb.rnp.br;cmt1-mxro-infobarra.bkb.rnp.br;mxms-cmt1-telebras.bkb.rnp.br;lanms-ms.bkb.rnp.br;monipe-ms-atraso.rnp.br
1751000032,2025-06-27 01:53:52,No-Hostname;No-Hostname;mxac-bac1.bkb.rnp.br;mxro-mxac-3g-allo.bkb.rnp.br;cmt1-mxro-infobarra.bkb.rnp.br;mxms-cmt1-telebras.bkb.rnp.br;lanms-ms.bkb.rnp.br;monipe-ms-atraso.rnp.br
1751000631,2025-06-27 02:03:51,No-Hostname;No-Hostname;mxac-bac1.bkb.rnp.br;mxro-mxac-3g-allo.bkb.rnp.br;cmt1-mxro-infobarra.bkb.rnp.br;mxms-cmt1-telebras.bkb.rnp.br;lanms-ms.bkb.rnp.br;monipe-ms-atraso.rnp.br
1751001058,2025-06-27 02:10:58,No-Hostname;No-Hostname;mxac-bac1.bkb.rnp.br;mxro-mxac-3g-allo.bkb.rnp.br;cmt1-mxro-infobarra.bkb.rnp.br;mxms-cmt1-telebras.bkb.rnp.br;lanms-ms.bkb.rnp.br;monipe-ms-atraso.rnp.br
1751002131,2025-06-27 02:28:51,No-Hostname;No-Hostname;mxac-bac1.bkb.rnp.br;mxro-mxac-3g-allo.bkb.rnp.br;cmt1-mxro-infobarra.bkb.rnp.br;mxms-cmt1-telebras.bkb.rnp.br;lanms-ms.bkb.rnp.br;monipe-ms-atraso.rnp.br
1751002459,2025-06-27 02:34:19,No-Hostname;No-Hostname;mxac-bac1.bkb.rnp.br;mxro-mxac-3g-allo.bkb.rnp.br;cmt1-mxro-infobarra.bkb.rnp.br;mxms-cmt1-telebras.bkb.rnp.br;lanms-ms.bkb.rnp.br;monipe-ms-atraso.rnp.br
1751003282,2025-06-27 02:48:02,No-Hostname;No-Hostname;mxac-bac1.bkb.rnp.br;ro-ac-oi.bkb.rnp.br;cmt1-mxro-infobarra.bkb.rnp.br;mxms-cmt1-telebras.bkb.rnp.br;lanms-ms.bkb.rnp.br;monipe-ms-atraso.rnp.br
1751003548,2025-06-27 02:52:28,No-Hostname;No-Hostname;mxac-bac1.bkb.rnp.br;ro-ac-oi.bkb.rnp.br;cmt1-mxro-infobarra.bkb.rnp.br;mxms-cmt1-telebras.bkb.rnp.br;lanms-ms.bkb.rnp.br;monipe-ms-atraso.rnp.br
1751004385,2025-06-27 03:06:25,No-Hostname;No-Hostname;mxac-bac1.bkb.rnp.br;ro-ac-oi.bkb.rnp.br;cmt1-mxro-infobarra.bkb.rnp.br;mxms-cmt1-telebras.bkb.rnp.br;lanms-ms.bkb.rnp.br;monipe-ms-atraso.rnp.br
1751004959,2025-06-27 03:15:59,No-Hostname;No-Hostname;mxac-bac1.bkb.rnp.br;ro-ac-oi.bkb.rnp.br;cmt1-mxro-infobarra.bkb.rnp.br;mxms-cmt1-telebras.bkb.rnp.br;lanms-ms.bkb.rnp.br;monipe-ms-atraso.rnp.br
1751005266,2025-06-27 03:21:06,No-Hostname;No-Hostname;mxac-bac1.bkb.rnp.br;mxro-mxac-3g-allo.bkb.rnp.br;cmt1-mxro-infobarra.bkb.rnp.br;mxms-cmt1-telebras.bkb.rnp.br;lanms-ms.bkb.rnp.br;monipe-ms-atraso.rnp.br
1751005978,2025-06-27 03:32:58,No-Hostname;No-Hostname;mxac-bac1.bkb.rnp.br;mxro-mxac-3g-allo.bkb.rnp.br;cmt1-mxro-infobarra.bkb.rnp.br;mxms-cmt1-telebras.bkb.rnp.br;lanms-ms.bkb.rnp.br;monipe-ms-atraso.rnp.br
1751006556,2025-06-27 03:42:36,No-Hostname;No-Hostname;mxac-bac1.bkb.rnp.br;ro-ac-oi.bkb.rnp.br;cmt1-mxro-infobarra.bkb.rnp.br;mxms-cmt1-telebras.bkb.rnp.br;lanms-ms.bkb.rnp.br;monipe-ms-atraso.rnp.br
1751007360,2025-06-27 03:56:00,No-Hostname;No-Hostname;mxac-bac1.bkb.rnp.br;ro-ac-oi.bkb.rnp.br;cmt1-mxro-infobarra.bkb.rnp.br;mxms-cmt1-telebras.bkb.rnp.br;lanms-ms.bkb.rnp.br;monipe-ms-atraso.rnp.br
1751008011,2025-06-27 04:06:51,No-Hostname;No-Hostname;mxac-bac1.bkb.rnp.br;ro-ac-oi.bkb.rnp.br;cmt1-mxro-infobarra.bkb.rnp.br;mxms-cmt1-telebras.bkb.rnp.br;lanms-ms.bkb.rnp.br;monipe-ms-atraso.rnp.br
1751008643,2025-06-27 04:17:23,No-Hostname;No-Hostname;mxac-bac1.bkb.rnp.br;ro-ac-oi.bkb.rnp.br;cmt1-mxro-infobarra.bkb.rnp.br;mxms-cmt1-telebras.bkb.rnp.br;lanms-ms.bkb.rnp.br;monipe-ms-atraso.rnp.br
1751009292,2025-06-27 04:28:12,No-Hostname;No-Hostname;mxac-bac1.bkb.rnp.br;ro-ac-oi.bkb.rnp.br;cmt1-mxro-infobarra.bkb.rnp.br;mxms-cmt1-telebras.bkb.rnp.br;lanms-ms.bkb.rnp.br;monipe-ms-atraso.rnp.br
1751009801,2025-06-27 04:36:41,No-Hostname;No-Hostname;mxac-bac1.bkb.rnp.br;ro-ac-oi.bkb.rnp.br;cmt1-mxro-infobarra.bkb.rnp.br;mxms-cmt1-telebras.bkb.rnp.br;lanms-ms.bkb.rnp.br;monipe-ms-atraso.rnp.br
1751010091,2025-06-27 04:41:31,No-Hostname;No-Hostname;mxac-bac1.bkb.rnp.br;ro-ac-oi.bkb.rnp.br;cmt1-mxro-infobarra.bkb.rnp.br;mxms-cmt1-telebras.bkb.rnp.br;lanms-ms.bkb.rnp.br;monipe-ms-atraso.rnp.br
1751011744,2025-06-27 05:09:04,No-Hostname;No-Hostname;mxac-bac1.bkb.rnp.br;ro-ac-oi.bkb.rnp.br;cmt1-mxro-infobarra.bkb.rnp.br;mxms-cmt1-telebras.bkb.rnp.br;lanms-ms.bkb.rnp.br;monipe-ms-atraso.rnp.br
1751012041,2025-06-27 05:14:01,No-Hostname;No-Hostname;mxac-bac1.bkb.rnp.br;ro-ac-oi.bkb.rnp.br;cmt1-mxro-infobarra.bkb.rnp.br;mxms-cmt1-telebras.bkb.rnp.br;lanms-ms.bkb.rnp.br;monipe-ms-atraso.rnp.br
1751012847,2025-06-27 05:27:27,No-Hostname;No-Hostname;mxac-bac1.bkb.rnp.br;ro-ac-oi.bkb.rnp.br;cmt1-mxro-infobarra.bkb.rnp.br;mxms-cmt1-telebras.bkb.rnp.br;lanms-ms.bkb.rnp.br;monipe-ms-atraso.rnp.br
1751013252,2025-06-27 05:34:12,No-Hostname;No-Hostname;mxac-bac1.bkb.rnp.br;ro-ac-oi.bkb.rnp.br;cmt1-mxro-infobarra.bkb.rnp.br;mxms-cmt1-telebras.bkb.rnp.br;lanms-ms.bkb.rnp.br;monipe-ms-atraso.rnp.br
1751014316,2025-06-27 05:51:56,No-Hostname;No-Hostname;mxac-bac1.bkb.rnp.br;mxro-mxac-3g-allo.bkb.rnp.br;cmt1-mxro-infobarra.bkb.rnp.br;mxms-cmt1-telebras.bkb.rnp.br;lanms-ms.bkb.rnp.br;monipe-ms-atraso.rnp.br
1751015215,2025-06-27 06:06:55,No-Hostname;No-Hostname;mxac-bac1.bkb.rnp.br;mxro-mxac-3g-allo.bkb.rnp.br;cmt1-mxro-infobarra.bkb.rnp.br;mxms-cmt1-telebras.bkb.rnp.br;lanms-ms.bkb.rnp.br;monipe-ms-atraso.rnp.br
1751015729,2025-06-27 06:15:29,No-Hostname;No-Hostname;mxac-bac1.bkb.rnp.br;mxro-mxac-3g-allo.bkb.rnp.br;cmt1-mxro-infobarra.bkb.rnp.br;mxms-cmt1-telebras.bkb.rnp.br;lanms-ms.bkb.rnp.br;monipe-ms-atraso.rnp.br
1751016546,2025-06-27 06:29:06,No-Hostname;No-Hostname;mxac-bac1.bkb.rnp.br;mxro-mxac-3g-allo.bkb.rnp.br;cmt1-mxro-infobarra.bkb.rnp.br;mxms-cmt1-telebras.bkb.rnp.br;lanms-ms.bkb.rnp.br;monipe-ms-atraso.rnp.br
1751016689,2025-06-27 06:31:29,No-Hostname;No-Hostname;mxac-bac1.bkb.rnp.br;mxro-mxac-3g-allo.bkb.rnp.br;cmt1-mxro-infobarra.bkb.rnp.br;mxms-cmt1-telebras.bkb.rnp.br;lanms-ms.bkb.rnp.br;monipe-ms-atraso.rnp.br
1751017313,2025-06-27 06:41:53,No-Hostname;No-Hostname;mxac-bac1.bkb.rnp.br;mxro-mxac-3g-allo.bkb.rnp.br;cmt1-mxro-infobarra.bkb.rnp.br;mxms-cmt1-telebras.bkb.rnp.br;lanms-ms.bkb.rnp.br;monipe-ms-atraso.rnp.br
1751017890,2025-06-27 06:51:30,No-Hostname;No-Hostname;mxac-bac1.bkb.rnp.br;mxro-mxac-3g-allo.bkb.rnp.br;cmt1-mxro-infobarra.bkb.rnp.br;mxms-cmt1-telebras.bkb.rnp.br;lanms-ms.bkb.rnp.br;monipe-ms-atraso.rnp.br
1751018567,2025-06-27 07:02:47,No-Hostname;No-Hostname;mxac-bac1.bkb.rnp.br;mxro-mxac-3g-allo.bkb.rnp.br;cmt1-mxro-infobarra.bkb.rnp.br;mxms-cmt1-telebras.bkb.rnp.br;lanms-ms.bkb.rnp.br;monipe-ms-atraso.rnp.br
1751019387,2025-06-27 07:16:27,No-Hostname;No-Hostname;mxac-bac1.bkb.rnp.br;mxro-mxac-3g-allo.bkb.rnp.br;cmt1-mxro-infobarra.bkb.rnp.br;mxms-cmt1-telebras.bkb.rnp.br;lanms-ms.bkb.rnp.br;monipe-ms-atraso.rnp.br
1751020041,2025-06-27 07:27:21,No-Hostname;No-Hostname;mxac-bac1.bkb.rnp.br;ro-ac-oi.bkb.rnp.br;cmt1-mxro-infobarra.bkb.rnp.br;mxms-cmt1-telebras.bkb.rnp.br;lanms-ms.bkb.rnp.br;monipe-ms-atraso.rnp.br
1751020427,2025-06-27 07:33:47,No-Hostname;No-Hostname;mxac-bac1.bkb.rnp.br;ro-ac-oi.bkb.rnp.br;cmt1-mxro-infobarra.bkb.rnp.br;mxms-cmt1-telebras.bkb.rnp.br;lanms-ms.bkb.rnp.br;monipe-ms-atraso.rnp.br
1751021536,2025-06-27 07:52:16,No-Hostname;No-Hostname;mxac-bac1.bkb.rnp.br;mxro-mxac-3g-allo.bkb.rnp.br;cmt1-mxro-infobarra.bkb.rnp.br;mxms-cmt1-telebras.bkb.rnp.br;lanms-ms.bkb.rnp.br;monipe-ms-atraso.rnp.br
1751022681,2025-06-27 08:11:21,No-Hostname;No-Hostname;mxac-bac1.bkb.rnp.br;mxro-mxac-3g-allo.bkb.rnp.br;cmt1-mxro-infobarra.bkb.rnp.br;mxms-cmt1-telebras.bkb.rnp.br;lanms-ms.bkb.rnp.br;monipe-ms-atraso.rnp.br
1751023726,2025-06-27 08:28:46,No-Hostname;No-Hostname;mxac-bac1.bkb.rnp.br;ro-ac-oi.bkb.rnp.br;cmt1-mxro-infobarra.bkb.rnp.br;mxms-cmt1-telebras.bkb.rnp.br;lanms-ms.bkb.rnp.br;monipe-ms-atraso.rnp.br
1751024356,2025-06-27 08:39:16,No-Hostname;No-Hostname;mxac-bac1.bkb.rnp.br;mxro-mxac-3g-allo.bkb.rnp.br;cmt1-mxro-infobarra.bkb.rnp.br;mxms-cmt1-telebras.bkb.rnp.br;lanms-ms.bkb.rnp.br;monipe-ms-atraso.rnp.br
1751024531,2025-06-27 08:42:11,No-Hostname;No-Hostname;mxac-bac1.bkb.rnp.br;mxro-mxac-3g-allo.bkb.rnp.br;cmt1-mxro-infobarra.bkb.rnp.br;mxms-cmt1-telebras.bkb.rnp.br;lanms-ms.bkb.rnp.br;monipe-ms-atraso.rnp.br
1751026742,2025-06-27 09:19:02,No-Hostname;No-Hostname;mxac-bac1.bkb.rnp.br;mxro-mxac-3g-allo.bkb.rnp.br;cmt1-mxro-infobarra.bkb.rnp.br;mxms-cmt1-telebras.bkb.rnp.br;lanms-ms.bkb.rnp.br;monipe-ms-atraso.rnp.br
1751026955,2025-06-27 09:22:35,No-Hostname;No-Hostname;mxac-bac1.bkb.rnp.br;mxro-mxac-3g-allo.bkb.rnp.br;cmt1-mxro-infobarra.bkb.rnp.br;mxms-cmt1-telebras.bkb.rnp.br;lanms-ms.bkb.rnp.br;monipe-ms-atraso.rnp.br
1751027881,2025-06-27 09:38:01,No-Hostname;No-Hostname;mxac-bac1.bkb.rnp.br;mxro-mxac-3g-allo.bkb.rnp.br;cmt1-mxro-infobarra.bkb.rnp.br;mxms-cmt1-telebras.bkb.rnp.br;lanms-ms.bkb.rnp.br;monipe-ms-atraso.rnp.br
1751028239,2025-06-27 09:43:59,No-Hostname;No-Hostname;mxac-bac1.bkb.rnp.br;mxro-mxac-3g-allo.bkb.rnp.br;cmt1-mxro-infobarra.bkb.rnp.br;mxms-cmt1-telebras.bkb.rnp.br;lanms-ms.bkb.rnp.br;monipe-ms-atraso.rnp.br
1751031229,2025-06-27 10:33:49,No-Hostname;No-Hostname;mxac-bac1.bkb.rnp.br;mxro-mxac-3g-allo.bkb.rnp.br;cmt1-mxro-infobarra.bkb.rnp.br;mxms-cmt1-telebras.bkb.rnp.br;lanms-ms.bkb.rnp.br;monipe-ms-atraso.rnp.br
1751031854,2025-06-27 10:44:14,No-Hostname;No-Hostname;mxac-bac1.bkb.rnp.br;mxro-mxac-3g-allo.bkb.rnp.br;cmt1-mxro-infobarra.bkb.rnp.br;mxms-cmt1-telebras.bkb.rnp.br;lanms-ms.bkb.rnp.br;monipe-ms-atraso.rnp.br
1751032493,2025-06-27 10:54:53,No-Hostname;No-Hostname;mxac-bac1.bkb.rnp.br;ro-ac-oi.bkb.rnp.br;cmt1-mxro-infobarra.bkb.rnp.br;mxms-cmt1-telebras.bkb.rnp.br;lanms-ms.bkb.rnp.br;monipe-ms-atraso.rnp.br
1751033231,2025-06-27 11:07:11,No-Hostname;No-Hostname;mxac-bac1.bkb.rnp.br;ro-ac-oi.bkb.rnp.br;cmt1-mxro-infobarra.bkb.rnp.br;mxms-cmt1-telebras.bkb.rnp.br;lanms-ms.bkb.rnp.br;monipe-ms-atraso.rnp.br
1751033798,2025-06-27 11:16:38,No-Hostname;No-Hostname;mxac-bac1.bkb.rnp.br;mxro-mxac-3g-allo.bkb.rnp.br;cmt1-mxro-infobarra.bkb.rnp.br;mxms-cmt1-telebras.bkb.rnp.br;lanms-ms.bkb.rnp.br;monipe-ms-atraso.rnp.br
1751034283,2025-06-27 11:24:43,No-Hostname;No-Hostname;mxac-bac1.bkb.rnp.br;ro-ac-oi.bkb.rnp.br;cmt1-mxro-infobarra.bkb.rnp.br;mxms-cmt1-telebras.bkb.rnp.br;lanms-ms.bkb.rnp.br;monipe-ms-atraso.rnp.br
1751034631,2025-06-27 11:30:31,No-Hostname;No-Hostname;mxac-bac1.bkb.rnp.br;ro-ac-oi.bkb.rnp.br;cmt1-mxro-infobarra.bkb.rnp.br;mxms-cmt1-telebras.bkb.rnp.br;lanms-ms.bkb.rnp.br;monipe-ms-atraso.rnp.br
1751035305,2025-06-27 11:41:45,No-Hostname;No-Hostname;mxac-bac1.bkb.rnp.br;mxro-mxac-3g-allo.bkb.rnp.br;cmt1-mxro-infobarra.bkb.rnp.br;mxms-cmt1-telebras.bkb.rnp.br;lanms-ms.bkb.rnp.br;monipe-ms-atraso.rnp.br
1751036322,2025-06-27 11:58:42,No-Hostname;No-Hostname;mxac-bac1.bkb.rnp.br;ro-ac-oi.bkb.rnp.br;cmt1-mxro-infobarra.bkb.rnp.br;mxms-cmt1-telebras.bkb.rnp.br;lanms-ms.bkb.rnp.br;monipe-ms-atraso.rnp.br
1751036608,2025-06-27 12:03:28,No-Hostname;No-Hostname;mxac-bac1.bkb.rnp.br;ro-ac-oi.bkb.rnp.br;cmt1-mxro-infobarra.bkb.rnp.br;mxms-cmt1-telebras.bkb.rnp.br;lanms-ms.bkb.rnp.br;monipe-ms-atraso.rnp.br
1751037133,2025-06-27 12:12:13,No-Hostname;No-Hostname;mxac-bac1.bkb.rnp.br;ro-ac-oi.bkb.rnp.br;cmt1-mxro-infobarra.bkb.rnp.br;mxms-cmt1-telebras.bkb.rnp.br;lanms-ms.bkb.rnp.br;monipe-ms-atraso.rnp.br
1751037840,2025-06-27 12:24:00,No-Hostname;No-Hostname;mxac-bac1.bkb.rnp.br;ro-ac-oi.bkb.rnp.br;cmt1-mxro-infobarra.bkb.rnp.br;mxms-cmt1-telebras.bkb.rnp.br;lanms-ms.bkb.rnp.br;monipe-ms-atraso.rnp.br
1751038743,2025-06-27 12:39:03,No-Hostname;No-Hostname;mxac-bac1.bkb.rnp.br;ro-ac-oi.bkb.rnp.br;cmt1-mxro-infobarra.bkb.rnp.br;mxms-cmt1-telebras.bkb.rnp.br;lanms-ms.bkb.rnp.br;monipe-ms-atraso.rnp.br
1751038880,2025-06-27 12:41:20,No-Hostname;No-Hostname;mxac-bac1.bkb.rnp.br;ro-ac-oi.bkb.rnp.br;cmt1-mxro-infobarra.bkb.rnp.br;mxms-cmt1-telebras.bkb.rnp.br;lanms-ms.bkb.rnp.br;monipe-ms-atraso.rnp.br
1751039479,2025-06-27 12:51:19,No-Hostname;No-Hostname;mxac-bac1.bkb.rnp.br;ro-ac-oi.bkb.rnp.br;cmt1-mxro-infobarra.bkb.rnp.br;mxms-cmt1-telebras.bkb.rnp.br;lanms-ms.bkb.rnp.br;monipe-ms-atraso.rnp.br
1751040423,2025-06-27 13:07:03,No-Hostname;No-Hostname;mxac-bac1.bkb.rnp.br;ro-ac-oi.bkb.rnp.br;cmt1-mxro-infobarra.bkb.rnp.br;mxms-cmt1-telebras.bkb.rnp.br;lanms-ms.bkb.rnp.br;monipe-ms-atraso.rnp.br
1751040992,2025-06-27 13:16:32,No-Hostname;No-Hostname;mxac-bac1.bkb.rnp.br;ro-ac-oi.bkb.rnp.br;cmt1-mxro-infobarra.bkb.rnp.br;mxms-cmt1-telebras.bkb.rnp.br;lanms-ms.bkb.rnp.br;monipe-ms-atraso.rnp.br
1751041677,2025-06-27 13:27:57,No-Hostname;No-Hostname;mxac-bac1.bkb.rnp.br;mxro-mxac-3g-allo.bkb.rnp.br;cmt1-mxro-infobarra.bkb.rnp.br;mxms-cmt1-telebras.bkb.rnp.br;lanms-ms.bkb.rnp.br;monipe-ms-atraso.rnp.br
1751042065,2025-06-27 13:34:25,No-Hostname;No-Hostname;mxac-bac1.bkb.rnp.br;ro-ac-oi.bkb.rnp.br;cmt1-mxro-infobarra.bkb.rnp.br;mxms-cmt1-telebras.bkb.rnp.br;lanms-ms.bkb.rnp.br;monipe-ms-atraso.rnp.br
1751042841,2025-06-27 13:47:21,No-Hostname;No-Hostname;mxac-bac1.bkb.rnp.br;ro-ac-oi.bkb.rnp.br;cmt1-mxro-infobarra.bkb.rnp.br;mxms-cmt1-telebras.bkb.rnp.br;lanms-ms.bkb.rnp.br;monipe-ms-atraso.rnp.br
1751043282,2025-06-27 13:54:42,No-Hostname;No-Hostname;mxac-bac1.bkb.rnp.br;mxro-mxac-3g-allo.bkb.rnp.br;cmt1-mxro-infobarra.bkb.rnp.br;mxms-cmt1-telebras.bkb.rnp.br;lanms-ms.bkb.rnp.br;monipe-ms-atraso.rnp.br
1751043700,2025-06-27 14:01:40,No-Hostname;No-Hostname;mxac-bac1.bkb.rnp.br;ro-ac-oi.bkb.rnp.br;cmt1-mxro-infobarra.bkb.rnp.br;mxms-cmt1-telebras.bkb.rnp.br;lanms-ms.bkb.rnp.br;monipe-ms-atraso.rnp.br
1751044286,2025-06-27 14:11:26,No-Hostname;No-Hostname;mxac-bac1.bkb.rnp.br;ro-ac-oi.bkb.rnp.br;cmt1-mxro-infobarra.bkb.rnp.br;mxms-cmt1-telebras.bkb.rnp.br;lanms-ms.bkb.rnp.br;monipe-ms-atraso.rnp.br
1751045020,2025-06-27 14:23:40,No-Hostname;No-Hostname;mxac-bac1.bkb.rnp.br;mxro-mxac-3g-allo.bkb.rnp.br;cmt1-mxro-infobarra.bkb.rnp.br;mxms-cmt1-telebras.bkb.rnp.br;lanms-ms.bkb.rnp.br;monipe-ms-atraso.rnp.br
1751046498,2025-06-27 14:48:18,No-Hostname;No-Hostname;mxac-bac1.bkb.rnp.br;ro-ac-oi.bkb.rnp.br;cmt1-mxro-infobarra.bkb.rnp.br;mxms-cmt1-telebras.bkb.rnp.br;lanms-ms.bkb.rnp.br;monipe-ms-atraso.rnp.br
1751046887,2025-06-27 14:54:47,No-Hostname;No-Hostname;mxac-bac1.bkb.rnp.br;mxro-mxac-3g-allo.bkb.rnp.br;cmt1-mxro-infobarra.bkb.rnp.br;mxms-cmt1-telebras.bkb.rnp.br;lanms-ms.bkb.rnp.br;monipe-ms-atraso.rnp.br
1751047293,2025-06-27 15:01:33,No-Hostname;No-Hostname;mxac-bac1.bkb.rnp.br;mxro-mxac-3g-allo.bkb.rnp.br;cmt1-mxro-infobarra.bkb.rnp.br;mxms-cmt1-telebras.bkb.rnp.br;lanms-ms.bkb.rnp.br;monipe-ms-atraso.rnp.br
1751048187,2025-06-27 15:16:27,No-Hostname;No-Hostname;mxac-bac1.bkb.rnp.br;mxro-mxac-3g-allo.bkb.rnp.br;cmt1-mxro-infobarra.bkb.rnp.br;mxms-cmt1-telebras.bkb.rnp.br;lanms-ms.bkb.rnp.br;monipe-ms-atraso.rnp.br
1751049186,2025-06-27 15:33:06,No-Hostname;No-Hostname;mxac-bac1.bkb.rnp.br;mxro-mxac-3g-allo.bkb.rnp.br;cmt1-mxro-infobarra.bkb.rnp.br;mxms-cmt1-telebras.bkb.rnp.br;lanms-ms.bkb.rnp.br;monipe-ms-atraso.rnp.br
1751050124,2025-06-27 15:48:44,No-Hostname;No-Hostname;mxac-bac1.bkb.rnp.br;mxro-mxac-3g-allo.bkb.rnp.br;cmt1-mxro-infobarra.bkb.rnp.br;mxms-cmt1-telebras.bkb.rnp.br;lanms-ms.bkb.rnp.br;monipe-ms-atraso.rnp.br
1751050296,2025-06-27 15:51:36,No-Hostname;No-Hostname;mxac-bac1.bkb.rnp.br;mxro-mxac-3g-allo.bkb.rnp.br;cmt1-mxro-infobarra.bkb.rnp.br;mxms-cmt1-telebras.bkb.rnp.br;lanms-ms.bkb.rnp.br;monipe-ms-atraso.rnp.br
1751050893,2025-06-27 16:01:33,No-Hostname;No-Hostname;mxac-bac1.bkb.rnp.br;mxro-mxac-3g-allo.bkb.rnp.br;cmt1-mxro-infobarra.bkb.rnp.br;mxms-cmt1-telebras.bkb.rnp.br;lanms-ms.bkb.rnp.br;monipe-ms-atraso.rnp.br
1751051832,2025-06-27 16:17:12,No-Hostname;No-Hostname;mxac-bac1.bkb.rnp.br;mxro-mxac-3g-allo.bkb.rnp.br;cmt1-mxro-infobarra.bkb.rnp.br;mxms-cmt1-telebras.bkb.rnp.br;lanms-ms.bkb.rnp.br;monipe-ms-atraso.rnp.br
1751052271,2025-06-27 16:24:31,No-Hostname;No-Hostname;mxac-bac1.bkb.rnp.br;ro-ac-oi.bkb.rnp.br;cmt1-mxro-infobarra.bkb.rnp.br;mxms-cmt1-telebras.bkb.rnp.br;lanms-ms.bkb.rnp.br;monipe-ms-atraso.rnp.br
1751052688,2025-06-27 16:31:28,No-Hostname;No-Hostname;mxac-bac1.bkb.rnp.br;ro-ac-oi.bkb.rnp.br;cmt1-mxro-infobarra.bkb.rnp.br;mxms-cmt1-telebras.bkb.rnp.br;lanms-ms.bkb.rnp.br;monipe-ms-atraso.rnp.br
1751053239,2025-06-27 16:40:39,No-Hostname;No-Hostname;mxac-bac1.bkb.rnp.br;mxro-mxac-3g-allo.bkb.rnp.br;cmt1-mxro-infobarra.bkb.rnp.br;mxms-cmt1-telebras.bkb.rnp.br;lanms-ms.bkb.rnp.br;monipe-ms-atraso.rnp.br
1751054283,2025-06-27 16:58:03,No-Hostname;No-Hostname;mxac-bac1.bkb.rnp.br;ro-ac-oi.bkb.rnp.br;cmt1-mxro-infobarra.bkb.rnp.br;mxms-cmt1-telebras.bkb.rnp.br;lanms-ms.bkb.rnp.br;monipe-ms-atraso.rnp.br
1751054492,2025-06-27 17:01:32,No-Hostname;No-Hostname;mxac-bac1.bkb.rnp.br;ro-ac-oi.bkb.rnp.br;cmt1-mxro-infobarra.bkb.rnp.br;mxms-cmt1-telebras.bkb.rnp.br;lanms-ms.bkb.rnp.br;monipe-ms-atraso.rnp.br
1751055289,2025-06-27 17:14:49,No-Hostname;No-Hostname;mxac-bac1.bkb.rnp.br;ro-ac-oi.bkb.rnp.br;cmt1-mxro-infobarra.bkb.rnp.br;mxms-cmt1-telebras.bkb.rnp.br;lanms-ms.bkb.rnp.br;monipe-ms-atraso.rnp.br
1751055861,2025-06-27 17:24:21,No-Hostname;No-Hostname;mxac-bac1.bkb.rnp.br;ro-ac-oi.bkb.rnp.br;cmt1-mxro-infobarra.bkb.rnp.br;mxms-cmt1-telebras.bkb.rnp.br;lanms-ms.bkb.rnp.br;monipe-ms-atraso.rnp.br
1751056599,2025-06-27 17:36:39,No-Hostname;No-Hostname;mxac-bac1.bkb.rnp.br;mxro-mxac-3g-allo.bkb.rnp.br;cmt1-mxro-infobarra.bkb.rnp.br;mxms-cmt1-telebras.bkb.rnp.br;lanms-ms.bkb.rnp.br;monipe-ms-atraso.rnp.br
1751057194,2025-06-27 17:46:34,No-Hostname;No-Hostname;mxac-bac1.bkb.rnp.br;mxro-mxac-3g-allo.bkb.rnp.br;cmt1-mxro-infobarra.bkb.rnp.br;mxms-cmt1-telebras.bkb.rnp.br;lanms-ms.bkb.rnp.br;monipe-ms-atraso.rnp.br
1751057586,2025-06-27 17:53:06,No-Hostname;No-Hostname;mxac-bac1.bkb.rnp.br;ro-ac-oi.bkb.rnp.br;cmt1-mxro-infobarra.bkb.rnp.br;mxms-cmt1-telebras.bkb.rnp.br;lanms-ms.bkb.rnp.br;monipe-ms-atraso.rnp.br
1751058543,2025-06-27 18:09:03,No-Hostname;No-Hostname;mxac-bac1.bkb.rnp.br;ro-ac-oi.bkb.rnp.br;cmt1-mxro-infobarra.bkb.rnp.br;mxms-cmt1-telebras.bkb.rnp.br;lanms-ms.bkb.rnp.br;monipe-ms-atraso.rnp.br
1751058814,2025-06-27 18:13:34,No-Hostname;No-Hostname;mxac-bac1.bkb.rnp.br;ro-ac-oi.bkb.rnp.br;cmt1-mxro-infobarra.bkb.rnp.br;mxms-cmt1-telebras.bkb.rnp.br;lanms-ms.bkb.rnp.br;monipe-ms-atraso.rnp.br
1751059428,2025-06-27 18:23:48,No-Hostname;No-Hostname;mxac-bac1.bkb.rnp.br;ro-ac-oi.bkb.rnp.br;cmt1-mxro-infobarra.bkb.rnp.br;mxms-cmt1-telebras.bkb.rnp.br;lanms-ms.bkb.rnp.br;monipe-ms-atraso.rnp.br
1751060695,2025-06-27 18:44:55,No-Hostname;No-Hostname;mxac-bac1.bkb.rnp.br;mxro-mxac-3g-allo.bkb.rnp.br;cmt1-mxro-infobarra.bkb.rnp.br;mxms-cmt1-telebras.bkb.rnp.br;lanms-ms.bkb.rnp.br;monipe-ms-atraso.rnp.br
1751061426,2025-06-27 18:57:06,No-Hostname;No-Hostname;mxac-bac1.bkb.rnp.br;mxro-mxac-3g-allo.bkb.rnp.br;cmt1-mxro-infobarra.bkb.rnp.br;mxms-cmt1-telebras.bkb.rnp.br;lanms-ms.bkb.rnp.br;monipe-ms-atraso.rnp.br
1751061661,2025-06-27 19:01:01,No-Hostname;No-Hostname;mxac-bac1.bkb.rnp.br;mxro-mxac-3g-allo.bkb.rnp.br;cmt1-mxro-infobarra.bkb.rnp.br;mxms-cmt1-telebras.bkb.rnp.br;lanms-ms.bkb.rnp.br;monipe-ms-atraso.rnp.br
1751062623,2025-06-27 19:17:03,No-Hostname;No-Hostname;mxac-bac1.bkb.rnp.br;ro-ac-oi.bkb.rnp.br;cmt1-mxro-infobarra.bkb.rnp.br;mxms-cmt1-telebras.bkb.rnp.br;lanms-ms.bkb.rnp.br;monipe-ms-atraso.rnp.br
1751062949,2025-06-27 19:22:29,No-Hostname;No-Hostname;mxac-bac1.bkb.rnp.br;ro-ac-oi.bkb.rnp.br;cmt1-mxro-infobarra.bkb.rnp.br;mxms-cmt1-telebras.bkb.rnp.br;lanms-ms.bkb.rnp.br;monipe-ms-atraso.rnp.br
1751063426,2025-06-27 19:30:26,No-Hostname;No-Hostname;mxac-bac1.bkb.rnp.br;ro-ac-oi.bkb.rnp.br;cmt1-mxro-infobarra.bkb.rnp.br;mxms-cmt1-telebras.bkb.rnp.br;lanms-ms.bkb.rnp.br;monipe-ms-atraso.rnp.br
1751064112,2025-06-27 19:41:52,No-Hostname;No-Hostname;mxac-bac1.bkb.rnp.br;mxro-mxac-3g-allo.bkb.rnp.br;cmt1-mxro-infobarra.bkb.rnp.br;mxms-cmt1-telebras.bkb.rnp.br;lanms-ms.bkb.rnp.br;monipe-ms-atraso.rnp.br
1751064909,2025-06-27 19:55:09,No-Hostname;No-Hostname;mxac-bac1.bkb.rnp.br;ro-ac-oi.bkb.rnp.br;cmt1-mxro-infobarra.bkb.rnp.br;mxms-cmt1-telebras.bkb.rnp.br;lanms-ms.bkb.rnp.br;monipe-ms-atraso.rnp.br
1751065425,2025-06-27 20:03:45,No-Hostname;No-Hostname;mxac-bac1.bkb.rnp.br;ro-ac-oi.bkb.rnp.br;cmt1-mxro-infobarra.bkb.rnp.br;mxms-cmt1-telebras.bkb.rnp.br;lanms-ms.bkb.rnp.br;monipe-ms-atraso.rnp.br
1751066097,2025-06-27 20:14:57,No-Hostname;No-Hostname;mxac-bac1.bkb.rnp.br;ro-ac-oi.bkb.rnp.br;cmt1-mxro-infobarra.bkb.rnp.br;mxms-cmt1-telebras.bkb.rnp.br;lanms-ms.bkb.rnp.br;monipe-ms-atraso.rnp.br
1751066864,2025-06-27 20:27:44,No-Hostname;No-Hostname;mxac-bac1.bkb.rnp.br;ro-ac-oi.bkb.rnp.br;cmt1-mxro-infobarra.bkb.rnp.br;mxms-cmt1-telebras.bkb.rnp.br;lanms-ms.bkb.rnp.br;monipe-ms-atraso.rnp.br
1751067390,2025-06-27 20:36:30,No-Hostname;No-Hostname;mxac-bac1.bkb.rnp.br;ro-ac-oi.bkb.rnp.br;cmt1-mxro-infobarra.bkb.rnp.br;mxms-cmt1-telebras.bkb.rnp.br;lanms-ms.bkb.rnp.br;monipe-ms-atraso.rnp.br
1751067863,2025-06-27 20:44:23,No-Hostname;No-Hostname;mxac-bac1.bkb.rnp.br;ro-ac-oi.bkb.rnp.br;cmt1-mxro-infobarra.bkb.rnp.br;mxms-cmt1-telebras.bkb.rnp.br;lanms-ms.bkb.rnp.br;monipe-ms-atraso.rnp.br
1751068455,2025-06-27 20:54:15,No-Hostname;No-Hostname;mxac-bac1.bkb.rnp.br;ro-ac-oi.bkb.rnp.br;cmt1-mxro-infobarra.bkb.rnp.br;mxms-cmt1-telebras.bkb.rnp.br;lanms-ms.bkb.rnp.br;monipe-ms-atraso.rnp.br
1751069178,2025-06-27 21:06:18,No-Hostname;No-Hostname;mxac-bac1.bkb.rnp.br;ro-ac-oi.bkb.rnp.br;cmt1-mxro-infobarra.bkb.rnp.br;mxms-cmt1-telebras.bkb.rnp.br;lanms-ms.bkb.rnp.br;monipe-ms-atraso.rnp.br
1751069680,2025-06-27 21:14:40,No-Hostname;No-Hostname;mxac-bac1.bkb.rnp.br;ro-ac-oi.bkb.rnp.br;cmt1-mxro-infobarra.bkb.rnp.br;mxms-cmt1-telebras.bkb.rnp.br;lanms-ms.bkb.rnp.br;monipe-ms-atraso.rnp.br
1751070282,2025-06-27 21:24:42,No-Hostname;No-Hostname;mxac-bac1.bkb.rnp.br;mxro-mxac-3g-allo.bkb.rnp.br;cmt1-mxro-infobarra.bkb.rnp.br;mxms-cmt1-telebras.bkb.rnp.br;lanms-ms.bkb.rnp.br;monipe-ms-atraso.rnp.br
1751070878,2025-06-27 21:34:38,No-Hostname;No-Hostname;mxac-bac1.bkb.rnp.br;mxro-mxac-3g-allo.bkb.rnp.br;cmt1-mxro-infobarra.bkb.rnp.br;mxms-cmt1-telebras.bkb.rnp.br;lanms-ms.bkb.rnp.br;monipe-ms-atraso.rnp.br
1751071670,2025-06-27 21:47:50,No-Hostname;No-Hostname;mxac-bac1.bkb.rnp.br;mxro-mxac-3g-allo.bkb.rnp.br;cmt1-mxro-infobarra.bkb.rnp.br;mxms-cmt1-telebras.bkb.rnp.br;lanms-ms.bkb.rnp.br;monipe-ms-atraso.rnp.br
1751072301,2025-06-27 21:58:21,No-Hostname;No-Hostname;mxac-bac1.bkb.rnp.br;ro-ac-oi.bkb.rnp.br;cmt1-mxro-infobarra.bkb.rnp.br;mxms-cmt1-telebras.bkb.rnp.br;lanms-ms.bkb.rnp.br;monipe-ms-atraso.rnp.br
1751072474,2025-06-27 22:01:14,No-Hostname;No-Hostname;mxac-bac1.bkb.rnp.br;ro-ac-oi.bkb.rnp.br;cmt1-mxro-infobarra.bkb.rnp.br;mxms-cmt1-telebras.bkb.rnp.br;lanms-ms.bkb.rnp.br;monipe-ms-atraso.rnp.br
1751073401,2025-06-27 22:16:41,No-Hostname;No-Hostname;mxac-bac1.bkb.rnp.br;ro-ac-oi.bkb.rnp.br;cmt1-mxro-infobarra.bkb.rnp.br;mxms-cmt1-telebras.bkb.rnp.br;lanms-ms.bkb.rnp.br;monipe-ms-atraso.rnp.br
1751073802,2025-06-27 22:23:22,No-Hostname;No-Hostname;mxac-bac1.bkb.rnp.br;ro-ac-oi.bkb.rnp.br;cmt1-mxro-infobarra.bkb.rnp.br;mxms-cmt1-telebras.bkb.rnp.br;No-Hostname;monipe-ms-atraso.rnp.br
1751074267,2025-06-27 22:31:07,No-Hostname;No-Hostname;mxac-bac1.bkb.rnp.br;ro-ac-oi.bkb.rnp.br;cmt1-mxro-infobarra.bkb.rnp.br;mxms-cmt1-telebras.bkb.rnp.br;lanms-ms.bkb.rnp.br;monipe-ms-atraso.rnp.br
1751074947,2025-06-27 22:42:27,No-Hostname;No-Hostname;mxac-bac1.bkb.rnp.br;ro-ac-oi.bkb.rnp.br;cmt1-mxro-infobarra.bkb.rnp.br;mxms-cmt1-telebras.bkb.rnp.br;lanms-ms.bkb.rnp.br;monipe-ms-atraso.rnp.br
1751075620,2025-06-27 22:53:40,No-Hostname;No-Hostname;mxac-bac1.bkb.rnp.br;ro-ac-oi.bkb.rnp.br;cmt1-mxro-infobarra.bkb.rnp.br;mxms-cmt1-telebras.bkb.rnp.br;lanms-ms.bkb.rnp.br;monipe-ms-atraso.rnp.br
1751076187,2025-06-27 23:03:07,No-Hostname;No-Hostname;mxac-bac1.bkb.rnp.br;ro-ac-oi.bkb.rnp.br;cmt1-mxro-infobarra.bkb.rnp.br;mxms-cmt1-telebras.bkb.rnp.br;lanms-ms.bkb.rnp.br;monipe-ms-atraso.rnp.br
1751076829,2025-06-27 23:13:49,No-Hostname;No-Hostname;mxac-bac1.bkb.rnp.br;ro-ac-oi.bkb.rnp.br;cmt1-mxro-infobarra.bkb.rnp.br;mxms-cmt1-telebras.bkb.rnp.br;lanms-ms.bkb.rnp.br;monipe-ms-atraso.rnp.br
1751077606,2025-06-27 23:26:46,No-Hostname;No-Hostname;mxac-bac1.bkb.rnp.br;ro-ac-oi.bkb.rnp.br;cmt1-mxro-infobarra.bkb.rnp.br;mxms-cmt1-telebras.bkb.rnp.br;lanms-ms.bkb.rnp.br;monipe-ms-atraso.rnp.br
1751077980,2025-06-27 23:33:00,No-Hostname;No-Hostname;mxac-bac1.bkb.rnp.br;ro-ac-oi.bkb.rnp.br;cmt1-mxro-infobarra.bkb.rnp.br;mxms-cmt1-telebras.bkb.rnp.br;lanms-ms.bkb.rnp.br;monipe-ms-atraso.rnp.br
1751078768,2025-06-27 23:46:08,No-Hostname;No-Hostname;mxac-bac1.bkb.rnp.br;mxro-mxac-3g-allo.bkb.rnp.br;cmt1-mxro-infobarra.bkb.rnp.br;mxms-cmt1-telebras.bkb.rnp.br;lanms-ms.bkb.rnp.br;monipe-ms-atraso.rnp.br
1751079238,2025-06-27 23:53:58,No-Hostname;No-Hostname;mxac-bac1.bkb.rnp.br;mxro-mxac-3g-allo.bkb.rnp.br;cmt1-mxro-infobarra.bkb.rnp.br;mxms-cmt1-telebras.bkb.rnp.br;lanms-ms.bkb.rnp.br;monipe-ms-atraso.rnp.br
1751079899,2025-06-28 00:04:59,No-Hostname;No-Hostname;mxac-bac1.bkb.rnp.br;mxro-mxac-3g-allo.bkb.rnp.br;cmt1-mxro-infobarra.bkb.rnp.br;mxms-cmt1-telebras.bkb.rnp.br;lanms-ms.bkb.rnp.br;monipe-ms-atraso.rnp.br
1751080249,2025-06-28 00:10:49,No-Hostname;No-Hostname;mxac-bac1.bkb.rnp.br;mxro-mxac-3g-allo.bkb.rnp.br;cmt1-mxro-infobarra.bkb.rnp.br;mxms-cmt1-telebras.bkb.rnp.br;lanms-ms.bkb.rnp.br;monipe-ms-atraso.rnp.br
